id,status,target_surface,app_category,app_subcategory,title,price_text,price_value,currency,city,country,seller,phone,description,image_urls,source_site,source_url,scraped_at,make,model,trim,year,condition,transmission,color,mileage_km,attributes,source_availability,source_availability_checked_at,source_http_status,source_unavailable_reason,source_last_seen_at,source_resolved_url,source_miss_count,source_miss_recorded_at,sync_visibility,sync_visibility_reason,image_files
opensooq-ae-283476854,rejected,marketplace,other,furniture_home_decor,Brand New Furniture,AED 199,199,AED,Dubai,United Arab Emirates,OpenSooq seller,,More information call us the contact option on the OpenSooq listing Or WhatsApp,https://opensooq-imagesv2.os-cdn.com/previews/700x0/1d/08/1d08d2a5bf78f4ed1270ebd1f081e9d1a7ff1df93b3f102b55316763070166bc.jpg.webp,OpenSooq,https://ae.opensooq.com/en/search/283476854,2026-08-31T18:17:02Z,,,,,,,,,"{""parser"":""opensooq_json_ld"",""sourceCategory"":""Home and furniture"",""sourceListUrl"":""https://ae.opensooq.com/en/dubai/home-garden"",""neighborhood"":"""",""sourceLocation"":""Dubai, UAE"",""contactSource"":""OpenSooq source listing"",""imageQuality"":""source_gallery_2048"",""imageIntegrityVersion"":""2026-09-06.1"",""imageVerifiedAt"":""2026-09-07T00:05:03.876Z"",""imageSourceUrl"":""https://ae.opensooq.com/en/search/283476854""}",unavailable,2026-10-09T18:36:28Z,200,All offers for this exact listing are unavailable,2026-08-31T18:17:02Z,https://ae.opensooq.com/en/search/283476854,16,2026-10-09T18:36:28Z,no_phone,No usable seller phone number.,
opensooq-ae-285273652,rejected,marketplace,other,furniture_home_decor,URGENT SALE – WALTER KNOLL MORGAN 465 LIVING ROOM SET,"AED 22,000",22000,AED,Dubai,United Arab Emirates,OpenSooq seller,,URGENT SALE – WALTER KNOLL MORGAN 465 LIVING ROOM SET Bulk purchase opportunity – Abu Dhabi Premium Walter Knoll Morgan 465 living room furniture available for an urgent bulk sale. Set Includes: • 4 × Black Leather Sofas • 4 × White Leather Sofas • 14 × Black Leather Armchairs • 14 × White Leath,https://opensooq-imagesv2.os-cdn.com/previews/700x0/39/f0/39f0cb6549679d719d5598150ff504f68b210dd08100bab4e45cbb74c7182de9.jpg.webp,OpenSooq,https://ae.opensooq.com/en/search/285273652,2026-08-31T18:17:02Z,,,,,,,,,"{""parser"":""opensooq_json_ld"",""sourceCategory"":""Home and furniture"",""sourceListUrl"":""https://ae.opensooq.com/en/dubai/home-garden"",""neighborhood"":"""",""sourceLocation"":""Dubai, UAE"",""contactSource"":""OpenSooq source listing"",""imageQuality"":""source_gallery_2048"",""imageIntegrityVersion"":""2026-09-06.1"",""imageVerifiedAt"":""2026-09-07T00:05:03.876Z"",""imageSourceUrl"":""https://ae.opensooq.com/en/search/285273652""}",unavailable,2026-10-09T18:36:28Z,200,All offers for this exact listing are unavailable,2026-08-31T18:17:02Z,https://ae.opensooq.com/en/search/285273652,16,2026-10-09T18:36:28Z,no_phone,No usable seller phone number.,
opensooq-ae-285876408,rejected,marketplace,other,furniture_home_decor,Brand New office Furniture For selling,AED 150,150,AED,Dubai,United Arab Emirates,OpenSooq seller,,I have so many Furniture the contact option on the OpenSooq listing more information callus,https://opensooq-imagesv2.os-cdn.com/previews/700x0/2a/17/2a177d24ab6538f5ba78650f52c4747a0f9888e8b089d60f6301b704be56ae57.jpg.webp,OpenSooq,https://ae.opensooq.com/en/search/285876408,2026-08-31T18:17:02Z,,,,,,,,,"{""parser"":""opensooq_json_ld"",""sourceCategory"":""Home and furniture"",""sourceListUrl"":""https://ae.opensooq.com/en/dubai/home-garden"",""neighborhood"":"""",""sourceLocation"":""Dubai, UAE"",""contactSource"":""OpenSooq source listing"",""imageQuality"":""source_gallery_2048"",""imageIntegrityVersion"":""2026-09-06.1"",""imageVerifiedAt"":""2026-09-07T00:05:03.876Z"",""imageSourceUrl"":""https://ae.opensooq.com/en/search/285876408""}",unavailable,2026-10-09T18:36:28Z,200,All offers for this exact listing are unavailable,2026-08-31T18:17:02Z,https://ae.opensooq.com/en/search/285876408,16,2026-10-09T18:36:28Z,no_phone,No usable seller phone number.,
opensooq-ae-286266626,rejected,marketplace,other,furniture_home_decor,طاولة طعام مع الكراسي,"AED 2,000",2000,AED,Dubai,United Arab Emirates,OpenSooq seller,,Table and chair for kitchen or living room طاولةوكراسي للطعام,https://opensooq-imagesv2.os-cdn.com/previews/700x0/42/0c/420cade3074c61fa5fcd27d75a1554397d63886f766d8da5decdd78eb06b57d1.jpg.webp,OpenSooq,https://ae.opensooq.com/en/search/286266626,2026-08-31T18:17:02Z,,,,,,,,,"{""parser"":""opensooq_json_ld"",""sourceCategory"":""Home and furniture"",""sourceListUrl"":""https://ae.opensooq.com/en/dubai/home-garden"",""neighborhood"":"""",""sourceLocation"":""Dubai, UAE"",""contactSource"":""OpenSooq source listing"",""imageQuality"":""source_gallery_2048"",""imageIntegrityVersion"":""2026-09-06.1"",""imageVerifiedAt"":""2026-09-07T00:05:03.876Z"",""imageSourceUrl"":""https://ae.opensooq.com/en/search/286266626""}",unavailable,2026-10-09T18:36:28Z,200,All offers for this exact listing are unavailable,2026-08-31T18:17:02Z,https://ae.opensooq.com/en/search/286266626,16,2026-10-09T18:36:28Z,no_phone,No usable seller phone number.,
opensooq-ae-286330926,rejected,marketplace,other,furniture_home_decor,عربة أطفال من مذركير استخدام أقل عن 8شهور,"AED 1,050",1050,AED,Dubai,United Arab Emirates,OpenSooq seller,,عربة أطفال من براند مذركير استعمال أقل عن 8 شهور وبشكل خفيف ونضيف ومعه كارسيت للسياره وكرسي مع جميع ملحقاته الي له خاطر فاله طيب,https://opensooq-imagesv2.os-cdn.com/previews/700x0/55/0e/550ef3aac88c89cd368020f50c52029e8c9fa79a0e494ba257eec3d59e1b0704.jpg.webp,OpenSooq,https://ae.opensooq.com/en/search/286330926,2026-08-31T18:17:02Z,,,,,,,,,"{""parser"":""opensooq_json_ld"",""sourceCategory"":""Home and furniture"",""sourceListUrl"":""https://ae.opensooq.com/en/dubai/home-garden"",""neighborhood"":"""",""sourceLocation"":""Dubai, UAE"",""contactSource"":""OpenSooq source listing"",""imageQuality"":""source_gallery_2048"",""imageIntegrityVersion"":""2026-09-06.1"",""imageVerifiedAt"":""2026-09-07T00:05:03.876Z"",""imageSourceUrl"":""https://ae.opensooq.com/en/search/286330926""}",unavailable,2026-10-09T18:36:28Z,200,All offers for this exact listing are unavailable,2026-08-31T18:17:02Z,https://ae.opensooq.com/en/search/286330926,16,2026-10-09T18:36:28Z,no_phone,No usable seller phone number.,
opensooq-ae-286346054,rejected,marketplace,other,furniture_home_decor,Wholesale & Customized Chairs – All Designs Available UAE Delivery All over UAE whole sale p,AED 350,350,AED,Dubai,United Arab Emirates,OpenSooq seller,,"WHOLESALE & CUSTOMIZED CHAIRS IN UAE ALL DESIGNS AVAILABLE BULK ORDERS Looking for high-quality, stylish and affordable chairs in the UAE? We offer a wide range of wholesale and customized chairs in different designs, colors, materials and finishes. Whether you need chairs for a restaurant, café",https://opensooq-imagesv2.os-cdn.com/previews/700x0/1d/06/1d0616d16e5b5bf27fd5a2757fd378f45043ff792367c343200072c86578ef13.jpg.webp,OpenSooq,https://ae.opensooq.com/en/search/286346054,2026-08-31T18:17:02Z,,,,,,,,,"{""parser"":""opensooq_json_ld"",""sourceCategory"":""Home and furniture"",""sourceListUrl"":""https://ae.opensooq.com/en/dubai/home-garden"",""neighborhood"":"""",""sourceLocation"":""Dubai, UAE"",""contactSource"":""OpenSooq source listing"",""imageQuality"":""source_gallery_2048"",""imageIntegrityVersion"":""2026-09-06.1"",""imageVerifiedAt"":""2026-09-07T00:05:03.876Z"",""imageSourceUrl"":""https://ae.opensooq.com/en/search/286346054""}",unavailable,2026-10-09T18:36:28Z,200,All offers for this exact listing are unavailable,2026-08-31T18:17:02Z,https://ae.opensooq.com/en/search/286346054,16,2026-10-09T18:36:28Z,no_phone,No usable seller phone number.,
opensooq-ae-286358434,rejected,marketplace,other,furniture_home_decor,Modern Wood & Glass 8-Seater Dining Set with French Country Chairs- Dining Table,AED 700,700,AED,Dubai,United Arab Emirates,OpenSooq seller,,"Key Features & Description Design & Style: Contemporary rustic design featuring a heavy rectangular wooden base, sleek metallic/chrome support structure, and a clear protective glass top. Seating Capacity: Accommodates 8 people comfortably (comes with 8 matching chairs). Chair Style: Classic Fren",https://opensooq-imagesv2.os-cdn.com/previews/700x0/42/95/429567d242ac68b11856cd0a4d8ca0470bef0c89a25b39dc6c4b66c420a547b4.jpg.webp,OpenSooq,https://ae.opensooq.com/en/search/286358434,2026-08-31T18:17:02Z,,,,,,,,,"{""parser"":""opensooq_json_ld"",""sourceCategory"":""Home and furniture"",""sourceListUrl"":""https://ae.opensooq.com/en/dubai/home-garden"",""neighborhood"":"""",""sourceLocation"":""Dubai, UAE"",""contactSource"":""OpenSooq source listing"",""imageQuality"":""source_gallery_2048"",""imageIntegrityVersion"":""2026-09-06.1"",""imageVerifiedAt"":""2026-09-07T00:05:03.876Z"",""imageSourceUrl"":""https://ae.opensooq.com/en/search/286358434""}",unavailable,2026-10-09T18:36:28Z,200,All offers for this exact listing are unavailable,2026-08-31T18:17:02Z,https://ae.opensooq.com/en/search/286358434,16,2026-10-09T18:36:28Z,no_phone,No usable seller phone number.,
opensooq-ae-286368174,rejected,marketplace,other,furniture_home_decor,يوجد اثاث منزل مستعمل بحال الوكاله في دبي جميرا سيركل,AED 100,100,AED,Dubai,United Arab Emirates,OpenSooq seller,,في داع السفر,https://opensooq-imagesv2.os-cdn.com/previews/700x0/09/04/090459e19bcff9efbdc6c7da71fce6de49842c2df0531df7532f47601d77b5b7.jpg.webp,OpenSooq,https://ae.opensooq.com/en/search/286368174,2026-08-31T18:17:02Z,,,,,,,,,"{""parser"":""opensooq_json_ld"",""sourceCategory"":""Home and furniture"",""sourceListUrl"":""https://ae.opensooq.com/en/dubai/home-garden"",""neighborhood"":"""",""sourceLocation"":""Dubai, UAE"",""contactSource"":""OpenSooq source listing"",""imageQuality"":""source_gallery_2048"",""imageIntegrityVersion"":""2026-09-06.1"",""imageVerifiedAt"":""2026-09-07T00:05:03.876Z"",""imageSourceUrl"":""https://ae.opensooq.com/en/search/286368174""}",unavailable,2026-10-09T18:36:28Z,200,All offers for this exact listing are unavailable,2026-08-31T18:17:02Z,https://ae.opensooq.com/en/search/286368174,16,2026-10-09T18:36:28Z,no_phone,No usable seller phone number.,
opensooq-ae-286372672,rejected,marketplace,other,furniture_home_decor,New product good and nice quality Mdf,AED 600,600,AED,Dubai,United Arab Emirates,OpenSooq seller,,"Dining table without chairs New product Model and quality is same photos Ghoroob , mirdif the contact option on the OpenSooq listing Price , 600 AED Negotiable",https://opensooq-imagesv2.os-cdn.com/previews/700x0/b3/49/b349d2af503def486072a54e8edf5cca3df84256040b787a2029cd01cb52a726.jpg.webp,OpenSooq,https://ae.opensooq.com/en/search/286372672,2026-08-31T18:17:02Z,,,,,,,,,"{""parser"":""opensooq_json_ld"",""sourceCategory"":""Home and furniture"",""sourceListUrl"":""https://ae.opensooq.com/en/dubai/home-garden"",""neighborhood"":"""",""sourceLocation"":""Dubai, UAE"",""contactSource"":""OpenSooq source listing"",""imageQuality"":""source_gallery_2048"",""imageIntegrityVersion"":""2026-09-06.1"",""imageVerifiedAt"":""2026-09-07T00:05:03.876Z"",""imageSourceUrl"":""https://ae.opensooq.com/en/search/286372672""}",unavailable,2026-10-09T18:36:28Z,200,All offers for this exact listing are unavailable,2026-08-31T18:17:02Z,https://ae.opensooq.com/en/search/286372672,16,2026-10-09T18:36:28Z,no_phone,No usable seller phone number.,
opensooq-ae-286376596,rejected,marketplace,other,furniture_home_decor,اثاث صاله للبيع,"AED 3,000",3000,AED,Dubai,United Arab Emirates,OpenSooq seller,,طقم جلوس وطاولة تلفاز وطاولة طعام بحاله ممتاز,https://opensooq-imagesv2.os-cdn.com/previews/700x0/43/c0/43c0555231e97c30b5bbdfe4175a4e4e335bdafdffd32b0bd08b3eb03a6f8f68.jpg.webp,OpenSooq,https://ae.opensooq.com/en/search/286376596,2026-08-31T18:17:02Z,,,,,,,,,"{""parser"":""opensooq_json_ld"",""sourceCategory"":""Home and furniture"",""sourceListUrl"":""https://ae.opensooq.com/en/dubai/home-garden"",""neighborhood"":"""",""sourceLocation"":""Dubai, UAE"",""contactSource"":""OpenSooq source listing"",""imageQuality"":""source_gallery_2048"",""imageIntegrityVersion"":""2026-09-06.1"",""imageVerifiedAt"":""2026-09-07T00:05:03.876Z"",""imageSourceUrl"":""https://ae.opensooq.com/en/search/286376596""}",unavailable,2026-10-09T18:36:28Z,200,All offers for this exact listing are unavailable,2026-08-31T18:17:02Z,https://ae.opensooq.com/en/search/286376596,16,2026-10-09T18:36:28Z,no_phone,No usable seller phone number.,
opensooq-ae-286398196,rejected,marketplace,other,furniture_home_decor,طاولة وسط دائرية رمادية بقاعدة ذهبية للبيع,AED 700,700,AED,Dubai,United Arab Emirates,OpenSooq seller,,طاولة وسط دائرية أنيقة بسطح رمادي رخامي وقاعدة معدنية باللون الذهبي مناسبة للمجلس أو غرفة المعيشة مستخدمة وبحالة جيدة ويوجد عليها بعض آثار الاستخدام والخدوش البسيطة الموضحة بالصورة البيع بسبب السفر والسعر قابل للتفاوض Elegant round coffee table with a grey marble-effect top and gold metal base. Su,https://opensooq-imagesv2.os-cdn.com/previews/700x0/36/9e/369ea8c7d7ff1c92990d9f62b6a56909d42cdb8d5c9a0e28d1985e6a44b80a9b.jpg.webp,OpenSooq,https://ae.opensooq.com/en/search/286398196,2026-08-31T18:17:02Z,,,,,,,,,"{""parser"":""opensooq_json_ld"",""sourceCategory"":""Home and furniture"",""sourceListUrl"":""https://ae.opensooq.com/en/dubai/home-garden"",""neighborhood"":"""",""sourceLocation"":""Dubai, UAE"",""contactSource"":""OpenSooq source listing"",""imageQuality"":""source_gallery_2048"",""imageIntegrityVersion"":""2026-09-06.1"",""imageVerifiedAt"":""2026-09-07T00:05:03.876Z"",""imageSourceUrl"":""https://ae.opensooq.com/en/search/286398196""}",unavailable,2026-10-09T18:36:28Z,200,All offers for this exact listing are unavailable,2026-08-31T18:17:02Z,https://ae.opensooq.com/en/search/286398196,16,2026-10-09T18:36:28Z,no_phone,No usable seller phone number.,
opensooq-ae-286416730,rejected,marketplace,other,furniture_home_decor,Ikea Minimalist Office Table,AED 500,500,AED,Dubai,United Arab Emirates,OpenSooq seller,,Ikea Minimalist Table Moving out Sale!! Color : Cream & White Qty: 3 Original Price: 1800 Selling Price 200 Each Take all: 500 Cash Payment only Pick Up: Capital Golden Tower Business Bay Dubai Monday - Friday 9AM-5PM Contact: the contact option on the OpenSooq listing,https://opensooq-imagesv2.os-cdn.com/previews/700x0/86/92/8692b2413b7e410d4cd53dfb8a84784cd190f17023a6855a1b1dccda06e84ce7.jpg.webp,OpenSooq,https://ae.opensooq.com/en/search/286416730,2026-08-31T18:17:02Z,,,,,,,,,"{""parser"":""opensooq_json_ld"",""sourceCategory"":""Home and furniture"",""sourceListUrl"":""https://ae.opensooq.com/en/dubai/home-garden"",""neighborhood"":"""",""sourceLocation"":""Dubai, UAE"",""contactSource"":""OpenSooq source listing"",""imageQuality"":""source_gallery_2048"",""imageIntegrityVersion"":""2026-09-06.1"",""imageVerifiedAt"":""2026-09-07T00:05:03.876Z"",""imageSourceUrl"":""https://ae.opensooq.com/en/search/286416730""}",unavailable,2026-10-09T18:36:28Z,200,All offers for this exact listing are unavailable,2026-08-31T18:17:02Z,https://ae.opensooq.com/en/search/286416730,16,2026-10-09T18:36:28Z,no_phone,No usable seller phone number.,
opensooq-ae-286417964,rejected,marketplace,other,furniture_home_decor,استعمال خفيف,AED 400,400,AED,Dubai,United Arab Emirates,OpenSooq seller,,خزانة ملابس كبيرة,https://opensooq-imagesv2.os-cdn.com/previews/700x0/28/2b/282b7f1a59f9dcb76e5faa484b6e2e11d89e70d911d1ca3205f29a47d315a2cb.jpg.webp,OpenSooq,https://ae.opensooq.com/en/search/286417964,2026-08-31T18:17:02Z,,,,,,,,,"{""parser"":""opensooq_json_ld"",""sourceCategory"":""Home and furniture"",""sourceListUrl"":""https://ae.opensooq.com/en/dubai/home-garden"",""neighborhood"":"""",""sourceLocation"":""Dubai, UAE"",""contactSource"":""OpenSooq source listing"",""imageQuality"":""source_gallery_2048"",""imageIntegrityVersion"":""2026-09-06.1"",""imageVerifiedAt"":""2026-09-07T00:05:03.876Z"",""imageSourceUrl"":""https://ae.opensooq.com/en/search/286417964""}",unavailable,2026-10-09T18:36:28Z,200,All offers for this exact listing are unavailable,2026-08-31T18:17:02Z,https://ae.opensooq.com/en/search/286417964,16,2026-10-09T18:36:28Z,no_phone,No usable seller phone number.,
opensooq-ae-286420662,rejected,marketplace,other,furniture_home_decor,Bedroom Set,AED 500,500,AED,Dubai,United Arab Emirates,OpenSooq seller,,Bedroom set without Mattress with Chest of Drawers in very good condition for sale and will provide for free one big cupboard and Shoes Rack for free,https://opensooq-imagesv2.os-cdn.com/previews/700x0/9e/6b/9e6b2cc821687c50e9b5f8e51b3e27502fba2c3174482aca203d6972107ba36e.heic.webp,OpenSooq,https://ae.opensooq.com/en/search/286420662,2026-08-31T18:17:02Z,,,,,,,,,"{""parser"":""opensooq_json_ld"",""sourceCategory"":""Home and furniture"",""sourceListUrl"":""https://ae.opensooq.com/en/dubai/home-garden"",""neighborhood"":"""",""sourceLocation"":""Dubai, UAE"",""contactSource"":""OpenSooq source listing"",""imageQuality"":""source_gallery_2048"",""imageIntegrityVersion"":""2026-09-06.1"",""imageVerifiedAt"":""2026-09-07T00:05:03.876Z"",""imageSourceUrl"":""https://ae.opensooq.com/en/search/286420662""}",unavailable,2026-10-09T18:36:28Z,200,All offers for this exact listing are unavailable,2026-08-31T18:17:02Z,https://ae.opensooq.com/en/search/286420662,16,2026-10-09T18:36:28Z,no_phone,No usable seller phone number.,
opensooq-ae-286429698,rejected,marketplace,other,furniture_home_decor,Butia Palm for sale نخلة البيوتيا,"AED 4,000",4000,AED,Dubai,United Arab Emirates,OpenSooq seller,,"Palm Trees for Sale – Dubai & UAE We supply high-quality palm trees for villas, gardens, landscaping projects, hotels, and commercial properties. Date Palm Washingtonia Palm Royal Palm Bismarckia Palm Coconut Palm Other varieties available Different sizes available Healthy & well-maintain",https://opensooq-imagesv2.os-cdn.com/previews/700x0/85/01/85018d0cc2c91cda8f1e72791d503064081a77c62308577fad019e20eda34d0a.jpg.webp,OpenSooq,https://ae.opensooq.com/en/search/286429698,2026-08-31T18:17:02Z,,,,,,,,,"{""parser"":""opensooq_json_ld"",""sourceCategory"":""Home and furniture"",""sourceListUrl"":""https://ae.opensooq.com/en/dubai/home-garden"",""neighborhood"":"""",""sourceLocation"":""Dubai, UAE"",""contactSource"":""OpenSooq source listing"",""imageQuality"":""source_gallery_2048"",""imageIntegrityVersion"":""2026-09-06.1"",""imageVerifiedAt"":""2026-09-07T00:05:03.876Z"",""imageSourceUrl"":""https://ae.opensooq.com/en/search/286429698""}",unavailable,2026-10-09T18:36:28Z,200,All offers for this exact listing are unavailable,2026-08-31T18:17:02Z,https://ae.opensooq.com/en/search/286429698,16,2026-10-09T18:36:28Z,no_phone,No usable seller phone number.,
opensooq-ae-286430838,rejected,marketplace,other,furniture_home_decor,Bismarckia Palm نخلة البيسماركية,"AED 2,550",2550,AED,Dubai,United Arab Emirates,OpenSooq seller,,"Bismarckia Palm Trees for Sale – Dubai Beautiful and healthy Bismarckia Palms available in different sizes, suitable for villas, gardens, landscaping projects, hotels, and commercial properties. Healthy & well-maintained palms Different sizes available Delivery available in Dubai & UAE Profess",https://opensooq-imagesv2.os-cdn.com/previews/700x0/b5/39/b53904036cb30fc463e328a0cde170f6c19fd38f74f2c02dbc73dbc66939622d.jpg.webp,OpenSooq,https://ae.opensooq.com/en/search/286430838,2026-08-31T18:17:02Z,,,,,,,,,"{""parser"":""opensooq_json_ld"",""sourceCategory"":""Home and furniture"",""sourceListUrl"":""https://ae.opensooq.com/en/dubai/home-garden"",""neighborhood"":"""",""sourceLocation"":""Dubai, UAE"",""contactSource"":""OpenSooq source listing"",""imageQuality"":""source_gallery_2048"",""imageIntegrityVersion"":""2026-09-06.1"",""imageVerifiedAt"":""2026-09-07T00:05:03.876Z"",""imageSourceUrl"":""https://ae.opensooq.com/en/search/286430838""}",unavailable,2026-10-09T18:36:28Z,200,All offers for this exact listing are unavailable,2026-08-31T18:17:02Z,https://ae.opensooq.com/en/search/286430838,16,2026-10-09T18:36:28Z,no_phone,No usable seller phone number.,
opensooq-ae-286431242,rejected,marketplace,other,furniture_home_decor,Washingtonia Palm نخلة واشنطونيا,AED 650,650,AED,Dubai,United Arab Emirates,OpenSooq seller,,"Washingtonia Palm Trees for Sale – Dubai Healthy and beautiful Washingtonia Palm Trees available in different sizes, suitable for villas, gardens, landscaping projects, hotels, and commercial areas. Different sizes available Healthy & well-maintained trees Delivery available Professional plant",https://opensooq-imagesv2.os-cdn.com/previews/700x0/cd/cc/cdcc19a4dd29e3fd19f9f16f839b4165513d76a0647866a0b96d3d2643e5be6e.jpg.webp,OpenSooq,https://ae.opensooq.com/en/search/286431242,2026-08-31T18:17:02Z,,,,,,,,,"{""parser"":""opensooq_json_ld"",""sourceCategory"":""Home and furniture"",""sourceListUrl"":""https://ae.opensooq.com/en/dubai/home-garden"",""neighborhood"":"""",""sourceLocation"":""Dubai, UAE"",""contactSource"":""OpenSooq source listing"",""imageQuality"":""source_gallery_2048"",""imageIntegrityVersion"":""2026-09-06.1"",""imageVerifiedAt"":""2026-09-07T00:05:03.876Z"",""imageSourceUrl"":""https://ae.opensooq.com/en/search/286431242""}",unavailable,2026-10-09T18:36:28Z,200,All offers for this exact listing are unavailable,2026-08-31T18:17:02Z,https://ae.opensooq.com/en/search/286431242,16,2026-10-09T18:36:28Z,no_phone,No usable seller phone number.,
opensooq-ae-286431512,rejected,marketplace,other,furniture_home_decor,Date Palm نخلة التمر,"AED 1,000",1000,AED,Dubai,United Arab Emirates,OpenSooq seller,,"Date Palm Trees for Sale – Dubai Healthy and high-quality Date Palm Trees available in different sizes. Suitable for villas, gardens, farms, landscaping projects, hotels and commercial properties. Different sizes available Healthy and well-maintained Delivery available Professional planting serv",https://opensooq-imagesv2.os-cdn.com/previews/700x0/fd/f8/fdf8a5d8138dd75e9979d0a188914e13ab1243aaa0b8f650cd613e65f70b631c.jpg.webp,OpenSooq,https://ae.opensooq.com/en/search/286431512,2026-08-31T18:17:02Z,,,,,,,,,"{""parser"":""opensooq_json_ld"",""sourceCategory"":""Home and furniture"",""sourceListUrl"":""https://ae.opensooq.com/en/dubai/home-garden"",""neighborhood"":"""",""sourceLocation"":""Dubai, UAE"",""contactSource"":""OpenSooq source listing"",""imageQuality"":""source_gallery_2048"",""imageIntegrityVersion"":""2026-09-06.1"",""imageVerifiedAt"":""2026-09-07T00:05:03.876Z"",""imageSourceUrl"":""https://ae.opensooq.com/en/search/286431512""}",unavailable,2026-10-09T18:36:28Z,200,All offers for this exact listing are unavailable,2026-08-31T18:17:02Z,https://ae.opensooq.com/en/search/286431512,16,2026-10-09T18:36:28Z,no_phone,No usable seller phone number.,
opensooq-ae-286431864,rejected,marketplace,other,furniture_home_decor,Traveler Palm-Ravenala Palm-,AED 350,350,AED,Dubai,United Arab Emirates,OpenSooq seller,,"Traveler’s Palm for Sale – Dubai Add a tropical and elegant look to your garden with beautiful Traveler’s Palm plants. Ideal for villas, entrances, poolsides, resorts, hotels and outdoor landscaping. Attractive large fan-shaped leaves Available in different sizes Healthy and ready for planting",https://opensooq-imagesv2.os-cdn.com/previews/700x0/57/71/577191fbde16af2569ddf0deccea363727a6da3fd647d23246f81375b494cff0.jpg.webp,OpenSooq,https://ae.opensooq.com/en/search/286431864,2026-08-31T18:17:02Z,,,,,,,,,"{""parser"":""opensooq_json_ld"",""sourceCategory"":""Home and furniture"",""sourceListUrl"":""https://ae.opensooq.com/en/dubai/home-garden"",""neighborhood"":"""",""sourceLocation"":""Dubai, UAE"",""contactSource"":""OpenSooq source listing"",""imageQuality"":""source_gallery_2048"",""imageIntegrityVersion"":""2026-09-06.1"",""imageVerifiedAt"":""2026-09-07T00:05:03.876Z"",""imageSourceUrl"":""https://ae.opensooq.com/en/search/286431864""}",unavailable,2026-10-09T18:36:28Z,200,All offers for this exact listing are unavailable,2026-08-31T18:17:02Z,https://ae.opensooq.com/en/search/286431864,16,2026-10-09T18:36:28Z,no_phone,No usable seller phone number.,
opensooq-ae-286432064,rejected,marketplace,other,furniture_home_decor,Ficus Tree,AED 300,300,AED,Dubai,United Arab Emirates,OpenSooq seller,,"Ficus Trees Available – Dubai Beautiful Ficus trees suitable for creating a green and attractive outdoor space. Perfect for villas, gardens, entrances, walkways, commercial areas and landscaping projects. Various sizes available Healthy, mature trees Suitable for outdoor planting Delivery avai",https://opensooq-imagesv2.os-cdn.com/previews/700x0/d9/67/d967db146a5d7a16409083b4c8d2fea37bbe3c0267a3d709dbf4d16f08e4fc2a.jpg.webp,OpenSooq,https://ae.opensooq.com/en/search/286432064,2026-08-31T18:17:02Z,,,,,,,,,"{""parser"":""opensooq_json_ld"",""sourceCategory"":""Home and furniture"",""sourceListUrl"":""https://ae.opensooq.com/en/dubai/home-garden"",""neighborhood"":"""",""sourceLocation"":""Dubai, UAE"",""contactSource"":""OpenSooq source listing"",""imageQuality"":""source_gallery_2048"",""imageIntegrityVersion"":""2026-09-06.1"",""imageVerifiedAt"":""2026-09-07T00:05:03.876Z"",""imageSourceUrl"":""https://ae.opensooq.com/en/search/286432064""}",unavailable,2026-10-09T18:36:28Z,200,All offers for this exact listing are unavailable,2026-08-31T18:17:02Z,https://ae.opensooq.com/en/search/286432064,16,2026-10-09T18:36:28Z,no_phone,No usable seller phone number.,
opensooq-ae-286432360,rejected,marketplace,other,furniture_home_decor,Olive Tree شجرة زيتون,"AED 2,000",2000,AED,Dubai,United Arab Emirates,OpenSooq seller,,"Olive Trees for Sale – Dubai Give your garden a natural Mediterranean touch with beautiful Olive Trees. Suitable for villas, private gardens, farms, entrances, courtyards and landscaping projects. Healthy & strong trees Different sizes and shapes available Suitable for outdoor planting Deliver",https://opensooq-imagesv2.os-cdn.com/previews/700x0/e7/bd/e7bd50fc15460bc51a6f61fd879fa50c79f40be06743b86364fae4f08a27a868.jpg.webp,OpenSooq,https://ae.opensooq.com/en/search/286432360,2026-08-31T18:17:02Z,,,,,,,,,"{""parser"":""opensooq_json_ld"",""sourceCategory"":""Home and furniture"",""sourceListUrl"":""https://ae.opensooq.com/en/dubai/home-garden"",""neighborhood"":"""",""sourceLocation"":""Dubai, UAE"",""contactSource"":""OpenSooq source listing"",""imageQuality"":""source_gallery_2048"",""imageIntegrityVersion"":""2026-09-06.1"",""imageVerifiedAt"":""2026-09-07T00:05:03.876Z"",""imageSourceUrl"":""https://ae.opensooq.com/en/search/286432360""}",unavailable,2026-10-09T18:36:28Z,200,All offers for this exact listing are unavailable,2026-08-31T18:17:02Z,https://ae.opensooq.com/en/search/286432360,16,2026-10-09T18:36:28Z,no_phone,No usable seller phone number.,
opensooq-ae-286433722,rejected,marketplace,other,furniture_home_decor,Gaming + work Desk,AED 350,350,AED,Dubai,United Arab Emirates,OpenSooq seller,,"Gaming corner desk in black, in very good condition. * Spacious and practical design * Upper shelf for monitor or accessories * Suitable for PC or PlayStation * Black color * Easy to disassemble and move Price: AED 350 Location: Dubai",https://opensooq-imagesv2.os-cdn.com/previews/700x0/ab/7f/ab7f398408c31b78f8141ad9840496aee4e64e288f58b345154fefc947d8ab31.jpg.webp,OpenSooq,https://ae.opensooq.com/en/search/286433722,2026-08-31T18:17:02Z,,,,,,,,,"{""parser"":""opensooq_json_ld"",""sourceCategory"":""Home and furniture"",""sourceListUrl"":""https://ae.opensooq.com/en/dubai/home-garden"",""neighborhood"":"""",""sourceLocation"":""Dubai, UAE"",""contactSource"":""OpenSooq source listing"",""imageQuality"":""source_gallery_2048"",""imageIntegrityVersion"":""2026-09-06.1"",""imageVerifiedAt"":""2026-09-07T00:05:03.876Z"",""imageSourceUrl"":""https://ae.opensooq.com/en/search/286433722""}",unavailable,2026-10-09T18:36:28Z,200,All offers for this exact listing are unavailable,2026-08-31T18:17:02Z,https://ae.opensooq.com/en/search/286433722,16,2026-10-09T18:36:28Z,no_phone,No usable seller phone number.,
opensooq-ae-286434050,rejected,marketplace,other,furniture_home_decor,طقم كنب أنيق للبيع-بحالة ممتازة,"AED 1,500",1500,AED,Dubai,United Arab Emirates,OpenSooq seller,,كنبة 3 مقاعد - كرسي مفرد - لون أوف وايت / كريمي - قماش بوكل ناعم وأنيق - تصميم مودرن ومريح - الحالة ممتازة ونظيفة جدًا - مناسب للصالون أو غرفة المعيش,https://opensooq-imagesv2.os-cdn.com/previews/700x0/a0/59/a0595270b4e41ab05fe9b4eedfe337ddd024446cb80d14a3992926300ae2155f.jpg.webp,OpenSooq,https://ae.opensooq.com/en/search/286434050,2026-08-31T18:17:02Z,,,,,,,,,"{""parser"":""opensooq_json_ld"",""sourceCategory"":""Home and furniture"",""sourceListUrl"":""https://ae.opensooq.com/en/dubai/home-garden"",""neighborhood"":"""",""sourceLocation"":""Dubai, UAE"",""contactSource"":""OpenSooq source listing"",""imageQuality"":""source_gallery_2048"",""imageIntegrityVersion"":""2026-09-06.1"",""imageVerifiedAt"":""2026-09-07T00:05:03.876Z"",""imageSourceUrl"":""https://ae.opensooq.com/en/search/286434050""}",unavailable,2026-10-09T18:36:28Z,200,All offers for this exact listing are unavailable,2026-08-31T18:17:02Z,https://ae.opensooq.com/en/search/286434050,16,2026-10-09T18:36:28Z,no_phone,No usable seller phone number.,
opensooq-ae-286434324,rejected,marketplace,other,furniture_home_decor,بخاخ ماء سعة 1.50 لتر,AED 10,10,AED,Dubai,United Arab Emirates,OpenSooq seller,,بخاخ ماء ضغط سعة 1.5 لتر سميك الهيكل (مقاوم للكسر) مع ربلات اضافية للتبديل مع الاستعمال الطويل 15 حبة في الكرتون,https://opensooq-imagesv2.os-cdn.com/previews/700x0/81/a7/81a76499076a449c147a6ea8bb75d149456b092c0ece0f574be79d832b00c3a4.jpg.webp,OpenSooq,https://ae.opensooq.com/en/search/286434324,2026-08-31T18:17:02Z,,,,,,,,,"{""parser"":""opensooq_json_ld"",""sourceCategory"":""Home and furniture"",""sourceListUrl"":""https://ae.opensooq.com/en/dubai/home-garden"",""neighborhood"":"""",""sourceLocation"":""Dubai, UAE"",""contactSource"":""OpenSooq source listing"",""imageQuality"":""source_gallery_2048"",""imageIntegrityVersion"":""2026-09-06.1"",""imageVerifiedAt"":""2026-09-07T00:05:03.876Z"",""imageSourceUrl"":""https://ae.opensooq.com/en/search/286434324""}",unavailable,2026-10-09T18:36:28Z,200,All offers for this exact listing are unavailable,2026-08-31T18:17:02Z,https://ae.opensooq.com/en/search/286434324,16,2026-10-09T18:36:28Z,no_phone,No usable seller phone number.,
opensooq-ae-286438264,rejected,marketplace,other,furniture_home_decor,للبيع طقم غرفة نوم كلاسيكي فاخر,"AED 1,500",1500,AED,Dubai,United Arab Emirates,OpenSooq seller,,طقم غرفة نوم كلاسيكي فاخر من الخشب تصميم مميز مع زخارف ونقوش جميله نظيفه واستعمال خفيف يضم :- 1- سرير كامل مع الهيدربورد والفوتر 2- دولاب ملابس كبير 3- تسريحه مع المرايه 4 - عدد 2 كومدينه الطقم كامل متناسق ومناسب لمن يبحث عن غرفة نوم كلاسيكيه والحاله :- مستعمله ونظيف جداً والموقع في دبي السعر,https://opensooq-imagesv2.os-cdn.com/previews/700x0/9a/4e/9a4eda895fd0c2cc977c3af605c14c608f2f1f5c35480ae15dea74f6b4fbf297.jpg.webp,OpenSooq,https://ae.opensooq.com/en/search/286438264,2026-08-31T18:17:02Z,,,,,,,,,"{""parser"":""opensooq_json_ld"",""sourceCategory"":""Home and furniture"",""sourceListUrl"":""https://ae.opensooq.com/en/dubai/home-garden"",""neighborhood"":"""",""sourceLocation"":""Dubai, UAE"",""contactSource"":""OpenSooq source listing"",""imageQuality"":""source_gallery_2048"",""imageIntegrityVersion"":""2026-09-06.1"",""imageVerifiedAt"":""2026-09-07T00:05:03.876Z"",""imageSourceUrl"":""https://ae.opensooq.com/en/search/286438264""}",unavailable,2026-10-09T18:36:28Z,200,All offers for this exact listing are unavailable,2026-08-31T18:17:02Z,https://ae.opensooq.com/en/search/286438264,16,2026-10-09T18:36:28Z,no_phone,No usable seller phone number.,
opensooq-ae-286443054,rejected,marketplace,other,furniture_home_decor,Brand New Tramontina Enameled Cast Iron Dutch Oven Set (From USA),AED 699,699,AED,Dubai,United Arab Emirates,OpenSooq seller,,"Brand new & unused — still in the original box! Selling a Tramontina Enameled Cast Iron Dutch Oven Set (2 pieces) in a beautiful white finish. Includes: • 4 Qt / 3.7 L Dutch Oven • 6 Qt / 5.6 L Dutch Oven • Enameled cast iron • Matching lids • Original packaging/box Perfect for slow cooking, so",https://opensooq-imagesv2.os-cdn.com/previews/700x0/1e/89/1e894d1f50f250e47f0e0b8fd43afe575445fabca023bddcf815b3f70e232a23.jpg.webp,OpenSooq,https://ae.opensooq.com/en/search/286443054,2026-08-31T18:17:02Z,,,,,,,,,"{""parser"":""opensooq_json_ld"",""sourceCategory"":""Home and furniture"",""sourceListUrl"":""https://ae.opensooq.com/en/dubai/home-garden"",""neighborhood"":"""",""sourceLocation"":""Dubai, UAE"",""contactSource"":""OpenSooq source listing"",""imageQuality"":""source_gallery_2048"",""imageIntegrityVersion"":""2026-09-06.1"",""imageVerifiedAt"":""2026-09-07T00:05:03.876Z"",""imageSourceUrl"":""https://ae.opensooq.com/en/search/286443054""}",unavailable,2026-10-09T18:36:28Z,200,All offers for this exact listing are unavailable,2026-08-31T18:17:02Z,https://ae.opensooq.com/en/search/286443054,16,2026-10-09T18:36:28Z,no_phone,No usable seller phone number.,
opensooq-ae-285007758,rejected,marketplace,electronics,phones_accessories,+97154 X577777 VVIP,"AED 85,000",85000,AED,Dubai,United Arab Emirates,OpenSooq seller,,VVIP Etisalat phone number For sale only for 85000 limited time offer,https://opensooq-imagesv2.os-cdn.com/previews/700x0/37/11/37116e78ede26f4030c09de423f76783c8e15ea3ce558b70c6cbaba56bd2c4c6.jpg.webp,OpenSooq,https://ae.opensooq.com/en/search/285007758,2026-08-31T18:17:02Z,,,,,,,,,"{""parser"":""opensooq_json_ld"",""sourceCategory"":""Phones and tablets"",""sourceListUrl"":""https://ae.opensooq.com/en/dubai/mobile-phones-tablets"",""neighborhood"":"""",""sourceLocation"":""Dubai, UAE"",""contactSource"":""OpenSooq source listing"",""imageQuality"":""source_gallery_2048"",""imageIntegrityVersion"":""2026-09-06.1"",""imageVerifiedAt"":""2026-09-07T00:05:03.876Z"",""imageSourceUrl"":""https://ae.opensooq.com/en/search/285007758""}",unavailable,2026-10-09T18:36:28Z,200,All offers for this exact listing are unavailable,2026-09-30T21:59:05Z,https://ae.opensooq.com/en/search/285007758,15,2026-10-09T18:36:28Z,no_phone,No usable seller phone number.,
opensooq-ae-285020214,rejected,marketplace,electronics,phones_accessories,رقم مميز مكون من 5 اكواد,"AED 85,000",85000,AED,Dubai,United Arab Emirates,OpenSooq seller,,the contact option on the OpenSooq listing the contact option on the OpenSooq listing the contact option on the OpenSooq listing the contact option on the OpenSooq listing the contact option on the OpenSooq listing فقط ب 80 الف درهم,https://opensooq-imagesv2.os-cdn.com/previews/700x0/2d/13/2d13e4e999b7bb21db3946992f94cbeeca9c842afc3161e3c548603f84161473.jpg.webp,OpenSooq,https://ae.opensooq.com/en/search/285020214,2026-08-31T18:17:02Z,,,,,,,,,"{""parser"":""opensooq_json_ld"",""sourceCategory"":""Phones and tablets"",""sourceListUrl"":""https://ae.opensooq.com/en/dubai/mobile-phones-tablets"",""neighborhood"":"""",""sourceLocation"":""Dubai, UAE"",""contactSource"":""OpenSooq source listing"",""imageQuality"":""source_gallery_2048"",""imageIntegrityVersion"":""2026-09-06.1"",""imageVerifiedAt"":""2026-09-07T00:05:03.876Z"",""imageSourceUrl"":""https://ae.opensooq.com/en/search/285020214""}",unavailable,2026-10-09T18:36:28Z,200,All offers for this exact listing are unavailable,2026-08-31T18:17:02Z,https://ae.opensooq.com/en/search/285020214,16,2026-10-09T18:36:28Z,no_phone,No usable seller phone number.,
opensooq-ae-285083654,rejected,marketplace,electronics,phones_accessories,VIP Etisalat SIM Card – Unlimited Internet – Premium Repeating 9999 Pattern,"AED 7,500",7500,AED,Dubai,United Arab Emirates,OpenSooq seller,,Premium easy-to-remember Etisalat VIP number with unlimited internet and an attractive repeating 9999 pattern. Official ownership transfer. WhatsApp: the contact option on the OpenSooq listing,https://opensooq-imagesv2.os-cdn.com/previews/700x0/33/c8/33c8c4927ee6ffc05a93cc3bd54abfab965d2828bfb8b9dc9538f2db4ba0afcf.png.webp,OpenSooq,https://ae.opensooq.com/en/search/285083654,2026-08-31T18:17:02Z,,,,,,,,,"{""parser"":""opensooq_json_ld"",""sourceCategory"":""Phones and tablets"",""sourceListUrl"":""https://ae.opensooq.com/en/dubai/mobile-phones-tablets"",""neighborhood"":"""",""sourceLocation"":""Dubai, UAE"",""contactSource"":""OpenSooq source listing"",""imageQuality"":""source_gallery_2048"",""imageIntegrityVersion"":""2026-09-06.1"",""imageVerifiedAt"":""2026-09-07T00:05:03.876Z"",""imageSourceUrl"":""https://ae.opensooq.com/en/search/285083654""}",unavailable,2026-10-09T18:36:28Z,200,All offers for this exact listing are unavailable,2026-08-31T18:17:02Z,https://ae.opensooq.com/en/search/285083654,16,2026-10-09T18:36:28Z,no_phone,No usable seller phone number.,
opensooq-ae-285139446,rejected,marketplace,electronics,phones_accessories,جهاز جديد بالختم الاماراتي Samsung Z Flip7 FE,"AED 2,300",2300,AED,Dubai,United Arab Emirates,OpenSooq seller,,"جهاز جديد غير مفتوح بالختم الاماراتي Samsung Galaxy Z Flip 7 FE مع كفالة سنة Samsung Galaxy Z Flip7 FE, Al Phone, Black, 256GB Storage, 8GB Memory, Pocketable Foldable Design,50MP Camera for Selfie, Smooth Processor, 4000mAh Battery, 1 Year Manufacturer Warranty (UAE Version)",https://opensooq-imagesv2.os-cdn.com/previews/700x0/6a/3a/6a3ad2c26151115c39d0f024e936b375461a34d8e059afae1677e1db00c319f3.jpg.webp,OpenSooq,https://ae.opensooq.com/en/search/285139446,2026-08-31T18:17:02Z,,,,,used,,,,"{""parser"":""opensooq_json_ld"",""sourceCategory"":""Phones and tablets"",""sourceListUrl"":""https://ae.opensooq.com/en/dubai/mobile-phones-tablets"",""neighborhood"":"""",""sourceLocation"":""Dubai, UAE"",""contactSource"":""OpenSooq source listing"",""imageQuality"":""source_gallery_2048"",""imageIntegrityVersion"":""2026-09-06.1"",""imageVerifiedAt"":""2026-09-07T00:05:03.876Z"",""imageSourceUrl"":""https://ae.opensooq.com/en/search/285139446""}",unavailable,2026-10-09T18:36:28Z,200,All offers for this exact listing are unavailable,2026-08-31T18:17:02Z,https://ae.opensooq.com/en/search/285139446,16,2026-10-09T18:36:28Z,no_phone,No usable seller phone number.,
opensooq-ae-286276670,rejected,marketplace,electronics,phones_accessories,رقم مميز للبيع,"AED 10,000",10000,AED,Dubai,United Arab Emirates,OpenSooq seller,,رقم مميز للبيع بسعر 10000 درهم,https://opensooq-imagesv2.os-cdn.com/previews/700x0/d1/25/d1255f72aa5af469a96db57064f94eaab8f9abaf1f97a34d0e8927e5bd6baa6c.jpg.webp,OpenSooq,https://ae.opensooq.com/en/search/286276670,2026-08-31T18:17:02Z,,,,,,,,,"{""parser"":""opensooq_json_ld"",""sourceCategory"":""Phones and tablets"",""sourceListUrl"":""https://ae.opensooq.com/en/dubai/mobile-phones-tablets"",""neighborhood"":"""",""sourceLocation"":""Dubai, UAE"",""contactSource"":""OpenSooq source listing"",""imageQuality"":""source_gallery_2048"",""imageIntegrityVersion"":""2026-09-06.1"",""imageVerifiedAt"":""2026-09-07T00:05:03.876Z"",""imageSourceUrl"":""https://ae.opensooq.com/en/search/286276670""}",unavailable,2026-10-09T18:36:28Z,200,All offers for this exact listing are unavailable,2026-08-31T18:17:02Z,https://ae.opensooq.com/en/search/286276670,16,2026-10-09T18:36:28Z,no_phone,No usable seller phone number.,
opensooq-ae-286328606,rejected,marketplace,electronics,phones_accessories,iphone 12 128GB,AED 850,850,AED,Dubai,United Arab Emirates,OpenSooq seller,,iphone 12 128GB orignal Apple set strong bettery the contact option on the OpenSooq listing,https://opensooq-imagesv2.os-cdn.com/previews/700x0/42/1d/421d95356d9cb0e2cabd418684b1262e554f760b8866cc982e4a6c01811a4d37.jpg.webp,OpenSooq,https://ae.opensooq.com/en/search/286328606,2026-08-31T18:17:02Z,,,,,used,,,,"{""parser"":""opensooq_json_ld"",""sourceCategory"":""Phones and tablets"",""sourceListUrl"":""https://ae.opensooq.com/en/dubai/mobile-phones-tablets"",""neighborhood"":"""",""sourceLocation"":""Dubai, UAE"",""contactSource"":""OpenSooq source listing"",""imageQuality"":""source_gallery_2048"",""imageIntegrityVersion"":""2026-09-06.1"",""imageVerifiedAt"":""2026-09-07T00:05:03.876Z"",""imageSourceUrl"":""https://ae.opensooq.com/en/search/286328606""}",unavailable,2026-10-09T18:36:28Z,200,All offers for this exact listing are unavailable,2026-08-31T18:17:02Z,https://ae.opensooq.com/en/search/286328606,16,2026-10-09T18:36:28Z,no_phone,No usable seller phone number.,
opensooq-ae-286371992,rejected,marketplace,electronics,phones_accessories,Iphone 17 Pro AT&T Lock,"AED 2,050",2050,AED,Dubai,United Arab Emirates,OpenSooq seller,,"Iphone 17 Pro AT&T LOCK With box 256gb can't use normally, you have to unlock it first Calling no: the contact option on the OpenSooq listing",https://opensooq-imagesv2.os-cdn.com/previews/700x0/c3/40/c3405cde3efaf7c6b8b8ec8c22c86e022caf8a455e1c7e5f1974c8aab3923ef3.jpg.webp,OpenSooq,https://ae.opensooq.com/en/search/286371992,2026-08-31T18:17:02Z,,,,,used,,,,"{""parser"":""opensooq_json_ld"",""sourceCategory"":""Phones and tablets"",""sourceListUrl"":""https://ae.opensooq.com/en/dubai/mobile-phones-tablets"",""neighborhood"":"""",""sourceLocation"":""Dubai, UAE"",""contactSource"":""OpenSooq source listing"",""imageQuality"":""source_gallery_2048"",""imageIntegrityVersion"":""2026-09-06.1"",""imageVerifiedAt"":""2026-09-07T00:05:03.876Z"",""imageSourceUrl"":""https://ae.opensooq.com/en/search/286371992""}",unavailable,2026-10-09T18:36:28Z,200,All offers for this exact listing are unavailable,2026-08-31T18:17:02Z,https://ae.opensooq.com/en/search/286371992,16,2026-10-09T18:36:28Z,no_phone,No usable seller phone number.,
opensooq-ae-286372056,rejected,marketplace,electronics,phones_accessories,Iphone 17 pro max,"AED 2,250",2250,AED,Dubai,United Arab Emirates,OpenSooq seller,,"Iphone 17 Pro Max AT&T LOCK With box 256gb can't use normally, you have to unlock it first Calling no: the contact option on the OpenSooq listing",https://opensooq-imagesv2.os-cdn.com/previews/700x0/f9/7e/f97e06c99f155daf9c995a29285c113c7b8c952203964470b6ff1152b65e424e.jpg.webp,OpenSooq,https://ae.opensooq.com/en/search/286372056,2026-08-31T18:17:02Z,,,,,used,,,,"{""parser"":""opensooq_json_ld"",""sourceCategory"":""Phones and tablets"",""sourceListUrl"":""https://ae.opensooq.com/en/dubai/mobile-phones-tablets"",""neighborhood"":"""",""sourceLocation"":""Dubai, UAE"",""contactSource"":""OpenSooq source listing"",""imageQuality"":""source_gallery_2048"",""imageIntegrityVersion"":""2026-09-06.1"",""imageVerifiedAt"":""2026-09-07T00:05:03.876Z"",""imageSourceUrl"":""https://ae.opensooq.com/en/search/286372056""}",unavailable,2026-10-09T18:36:28Z,200,All offers for this exact listing are unavailable,2026-08-31T18:17:02Z,https://ae.opensooq.com/en/search/286372056,16,2026-10-09T18:36:28Z,no_phone,No usable seller phone number.,
opensooq-ae-286392938,rejected,marketplace,electronics,phones_accessories,Apple Vision Pro 1TB – Great Condition,"AED 9,800",9800,AED,Dubai,United Arab Emirates,OpenSooq seller,,"Selling a lightly used 1 TB Apple Vision Pro. This is the top-tier 1 TB storage model, offering plenty of space for spatial videos, heavy apps, and offline media. Key Details & Specs: • Storage: 1 TB (Top Spec) • Light Seal Size: 21W M • Condition: Very good condition with minimal wear from normal",https://opensooq-imagesv2.os-cdn.com/previews/700x0/78/0d/780d7529fd61e60a72a4d12cb9ba59d165ddc73ae28a1290ba93d15165474209.jpg.webp,OpenSooq,https://ae.opensooq.com/en/search/286392938,2026-08-31T18:17:02Z,,,,,used,,,,"{""parser"":""opensooq_json_ld"",""sourceCategory"":""Phones and tablets"",""sourceListUrl"":""https://ae.opensooq.com/en/dubai/mobile-phones-tablets"",""neighborhood"":"""",""sourceLocation"":""Dubai, UAE"",""contactSource"":""OpenSooq source listing"",""imageQuality"":""source_gallery_2048"",""imageIntegrityVersion"":""2026-09-06.1"",""imageVerifiedAt"":""2026-09-07T00:05:03.876Z"",""imageSourceUrl"":""https://ae.opensooq.com/en/search/286392938""}",unavailable,2026-10-09T18:36:28Z,200,All offers for this exact listing are unavailable,2026-08-31T18:17:02Z,https://ae.opensooq.com/en/search/286392938,16,2026-10-09T18:36:28Z,no_phone,No usable seller phone number.,
opensooq-ae-286393980,rejected,marketplace,electronics,phones_accessories,آيفون 17برو ماكس,"AED 3,500",3500,AED,Dubai,United Arab Emirates,OpenSooq seller,,استعمل 6شهور,https://opensooq-imagesv2.os-cdn.com/previews/700x0/0b/4e/0b4ecc7f4dc1644ea88eb1b6d9f1ccbf59db5585bf44136c7eb2ba26145ef05a.jpg.webp,OpenSooq,https://ae.opensooq.com/en/search/286393980,2026-08-31T18:17:02Z,,,,,used,,,,"{""parser"":""opensooq_json_ld"",""sourceCategory"":""Phones and tablets"",""sourceListUrl"":""https://ae.opensooq.com/en/dubai/mobile-phones-tablets"",""neighborhood"":"""",""sourceLocation"":""Dubai, UAE"",""contactSource"":""OpenSooq source listing"",""imageQuality"":""source_gallery_2048"",""imageIntegrityVersion"":""2026-09-06.1"",""imageVerifiedAt"":""2026-09-07T00:05:03.876Z"",""imageSourceUrl"":""https://ae.opensooq.com/en/search/286393980""}",unavailable,2026-10-09T18:36:28Z,200,All offers for this exact listing are unavailable,2026-08-31T18:17:02Z,https://ae.opensooq.com/en/search/286393980,16,2026-10-09T18:36:28Z,no_phone,No usable seller phone number.,
opensooq-ae-286396144,rejected,marketplace,electronics,phones_accessories,معالج العاب رائع كاميرا 64 ميجا بكسل شحن سريع 67 واط تردد 144 ھرتز مساحة 256 8 رام بطارية 5080,AED 500,500,AED,Dubai,United Arab Emirates,OpenSooq seller,,الشاشة: 6.6 بوصة LCD، دقة 2460×1080 FHD+، ومعدل تحديث 144Hz المعالج: MediaTek Dimensity 8100 بدقة تصنيع 5nm الجرافيكس: Mali-G610 MC6 الذاكرة: 8GB LPDDR5 التخزين: 128GB أو 256GB UFS 3.1 الخلفية: 64MP + 8MP Ultra-wide + 2MP Macro الأمامية: 16MP البطارية: 5080mAh الشحن: 67W Turbo Charging الصو,https://opensooq-imagesv2.os-cdn.com/previews/700x0/48/05/4805175d38e3b4ed810ed688a32891c944502f099824078714dff6fc05ee83c4.png.webp,OpenSooq,https://ae.opensooq.com/en/search/286396144,2026-08-31T18:17:02Z,,,,,used,,,,"{""parser"":""opensooq_json_ld"",""sourceCategory"":""Phones and tablets"",""sourceListUrl"":""https://ae.opensooq.com/en/dubai/mobile-phones-tablets"",""neighborhood"":"""",""sourceLocation"":""Dubai, UAE"",""contactSource"":""OpenSooq source listing"",""imageQuality"":""source_gallery_2048"",""imageIntegrityVersion"":""2026-09-06.1"",""imageVerifiedAt"":""2026-09-07T00:05:03.876Z"",""imageSourceUrl"":""https://ae.opensooq.com/en/search/286396144""}",unavailable,2026-10-09T18:36:28Z,200,All offers for this exact listing are unavailable,2026-08-31T18:17:02Z,https://ae.opensooq.com/en/search/286396144,16,2026-10-09T18:36:28Z,no_phone,No usable seller phone number.,
opensooq-ae-286399118,rejected,marketplace,electronics,phones_accessories,رقم اتصالات مميز,"AED 4,500",4500,AED,Dubai,United Arab Emirates,OpenSooq seller,,the contact option on the OpenSooq listing,https://opensooq-imagesv2.os-cdn.com/previews/700x0/a8/ed/a8edecb2ba58c675e62d3cc1ae669d35de1b61a6a863d3b3fff8a9bc3f880bf5.jpg.webp,OpenSooq,https://ae.opensooq.com/en/search/286399118,2026-08-31T18:17:02Z,,,,,,,,,"{""parser"":""opensooq_json_ld"",""sourceCategory"":""Phones and tablets"",""sourceListUrl"":""https://ae.opensooq.com/en/dubai/mobile-phones-tablets"",""neighborhood"":"""",""sourceLocation"":""Dubai, UAE"",""contactSource"":""OpenSooq source listing"",""imageQuality"":""source_gallery_2048"",""imageIntegrityVersion"":""2026-09-06.1"",""imageVerifiedAt"":""2026-09-07T00:05:03.876Z"",""imageSourceUrl"":""https://ae.opensooq.com/en/search/286399118""}",unavailable,2026-10-09T18:36:28Z,200,All offers for this exact listing are unavailable,2026-08-31T18:17:02Z,https://ae.opensooq.com/en/search/286399118,16,2026-10-09T18:36:28Z,no_phone,No usable seller phone number.,
opensooq-ae-286399940,rejected,marketplace,electronics,phones_accessories,du fancy number for sale,"AED 4,999",4999,AED,Dubai,United Arab Emirates,OpenSooq seller,,du fancy number for sale repeat numbers and easy to memorable,https://opensooq-imagesv2.os-cdn.com/previews/700x0/5a/ab/5aab30ff4227f102827ae013b326948b702248e0dfd28519d1fdcddcbba1ece2.jpg.webp,OpenSooq,https://ae.opensooq.com/en/search/286399940,2026-08-31T18:17:02Z,,,,,,,,,"{""parser"":""opensooq_json_ld"",""sourceCategory"":""Phones and tablets"",""sourceListUrl"":""https://ae.opensooq.com/en/dubai/mobile-phones-tablets"",""neighborhood"":"""",""sourceLocation"":""Dubai, UAE"",""contactSource"":""OpenSooq source listing"",""imageQuality"":""source_gallery_2048"",""imageIntegrityVersion"":""2026-09-06.1"",""imageVerifiedAt"":""2026-09-07T00:05:03.876Z"",""imageSourceUrl"":""https://ae.opensooq.com/en/search/286399940""}",unavailable,2026-10-09T18:36:28Z,200,All offers for this exact listing are unavailable,2026-08-31T18:17:02Z,https://ae.opensooq.com/en/search/286399940,16,2026-10-09T18:36:28Z,no_phone,No usable seller phone number.,
opensooq-ae-286406464,rejected,marketplace,electronics,phones_accessories,Samsung Galaxy Z Fold 8 Ultra 256gb,"AED 6,150",6150,AED,Dubai,United Arab Emirates,OpenSooq seller,,Urgent sale Samsung Galaxy Z Fold 8 Ultra 256gb Bought this month its like brand new Come and take Only serious buyers Price is mentioned,https://opensooq-imagesv2.os-cdn.com/previews/700x0/b9/46/b9462ac8b9e03c4020c79e102bf5e0fb4ee1b18f1381d048a5ccb47d3e0e54d9.jpg.webp,OpenSooq,https://ae.opensooq.com/en/search/286406464,2026-08-31T18:17:02Z,,,,,used,,,,"{""parser"":""opensooq_json_ld"",""sourceCategory"":""Phones and tablets"",""sourceListUrl"":""https://ae.opensooq.com/en/dubai/mobile-phones-tablets"",""neighborhood"":"""",""sourceLocation"":""Dubai, UAE"",""contactSource"":""OpenSooq source listing"",""imageQuality"":""source_gallery_2048"",""imageIntegrityVersion"":""2026-09-06.1"",""imageVerifiedAt"":""2026-09-07T00:05:03.876Z"",""imageSourceUrl"":""https://ae.opensooq.com/en/search/286406464""}",unavailable,2026-10-09T18:36:28Z,200,All offers for this exact listing are unavailable,2026-08-31T18:17:02Z,https://ae.opensooq.com/en/search/286406464,16,2026-10-09T18:36:28Z,no_phone,No usable seller phone number.,
opensooq-ae-286407658,rejected,marketplace,electronics,phones_accessories,16 pro max 256 gb,"AED 3,150",3150,AED,Dubai,United Arab Emirates,OpenSooq seller,,16 Pro max 256gb tdra 92% with box 10/10 condition,https://opensooq-imagesv2.os-cdn.com/previews/700x0/a3/d5/a3d5714d8447bcb50562a9226277da865490604d1097ec18920166b5c8ab5775.jpg.webp,OpenSooq,https://ae.opensooq.com/en/search/286407658,2026-08-31T18:17:02Z,,,,,used,,,,"{""parser"":""opensooq_json_ld"",""sourceCategory"":""Phones and tablets"",""sourceListUrl"":""https://ae.opensooq.com/en/dubai/mobile-phones-tablets"",""neighborhood"":"""",""sourceLocation"":""Dubai, UAE"",""contactSource"":""OpenSooq source listing"",""imageQuality"":""source_gallery_2048"",""imageIntegrityVersion"":""2026-09-06.1"",""imageVerifiedAt"":""2026-09-07T00:05:03.876Z"",""imageSourceUrl"":""https://ae.opensooq.com/en/search/286407658""}",unavailable,2026-10-09T18:36:28Z,200,All offers for this exact listing are unavailable,2026-08-31T18:17:02Z,https://ae.opensooq.com/en/search/286407658,16,2026-10-09T18:36:28Z,no_phone,No usable seller phone number.,
opensooq-ae-286408982,rejected,marketplace,electronics,phones_accessories,رقم اتصالات مميز 5000566,"AED 24,000",24000,AED,Dubai,United Arab Emirates,OpenSooq seller,,رقم اتصالات مميز كود قديم 5000 و سهل الحفظ,https://opensooq-imagesv2.os-cdn.com/previews/700x0/ea/89/ea895405521800dad44bf743359c90ab13d97e48b21e746baefd78c68b5bb643.jpg.webp,OpenSooq,https://ae.opensooq.com/en/search/286408982,2026-08-31T18:17:02Z,,,,,,,,,"{""parser"":""opensooq_json_ld"",""sourceCategory"":""Phones and tablets"",""sourceListUrl"":""https://ae.opensooq.com/en/dubai/mobile-phones-tablets"",""neighborhood"":"""",""sourceLocation"":""Dubai, UAE"",""contactSource"":""OpenSooq source listing"",""imageQuality"":""source_gallery_2048"",""imageIntegrityVersion"":""2026-09-06.1"",""imageVerifiedAt"":""2026-09-07T00:05:03.876Z"",""imageSourceUrl"":""https://ae.opensooq.com/en/search/286408982""}",unavailable,2026-10-09T18:36:28Z,200,All offers for this exact listing are unavailable,2026-08-31T18:17:02Z,https://ae.opensooq.com/en/search/286408982,16,2026-10-09T18:36:28Z,no_phone,No usable seller phone number.,
opensooq-ae-286409746,rejected,marketplace,electronics,phones_accessories,"ارقام اتصالات واصل بدون باقات بدون فواتير.. 1,000 درهم للرقم","AED 1,000",1000,AED,Dubai,United Arab Emirates,OpenSooq seller,,افضل سعر بالسوق,https://opensooq-imagesv2.os-cdn.com/previews/700x0/a9/61/a961258d7807a84ccb933c9557cf6880aca3f8e3774a9d748c737fcd91b53f98.jpg.webp,OpenSooq,https://ae.opensooq.com/en/search/286409746,2026-08-31T18:17:02Z,,,,,,,,,"{""parser"":""opensooq_json_ld"",""sourceCategory"":""Phones and tablets"",""sourceListUrl"":""https://ae.opensooq.com/en/dubai/mobile-phones-tablets"",""neighborhood"":"""",""sourceLocation"":""Dubai, UAE"",""contactSource"":""OpenSooq source listing"",""imageQuality"":""source_gallery_2048"",""imageIntegrityVersion"":""2026-09-06.1"",""imageVerifiedAt"":""2026-09-07T00:05:03.876Z"",""imageSourceUrl"":""https://ae.opensooq.com/en/search/286409746""}",unavailable,2026-10-09T18:36:28Z,200,All offers for this exact listing are unavailable,2026-08-31T18:17:02Z,https://ae.opensooq.com/en/search/286409746,16,2026-10-09T18:36:28Z,no_phone,No usable seller phone number.,
opensooq-ae-286410364,rejected,marketplace,electronics,phones_accessories,Samsung Galaxy A30s – Excellent Condition,AED 350,350,AED,Dubai,United Arab Emirates,OpenSooq seller,,"Samsung Galaxy A30s – Excellent Condition A very neat, clean, and well-maintained Samsung Galaxy A30s is available for sale. - RAM: 4 GB - Storage: 128 GB - PTA Status: Officially PTA Approved - Original Box: Available - Fingerprint: Fully working - Display & Touch: Working perfectly - Camera, Spe",https://opensooq-imagesv2.os-cdn.com/previews/700x0/05/c8/05c8a4360fc3a9d1640abd15093ca5f871e9b50d82f474683ca481d64eb51d8f.jpg.webp,OpenSooq,https://ae.opensooq.com/en/search/286410364,2026-08-31T18:17:02Z,,,,,used,,,,"{""parser"":""opensooq_json_ld"",""sourceCategory"":""Phones and tablets"",""sourceListUrl"":""https://ae.opensooq.com/en/dubai/mobile-phones-tablets"",""neighborhood"":"""",""sourceLocation"":""Dubai, UAE"",""contactSource"":""OpenSooq source listing"",""imageQuality"":""source_gallery_2048"",""imageIntegrityVersion"":""2026-09-06.1"",""imageVerifiedAt"":""2026-09-07T00:05:03.876Z"",""imageSourceUrl"":""https://ae.opensooq.com/en/search/286410364""}",unavailable,2026-10-09T18:36:28Z,200,All offers for this exact listing are unavailable,2026-08-31T18:17:02Z,https://ae.opensooq.com/en/search/286410364,16,2026-10-09T18:36:28Z,no_phone,No usable seller phone number.,
opensooq-ae-286420524,rejected,marketplace,electronics,phones_accessories,Original Apple Watch charger,AED 80,80,AED,Dubai,United Arab Emirates,OpenSooq seller,,Original Apple Watch charger,https://opensooq-imagesv2.os-cdn.com/previews/700x0/14/5c/145c47cb601e7ee590e7f6a80a09ee378dbd337b4fe9c2ae1806901e6b590a5c.jpg.webp,OpenSooq,https://ae.opensooq.com/en/search/286420524,2026-08-31T18:17:02Z,,,,,,,,,"{""parser"":""opensooq_json_ld"",""sourceCategory"":""Phones and tablets"",""sourceListUrl"":""https://ae.opensooq.com/en/dubai/mobile-phones-tablets"",""neighborhood"":"""",""sourceLocation"":""Dubai, UAE"",""contactSource"":""OpenSooq source listing"",""imageQuality"":""source_gallery_2048"",""imageIntegrityVersion"":""2026-09-06.1"",""imageVerifiedAt"":""2026-09-07T00:05:03.876Z"",""imageSourceUrl"":""https://ae.opensooq.com/en/search/286420524""}",unavailable,2026-10-09T18:36:28Z,200,All offers for this exact listing are unavailable,2026-08-31T18:17:02Z,https://ae.opensooq.com/en/search/286420524,16,2026-10-09T18:36:28Z,no_phone,No usable seller phone number.,
opensooq-ae-286426424,rejected,marketplace,electronics,phones_accessories,New Samsung Galaxy S25 plus,"AED 2,749",2749,AED,Dubai,United Arab Emirates,OpenSooq seller,,"I'm selling my brand new Samsung Galaxy S25+, which comes in a stunning blue color. It's in excellent condition, having never been used, and it’s unlocked to work with any carrier. With a generous storage capacity of 256 GB and 12 GB or more of RAM, this phone is perfect for anyone who needs a power",https://opensooq-imagesv2.os-cdn.com/previews/700x0/3b/21/3b211466d519a8a272842b730f821fc16cdad3d007f55d0b1264ddc8996beff5.jpg.webp,OpenSooq,https://ae.opensooq.com/en/search/286426424,2026-08-31T18:17:02Z,,,,,used,,,,"{""parser"":""opensooq_json_ld"",""sourceCategory"":""Phones and tablets"",""sourceListUrl"":""https://ae.opensooq.com/en/dubai/mobile-phones-tablets"",""neighborhood"":"""",""sourceLocation"":""Dubai, UAE"",""contactSource"":""OpenSooq source listing"",""imageQuality"":""source_gallery_2048"",""imageIntegrityVersion"":""2026-09-06.1"",""imageVerifiedAt"":""2026-09-07T00:05:03.876Z"",""imageSourceUrl"":""https://ae.opensooq.com/en/search/286426424""}",unavailable,2026-10-09T18:36:28Z,200,All offers for this exact listing are unavailable,2026-08-31T18:17:02Z,https://ae.opensooq.com/en/search/286426424,16,2026-10-09T18:36:28Z,no_phone,No usable seller phone number.,
opensooq-ae-286433252,rejected,marketplace,electronics,phones_accessories,Xiaomi Civi 4 Pro/ Civi 14 International Version,AED 800,800,AED,Dubai,United Arab Emirates,OpenSooq seller,,"I am selling my Xiaomi Civi 4 Pro, used for about 2 years. The phone has 12 GB RAM and 512 GB storage. It powers on and all cameras are working fine. The device is pre-owned and has visible damage: a cracked/broken screen and scuffed corners as shown in the photos. There is no warranty. Battery and",https://opensooq-imagesv2.os-cdn.com/previews/700x0/1e/70/1e70662ba9371e55a80dfdf9a4db2ff5599afdeadd5975118fad8c0336cec468.png.webp,OpenSooq,https://ae.opensooq.com/en/search/286433252,2026-08-31T18:17:02Z,,,,,used,,,,"{""parser"":""opensooq_json_ld"",""sourceCategory"":""Phones and tablets"",""sourceListUrl"":""https://ae.opensooq.com/en/dubai/mobile-phones-tablets"",""neighborhood"":"""",""sourceLocation"":""Dubai, UAE"",""contactSource"":""OpenSooq source listing"",""imageQuality"":""source_gallery_2048"",""imageIntegrityVersion"":""2026-09-06.1"",""imageVerifiedAt"":""2026-09-07T00:05:03.876Z"",""imageSourceUrl"":""https://ae.opensooq.com/en/search/286433252""}",unavailable,2026-10-09T18:36:28Z,200,All offers for this exact listing are unavailable,2026-08-31T18:17:02Z,https://ae.opensooq.com/en/search/286433252,16,2026-10-09T18:36:28Z,no_phone,No usable seller phone number.,
opensooq-ae-286440012,rejected,marketplace,electronics,phones_accessories,Vivo Iqoo 12 12/256gb bmw edition global,"AED 1,200",1200,AED,Dubai,United Arab Emirates,OpenSooq seller,,Phone and 120 w charger available No complaints&scratches Gaming phone Pubg 120fps supported Snapdragon 8gen 3 144 hz display Pubg can play in 120hz,https://opensooq-imagesv2.os-cdn.com/previews/700x0/79/3c/793ccea8f353a50e8583fe77d380711e99bd03dcea9163a1d53d894447b18b81.jpg.webp,OpenSooq,https://ae.opensooq.com/en/search/286440012,2026-08-31T18:17:02Z,,,,,used,,,,"{""parser"":""opensooq_json_ld"",""sourceCategory"":""Phones and tablets"",""sourceListUrl"":""https://ae.opensooq.com/en/dubai/mobile-phones-tablets"",""neighborhood"":"""",""sourceLocation"":""Dubai, UAE"",""contactSource"":""OpenSooq source listing"",""imageQuality"":""source_gallery_2048"",""imageIntegrityVersion"":""2026-09-06.1"",""imageVerifiedAt"":""2026-09-07T00:05:03.876Z"",""imageSourceUrl"":""https://ae.opensooq.com/en/search/286440012""}",unavailable,2026-10-09T18:36:28Z,200,All offers for this exact listing are unavailable,2026-08-31T18:17:02Z,https://ae.opensooq.com/en/search/286440012,16,2026-10-09T18:36:28Z,no_phone,No usable seller phone number.,
opensooq-ae-286441556,rejected,marketplace,electronics,phones_accessories,"Samsung Galaxy S25 Plus, 256GB Storage, 12GB RAM, Navy Blue (tdra) stamped, price 2750","AED 2,749",2749,AED,Dubai,United Arab Emirates,OpenSooq seller,,"Samsung Galaxy S25 Plus, 256GB Storage, 12GB RAM, Navy Blue (Global Version)",https://opensooq-imagesv2.os-cdn.com/previews/700x0/b8/43/b8436c3307a489ba9091ac4d3b244e7e862d12c7959c898a46b7e4a2dc3e0d49.png.webp,OpenSooq,https://ae.opensooq.com/en/search/286441556,2026-08-31T18:17:02Z,,,,,used,,,,"{""parser"":""opensooq_json_ld"",""sourceCategory"":""Phones and tablets"",""sourceListUrl"":""https://ae.opensooq.com/en/dubai/mobile-phones-tablets"",""neighborhood"":"""",""sourceLocation"":""Dubai, UAE"",""contactSource"":""OpenSooq source listing"",""imageQuality"":""source_gallery_2048"",""imageIntegrityVersion"":""2026-09-06.1"",""imageVerifiedAt"":""2026-09-07T00:05:03.876Z"",""imageSourceUrl"":""https://ae.opensooq.com/en/search/286441556""}",unavailable,2026-10-09T18:36:28Z,200,All offers for this exact listing are unavailable,2026-08-31T18:17:02Z,https://ae.opensooq.com/en/search/286441556,16,2026-10-09T18:36:28Z,no_phone,No usable seller phone number.,
opensooq-ae-286442202,rejected,marketplace,electronics,phones_accessories,17 pro max 512 gb,"AED 4,099",4099,AED,Dubai,United Arab Emirates,OpenSooq seller,,17 pro max 512 gb with box cale,https://opensooq-imagesv2.os-cdn.com/previews/700x0/58/99/589936e4483e7500e74e88835783f83d2c0296b483f3aa6bb5a98464c3480191.jpg.webp,OpenSooq,https://ae.opensooq.com/en/search/286442202,2026-08-31T18:17:02Z,,,,,used,,,,"{""parser"":""opensooq_json_ld"",""sourceCategory"":""Phones and tablets"",""sourceListUrl"":""https://ae.opensooq.com/en/dubai/mobile-phones-tablets"",""neighborhood"":"""",""sourceLocation"":""Dubai, UAE"",""contactSource"":""OpenSooq source listing"",""imageQuality"":""source_gallery_2048"",""imageIntegrityVersion"":""2026-09-06.1"",""imageVerifiedAt"":""2026-09-07T00:05:03.876Z"",""imageSourceUrl"":""https://ae.opensooq.com/en/search/286442202""}",unavailable,2026-10-09T18:36:28Z,200,All offers for this exact listing are unavailable,2026-08-31T18:17:02Z,https://ae.opensooq.com/en/search/286442202,16,2026-10-09T18:36:28Z,no_phone,No usable seller phone number.,
opensooq-ae-285233638,rejected,vehicles,vehicles,vehicles,0% DP - JETOUR T2 LUXURY+ - 2025 - 2.0TC V4 - WELL MAINTAINED,"AED 117,000",117000,AED,Dubai,United Arab Emirates,OpenSooq seller,,"MODEL : JETOUR T2 LEXURY YEAR : 2025 SPECS : NON - GCC ( GCC STANDARDS) KILOMETERS : 2900 ENGINE SIZE : 2.0TC V4 4WD 254hp COLOR EXT/INT : BIEGE/BEIGE ASKING PRICE : 117,000 AED 5 YEARS EMI OPTIONS (BANK) : 0% DOWN PAYMENT = 2,480 AED MONTHLY 10% DOWN PAYMENT = 2,230 AED MONTHLY 20% DOWN PAYMEN",https://opensooq-imagesv2.os-cdn.com/previews/700x0/7b/b1/7bb15e4d4753de5df061618f7233f881265b5d1750340166bf6c31eb13234661.jpg.webp,OpenSooq,https://ae.opensooq.com/en/search/285233638,2026-08-31T18:17:02Z,,,,2025,used,,,,"{""parser"":""opensooq_json_ld"",""sourceCategory"":""Used cars"",""sourceListUrl"":""https://ae.opensooq.com/en/dubai/cars/cars-for-sale/used"",""neighborhood"":""Al Barsha"",""sourceLocation"":""Dubai, UAE"",""contactSource"":""OpenSooq source listing"",""imageQuality"":""source_gallery_2048"",""imageIntegrityVersion"":""2026-09-06.1"",""imageVerifiedAt"":""2026-09-07T00:05:03.876Z"",""imageSourceUrl"":""https://ae.opensooq.com/en/search/285233638""}",unavailable,2026-10-09T18:36:28Z,200,All offers for this exact listing are unavailable,2026-08-31T18:17:02Z,https://ae.opensooq.com/en/search/285233638,16,2026-10-09T18:36:28Z,no_phone,No usable seller phone number.,
opensooq-ae-285233918,rejected,vehicles,vehicles,vehicles,0% DP - GCC SPECS - WARRANTY & SERVICE AVAILABLE - JETOUR DASHING 2025 - LUXURY EDITION,"AED 79,500",79500,AED,Dubai,United Arab Emirates,OpenSooq seller,,"MODEL : JETOUR DASHING LEXURY YEAR : 2025 SPECS : GCC KILOMETERS : 35,000 ENGINE SIZE : 1.6TC V4 FWD 197hp COLOR EXT/INT : GREY/BLACK PRICE: 84,900AED OFFER PRICE: 79,500 AED 5 YEARS EMI OPTIONS (BANK) : 0% DOWN PAYMENT: 1,590 AED MONTHLY 10% DOWN PAYMENT: 1,430 AED MONTHLY 20% DOWN PAYMENT: 1",https://opensooq-imagesv2.os-cdn.com/previews/700x0/2c/e4/2ce45b1aaacb40e3fcc26f384f94c18a733ff422a957e2a98409e53120005279.jpg.webp,OpenSooq,https://ae.opensooq.com/en/search/285233918,2026-08-31T18:17:02Z,,,,2025,used,,,,"{""parser"":""opensooq_json_ld"",""sourceCategory"":""Used cars"",""sourceListUrl"":""https://ae.opensooq.com/en/dubai/cars/cars-for-sale/used"",""neighborhood"":""Al Barsha"",""sourceLocation"":""Dubai, UAE"",""contactSource"":""OpenSooq source listing"",""imageQuality"":""source_gallery_2048"",""imageIntegrityVersion"":""2026-09-06.1"",""imageVerifiedAt"":""2026-09-07T00:05:03.876Z"",""imageSourceUrl"":""https://ae.opensooq.com/en/search/285233918""}",unavailable,2026-10-09T18:36:28Z,200,All offers for this exact listing are unavailable,2026-08-31T18:17:02Z,https://ae.opensooq.com/en/search/285233918,16,2026-10-09T18:36:28Z,no_phone,No usable seller phone number.,
opensooq-ae-285241900,rejected,vehicles,vehicles,vehicles,فولفو S90 T5 خليجي موديل 2020 فل اوبشن بحالة ممتازة,"AED 49,000",49000,AED,Dubai,United Arab Emirates,OpenSooq seller,,"فولفو S90 T5 خليجي موديل 2020 بحالة الوكالة استخدام مالك اول اربعة سلندر تيربو 2.0لتر ماشي 160,000 كم لا تحتاج اي صيانه مسرفس جاهز للاستخدام مطلوب 49,000 درهم للتواصل اتصال the contact option on the OpenSooq listing او وتس اب the contact option on the OpenSooq listing لمشاهدة مزيد من السيارات يرجى زيارة حسابنا التالي في انستغرام @Sarmadcars107 @S",https://opensooq-imagesv2.os-cdn.com/previews/700x0/82/2a/822a76659741e3d0725d8ed28defca0157f1f1848910d827da82520065585b1a.jpg.webp,OpenSooq,https://ae.opensooq.com/en/search/285241900,2026-08-31T18:17:02Z,,,,2020,used,,,,"{""parser"":""opensooq_json_ld"",""sourceCategory"":""Used cars"",""sourceListUrl"":""https://ae.opensooq.com/en/dubai/cars/cars-for-sale/used"",""neighborhood"":""Al Mizhar"",""sourceLocation"":""Dubai, UAE"",""contactSource"":""OpenSooq source listing"",""imageQuality"":""source_gallery_2048"",""imageIntegrityVersion"":""2026-09-06.1"",""imageVerifiedAt"":""2026-09-07T00:05:03.876Z"",""imageSourceUrl"":""https://ae.opensooq.com/en/search/285241900""}",unavailable,2026-10-09T18:36:28Z,200,All offers for this exact listing are unavailable,2026-08-31T18:17:02Z,https://ae.opensooq.com/en/search/285241900,16,2026-10-09T18:36:28Z,no_phone,No usable seller phone number.,
opensooq-ae-285435882,rejected,vehicles,vehicles,vehicles,جي ام سي سيرا AT4 خليجي بحالة الوكالة,"AED 210,000",210000,AED,Dubai,United Arab Emirates,OpenSooq seller,,"جي ام سي سيرا AT4 موديل 2025 خليجي محرك 6.2L V8 مفتاحين الوكالة صبغ وكالة بحالة الوكالة مثبت سرعه + رادار تحديد مسار شاشه كبيرا نظام كار بلي خمس كامرات + فتحت سقف مقاعد كهربه تبريد وتسخين فرويل 4X4 تبريد خلفي ماشي 65000كم مطلوب 210,000 درهم للتواصل اتصال the contact option on the OpenSooq listing أو وتس اب {phone_ke",https://opensooq-imagesv2.os-cdn.com/previews/700x0/00/b9/00b9d0c1a5627e0bb59cbad30a744fbefe4a2ee87a6649805ab59e54d653e4f6.jpg.webp,OpenSooq,https://ae.opensooq.com/en/search/285435882,2026-08-31T18:17:02Z,,,,2025,used,,,,"{""parser"":""opensooq_json_ld"",""sourceCategory"":""Used cars"",""sourceListUrl"":""https://ae.opensooq.com/en/dubai/cars/cars-for-sale/used"",""neighborhood"":""Al Mizhar"",""sourceLocation"":""Dubai, UAE"",""contactSource"":""OpenSooq source listing"",""imageQuality"":""source_gallery_2048"",""imageIntegrityVersion"":""2026-09-06.1"",""imageVerifiedAt"":""2026-09-07T00:05:03.876Z"",""imageSourceUrl"":""https://ae.opensooq.com/en/search/285435882""}",unavailable,2026-10-09T18:36:28Z,200,All offers for this exact listing are unavailable,2026-08-31T18:17:02Z,https://ae.opensooq.com/en/search/285435882,16,2026-10-09T18:36:28Z,no_phone,No usable seller phone number.,
opensooq-ae-285486308,rejected,vehicles,vehicles,vehicles,شفرليت سلفرادو LTZ,"AED 110,000",110000,AED,Dubai,United Arab Emirates,OpenSooq seller,,"شفرليت سلفرادو LTZ موديل 2022 فل مواصفات ثمان سلندر 5.3L فتحت سقف *مثبت سرعه *رادار تحديد مسار مقاعد تبريد كهرباء* شاشه كبيرا مري كهربا نقطه عمياء دبة كهربا خمس كاميرات 360 ممشا 1420000 km لا يحتاج اي مصاريف بحالة ممتازة مطلوب 110,000 درهم للتواصل اتصال the contact option on the OpenSooq listing او وتس اب the contact option on the OpenSooq listing",https://opensooq-imagesv2.os-cdn.com/previews/700x0/e8/d3/e8d3eac45f0788cdf0fd874bf76246832207eaa0353a06071813fb5bc286cdc9.jpg.webp,OpenSooq,https://ae.opensooq.com/en/search/285486308,2026-08-31T18:17:02Z,,,,2022,used,,,,"{""parser"":""opensooq_json_ld"",""sourceCategory"":""Used cars"",""sourceListUrl"":""https://ae.opensooq.com/en/dubai/cars/cars-for-sale/used"",""neighborhood"":""Al Mizhar"",""sourceLocation"":""Dubai, UAE"",""contactSource"":""OpenSooq source listing"",""imageQuality"":""source_gallery_2048"",""imageIntegrityVersion"":""2026-09-06.1"",""imageVerifiedAt"":""2026-09-07T00:05:03.876Z"",""imageSourceUrl"":""https://ae.opensooq.com/en/search/285486308""}",unavailable,2026-10-09T18:36:28Z,200,All offers for this exact listing are unavailable,2026-08-31T18:17:02Z,https://ae.opensooq.com/en/search/285486308,16,2026-10-09T18:36:28Z,no_phone,No usable seller phone number.,
opensooq-ae-285496448,rejected,vehicles,vehicles,vehicles,فورد اكسبلور موديل 2021 خليجي بحالة الوكالة,"AED 75,000",75000,AED,Dubai,United Arab Emirates,OpenSooq seller,,"فورد اكسبلور موديل 2021 خليجي 6 سلندر 4WD 7 مقاعد تشيكات وكالة الطاير مثبت سرعه + تحديد مسار نقطة عمياء + ردار كاميرا خلفية + مانع انزلاق مري كهربا + تكيف خلفي ممشى 62،000 كم بدون اي اعطال مسرفس جاهز للتسجيل مطلوب 75,000 درهم للتواصل اتصال the contact option on the OpenSooq listing أو وتس اب the contact option on the OpenSooq listing لمشاهدة",https://opensooq-imagesv2.os-cdn.com/previews/700x0/b7/01/b701372d38b8023a3207611382d1f4be5fb86e077d86f8b815e43fb066ff7023.jpg.webp,OpenSooq,https://ae.opensooq.com/en/search/285496448,2026-08-31T18:17:02Z,,,,2021,used,,,,"{""parser"":""opensooq_json_ld"",""sourceCategory"":""Used cars"",""sourceListUrl"":""https://ae.opensooq.com/en/dubai/cars/cars-for-sale/used"",""neighborhood"":""Al Qusais"",""sourceLocation"":""Dubai, UAE"",""contactSource"":""OpenSooq source listing"",""imageQuality"":""source_gallery_2048"",""imageIntegrityVersion"":""2026-09-06.1"",""imageVerifiedAt"":""2026-09-07T00:05:03.876Z"",""imageSourceUrl"":""https://ae.opensooq.com/en/search/285496448""}",unavailable,2026-10-09T18:36:28Z,200,All offers for this exact listing are unavailable,2026-08-31T18:17:02Z,https://ae.opensooq.com/en/search/285496448,16,2026-10-09T18:36:28Z,no_phone,No usable seller phone number.,
opensooq-ae-285613726,rejected,vehicles,vehicles,vehicles,0% DP - FREE WARRANTY - APPLE CARPLAY - JAC S3+ 2023 - GCC SPECS,"AED 34,500",34500,AED,Dubai,United Arab Emirates,OpenSooq seller,,"JAC S3 PLUS MODEL 2023 GCC SPECS KILOMETER 34,900 ENGINE SIZE : 1.6L V4 118hp COLOR INT/EXT : WHITE/BLACK ASKING PRICE : 34,500AED 5 YEARS EMI OPTIONS (BANK) : 0% DOWN PAYMENT = 750 AED MONTHLY 10% DOWN PAYMENT = 680 AED MONTHLY 20% DOWN PAYMENT = 599 AED MONTHLY ACCIDENT HISTORY : NO ACCI",https://opensooq-imagesv2.os-cdn.com/previews/700x0/79/a6/79a6b00386d0c97a334371ff2759dff2ba34d7f5adfe3b2b26afc12dd1d25b71.jpg.webp,OpenSooq,https://ae.opensooq.com/en/search/285613726,2026-08-31T18:17:02Z,,,,2023,used,,,,"{""parser"":""opensooq_json_ld"",""sourceCategory"":""Used cars"",""sourceListUrl"":""https://ae.opensooq.com/en/dubai/cars/cars-for-sale/used"",""neighborhood"":""Al Barsha"",""sourceLocation"":""Dubai, UAE"",""contactSource"":""OpenSooq source listing"",""imageQuality"":""source_gallery_2048"",""imageIntegrityVersion"":""2026-09-06.1"",""imageVerifiedAt"":""2026-09-07T00:05:03.876Z"",""imageSourceUrl"":""https://ae.opensooq.com/en/search/285613726""}",unavailable,2026-10-09T18:36:28Z,200,All offers for this exact listing are unavailable,2026-08-31T18:17:02Z,https://ae.opensooq.com/en/search/285613726,16,2026-10-09T18:36:28Z,no_phone,No usable seller phone number.,
opensooq-ae-285613848,rejected,vehicles,vehicles,vehicles,AGENCY MAINTAINED - RANGE ROVER EVOQUE 2.0 DYNAMIC PLUS - PARK ASSIST,"AED 46,900",46900,AED,Dubai,United Arab Emirates,OpenSooq seller,,"MODEL: RANGE ROVER EVOQUE DYNAMIC PLUS YEAR: 2014 GCC SPECS KILOMETER 126,000 ENGINE SIZE : 2.0TC V4 4WD 240hp COLOR INT/EXT : WHITE/RED ASKING PRICE : 50,500 AED OFFER PRICE : 46,900 AED SERVICE HISTORY : AGENCY MAINTAINED ACCIDENT HISTORY : NO ACCIDENT PAINT CONDITION : TWO PARTS SMART PAIN",https://opensooq-imagesv2.os-cdn.com/previews/700x0/d0/2a/d02afafef19e0692f92653039c6003c9a9f4d3a2761e3b60e5c3738896307e9c.jpg.webp,OpenSooq,https://ae.opensooq.com/en/search/285613848,2026-08-31T18:17:02Z,,,,2014,used,,,,"{""parser"":""opensooq_json_ld"",""sourceCategory"":""Used cars"",""sourceListUrl"":""https://ae.opensooq.com/en/dubai/cars/cars-for-sale/used"",""neighborhood"":""Al Barsha"",""sourceLocation"":""Dubai, UAE"",""contactSource"":""OpenSooq source listing"",""imageQuality"":""source_gallery_2048"",""imageIntegrityVersion"":""2026-09-06.1"",""imageVerifiedAt"":""2026-09-07T00:05:03.876Z"",""imageSourceUrl"":""https://ae.opensooq.com/en/search/285613848""}",unavailable,2026-10-09T18:36:28Z,200,All offers for this exact listing are unavailable,2026-08-31T18:17:02Z,https://ae.opensooq.com/en/search/285613848,16,2026-10-09T18:36:28Z,no_phone,No usable seller phone number.,
opensooq-ae-285613878,rejected,vehicles,vehicles,vehicles,0% DP - UNDER WARRANTY & SERVICE CONTRACT - LINCOLN AVIATOR PRESIDENTIAL (VIP) - GCC,"AED 184,900",184900,AED,Dubai,United Arab Emirates,OpenSooq seller,,"MODEL: LINCOLN AVIATOR PRESIDENTIAL YEAR: 2023 SPECS: GCC KILOMETER: 49,900 ENGINE SIZE : 3.0TC V6 4WD 400hp COLOR INT/EXT : BLACK/WHITE ASKING PRICE : 189,500 AED OFFER PRICE : 184,900 AED 5 YEARS EMI OPTIONS (BANK) : 0% DOWN PAYMENT = 3,780 AED MONTHLY 10% DOWN PAYMENT = 3,400 AED MONTHLY",https://opensooq-imagesv2.os-cdn.com/previews/700x0/3e/a9/3ea9d44022327f77cf4cdd4d6eab91fac59a06a7c8f8fd3128f028527236f7a4.jpg.webp,OpenSooq,https://ae.opensooq.com/en/search/285613878,2026-08-31T18:17:02Z,,,,2023,used,,,,"{""parser"":""opensooq_json_ld"",""sourceCategory"":""Used cars"",""sourceListUrl"":""https://ae.opensooq.com/en/dubai/cars/cars-for-sale/used"",""neighborhood"":""Al Barsha"",""sourceLocation"":""Dubai, UAE"",""contactSource"":""OpenSooq source listing"",""imageQuality"":""source_gallery_2048"",""imageIntegrityVersion"":""2026-09-06.1"",""imageVerifiedAt"":""2026-09-07T00:05:03.876Z"",""imageSourceUrl"":""https://ae.opensooq.com/en/search/285613878""}",unavailable,2026-10-09T18:36:28Z,200,All offers for this exact listing are unavailable,2026-08-31T18:17:02Z,https://ae.opensooq.com/en/search/285613878,16,2026-10-09T18:36:28Z,no_phone,No usable seller phone number.,
opensooq-ae-285692446,rejected,vehicles,vehicles,vehicles,نيسان كيكيس 2025 موديل أمريكي ورق جمارك كيلومتر 6000 فقط,"AED 48,500",48500,AED,Dubai,United Arab Emirates,OpenSooq seller,,نيسان كيكيس وارد أمريكي ورق جمارك بحاله ممتازه جدا موديل 2025 للمزيد من المعلومات والتفاصيل يرجى التواصل ع الواتس اب شكرا the contact option on the OpenSooq listing كيلومتر 6000 فقط المواصفات شاشه عريضة كروز كنترول رادار تشغيل بصمه نقطه عمياء سعر البيع 48500 الف درهم رقم الشاصي 3N8AP6BB2SL354999,https://opensooq-imagesv2.os-cdn.com/previews/700x0/1f/d9/1fd971d17bc1ab8490771a0bb2cb6a557d977d0cc9258cd0fb6b37997fc4444f.jpg.webp,OpenSooq,https://ae.opensooq.com/en/search/285692446,2026-08-31T18:17:02Z,,,,2025,used,,,,"{""parser"":""opensooq_json_ld"",""sourceCategory"":""Used cars"",""sourceListUrl"":""https://ae.opensooq.com/en/dubai/cars/cars-for-sale/used"",""neighborhood"":""Al Qusais"",""sourceLocation"":""Dubai, UAE"",""contactSource"":""OpenSooq source listing"",""imageQuality"":""source_gallery_2048"",""imageIntegrityVersion"":""2026-09-06.1"",""imageVerifiedAt"":""2026-09-07T00:05:03.876Z"",""imageSourceUrl"":""https://ae.opensooq.com/en/search/285692446""}",unavailable,2026-10-09T18:36:28Z,200,All offers for this exact listing are unavailable,2026-08-31T18:17:02Z,https://ae.opensooq.com/en/search/285692446,16,2026-10-09T18:36:28Z,no_phone,No usable seller phone number.,
opensooq-ae-285692466,rejected,vehicles,vehicles,vehicles,كيا كرنفال 2024 موديل كيلومتر فقط 26000 مفتاح سبير 2 ورق جمارك أمريكي,"AED 73,000",73000,AED,Dubai,United Arab Emirates,OpenSooq seller,,كيا كرنفال وارد أمريكي ورق جمارك بحاله ممتازه موديل 2024 للمزيد من المعلومات والتفاصيل يرجى التواصل ع الواتس اب شكرا the contact option on the OpenSooq listing عدد 2 مفتاح سبير كيلومتر 26000 فقط سعر البيع 73000 الف درهم رقم الشاصي KNDNB4H30R6415920,https://opensooq-imagesv2.os-cdn.com/previews/700x0/cd/0f/cd0f3cf0287a1a0e39c57b8ec117eb01cfe10e4e507547b4726809f752d29ed8.jpg.webp,OpenSooq,https://ae.opensooq.com/en/search/285692466,2026-08-31T18:17:02Z,,,,2024,used,,,,"{""parser"":""opensooq_json_ld"",""sourceCategory"":""Used cars"",""sourceListUrl"":""https://ae.opensooq.com/en/dubai/cars/cars-for-sale/used"",""neighborhood"":""Al Qusais"",""sourceLocation"":""Dubai, UAE"",""contactSource"":""OpenSooq source listing"",""imageQuality"":""source_gallery_2048"",""imageIntegrityVersion"":""2026-09-06.1"",""imageVerifiedAt"":""2026-09-07T00:05:03.876Z"",""imageSourceUrl"":""https://ae.opensooq.com/en/search/285692466""}",unavailable,2026-10-09T18:36:28Z,200,All offers for this exact listing are unavailable,2026-08-31T18:17:02Z,https://ae.opensooq.com/en/search/285692466,16,2026-10-09T18:36:28Z,no_phone,No usable seller phone number.,
opensooq-ae-285771572,rejected,vehicles,vehicles,vehicles,مرسيدس بنز S500 كوب خليجي موديل 2015 فل اوبشن 6 فصوص بحالة ممتازة,"AED 78,000",78000,AED,Dubai,United Arab Emirates,OpenSooq seller,,"مرسيدس بنز S500 كوب موديل 2015 خليجي 6 فصوص فل اوبشن فتحة سقف + مقاعد جلد تبريد وتسخين مقاعد نقطة عمياء + رادار مثبت سرعة + ذاكرة مقاعد أبواب شفط + تحديد مسار كاميرات 360 درجة ممشى 130،000 كم بدون اي اعطال مسرفس جاهز للتسجيل لا يحتاج إي مصاريف صيانه مطلوب 78,000 درهم للتواصل اتصا",https://opensooq-imagesv2.os-cdn.com/previews/700x0/ff/da/ffda4ef6f689a61759ab514f5ed5837a3e60c5543376a7611ee8f1aeccc031da.jpg.webp,OpenSooq,https://ae.opensooq.com/en/search/285771572,2026-08-31T18:17:02Z,,,,2015,used,,,,"{""parser"":""opensooq_json_ld"",""sourceCategory"":""Used cars"",""sourceListUrl"":""https://ae.opensooq.com/en/dubai/cars/cars-for-sale/used"",""neighborhood"":""Jumeirah"",""sourceLocation"":""Dubai, UAE"",""contactSource"":""OpenSooq source listing"",""imageQuality"":""source_gallery_2048"",""imageIntegrityVersion"":""2026-09-06.1"",""imageVerifiedAt"":""2026-09-07T00:05:03.876Z"",""imageSourceUrl"":""https://ae.opensooq.com/en/search/285771572""}",unavailable,2026-10-09T18:36:28Z,200,All offers for this exact listing are unavailable,2026-08-31T18:17:02Z,https://ae.opensooq.com/en/search/285771572,16,2026-10-09T18:36:28Z,no_phone,No usable seller phone number.,
opensooq-ae-285865526,rejected,vehicles,vehicles,vehicles,شيفروليه، كبتفيا 2025,"AED 46,000",46000,AED,Dubai,United Arab Emirates,OpenSooq seller,,"سيارة عائلية جداً نظيفه من غير حوادث موديل 2025 بحالة الوكالة عدد المقاعد 7 الممشى بسيط 37,000 الف كيلو",https://opensooq-imagesv2.os-cdn.com/previews/700x0/dd/61/dd61aec0dabbd2a765fa0205b796aeca2e4b9266931adba5356fb1a0a10d8e31.jpg.webp,OpenSooq,https://ae.opensooq.com/en/search/285865526,2026-08-31T18:17:02Z,,,,2025,used,,,,"{""parser"":""opensooq_json_ld"",""sourceCategory"":""Used cars"",""sourceListUrl"":""https://ae.opensooq.com/en/dubai/cars/cars-for-sale/used"",""neighborhood"":""Al Wasl"",""sourceLocation"":""Dubai, UAE"",""contactSource"":""OpenSooq source listing"",""imageQuality"":""source_gallery_2048"",""imageIntegrityVersion"":""2026-09-06.1"",""imageVerifiedAt"":""2026-09-07T00:05:03.876Z"",""imageSourceUrl"":""https://ae.opensooq.com/en/search/285865526""}",unavailable,2026-10-09T18:36:28Z,200,All offers for this exact listing are unavailable,2026-08-31T18:17:02Z,https://ae.opensooq.com/en/search/285865526,16,2026-10-09T18:36:28Z,no_phone,No usable seller phone number.,
opensooq-ae-285916228,rejected,vehicles,vehicles,vehicles,Dodge Challenger 2020 — Full Service History,"AED 41,500",41500,AED,Dubai,United Arab Emirates,OpenSooq seller,,"Dodge Challenger 2020, SXT, Octane Red Mileage: 77,000 Well maintained with documented service history at Everon Auto Services, Umm Ramool, Dubai. Invoices available for the buyer to inspect Recent work done: September 2025 — full service (AED 3,050): 4 × new Nexen NPriz AH8 235/55R18 tyres (2",https://opensooq-imagesv2.os-cdn.com/previews/700x0/56/48/56488aef451048cf2f4ac4420f2edf851b1755f36c92b3392aa3630cfb2672e1.jpg.webp,OpenSooq,https://ae.opensooq.com/en/search/285916228,2026-08-31T18:17:02Z,,,,2020,used,,,,"{""parser"":""opensooq_json_ld"",""sourceCategory"":""Used cars"",""sourceListUrl"":""https://ae.opensooq.com/en/dubai/cars/cars-for-sale/used"",""neighborhood"":""Dubai Sports City"",""sourceLocation"":""Dubai, UAE"",""contactSource"":""OpenSooq source listing"",""imageQuality"":""source_gallery_2048"",""imageIntegrityVersion"":""2026-09-06.1"",""imageVerifiedAt"":""2026-09-07T00:05:03.876Z"",""imageSourceUrl"":""https://ae.opensooq.com/en/search/285916228""}",active,2026-10-09T18:36:28Z,200,Matching listing has an available source offer,2026-10-09T18:36:28Z,https://ae.opensooq.com/en/search/285916228,0,,no_phone,No usable seller phone number.,
opensooq-ae-286008454,rejected,vehicles,vehicles,vehicles,BMW X6 xDrive40i M Sport - Ultimate Spec - Crystal Package - Individual Riverside Blue - GCC - AGMC,"AED 159,000",159000,AED,Dubai,United Arab Emirates,OpenSooq seller,,"BMW Individual Riverside Blue Metallic - Tacora Red Vernasca Leather - CraftedClarity Glass Controls - Ultimate Specification Iconic Glow illuminated grille, illuminated door handles and BMW Welcome Light Carpet / Angel-Wing Projection create dramatic illuminated “wings” along both sides when",https://opensooq-imagesv2.os-cdn.com/previews/700x0/4b/42/4b424d30957c9388868f0f7741585daabc5f75ccec087de01236824ed65cf0d0.jpg.webp,OpenSooq,https://ae.opensooq.com/en/search/286008454,2026-08-31T18:17:02Z,,,,,used,,,,"{""parser"":""opensooq_json_ld"",""sourceCategory"":""Used cars"",""sourceListUrl"":""https://ae.opensooq.com/en/dubai/cars/cars-for-sale/used"",""neighborhood"":""Nadd Al Sheba"",""sourceLocation"":""Dubai, UAE"",""contactSource"":""OpenSooq source listing"",""imageQuality"":""source_gallery_2048"",""imageIntegrityVersion"":""2026-09-06.1"",""imageVerifiedAt"":""2026-09-07T00:05:03.876Z"",""imageSourceUrl"":""https://ae.opensooq.com/en/search/286008454""}",unavailable,2026-10-09T18:36:28Z,200,All offers for this exact listing are unavailable,2026-08-31T18:17:02Z,https://ae.opensooq.com/en/search/286008454,16,2026-10-09T18:36:28Z,no_phone,No usable seller phone number.,
opensooq-ae-286210210,rejected,vehicles,vehicles,vehicles,مازدا CX5 2025 AWD رقم 1 خليجي فئة SIGNATURE محرك : V4 - 2.5 L تحت الضمان 5 سنوات او 150 الف كم,"AED 97,000",97000,AED,Dubai,United Arab Emirates,OpenSooq seller,,مازدا CX5 2025 AWD رقم 1 خليجي فئة SIGNATURE ضمان الوكيل 5 سنوات محرك : V4 - 2.5 L شاسيه : JM7KFAWL7S0116500 بقوة 187 حصان وعزم 251 نيوتن ماشية : 34500 كم 3 انظمة قيادة قيادة نصف آلية بدون حوادث او صبغ دفع رباعي: 4×4 ضمان 5 سنوات او 150 الف كم كراسي جلد عجلة قيادة ومقبض ناقل حركة م,https://opensooq-imagesv2.os-cdn.com/previews/700x0/54/c5/54c59c730dfbda1c8f44c42b6ecdaafb1b76706be3777ef60faea52f33aae44e.jpg.webp,OpenSooq,https://ae.opensooq.com/en/search/286210210,2026-08-31T18:17:02Z,,,,2025,used,,,,"{""parser"":""opensooq_json_ld"",""sourceCategory"":""Used cars"",""sourceListUrl"":""https://ae.opensooq.com/en/dubai/cars/cars-for-sale/used"",""neighborhood"":""Mirdif"",""sourceLocation"":""Dubai, UAE"",""contactSource"":""OpenSooq source listing"",""imageQuality"":""source_gallery_2048"",""imageIntegrityVersion"":""2026-09-06.1"",""imageVerifiedAt"":""2026-09-07T00:05:03.876Z"",""imageSourceUrl"":""https://ae.opensooq.com/en/search/286210210""}",unavailable,2026-10-09T18:36:28Z,200,All offers for this exact listing are unavailable,2026-08-31T18:17:02Z,https://ae.opensooq.com/en/search/286210210,16,2026-10-09T18:36:28Z,no_phone,No usable seller phone number.,
opensooq-ae-286210766,rejected,vehicles,vehicles,vehicles,هوندا CRV 2022 شاسيه: 5J6RW5817NL700629 خليجي ماشية : 78000 كم,"AED 75,000",75000,AED,Dubai,United Arab Emirates,OpenSooq seller,,هوندا CRV 2022 شاسيه: 5J6RW5817NL700629 خليجي ماشية : 78000 كم 2 مفتاح 4 اطارات جديدة كاميرا خلفية بحالة ممتازه صيانة الوكالة (الفطيم) تظليل 3M مع الضمان تثبيت سرعة بدون حوادث للجادين التواصل واتس فقط: the contact option on the OpenSooq listing واتس,https://opensooq-imagesv2.os-cdn.com/previews/700x0/51/69/5169ecea98b753716f175e5a4a92f3f136ad442d70f30ca391e30339778785ec.jpg.webp,OpenSooq,https://ae.opensooq.com/en/search/286210766,2026-08-31T18:17:02Z,,,,2022,used,,,,"{""parser"":""opensooq_json_ld"",""sourceCategory"":""Used cars"",""sourceListUrl"":""https://ae.opensooq.com/en/dubai/cars/cars-for-sale/used"",""neighborhood"":""Mirdif"",""sourceLocation"":""Dubai, UAE"",""contactSource"":""OpenSooq source listing"",""imageQuality"":""source_gallery_2048"",""imageIntegrityVersion"":""2026-09-06.1"",""imageVerifiedAt"":""2026-09-07T00:05:03.876Z"",""imageSourceUrl"":""https://ae.opensooq.com/en/search/286210766""}",unavailable,2026-10-09T18:36:28Z,200,All offers for this exact listing are unavailable,2026-08-31T18:17:02Z,https://ae.opensooq.com/en/search/286210766,16,2026-10-09T18:36:28Z,no_phone,No usable seller phone number.,
opensooq-ae-286212248,rejected,vehicles,vehicles,vehicles,Jeep Grand Cherokee Laredo 2017 GCC - Excellent Condition,"AED 36,000",36000,AED,Dubai,United Arab Emirates,OpenSooq seller,,Jeep Grand Cherokee Laredo 2017 GCC Specification. • Well maintained • No accidents • Engine and gearbox in good condition • Cold A/C • Cruise control • Reverse camera & parking sensors • Alloy wheels • Clean interior and exterior • Family used • Ready to drive,https://opensooq-imagesv2.os-cdn.com/previews/700x0/ce/c3/cec38702fae2a44b23c4ce6b5c089dc34ccad51a7dc0aea3884d656676cf5ce2.jpg.webp,OpenSooq,https://ae.opensooq.com/en/search/286212248,2026-08-31T18:17:02Z,,,,2017,used,,,,"{""parser"":""opensooq_json_ld"",""sourceCategory"":""Used cars"",""sourceListUrl"":""https://ae.opensooq.com/en/dubai/cars/cars-for-sale/used"",""neighborhood"":""Oud Al Muteena"",""sourceLocation"":""Dubai, UAE"",""contactSource"":""OpenSooq source listing"",""imageQuality"":""source_gallery_2048"",""imageIntegrityVersion"":""2026-09-06.1"",""imageVerifiedAt"":""2026-09-07T00:05:03.876Z"",""imageSourceUrl"":""https://ae.opensooq.com/en/search/286212248""}",unavailable,2026-10-09T18:36:28Z,200,All offers for this exact listing are unavailable,2026-08-31T18:17:02Z,https://ae.opensooq.com/en/search/286212248,16,2026-10-09T18:36:28Z,no_phone,No usable seller phone number.,
opensooq-ae-286301002,rejected,vehicles,vehicles,vehicles,"Mercedes Benz C180 Kompresor EU Lady driver ,clean, Never Accident","AED 17,500",17500,AED,Dubai,United Arab Emirates,OpenSooq seller,,"Buy and drive.Perfect condition.Only Lady gentle drive.Gargash Mercedes Recal Airbag change July 2026.Wery clean .Fresh RTA passed Test July 2026 , Have insurance.Keep Inside parking.Radiator change . AC gas full up.Suspension change.Refroidissants tank new. Price can be slightly negotiate if seriou",https://opensooq-imagesv2.os-cdn.com/previews/700x0/a2/ba/a2bae65e9794312e3a0b5ab745108d010e213e537ae812aa25e5bcba0f4a4fb2.jpg.webp,OpenSooq,https://ae.opensooq.com/en/search/286301002,2026-08-31T18:17:02Z,,,,2026,used,,,,"{""parser"":""opensooq_json_ld"",""sourceCategory"":""Used cars"",""sourceListUrl"":""https://ae.opensooq.com/en/dubai/cars/cars-for-sale/used"",""neighborhood"":""Business Bay"",""sourceLocation"":""Dubai, UAE"",""contactSource"":""OpenSooq source listing"",""imageQuality"":""source_gallery_2048"",""imageIntegrityVersion"":""2026-09-06.1"",""imageVerifiedAt"":""2026-09-07T00:05:03.876Z"",""imageSourceUrl"":""https://ae.opensooq.com/en/search/286301002""}",unavailable,2026-10-09T18:36:28Z,200,All offers for this exact listing are unavailable,2026-08-31T18:17:02Z,https://ae.opensooq.com/en/search/286301002,16,2026-10-09T18:36:28Z,no_phone,No usable seller phone number.,
opensooq-ae-286390188,rejected,vehicles,vehicles,vehicles,LX 570 5.7L V8 8 Seater 4WD,"AED 63,000",63000,AED,Dubai,United Arab Emirates,OpenSooq seller,,"Lexus LX 570 with 5.7L V8 petrol engine, automatic transmission and full-time 4WD. 8-seater SUV with silver exterior and tan/brown leather interior. Equipped with touchscreen navigation, Bluetooth, premium sound system, USB/AUX connectivity, steering wheel controls, sunroof, parking sensors, reverse",https://opensooq-imagesv2.os-cdn.com/previews/700x0/96/32/9632661d762f57cd7e9f5b10a59b0750e1ae1337430e5f224deb0ac00eb0102b.jpg.webp,OpenSooq,https://ae.opensooq.com/en/search/286390188,2026-08-31T18:17:02Z,,,,,used,,,,"{""parser"":""opensooq_json_ld"",""sourceCategory"":""Used cars"",""sourceListUrl"":""https://ae.opensooq.com/en/dubai/cars/cars-for-sale/used"",""neighborhood"":""Al Barsha"",""sourceLocation"":""Dubai, UAE"",""contactSource"":""OpenSooq source listing"",""imageQuality"":""source_gallery_2048"",""imageIntegrityVersion"":""2026-09-06.1"",""imageVerifiedAt"":""2026-09-07T00:05:03.876Z"",""imageSourceUrl"":""https://ae.opensooq.com/en/search/286390188""}",unavailable,2026-10-09T18:36:28Z,200,All offers for this exact listing are unavailable,2026-08-31T18:17:02Z,https://ae.opensooq.com/en/search/286390188,16,2026-10-09T18:36:28Z,no_phone,No usable seller phone number.,
opensooq-ae-286428060,rejected,vehicles,vehicles,vehicles,DOGE RAM REBEL,"AED 112,000",112000,AED,Dubai,United Arab Emirates,OpenSooq seller,,دوج رام ريبيل موديل 2021 اعلى فئة كاملة المواصفات. بنوراما. تشغيل عن بعد. النقطة العمياء. كاربلاي. غطاء خلفي. الداخلية لونين أسود واحمر,https://opensooq-imagesv2.os-cdn.com/previews/700x0/15/b4/15b400970c05d3f191ea62a994badf74be9372eecd0c41076fe0fa53adfbfa52.jpg.webp,OpenSooq,https://ae.opensooq.com/en/search/286428060,2026-08-31T18:17:02Z,,,,2021,used,,,,"{""parser"":""opensooq_json_ld"",""sourceCategory"":""Used cars"",""sourceListUrl"":""https://ae.opensooq.com/en/dubai/cars/cars-for-sale/used"",""neighborhood"":""Al Barsha"",""sourceLocation"":""Dubai, UAE"",""contactSource"":""OpenSooq source listing"",""imageQuality"":""source_gallery_2048"",""imageIntegrityVersion"":""2026-09-06.1"",""imageVerifiedAt"":""2026-09-07T00:05:03.876Z"",""imageSourceUrl"":""https://ae.opensooq.com/en/search/286428060""}",unavailable,2026-10-09T18:36:28Z,200,All offers for this exact listing are unavailable,2026-08-31T18:17:02Z,https://ae.opensooq.com/en/search/286428060,16,2026-10-09T18:36:28Z,no_phone,No usable seller phone number.,
opensooq-ae-286436614,rejected,vehicles,vehicles,vehicles,نيسان تيدا 2014,"AED 13,500",13500,AED,Dubai,United Arab Emirates,OpenSooq seller,,تيدا بحاله ممتازه بطاريه جديده اطارات جديده,https://opensooq-imagesv2.os-cdn.com/previews/700x0/10/fa/10fa35d63ab65040c92b1c08c848842bfc7f56a3e895f2e070725c3a24efc9ff.jpg.webp,OpenSooq,https://ae.opensooq.com/en/search/286436614,2026-08-31T18:17:02Z,,,,2014,used,,,,"{""parser"":""opensooq_json_ld"",""sourceCategory"":""Used cars"",""sourceListUrl"":""https://ae.opensooq.com/en/dubai/cars/cars-for-sale/used"",""neighborhood"":""Deira"",""sourceLocation"":""Dubai, UAE"",""contactSource"":""OpenSooq source listing"",""imageQuality"":""source_gallery_2048"",""imageIntegrityVersion"":""2026-09-06.1"",""imageVerifiedAt"":""2026-09-07T00:05:03.876Z"",""imageSourceUrl"":""https://ae.opensooq.com/en/search/286436614""}",unavailable,2026-10-09T18:36:28Z,200,All offers for this exact listing are unavailable,2026-08-31T18:17:02Z,https://ae.opensooq.com/en/search/286436614,16,2026-10-09T18:36:28Z,no_phone,No usable seller phone number.,
opensooq-ae-286441260,rejected,vehicles,vehicles,vehicles,Hyundai Elantra,"AED 20,000",20000,AED,Dubai,United Arab Emirates,OpenSooq seller,,"HYUNDAI ELANTRA SE 2017 – FOR SALE Reliable, economical, and practical sedan — ideal for daily driving. Vehicle Details * Make: Hyundai * Model: Elantra * Model Year: 2017 * Trim: SE * Specs: American Specs * Body Type: Sedan * Engine: 4-Cylinder * Engine Capacity: 2.0L – 1,999 cc * Horsepower",https://opensooq-imagesv2.os-cdn.com/previews/700x0/58/4d/584dfcaaf4ad65b69d05fa0d51d6b12b99854297871d6c6ac161fdf598b10eca.jpg.webp,OpenSooq,https://ae.opensooq.com/en/search/286441260,2026-08-31T18:17:02Z,,,,2017,used,,,,"{""parser"":""opensooq_json_ld"",""sourceCategory"":""Used cars"",""sourceListUrl"":""https://ae.opensooq.com/en/dubai/cars/cars-for-sale/used"",""neighborhood"":""Al Aweer"",""sourceLocation"":""Dubai, UAE"",""contactSource"":""OpenSooq source listing"",""imageQuality"":""source_gallery_2048"",""imageIntegrityVersion"":""2026-09-06.1"",""imageVerifiedAt"":""2026-09-07T00:05:03.876Z"",""imageSourceUrl"":""https://ae.opensooq.com/en/search/286441260""}",active,2026-10-09T18:36:28Z,200,Matching listing has an available source offer,2026-10-09T18:36:28Z,https://ae.opensooq.com/en/search/286441260,0,,no_phone,No usable seller phone number.,
opensooq-ae-286441378,rejected,vehicles,vehicles,vehicles,Dodge Challenger,"AED 46,500",46500,AED,Dubai,United Arab Emirates,OpenSooq seller,,"Vehicle Details * Make: Dodge * Model: Challenger * Year: 2018 * Trim: SXT * Specifications: Imported (Canadian Specs) * Engine: 3.6L Pentastar V6 * Engine Number: N/A * Transmission: 8-Speed Automatic * Drivetrain: Rear-Wheel Drive (RWD) * Mileage: 121,784 KM * Exterior Color: Grey * Interior Colo",https://opensooq-imagesv2.os-cdn.com/previews/700x0/76/0b/760b3d3b32a3717dbebae8d911e037eaa164283d3408fa66363ea29db25478dd.jpg.webp,OpenSooq,https://ae.opensooq.com/en/search/286441378,2026-08-31T18:17:02Z,,,,2018,used,,,,"{""parser"":""opensooq_json_ld"",""sourceCategory"":""Used cars"",""sourceListUrl"":""https://ae.opensooq.com/en/dubai/cars/cars-for-sale/used"",""neighborhood"":""Al Aweer"",""sourceLocation"":""Dubai, UAE"",""contactSource"":""OpenSooq source listing"",""imageQuality"":""source_gallery_2048"",""imageIntegrityVersion"":""2026-09-06.1"",""imageVerifiedAt"":""2026-09-07T00:05:03.876Z"",""imageSourceUrl"":""https://ae.opensooq.com/en/search/286441378""}",active,2026-10-09T18:36:28Z,200,Matching listing has an available source offer,2026-10-09T18:36:28Z,https://ae.opensooq.com/en/search/286441378,0,,no_phone,No usable seller phone number.,
opensooq-ae-286441496,rejected,vehicles,vehicles,vehicles,Mazda 6 2015 for Sale,"AED 17,000",17000,AED,Dubai,United Arab Emirates,OpenSooq seller,,"Selling my 2015 Mazda 6 GCC-spec due to moving out of the country. The car has been self-driven and mainly used for daily commuting, well maintained, and always parked in shade/covered parking. It is in good condition to **buy and drive**. **Key Features & Details:** - 2.5L engine - GCC specificat",https://opensooq-imagesv2.os-cdn.com/previews/700x0/00/9d/009d5fd22c65884eb3e2ac2df26428ff4beee696fe335f1a3ff9683f74a8c307.png.webp,OpenSooq,https://ae.opensooq.com/en/search/286441496,2026-08-31T18:17:02Z,,,,2015,used,,,,"{""parser"":""opensooq_json_ld"",""sourceCategory"":""Used cars"",""sourceListUrl"":""https://ae.opensooq.com/en/dubai/cars/cars-for-sale/used"",""neighborhood"":""Deira"",""sourceLocation"":""Dubai, UAE"",""contactSource"":""OpenSooq source listing"",""imageQuality"":""source_gallery_2048"",""imageIntegrityVersion"":""2026-09-06.1"",""imageVerifiedAt"":""2026-09-07T00:05:03.876Z"",""imageSourceUrl"":""https://ae.opensooq.com/en/search/286441496""}",unavailable,2026-10-09T18:36:28Z,200,All offers for this exact listing are unavailable,2026-08-31T18:17:02Z,https://ae.opensooq.com/en/search/286441496,16,2026-10-09T18:36:28Z,no_phone,No usable seller phone number.,
opensooq-ae-286441542,rejected,vehicles,vehicles,vehicles,Nissan platinum,"AED 66,000",66000,AED,Dubai,United Arab Emirates,OpenSooq seller,,"Vehicle Details * Model: 2017 * Trim: SE Platinum * Specifications: GCC Specification * Engine: 4.0L V6 * Engine Number: VQ40465617B * Transmission: Automatic * Drivetrain: 4WD * Mileage: 109,000 KM * Exterior Color: Black * Interior Color: Beige * Seating Capacity: 7 Passengers * Ownership: Second",https://opensooq-imagesv2.os-cdn.com/previews/700x0/73/79/73796ad0cfad6eec9c404c74e833a19778a09c6b6d9338a12c1b0ca5083b0f1b.jpg.webp,OpenSooq,https://ae.opensooq.com/en/search/286441542,2026-08-31T18:17:02Z,,,,2017,used,,,,"{""parser"":""opensooq_json_ld"",""sourceCategory"":""Used cars"",""sourceListUrl"":""https://ae.opensooq.com/en/dubai/cars/cars-for-sale/used"",""neighborhood"":""Al Aweer"",""sourceLocation"":""Dubai, UAE"",""contactSource"":""OpenSooq source listing"",""imageQuality"":""source_gallery_2048"",""imageIntegrityVersion"":""2026-09-06.1"",""imageVerifiedAt"":""2026-09-07T00:05:03.876Z"",""imageSourceUrl"":""https://ae.opensooq.com/en/search/286441542""}",unavailable,2026-10-09T18:36:28Z,200,All offers for this exact listing are unavailable,2026-08-31T18:17:02Z,https://ae.opensooq.com/en/search/286441542,16,2026-10-09T18:36:28Z,no_phone,No usable seller phone number.,
opensooq-ae-286441550,rejected,vehicles,vehicles,vehicles,للبيع لكزس is 300 خليجي الموتر ف قمه النظافه مسرفس وجاهز مايشكي من شي,"AED 13,500",13500,AED,Dubai,United Arab Emirates,OpenSooq seller,,"للبيع لكزس is 300 خليحي الموتر مصبوغ كامل تجميلي ومسرفس وجاهز مايشكي من شي مطلوب 13,500 والجاد فاله طيب رقم التواصل اتصال the contact option on the OpenSooq listing/ واتساب the contact option on the OpenSooq listing",https://opensooq-imagesv2.os-cdn.com/previews/700x0/e9/43/e94373fccfe28e12bd572afd91feebae6aafe1ca2e49a87018c2c049be89c3bd.jpg.webp,OpenSooq,https://ae.opensooq.com/en/search/286441550,2026-08-31T18:17:02Z,,,,,used,,,,"{""parser"":""opensooq_json_ld"",""sourceCategory"":""Used cars"",""sourceListUrl"":""https://ae.opensooq.com/en/dubai/cars/cars-for-sale/used"",""neighborhood"":""Al Warqa'a"",""sourceLocation"":""Dubai, UAE"",""contactSource"":""OpenSooq source listing"",""imageQuality"":""source_gallery_2048"",""imageIntegrityVersion"":""2026-09-06.1"",""imageVerifiedAt"":""2026-09-07T00:05:03.876Z"",""imageSourceUrl"":""https://ae.opensooq.com/en/search/286441550""}",unavailable,2026-10-09T18:36:28Z,200,All offers for this exact listing are unavailable,2026-08-31T18:17:02Z,https://ae.opensooq.com/en/search/286441550,16,2026-10-09T18:36:28Z,no_phone,No usable seller phone number.,
opensooq-ae-286441998,rejected,vehicles,vehicles,vehicles,GMC ACADIA DENALI 2018 – FOR SALE,"AED 35,000",35000,AED,Dubai,United Arab Emirates,OpenSooq seller,,"GMC ACADIA DENALI 2018 – FOR SALE Model Year: 2018 Trim: DENALI Specs: American Specs Engine: 3.6L V6 Engine Capacity: 3,600 cc Power: Approx. 310 HP Transmission: 6-Speed Automatic Drivetrain: FWD – Front-Wheel Drive Body Type: SUV Mileage: 125,627 KM Seating Capacity: 7 Passengers Exterior Color",https://opensooq-imagesv2.os-cdn.com/previews/700x0/fb/44/fb44f07545c62851bd4f3ed4fa10367a46a1385e6d3348c0709fed0b7019a8b4.jpg.webp,OpenSooq,https://ae.opensooq.com/en/search/286441998,2026-08-31T18:17:02Z,,,,2018,used,,,,"{""parser"":""opensooq_json_ld"",""sourceCategory"":""Used cars"",""sourceListUrl"":""https://ae.opensooq.com/en/dubai/cars/cars-for-sale/used"",""neighborhood"":""Al Aweer"",""sourceLocation"":""Dubai, UAE"",""contactSource"":""OpenSooq source listing"",""imageQuality"":""source_gallery_2048"",""imageIntegrityVersion"":""2026-09-06.1"",""imageVerifiedAt"":""2026-09-07T00:05:03.876Z"",""imageSourceUrl"":""https://ae.opensooq.com/en/search/286441998""}",active,2026-10-09T18:36:28Z,200,Matching listing has an available source offer,2026-10-09T18:36:28Z,https://ae.opensooq.com/en/search/286441998,0,,no_phone,No usable seller phone number.,
opensooq-ae-286442016,rejected,vehicles,vehicles,vehicles,نيسان 2015 بترول,"AED 46,000",46000,AED,Dubai,United Arab Emirates,OpenSooq seller,,للبيع نيسان باترول 2015 SE خليجي نضيف مكينه الصغيرة 5 كيمرات حساسات إماميه وخلفيه اول مالك ماشي 285الف km مكيف بارد مطلوب 46الف وقابل للتفاوض رقم التواصل the contact option on the OpenSooq listing,https://opensooq-imagesv2.os-cdn.com/previews/700x0/54/70/54709ac02c64f8ec6eeb5281a22f0cbc1d380ac4f6f9a7ca78004fcce9116282.jpg.webp,OpenSooq,https://ae.opensooq.com/en/search/286442016,2026-08-31T18:17:02Z,,,,2015,used,,,,"{""parser"":""opensooq_json_ld"",""sourceCategory"":""Used cars"",""sourceListUrl"":""https://ae.opensooq.com/en/dubai/cars/cars-for-sale/used"",""neighborhood"":""Other"",""sourceLocation"":""Dubai, UAE"",""contactSource"":""OpenSooq source listing"",""imageQuality"":""source_gallery_2048"",""imageIntegrityVersion"":""2026-09-06.1"",""imageVerifiedAt"":""2026-09-07T00:05:03.876Z"",""imageSourceUrl"":""https://ae.opensooq.com/en/search/286442016""}",unavailable,2026-10-09T18:36:28Z,200,All offers for this exact listing are unavailable,2026-08-31T18:17:02Z,https://ae.opensooq.com/en/search/286442016,16,2026-10-09T18:36:28Z,no_phone,No usable seller phone number.,
opensooq-ae-286442354,rejected,vehicles,vehicles,vehicles,First owner,"AED 20,000",20000,AED,Dubai,United Arab Emirates,OpenSooq seller,,"KIA SPORTAGE 2014 – GCC SPECS – 4WD – FIRST OWNER Vehicle Details: * Make: Kia * Model: Sportage * Model Year: 2014 * Specs: GCC * Body Type: SUV * Engine: 2.0L 4-Cylinder DOHC 16V * Engine Capacity: 1,998 cc * Transmission: Automatic * Drivetrain: 4WD (Four-Wheel Drive) * Seating Capacity: 5 * Mi",https://opensooq-imagesv2.os-cdn.com/previews/700x0/be/38/be38950836b6217c732b4634c78a640522c7aa2b692906bb6042b9cd73f4908d.jpg.webp,OpenSooq,https://ae.opensooq.com/en/search/286442354,2026-08-31T18:17:02Z,,,,2014,used,,,,"{""parser"":""opensooq_json_ld"",""sourceCategory"":""Used cars"",""sourceListUrl"":""https://ae.opensooq.com/en/dubai/cars/cars-for-sale/used"",""neighborhood"":""Al Aweer"",""sourceLocation"":""Dubai, UAE"",""contactSource"":""OpenSooq source listing"",""imageQuality"":""source_gallery_2048"",""imageIntegrityVersion"":""2026-09-06.1"",""imageVerifiedAt"":""2026-09-07T00:05:03.876Z"",""imageSourceUrl"":""https://ae.opensooq.com/en/search/286442354""}",active,2026-10-09T18:36:28Z,200,Matching listing has an available source offer,2026-10-09T18:36:28Z,https://ae.opensooq.com/en/search/286442354,0,,no_phone,No usable seller phone number.,
alba-dubai-1898,rejected,vehicles,vehicles,vehicles,2020 Mercedes-Benz A250 AMG,"AED 89,999",89999,AED,Dubai,United Arab Emirates,Alba Cars,+97143772503,"2020 Mercedes-Benz A250 AMG. 64,000 km. Automatic. White. Seller: Alba Cars, Al Quoz, Dubai.",https://storage.albacars.ae/vehicles/drafts/1898/1.jpg?format=auto|https://storage.albacars.ae/vehicles/drafts/1898/2.jpg?format=auto|https://storage.albacars.ae/vehicles/drafts/1898/3.jpg?format=auto|https://storage.albacars.ae/vehicles/drafts/1898/4.jpg?format=auto,Alba Cars,https://albacars.ae/buy-used-cars/vehicle/1898-mercedes-benz-a-class-a-250,2026-09-20T11:23:57Z,Mercedes-Benz,A-Class,,2020,used,Automatic,White,64000,"{""parser"":""alba_public_vehicle_schema"",""sourceCategory"":""vehicles"",""contactSource"":""https://albacars.ae/buy-used-cars/vehicle/1898-mercedes-benz-a-class-a-250"",""phoneVerifiedAt"":""2026-09-20T11:23:57Z"",""imageSourceUrl"":""https://albacars.ae/buy-used-cars/vehicle/1898-mercedes-benz-a-class-a-250"",""imageVerifiedAt"":""2026-09-20T11:23:57Z"",""imageIntegrityVersion"":""2026-09-16.1"",""bodyType"":""Hatchback"",""fuelType"":""Petrol"",""engine"":{""@type"":""EngineSpecification"",""engineDisplacement"":""2.0 L"",""engineType"":""Petrol""},""sourceSpecifications"":[{""label"":""Service Contract"",""value"":""Paid add-on""},{""label"":""Vehicle Specification"",""value"":""GCC_SPECS""},{""label"":""Wheels Type"",""value"":""18""},{""label"":""Features"",""value"":""ISOFIX, Parking Sensors, Navigation, Keyless Start, Blind Spot Indicator, Android Auto, Wireless Charger, Rear AC, Panoramic Sunroof, Rear Camera, Apple Car Play, Cruise Control, Leather Seats, Driving Modes""},{""label"":""Number Of Cylinders"",""value"":""4""},{""label"":""Interior Color"",""value"":""Beige""}]}",sold,2026-10-09T18:36:28Z,200,All offers for this exact listing are unavailable,2026-10-03T14:01:09Z,https://albacars.ae/buy-used-cars/vehicle/1898-mercedes-benz-a-class-a-250,11,2026-10-09T18:36:28Z,unavailable,All offers for this exact listing are unavailable,
alba-dubai-1897,published,vehicles,vehicles,vehicles,2019 Land Rover Range Rover Velar SV Autobiography ,"AED 169,999",169999,AED,Dubai,United Arab Emirates,Alba Cars,+97143772503,"2019 Land Rover Range Rover Velar SV Autobiography . 96,000 km. Automatic. Black. Seller: Alba Cars, Al Quoz, Dubai.",https://storage.albacars.ae/vehicles/drafts/1897/1.jpg,Alba Cars,https://albacars.ae/buy-used-cars/vehicle/1897-land-rover-range-rover-velar-velar-sv-autobiography,2026-09-20T11:23:57Z,Land Rover,Range Rover Velar,,2019,used,Automatic,Black,96000,"{""parser"":""alba_public_vehicle_schema"",""sourceCategory"":""vehicles"",""contactSource"":""https://albacars.ae/buy-used-cars/vehicle/1897-land-rover-range-rover-velar-velar-sv-autobiography"",""phoneVerifiedAt"":""2026-09-20T11:23:57Z"",""imageSourceUrl"":""https://albacars.ae/buy-used-cars/vehicle/1897-land-rover-range-rover-velar-velar-sv-autobiography"",""imageVerifiedAt"":""2026-10-09T18:51:36.373Z"",""imageIntegrityVersion"":""2026-10-07.1"",""bodyType"":""SUV"",""fuelType"":""Petrol"",""engine"":{""@type"":""EngineSpecification"",""engineDisplacement"":""5.0 L"",""engineType"":""Petrol""},""sourceSpecifications"":[{""label"":""Service Contract"",""value"":""Paid add-on""},{""label"":""Vehicle Specification"",""value"":""OTHER_SPECS""},{""label"":""Wheels Type"",""value"":""22""},{""label"":""Features"",""value"":""ISOFIX, Ambient Lighting, Parking Sensors, Adaptive Cruise, Keyless Start, Blind Spot Indicator, Android Auto, Keyless Entry, Cooling Seats, Lane Assist, Electric Tailgate, Rear AC, Panoramic Sunroof, Rear Camera, Apple Car Play, Leather Seats, Driving Modes, Electric Seats""},{""label"":""Number Of Cylinders"",""value"":""8""},{""label"":""Interior Color"",""value"":""Black""}],""listingIdentity"":{""version"":""2026-10-07.1"",""sourceUrl"":""https://albacars.ae/buy-used-cars/vehicle/1897-land-rover-range-rover-velar-velar-sv-autobiography"",""title"":""2019 Land Rover Range Rover Velar SV Autobiography "",""images"":[""https://storage.albacars.ae/vehicles/drafts/1897/1.jpg""],""phones"":[],""sellerId"":"""",""city"":"""",""checkedAt"":""2026-10-09T18:51:36.373Z""}}",active,2026-10-09T18:36:28Z,200,Matching listing has an available source offer,2026-10-09T18:36:28Z,https://albacars.ae/buy-used-cars/vehicle/1897-land-rover-range-rover-velar-velar-sv-autobiography,0,,visible,,
alba-dubai-1896,published,vehicles,vehicles,vehicles,2026 Exeed VX Flagship,"AED 129,999",129999,AED,Dubai,United Arab Emirates,Alba Cars,+97143772503,"2026 Exeed VX Flagship. 8,000 km. Automatic. Green. Seller: Alba Cars, Al Quoz, Dubai.",https://storage.albacars.ae/vehicles/drafts/1896/1.jpg,Alba Cars,https://albacars.ae/buy-used-cars/vehicle/1896-exeed-vx-flagship,2026-09-20T11:23:57Z,Exeed,VX,,2026,used,Automatic,Green,8000,"{""parser"":""alba_public_vehicle_schema"",""sourceCategory"":""vehicles"",""contactSource"":""https://albacars.ae/buy-used-cars/vehicle/1896-exeed-vx-flagship"",""phoneVerifiedAt"":""2026-09-20T11:23:57Z"",""imageSourceUrl"":""https://albacars.ae/buy-used-cars/vehicle/1896-exeed-vx-flagship"",""imageVerifiedAt"":""2026-10-09T18:51:36.373Z"",""imageIntegrityVersion"":""2026-10-07.1"",""bodyType"":""SUV"",""fuelType"":""Petrol"",""engine"":{""@type"":""EngineSpecification"",""engineDisplacement"":""2.0 L"",""engineType"":""Petrol""},""sourceSpecifications"":[{""label"":""Service Contract"",""value"":""Paid add-on""},{""label"":""Vehicle Specification"",""value"":""GCC_SPECS""},{""label"":""Wheels Type"",""value"":""20""},{""label"":""Features"",""value"":""ISOFIX, Ambient Lighting, Heads Up Display, Remote Start, Parking Sensors, Navigation, Adaptive Cruise, Keyless Start, Blind Spot Indicator, Android Auto, Keyless Entry, Electric Rear Folding Seats, Lane Assist, Wireless Charger, Electric Tailgate, Rear AC, Panoramic Sunroof, Rear Camera, Third Row AC, Apple Car Play, Leather Seats, Driving Modes, Electric Seats""},{""label"":""Number Of Cylinders"",""value"":""4""},{""label"":""Interior Color"",""value"":""Brown""}],""listingIdentity"":{""version"":""2026-10-07.1"",""sourceUrl"":""https://albacars.ae/buy-used-cars/vehicle/1896-exeed-vx-flagship"",""title"":""2026 Exeed VX Flagship"",""images"":[""https://storage.albacars.ae/vehicles/drafts/1896/1.jpg""],""phones"":[],""sellerId"":"""",""city"":"""",""checkedAt"":""2026-10-09T18:51:36.373Z""}}",active,2026-10-09T18:36:28Z,200,Matching listing has an available source offer,2026-10-09T18:36:28Z,https://albacars.ae/buy-used-cars/vehicle/1896-exeed-vx-flagship,0,,visible,,
alba-dubai-369,rejected,vehicles,vehicles,vehicles,2020 Land Rover Discovery Sport SE P200,"AED 94,999",94999,AED,Dubai,United Arab Emirates,Alba Cars,+97143772503,"2020 Land Rover Discovery Sport SE P200. 55,000 km. Automatic. White. Seller: Alba Cars, Al Quoz, Dubai.",https://storage.albacars.ae/vehicles/drafts/backup/369/1.jpg?format=auto|https://storage.albacars.ae/vehicles/drafts/backup/369/2.jpg?format=auto|https://storage.albacars.ae/vehicles/drafts/backup/369/3.jpg?format=auto|https://storage.albacars.ae/vehicles/drafts/backup/369/4.jpg?format=auto,Alba Cars,https://albacars.ae/buy-used-cars/vehicle/369-land-rover-discovery-sport-se,2026-10-09T04:04:05Z,Land Rover,Discovery Sport,,2020,used,Automatic,White,55000,"{""parser"":""alba_public_vehicle_schema"",""sourceCategory"":""vehicles"",""contactSource"":""https://albacars.ae/buy-used-cars/vehicle/369-land-rover-discovery-sport-se"",""phoneVerifiedAt"":""2026-10-09T04:04:05Z"",""imageSourceUrl"":""https://albacars.ae/buy-used-cars/vehicle/369-land-rover-discovery-sport-se"",""imageVerifiedAt"":""2026-10-09T04:04:05Z"",""imageIntegrityVersion"":""2026-09-16.1"",""bodyType"":""SUV"",""fuelType"":""Petrol"",""engine"":{""@type"":""EngineSpecification"",""engineDisplacement"":""Unknown L"",""engineType"":""Petrol""},""sourceSpecifications"":[{""label"":""Service Contract"",""value"":""Paid add-on""},{""label"":""Vehicle Specification"",""value"":""GCC_SPECS""},{""label"":""Wheels Type"",""value"":""R19""},{""label"":""Features"",""value"":""ISOFIX, Parking Sensors, Navigation, Keyless Start, Blind Spot Indicator, Android Auto, Keyless Entry, Cooling Seats, Lane Assist, Wireless Charger, Electric Tailgate, Rear AC, Panoramic Sunroof, Rear Camera, Apple Car Play, Cruise Control, Leather Seats, Driving Modes, Electric Seats""},{""label"":""Number Of Cylinders"",""value"":""2""},{""label"":""Interior Color"",""value"":""Black""}],""listingIdentity"":{""version"":""2026-10-07.1"",""sourceUrl"":""https://albacars.ae/buy-used-cars/vehicle/369-land-rover-discovery-sport-se"",""title"":""2020 Land Rover Discovery Sport SE P200"",""images"":[""https://storage.albacars.ae/vehicles/drafts/backup/369/1.jpg""],""phones"":[],""sellerId"":"""",""city"":"""",""checkedAt"":""2026-10-08T01:19:31.906Z""}}",active,2026-10-09T18:36:28Z,200,Matching listing has an available source offer,2026-10-09T18:36:28Z,https://albacars.ae/buy-used-cars/vehicle/369-land-rover-discovery-sport-se,0,,foreign_gallery,Gallery belongs to a different source listing.,
alba-dubai-1662,rejected,vehicles,vehicles,vehicles,2025 Nissan X-Trail SL,"AED 124,999",124999,AED,Dubai,United Arab Emirates,Alba Cars,+97143772503,"2025 Nissan X-Trail SL. 28,000 km. Automatic. White. Seller: Alba Cars, Al Quoz, Dubai.",https://storage.albacars.ae/vehicles/drafts/1662/1.jpg?format=auto|https://storage.albacars.ae/vehicles/drafts/1662/2.jpg?format=auto|https://storage.albacars.ae/vehicles/drafts/1662/3.jpg?format=auto|https://storage.albacars.ae/vehicles/drafts/1662/4.jpg?format=auto,Alba Cars,https://albacars.ae/buy-used-cars/vehicle/1662-nissan-x-trail-sl,2026-10-09T04:04:05Z,Nissan,X-Trail,,2025,used,Automatic,White,28000,"{""parser"":""alba_public_vehicle_schema"",""sourceCategory"":""vehicles"",""contactSource"":""https://albacars.ae/buy-used-cars/vehicle/1662-nissan-x-trail-sl"",""phoneVerifiedAt"":""2026-10-09T04:04:05Z"",""imageSourceUrl"":""https://albacars.ae/buy-used-cars/vehicle/1662-nissan-x-trail-sl"",""imageVerifiedAt"":""2026-10-09T04:04:05Z"",""imageIntegrityVersion"":""2026-09-16.1"",""bodyType"":""SUV"",""fuelType"":""Petrol"",""engine"":{""@type"":""EngineSpecification"",""engineDisplacement"":""2.5 L"",""engineType"":""Petrol""},""sourceSpecifications"":[{""label"":""Service Contract"",""value"":""Until 12-MAY-2028 or 50,000 Kms""},{""label"":""Vehicle Specification"",""value"":""GCC_SPECS""},{""label"":""Wheels Type"",""value"":""19""},{""label"":""Features"",""value"":""ISOFIX, Heads Up Display, Remote Start, Parking Sensors, Navigation, Adaptive Cruise, Keyless Start, Blind Spot Indicator, Keyless Entry, 360 Camera, Wireless Charger, Electric Tailgate, Panoramic Sunroof, Rear Camera, Apple Car Play, Cruise Control, Leather Seats, Driving Modes, Electric Seats""},{""label"":""Number Of Cylinders"",""value"":""4""},{""label"":""Interior Color"",""value"":""Brown""}],""listingIdentity"":{""version"":""2026-10-07.1"",""sourceUrl"":""https://albacars.ae/buy-used-cars/vehicle/1662-nissan-x-trail-sl"",""title"":""2025 Nissan X-Trail SL"",""images"":[""https://storage.albacars.ae/vehicles/drafts/1662/1.jpg""],""phones"":[],""sellerId"":"""",""city"":"""",""checkedAt"":""2026-10-08T01:19:31.906Z""}}",active,2026-10-09T18:36:28Z,200,Matching listing has an available source offer,2026-10-09T18:36:28Z,https://albacars.ae/buy-used-cars/vehicle/1662-nissan-x-trail-sl,0,,foreign_gallery,Gallery belongs to a different source listing.,
alba-dubai-92,rejected,vehicles,vehicles,vehicles,2018 Tesla Model S 75D,"AED 67,499",67499,AED,Dubai,United Arab Emirates,Alba Cars,+97143772503,"2018 Tesla Model S 75D. 99,000 km. Automatic. Black. Seller: Alba Cars, Al Quoz, Dubai.",https://www.youtube.com/watch?v=UcERydIsshI,Alba Cars,https://albacars.ae/buy-used-cars/vehicle/92-tesla-model-s,2026-09-20T11:23:57Z,Tesla,Model S,,2018,used,Automatic,Black,99000,"{""parser"":""alba_public_vehicle_schema"",""sourceCategory"":""vehicles"",""contactSource"":""https://albacars.ae/buy-used-cars/vehicle/92-tesla-model-s"",""phoneVerifiedAt"":""2026-09-20T11:23:57Z"",""imageSourceUrl"":""https://albacars.ae/buy-used-cars/vehicle/92-tesla-model-s"",""imageVerifiedAt"":""2026-10-09T12:04:49.421Z"",""imageIntegrityVersion"":""2026-10-07.1"",""bodyType"":""Sedan"",""fuelType"":""Electric"",""engine"":{""@type"":""EngineSpecification"",""engineDisplacement"":""Unknown L"",""engineType"":""Electric""},""sourceSpecifications"":[{""label"":""Service Contract"",""value"":""Paid add-on""},{""label"":""Vehicle Specification"",""value"":""GCC_SPECS""},{""label"":""Wheels Type"",""value"":""R19""},{""label"":""Features"",""value"":""ISOFIX, Ambient Lighting, Parking Sensors, Collision Warning, Navigation, Adaptive Cruise, Keyless Start, Android Auto, Keyless Entry, 360 Camera, Lane Assist, Electric Tailgate, Rear AC, Panoramic Sunroof, Rear Camera, Apple Car Play, Cruise Control, Leather Seats, Electric Seats""},{""label"":""Number Of Cylinders"",""value"":""0""}],""listingIdentity"":{""version"":""2026-10-07.1"",""sourceUrl"":""https://albacars.ae/buy-used-cars/vehicle/92-tesla-model-s"",""title"":""2018 Tesla Model S 75D"",""images"":[""https://www.youtube.com/watch?v=UcERydIsshI""],""phones"":[],""sellerId"":"""",""city"":"""",""checkedAt"":""2026-10-09T12:04:49.421Z""}}",sold,2026-10-09T18:36:28Z,200,All offers for this exact listing are unavailable,2026-10-09T06:50:32Z,https://albacars.ae/buy-used-cars/vehicle/92-tesla-model-s,2,2026-10-09T18:36:28Z,unavailable,All offers for this exact listing are unavailable,
alba-dubai-1788,rejected,vehicles,vehicles,vehicles,2021 Mercedes-Benz GLA 35 AMG 4MATIC,"AED 128,499",128499,AED,Dubai,United Arab Emirates,Alba Cars,+97143772503,"2021 Mercedes-Benz GLA 35 AMG 4MATIC. 67,000 km. Automatic. White. Seller: Alba Cars, Al Quoz, Dubai.",https://storage.albacars.ae/vehicles/drafts/1788/1.jpg?format=auto|https://storage.albacars.ae/vehicles/drafts/1788/2.jpg?format=auto|https://storage.albacars.ae/vehicles/drafts/1788/3.jpg?format=auto|https://storage.albacars.ae/vehicles/drafts/1788/4.jpg?format=auto,Alba Cars,https://albacars.ae/buy-used-cars/vehicle/1788-mercedes-benz-gla-gla-35-amg-4matic,2026-09-20T11:23:57Z,Mercedes-Benz,GLA,,2021,used,Automatic,White,67000,"{""parser"":""alba_public_vehicle_schema"",""sourceCategory"":""vehicles"",""contactSource"":""https://albacars.ae/buy-used-cars/vehicle/1788-mercedes-benz-gla-gla-35-amg-4matic"",""phoneVerifiedAt"":""2026-09-20T11:23:57Z"",""imageSourceUrl"":""https://albacars.ae/buy-used-cars/vehicle/1788-mercedes-benz-gla-gla-35-amg-4matic"",""imageVerifiedAt"":""2026-09-20T11:23:57Z"",""imageIntegrityVersion"":""2026-09-16.1"",""bodyType"":""SUV"",""fuelType"":""Petrol"",""engine"":{""@type"":""EngineSpecification"",""engineDisplacement"":""2.0 L"",""engineType"":""Petrol""},""sourceSpecifications"":[{""label"":""Service Contract"",""value"":""Paid add-on""},{""label"":""Vehicle Specification"",""value"":""GCC_SPECS""},{""label"":""Wheels Type"",""value"":""20""},{""label"":""Features"",""value"":""ISOFIX, Ambient Lighting, Heads Up Display, Parking Sensors, Navigation, Keyless Start, Blind Spot Indicator, Android Auto, Keyless Entry, 360 Camera, Lane Assist, Wireless Charger, Electric Tailgate, Rear AC, Dual Sunroof, Apple Car Play, Cruise Control, Leather Seats, Driving Modes, Electric Seats""},{""label"":""Number Of Cylinders"",""value"":""4""},{""label"":""Interior Color"",""value"":""Red""}]}",sold,2026-10-09T18:36:28Z,200,All offers for this exact listing are unavailable,2026-09-20T11:23:57Z,https://albacars.ae/buy-used-cars/vehicle/1788-mercedes-benz-gla-gla-35-amg-4matic,16,2026-10-09T18:36:28Z,unavailable,All offers for this exact listing are unavailable,
alba-dubai-1720,rejected,vehicles,vehicles,vehicles,2020 Land Rover Range Rover HSE,"AED 149,999",149999,AED,Dubai,United Arab Emirates,Alba Cars,+97143772503,"2020 Land Rover Range Rover HSE. 112,000 km. Automatic. Black. Seller: Alba Cars, Al Quoz, Dubai.",https://storage.albacars.ae/vehicles/drafts/1720/1.jpg?format=auto|https://storage.albacars.ae/vehicles/drafts/1720/2.jpg?format=auto|https://storage.albacars.ae/vehicles/drafts/1720/3.jpg?format=auto|https://storage.albacars.ae/vehicles/drafts/1720/4.jpg?format=auto,Alba Cars,https://albacars.ae/buy-used-cars/vehicle/1720-land-rover-range-rover-hse,2026-10-09T04:04:05Z,Land Rover,Range Rover,,2020,used,Automatic,Black,112000,"{""parser"":""alba_public_vehicle_schema"",""sourceCategory"":""vehicles"",""contactSource"":""https://albacars.ae/buy-used-cars/vehicle/1720-land-rover-range-rover-hse"",""phoneVerifiedAt"":""2026-10-09T04:04:05Z"",""imageSourceUrl"":""https://albacars.ae/buy-used-cars/vehicle/1720-land-rover-range-rover-hse"",""imageVerifiedAt"":""2026-10-09T04:04:05Z"",""imageIntegrityVersion"":""2026-09-16.1"",""bodyType"":""SUV"",""fuelType"":""Petrol"",""engine"":{""@type"":""EngineSpecification"",""engineDisplacement"":""3.0 L"",""engineType"":""Petrol""},""sourceSpecifications"":[{""label"":""Service Contract"",""value"":""NA""},{""label"":""Vehicle Specification"",""value"":""GCC_SPECS""},{""label"":""Wheels Type"",""value"":""21""},{""label"":""Features"",""value"":""ISOFIX, Parking Sensors, Navigation, Blind Spot Indicator, Android Auto, Keyless Entry, Cooling Box, Lane Assist, Electric Tailgate, Rear AC, Panoramic Sunroof, Rear Camera, Apple Car Play, Cruise Control, Leather Seats, Driving Modes, Electric Seats""},{""label"":""Number Of Cylinders"",""value"":""6""},{""label"":""Interior Color"",""value"":""Beige""}],""listingIdentity"":{""version"":""2026-10-07.1"",""sourceUrl"":""https://albacars.ae/buy-used-cars/vehicle/1720-land-rover-range-rover-hse"",""title"":""2020 Land Rover Range Rover HSE"",""images"":[""https://storage.albacars.ae/vehicles/drafts/1720/1.jpg""],""phones"":[],""sellerId"":"""",""city"":"""",""checkedAt"":""2026-10-08T01:19:31.906Z""}}",active,2026-10-09T18:36:28Z,200,Matching listing has an available source offer,2026-10-09T18:36:28Z,https://albacars.ae/buy-used-cars/vehicle/1720-land-rover-range-rover-hse,0,,foreign_gallery,Gallery belongs to a different source listing.,
alba-dubai-1776,rejected,vehicles,vehicles,vehicles,2024 Volvo S90 B5,"AED 104,999",104999,AED,Dubai,United Arab Emirates,Alba Cars,+97143772503,"2024 Volvo S90 B5. 31,000 km. Automatic. Black. Seller: Alba Cars, Al Quoz, Dubai.",https://storage.albacars.ae/vehicles/drafts/1776/1.jpg?format=auto|https://storage.albacars.ae/vehicles/drafts/1776/2.jpg?format=auto|https://storage.albacars.ae/vehicles/drafts/1776/3.jpg?format=auto|https://storage.albacars.ae/vehicles/drafts/1776/4.jpg?format=auto,Alba Cars,https://albacars.ae/buy-used-cars/vehicle/1776-volvo-s90-b5,2026-10-03T04:07:33Z,Volvo,S90,,2024,used,Automatic,Black,31000,"{""parser"":""alba_public_vehicle_schema"",""sourceCategory"":""vehicles"",""contactSource"":""https://albacars.ae/buy-used-cars/vehicle/1776-volvo-s90-b5"",""phoneVerifiedAt"":""2026-10-03T04:07:33Z"",""imageSourceUrl"":""https://albacars.ae/buy-used-cars/vehicle/1776-volvo-s90-b5"",""imageVerifiedAt"":""2026-10-03T04:07:33Z"",""imageIntegrityVersion"":""2026-09-16.1"",""bodyType"":""Sedan"",""fuelType"":""Petrol"",""engine"":{""@type"":""EngineSpecification"",""engineDisplacement"":""2.0 L"",""engineType"":""Petrol""},""sourceSpecifications"":[{""label"":""Service Contract"",""value"":""Paid add-on""},{""label"":""Vehicle Specification"",""value"":""GCC_SPECS""},{""label"":""Wheels Type"",""value"":""19""},{""label"":""Features"",""value"":""ISOFIX, Parking Sensors, Navigation, Adaptive Cruise, Keyless Start, Blind Spot Indicator, Android Auto, 360 Camera, Wireless Charger, Electric Tailgate, Apple Car Play, Leather Seats, Electric Seats""},{""label"":""Number Of Cylinders"",""value"":""4""},{""label"":""Interior Color"",""value"":""Beige""}]}",sold,2026-10-09T18:36:28Z,200,All offers for this exact listing are unavailable,2026-10-03T04:08:11Z,https://albacars.ae/buy-used-cars/vehicle/1776-volvo-s90-b5,12,2026-10-09T18:36:28Z,unavailable,All offers for this exact listing are unavailable,
alba-dubai-1838,rejected,vehicles,vehicles,vehicles,2023 Tesla Model Y Performance,"AED 134,999",134999,AED,Dubai,United Arab Emirates,Alba Cars,+97143772503,"2023 Tesla Model Y Performance. 38,000 km. Automatic. Maroon. Seller: Alba Cars, Al Quoz, Dubai.",https://storage.albacars.ae/vehicles/drafts/1838/1.jpg,Alba Cars,https://albacars.ae/buy-used-cars/vehicle/1838-tesla-model-y-performance,2026-10-06T03:59:56Z,Tesla,Model Y,,2023,used,Automatic,Maroon,38000,"{""parser"":""alba_public_vehicle_schema"",""sourceCategory"":""vehicles"",""contactSource"":""https://albacars.ae/buy-used-cars/vehicle/1838-tesla-model-y-performance"",""phoneVerifiedAt"":""2026-10-06T03:59:56Z"",""imageSourceUrl"":""https://albacars.ae/buy-used-cars/vehicle/1838-tesla-model-y-performance"",""imageVerifiedAt"":""2026-10-08T19:00:24.916Z"",""imageIntegrityVersion"":""2026-10-07.1"",""bodyType"":""SUV"",""fuelType"":""Electric"",""engine"":{""@type"":""EngineSpecification"",""engineDisplacement"":""N/A L"",""engineType"":""Electric""},""sourceSpecifications"":[{""label"":""Service Contract"",""value"":""Paid add-on""},{""label"":""Vehicle Specification"",""value"":""GCC_SPECS""},{""label"":""Wheels Type"",""value"":""21""},{""label"":""Features"",""value"":""ISOFIX, Parking Sensors, Navigation, Keyless Entry, 360 Camera, Lane Assist, Wireless Charger, Electric Tailgate, Rear AC, Panoramic Sunroof, Rear Camera, Cruise Control, Leather Seats, Driving Modes, Electric Seats""},{""label"":""Number Of Cylinders"",""value"":""0""},{""label"":""Interior Color"",""value"":""Black""}],""listingIdentity"":{""version"":""2026-10-07.1"",""sourceUrl"":""https://albacars.ae/buy-used-cars/vehicle/1838-tesla-model-y-performance"",""title"":""2023 Tesla Model Y Performance"",""images"":[""https://storage.albacars.ae/vehicles/drafts/1838/1.jpg""],""phones"":[],""sellerId"":"""",""city"":"""",""checkedAt"":""2026-10-08T19:00:24.916Z""}}",sold,2026-10-09T18:36:28Z,200,All offers for this exact listing are unavailable,2026-10-08T04:03:03Z,https://albacars.ae/buy-used-cars/vehicle/1838-tesla-model-y-performance,5,2026-10-09T18:36:28Z,unavailable,All offers for this exact listing are unavailable,
alba-dubai-1761,rejected,vehicles,vehicles,vehicles,2022 Mercedes-Benz CLA 250 ,"AED 127,999",127999,AED,Dubai,United Arab Emirates,Alba Cars,+97143772503,"2022 Mercedes-Benz CLA 250 . 49,000 km. Automatic. White. Seller: Alba Cars, Al Quoz, Dubai.",https://storage.albacars.ae/vehicles/drafts/1761/1.jpg?format=auto|https://storage.albacars.ae/vehicles/drafts/1761/2.jpg?format=auto|https://storage.albacars.ae/vehicles/drafts/1761/3.jpg?format=auto|https://storage.albacars.ae/vehicles/drafts/1761/4.jpg?format=auto,Alba Cars,https://albacars.ae/buy-used-cars/vehicle/1761-mercedes-benz-cla-cla-250,2026-10-09T04:04:05Z,Mercedes-Benz,CLA,,2022,used,Automatic,White,49000,"{""parser"":""alba_public_vehicle_schema"",""sourceCategory"":""vehicles"",""contactSource"":""https://albacars.ae/buy-used-cars/vehicle/1761-mercedes-benz-cla-cla-250"",""phoneVerifiedAt"":""2026-10-09T04:04:05Z"",""imageSourceUrl"":""https://albacars.ae/buy-used-cars/vehicle/1761-mercedes-benz-cla-cla-250"",""imageVerifiedAt"":""2026-10-09T04:04:05Z"",""imageIntegrityVersion"":""2026-09-16.1"",""bodyType"":""Sedan"",""fuelType"":""Petrol"",""engine"":{""@type"":""EngineSpecification"",""engineDisplacement"":""2.0 L"",""engineType"":""Petrol""},""sourceSpecifications"":[{""label"":""Service Contract"",""value"":""Until 16-JAN-2027 or 105,000Kms""},{""label"":""Vehicle Specification"",""value"":""GCC_SPECS""},{""label"":""Wheels Type"",""value"":""18""},{""label"":""Features"",""value"":""ISOFIX, Heads Up Display, Parking Sensors, Navigation, Blind Spot Indicator, 360 Camera, Lane Assist, Sunroof, Rear AC, Rear Camera, Cruise Control, Leather Seats, Driving Modes, Electric Seats""},{""label"":""Number Of Cylinders"",""value"":""4""},{""label"":""Interior Color"",""value"":""Red""}],""listingIdentity"":{""version"":""2026-10-07.1"",""sourceUrl"":""https://albacars.ae/buy-used-cars/vehicle/1761-mercedes-benz-cla-cla-250"",""title"":""2022 Mercedes-Benz CLA 250 "",""images"":[""https://storage.albacars.ae/vehicles/drafts/1761/1.jpg""],""phones"":[],""sellerId"":"""",""city"":"""",""checkedAt"":""2026-10-08T01:19:31.906Z""}}",active,2026-10-09T18:36:28Z,200,Matching listing has an available source offer,2026-10-09T18:36:28Z,https://albacars.ae/buy-used-cars/vehicle/1761-mercedes-benz-cla-cla-250,0,,foreign_gallery,Gallery belongs to a different source listing.,
alba-dubai-1289,rejected,vehicles,vehicles,vehicles,2023 BMW X2 sDrive20i,"AED 76,999",76999,AED,Dubai,United Arab Emirates,Alba Cars,+97143772503,"2023 BMW X2 sDrive20i. 63,000 km. Automatic. White. Seller: Alba Cars, Al Quoz, Dubai.",https://storage.albacars.ae/vehicles/drafts/1289/1.jpg?format=auto|https://storage.albacars.ae/vehicles/drafts/1289/2.jpg?format=auto|https://storage.albacars.ae/vehicles/drafts/1289/3.jpg?format=auto|https://storage.albacars.ae/vehicles/drafts/1289/4.jpg?format=auto,Alba Cars,https://albacars.ae/buy-used-cars/vehicle/1289-bmw-x2-sdrive-20i,2026-10-09T04:04:05Z,BMW,X2,,2023,used,Automatic,White,63000,"{""parser"":""alba_public_vehicle_schema"",""sourceCategory"":""vehicles"",""contactSource"":""https://albacars.ae/buy-used-cars/vehicle/1289-bmw-x2-sdrive-20i"",""phoneVerifiedAt"":""2026-10-09T04:04:05Z"",""imageSourceUrl"":""https://albacars.ae/buy-used-cars/vehicle/1289-bmw-x2-sdrive-20i"",""imageVerifiedAt"":""2026-10-09T04:04:05Z"",""imageIntegrityVersion"":""2026-09-16.1"",""bodyType"":""SUV"",""fuelType"":""Petrol"",""engine"":{""@type"":""EngineSpecification"",""engineDisplacement"":""2.0 L"",""engineType"":""Petrol""},""sourceSpecifications"":[{""label"":""Service Contract"",""value"":""Paid add-on""},{""label"":""Vehicle Specification"",""value"":""GCC_SPECS""},{""label"":""Wheels Type"",""value"":""17""},{""label"":""Features"",""value"":""ISOFIX, Parking Sensors, Keyless Start, Rear Camera, Cruise Control, Leather Seats, Driving Modes""},{""label"":""Number Of Cylinders"",""value"":""4""},{""label"":""Interior Color"",""value"":""Black""}],""listingIdentity"":{""version"":""2026-10-07.1"",""sourceUrl"":""https://albacars.ae/buy-used-cars/vehicle/1289-bmw-x2-sdrive-20i"",""title"":""2023 BMW X2 sDrive20i"",""images"":[""https://storage.albacars.ae/vehicles/drafts/1289/1.jpg""],""phones"":[],""sellerId"":"""",""city"":"""",""checkedAt"":""2026-10-09T01:21:46.517Z""}}",active,2026-10-09T18:36:28Z,200,Matching listing has an available source offer,2026-10-09T18:36:28Z,https://albacars.ae/buy-used-cars/vehicle/1289-bmw-x2-sdrive-20i,0,,foreign_gallery,Gallery belongs to a different source listing.,
alba-dubai-1659,rejected,vehicles,vehicles,vehicles,2025 BMW X6 M60i,"AED 379,999",379999,AED,Dubai,United Arab Emirates,Alba Cars,+97143772503,"2025 BMW X6 M60i. 11,000 km. Automatic. Grey. Seller: Alba Cars, Al Quoz, Dubai.",https://storage.albacars.ae/vehicles/f5b62bae-4089-466f-ac2d-13fcdd7ce76f/a95f2bb2-c9e7-4382-a219-d2efcf576202.jpeg?format=auto|https://storage.albacars.ae/vehicles/f5b62bae-4089-466f-ac2d-13fcdd7ce76f/a2904dec-efe2-4ab0-905c-501bfbccf231.jpeg?format=auto|https://storage.albacars.ae/vehicles/f5b62bae-4089-466f-ac2d-13fcdd7ce76f/72c0082a-f90a-42cf-bf7e-1ec308a7707d.jpeg?format=auto|https://storage.albacars.ae/vehicles/f5b62bae-4089-466f-ac2d-13fcdd7ce76f/1443b830-240c-4fa4-a236-bca8dcc24a29.jpeg?format=auto,Alba Cars,https://albacars.ae/buy-used-cars/vehicle/1659-bmw-x6-m60i-xdrive,2026-09-20T11:23:57Z,BMW,X6,,2025,used,Automatic,Grey,11000,"{""parser"":""alba_public_vehicle_schema"",""sourceCategory"":""vehicles"",""contactSource"":""https://albacars.ae/buy-used-cars/vehicle/1659-bmw-x6-m60i-xdrive"",""phoneVerifiedAt"":""2026-09-20T11:23:57Z"",""imageSourceUrl"":""https://albacars.ae/buy-used-cars/vehicle/1659-bmw-x6-m60i-xdrive"",""imageVerifiedAt"":""2026-09-20T11:23:57Z"",""imageIntegrityVersion"":""2026-09-16.1"",""bodyType"":""SUV"",""fuelType"":""Petrol"",""engine"":{""@type"":""EngineSpecification"",""engineDisplacement"":""Unknown L"",""engineType"":""Petrol""},""sourceSpecifications"":[{""label"":""Service Contract"",""value"":""Until 28-Dec-2030 or 100,000 KM""},{""label"":""Vehicle Specification"",""value"":""GCC_SPECS""},{""label"":""Wheels Type"",""value"":""22""},{""label"":""Features"",""value"":""ISOFIX, Ambient Lighting, Heads Up Display, Remote Start, Parking Sensors, Navigation, Adaptive Cruise, Keyless Start, Blind Spot Indicator, Android Auto, Keyless Entry, 360 Camera, Cooling Seats, Lane Assist, Wireless Charger, Electric Tailgate, Sunroof, Rear AC, Apple Car Play, Leather Seats, Driving Modes, Electric Seats""},{""label"":""Number Of Cylinders"",""value"":""8""},{""label"":""Interior Color"",""value"":""Other Color""}]}",sold,2026-10-09T18:36:28Z,200,All offers for this exact listing are unavailable,2026-09-20T11:23:57Z,https://albacars.ae/buy-used-cars/vehicle/1659-bmw-x6-m60i-xdrive,16,2026-10-09T18:36:28Z,unavailable,All offers for this exact listing are unavailable,
alba-dubai-1635,rejected,vehicles,vehicles,vehicles,2021 Porsche Taycan 4S,"AED 219,999",219999,AED,Dubai,United Arab Emirates,Alba Cars,+97143772503,"2021 Porsche Taycan 4S. 93,000 km. Automatic. Blue. Seller: Alba Cars, Al Quoz, Dubai.",https://storage.albacars.ae/vehicles/drafts/1635/1.jpg?format=auto|https://storage.albacars.ae/vehicles/drafts/1635/2.jpg?format=auto|https://storage.albacars.ae/vehicles/drafts/1635/3.jpg?format=auto|https://storage.albacars.ae/vehicles/drafts/1635/4.jpg?format=auto,Alba Cars,https://albacars.ae/buy-used-cars/vehicle/1635-porsche-taycan,2026-10-08T04:01:53Z,Porsche,Taycan,,2021,used,Automatic,Blue,93000,"{""parser"":""alba_public_vehicle_schema"",""sourceCategory"":""vehicles"",""contactSource"":""https://albacars.ae/buy-used-cars/vehicle/1635-porsche-taycan"",""phoneVerifiedAt"":""2026-10-08T04:01:53Z"",""imageSourceUrl"":""https://albacars.ae/buy-used-cars/vehicle/1635-porsche-taycan"",""imageVerifiedAt"":""2026-10-08T04:01:53Z"",""imageIntegrityVersion"":""2026-09-16.1"",""bodyType"":""Sedan"",""fuelType"":""Electric"",""engine"":{""@type"":""EngineSpecification"",""engineDisplacement"":""N/A L"",""engineType"":""Electric""},""sourceSpecifications"":[{""label"":""Service Contract"",""value"":""Paid add-on""},{""label"":""Vehicle Specification"",""value"":""GCC_SPECS""},{""label"":""Wheels Type"",""value"":""19""},{""label"":""Features"",""value"":""ISOFIX, Parking Sensors, Navigation, Adaptive Cruise, Keyless Start, Android Auto, 360 Camera, Lane Assist, Electric Tailgate, Rear AC, Rear Camera, Apple Car Play, Leather Seats, Driving Modes, Electric Seats""},{""label"":""Number Of Cylinders"",""value"":""0""}],""listingIdentity"":{""version"":""2026-10-07.1"",""sourceUrl"":""https://albacars.ae/buy-used-cars/vehicle/1635-porsche-taycan"",""title"":""2021 Porsche Taycan 4S"",""images"":[""https://storage.albacars.ae/vehicles/drafts/1635/1.jpg""],""phones"":[],""sellerId"":"""",""city"":"""",""checkedAt"":""2026-10-08T01:19:31.906Z""}}",sold,2026-10-09T18:36:28Z,200,All offers for this exact listing are unavailable,2026-10-08T04:03:03Z,https://albacars.ae/buy-used-cars/vehicle/1635-porsche-taycan,5,2026-10-09T18:36:28Z,foreign_gallery,Gallery belongs to a different source listing.,
alba-dubai-1589,rejected,vehicles,vehicles,vehicles,2024 Genesis G80 Prestige,"AED 169,999",169999,AED,Dubai,United Arab Emirates,Alba Cars,+97143772503,"2024 Genesis G80 Prestige. 34,000 km. Automatic. White. Seller: Alba Cars, Al Quoz, Dubai.",https://storage.albacars.ae/vehicles/d1cda560-62b3-4b4c-a82f-5274dbc2914c/b30bb8ce-3b31-4abc-9f51-02be5d03e577.jpeg,Alba Cars,https://albacars.ae/buy-used-cars/vehicle/1589-genesis-g80-prestige,2026-09-20T11:23:57Z,Genesis,G80,,2024,used,Automatic,White,34000,"{""parser"":""alba_public_vehicle_schema"",""sourceCategory"":""vehicles"",""contactSource"":""https://albacars.ae/buy-used-cars/vehicle/1589-genesis-g80-prestige"",""phoneVerifiedAt"":""2026-09-20T11:23:57Z"",""imageSourceUrl"":""https://albacars.ae/buy-used-cars/vehicle/1589-genesis-g80-prestige"",""imageVerifiedAt"":""2026-10-09T18:04:53.885Z"",""imageIntegrityVersion"":""2026-10-07.1"",""bodyType"":""Sedan"",""fuelType"":""Petrol"",""engine"":{""@type"":""EngineSpecification"",""engineDisplacement"":""Unknown L"",""engineType"":""Petrol""},""sourceSpecifications"":[{""label"":""Service Contract"",""value"":""Until 03-MAY-2029 or 100,000 km""},{""label"":""Vehicle Specification"",""value"":""GCC_SPECS""},{""label"":""Wheels Type"",""value"":""R19""},{""label"":""Features"",""value"":""ISOFIX, Remote Start, Parking Sensors, Navigation, Adaptive Cruise, Keyless Start, Android Auto, 360 Camera, Wireless Charger, Rear AC, Panoramic Sunroof, Rear Camera, Apple Car Play, Leather Seats, Electric Seats""},{""label"":""Number Of Cylinders"",""value"":""4""},{""label"":""Interior Color"",""value"":""Brown""}],""listingIdentity"":{""version"":""2026-10-07.1"",""sourceUrl"":""https://albacars.ae/buy-used-cars/vehicle/1589-genesis-g80-prestige"",""title"":""2024 Genesis G80 Prestige"",""images"":[""https://storage.albacars.ae/vehicles/d1cda560-62b3-4b4c-a82f-5274dbc2914c/b30bb8ce-3b31-4abc-9f51-02be5d03e577.jpeg""],""phones"":[],""sellerId"":"""",""city"":"""",""checkedAt"":""2026-10-09T18:04:53.885Z""}}",sold,2026-10-09T18:36:28Z,200,All offers for this exact listing are unavailable,2026-10-09T12:42:43Z,https://albacars.ae/buy-used-cars/vehicle/1589-genesis-g80-prestige,1,2026-10-09T18:36:28Z,unavailable,All offers for this exact listing are unavailable,
alba-dubai-1813,rejected,vehicles,vehicles,vehicles,2022 BMW X7 40I M-Sport,"AED 194,999",194999,AED,Dubai,United Arab Emirates,Alba Cars,+97143772503,"2022 BMW X7 40I M-Sport. 98,000 km. Automatic. Gray. Seller: Alba Cars, Al Quoz, Dubai.",https://storage.albacars.ae/vehicles/drafts/1813/1.jpg?format=auto|https://storage.albacars.ae/vehicles/drafts/1813/2.jpg?format=auto|https://storage.albacars.ae/vehicles/drafts/1813/3.jpg?format=auto|https://storage.albacars.ae/vehicles/drafts/1813/4.jpg?format=auto,Alba Cars,https://albacars.ae/buy-used-cars/vehicle/1813-bmw-x7,2026-10-09T04:04:05Z,BMW,X7,,2022,used,Automatic,Gray,98000,"{""parser"":""alba_public_vehicle_schema"",""sourceCategory"":""vehicles"",""contactSource"":""https://albacars.ae/buy-used-cars/vehicle/1813-bmw-x7"",""phoneVerifiedAt"":""2026-10-09T04:04:05Z"",""imageSourceUrl"":""https://albacars.ae/buy-used-cars/vehicle/1813-bmw-x7"",""imageVerifiedAt"":""2026-10-09T04:04:05Z"",""imageIntegrityVersion"":""2026-09-16.1"",""bodyType"":""SUV"",""fuelType"":""Petrol"",""engine"":{""@type"":""EngineSpecification"",""engineDisplacement"":""3.0 L"",""engineType"":""Petrol""},""sourceSpecifications"":[{""label"":""Service Contract"",""value"":""Paid add-on""},{""label"":""Vehicle Specification"",""value"":""GCC_SPECS""},{""label"":""Wheels Type"",""value"":""T.B.C""},{""label"":""Features"",""value"":""ISOFIX, Ambient Lighting, Heads Up Display, Remote Start, Parking Sensors, Navigation, Adaptive Cruise, Keyless Start, Blind Spot Indicator, Android Auto, Keyless Entry, Electric Rear Folding Seats, 360 Camera, Cooling Seats, Lane Assist, Wireless Charger, Electric Tailgate, Sunroof, Rear AC, Rear Entertainment, Third Row AC, Apple Car Play, Cruise Control, Leather Seats, Driving Modes, Electric Seats""},{""label"":""Number Of Cylinders"",""value"":""6""},{""label"":""Interior Color"",""value"":""Brown""}],""listingIdentity"":{""version"":""2026-10-07.1"",""sourceUrl"":""https://albacars.ae/buy-used-cars/vehicle/1813-bmw-x7"",""title"":""2022 BMW X7 40I M-Sport"",""images"":[""https://storage.albacars.ae/vehicles/drafts/1813/1.jpg""],""phones"":[],""sellerId"":"""",""city"":"""",""checkedAt"":""2026-10-08T01:19:31.906Z""}}",active,2026-10-09T18:36:28Z,200,Matching listing has an available source offer,2026-10-09T18:36:28Z,https://albacars.ae/buy-used-cars/vehicle/1813-bmw-x7,0,,foreign_gallery,Gallery belongs to a different source listing.,
alba-dubai-1533,rejected,vehicles,vehicles,vehicles,2024 Land Rover Defender SE,"AED 244,999",244999,AED,Dubai,United Arab Emirates,Alba Cars,+97143772503,"2024 Land Rover Defender SE. 59,000 km. Automatic. Gray. Seller: Alba Cars, Al Quoz, Dubai.",https://storage.albacars.ae/vehicles/drafts/1533/1.jpg?format=auto|https://storage.albacars.ae/vehicles/drafts/1533/2.jpg?format=auto|https://storage.albacars.ae/vehicles/drafts/1533/3.jpg?format=auto|https://storage.albacars.ae/vehicles/drafts/1533/4.jpg?format=auto,Alba Cars,https://albacars.ae/buy-used-cars/vehicle/1533-land-rover-defender-se,2026-09-20T11:23:57Z,Land Rover,Defender,,2024,used,Automatic,Gray,59000,"{""parser"":""alba_public_vehicle_schema"",""sourceCategory"":""vehicles"",""contactSource"":""https://albacars.ae/buy-used-cars/vehicle/1533-land-rover-defender-se"",""phoneVerifiedAt"":""2026-09-20T11:23:57Z"",""imageSourceUrl"":""https://albacars.ae/buy-used-cars/vehicle/1533-land-rover-defender-se"",""imageVerifiedAt"":""2026-09-20T11:23:57Z"",""imageIntegrityVersion"":""2026-09-16.1"",""bodyType"":""SUV"",""fuelType"":""Petrol"",""engine"":{""@type"":""EngineSpecification"",""engineDisplacement"":""2.0 L"",""engineType"":""Petrol""},""sourceSpecifications"":[{""label"":""Service Contract"",""value"":""Paid add-on""},{""label"":""Vehicle Specification"",""value"":""GCC_SPECS""},{""label"":""Wheels Type"",""value"":""20""},{""label"":""Features"",""value"":""ISOFIX, Parking Sensors, Navigation, Keyless Start, Blind Spot Indicator, Android Auto, Cooling Box, 360 Camera, Lane Assist, Wireless Charger, Panoramic Sunroof, Rear Camera, Apple Car Play, Cruise Control, Leather Seats, Driving Modes, Electric Seats""},{""label"":""Number Of Cylinders"",""value"":""4""},{""label"":""Interior Color"",""value"":""Black""}]}",sold,2026-10-09T18:36:28Z,200,All offers for this exact listing are unavailable,2026-09-20T11:23:57Z,https://albacars.ae/buy-used-cars/vehicle/1533-land-rover-defender-se,16,2026-10-09T18:36:28Z,unavailable,All offers for this exact listing are unavailable,
alba-dubai-499,rejected,vehicles,vehicles,vehicles,2025 Audi A3 S-Line,"AED 139,999",139999,AED,Dubai,United Arab Emirates,Alba Cars,+97143772503,"2025 Audi A3 S-Line. 14,000 km. Automatic. Gray. Seller: Alba Cars, Al Quoz, Dubai.",https://storage.albacars.ae/vehicles/e2ed1b17-5f95-460a-abb3-4f67cb698587/d11d4a9c-26bb-45f0-b750-af3bd1935b64.jpeg?format=auto|https://storage.albacars.ae/vehicles/e2ed1b17-5f95-460a-abb3-4f67cb698587/70422a4a-779a-4a72-8d44-7f4ecf51dc14.jpeg?format=auto|https://storage.albacars.ae/vehicles/e2ed1b17-5f95-460a-abb3-4f67cb698587/c84ea582-4135-451f-8e3e-c5aef0bc13cf.jpeg?format=auto|https://storage.albacars.ae/vehicles/e2ed1b17-5f95-460a-abb3-4f67cb698587/c8e7ce8d-fb98-42a0-b492-10f10a0f9324.jpeg?format=auto,Alba Cars,https://albacars.ae/buy-used-cars/vehicle/499-audi-a3-s-line,2026-09-20T11:23:57Z,Audi,A3,,2025,used,Automatic,Gray,14000,"{""parser"":""alba_public_vehicle_schema"",""sourceCategory"":""vehicles"",""contactSource"":""https://albacars.ae/buy-used-cars/vehicle/499-audi-a3-s-line"",""phoneVerifiedAt"":""2026-09-20T11:23:57Z"",""imageSourceUrl"":""https://albacars.ae/buy-used-cars/vehicle/499-audi-a3-s-line"",""imageVerifiedAt"":""2026-09-20T11:23:57Z"",""imageIntegrityVersion"":""2026-09-16.1"",""bodyType"":""Sedan"",""fuelType"":""Petrol"",""engine"":{""@type"":""EngineSpecification"",""engineDisplacement"":""1.4 L"",""engineType"":""Petrol""},""sourceSpecifications"":[{""label"":""Service Contract"",""value"":""Until 27-MAR-2030 or 75,000KM""},{""label"":""Vehicle Specification"",""value"":""GCC_SPECS""},{""label"":""Wheels Type"",""value"":""19""},{""label"":""Features"",""value"":""ISOFIX, Ambient Lighting, Parking Sensors, Navigation, Adaptive Cruise, Keyless Start, Blind Spot Indicator, Android Auto, Keyless Entry, Lane Assist, Wireless Charger, Sunroof, Rear AC, Rear Camera, Apple Car Play, Cruise Control, Leather Seats, Driving Modes, Electric Seats""},{""label"":""Number Of Cylinders"",""value"":""4""},{""label"":""Interior Color"",""value"":""Brown""}]}",sold,2026-10-09T18:36:28Z,200,All offers for this exact listing are unavailable,2026-09-20T11:23:57Z,https://albacars.ae/buy-used-cars/vehicle/499-audi-a3-s-line,16,2026-10-09T18:36:28Z,unavailable,All offers for this exact listing are unavailable,
hgc-dubai-9f0effbe6756af4c,published,marketplace,electronics,computers_tablets,ASUS ROG PG248Q GAMING MONITOR,"AED 1,899",1899,AED,Dubai,United Arab Emirates,HGC Technologies LLC,+97143864334,"ASUS ROG PG248Q GAMING MONITOR 24' SYNC TECHNO 16.7M. Condition: new. Stock code: ASUS ROG PG248Q GAMING MONITOR. Seller: HGC Technologies LLC, Al Raffa Street, Bur Dubai. Price and stock from the public retail catalogue; contact the store for availability.",https://dlcdnwebimgs.asus.com/gain/2DDC8872-7B9F-4395-85FE-4D116C96FC75/w717/h525/fwebp,HGC Technologies,https://shop.hgctechdxb.com/,2026-10-09T04:04:10Z,,,,,new,,,,"{""parser"":""hgc_public_catalogue"",""catalogItemId"":""ASUS ROG PG248Q GAMING MONITOR"",""stockSourceUrl"":""https://hgc-order-manager.onrender.com/api/public/catalogue"",""sourceCategory"":""Monitor"",""stockQuantity"":9,""contactSource"":""https://shop.hgctechdxb.com/"",""phoneVerifiedAt"":""2026-10-09T04:04:10Z"",""imageSourceUrl"":""https://shop.hgctechdxb.com/"",""imageVerifiedAt"":""2026-10-09T04:04:10Z"",""imageIntegrityVersion"":""2026-09-16.1""}",unknown,2026-10-09T18:36:28Z,403,Source returned a verification or access page,2026-10-09T04:04:10Z,https://shop.hgctechdxb.com/,0,,visible,,
hgc-dubai-9b1ec978217f2238,published,marketplace,electronics,computers_tablets,ASUS VIVOBOOK X1504-C7,"AED 2,099",2099,AED,Dubai,United Arab Emirates,HGC Technologies LLC,+97143864334,"ASUS VIVOBOOK X1504 INTEL CORE 7-150U 8GB RAM 512GB SSD 15.6"" FHD DISPLAY DOS SILVER. Condition: new. Stock code: ASUS VIVOBOOK X1504-C7. Seller: HGC Technologies LLC, Al Raffa Street, Bur Dubai. Price and stock from the public retail catalogue; contact the store for availability.",https://dlcdnwebimgs.asus.com/gain/7a7e57ee-e88f-43d5-9752-04f4e61f70fd/w800/fwebp,HGC Technologies,https://shop.hgctechdxb.com/,2026-09-22T03:19:48Z,,,,,new,,,,"{""parser"":""hgc_public_catalogue"",""catalogItemId"":""ASUS VIVOBOOK X1504-C7"",""stockSourceUrl"":""https://hgc-order-manager.onrender.com/api/public/catalogue"",""sourceCategory"":""Laptop"",""stockQuantity"":7,""contactSource"":""https://shop.hgctechdxb.com/"",""phoneVerifiedAt"":""2026-09-22T03:19:48Z"",""imageSourceUrl"":""https://shop.hgctechdxb.com/"",""imageVerifiedAt"":""2026-09-22T03:19:48Z"",""imageIntegrityVersion"":""2026-09-16.1""}",unknown,2026-10-09T18:36:28Z,403,Source returned a verification or access page,2026-09-22T03:19:48Z,https://shop.hgctechdxb.com/,0,,visible,,
hgc-dubai-5d752f9d2d998011,published,marketplace,electronics,computers_tablets,HP OMNIBOOK 3 16-BU0305DX-U5,"AED 2,399",2399,AED,Dubai,United Arab Emirates,HGC Technologies LLC,+97143864334,"HP OMNIBOOK 3 16-BU0305DX INTEL® CORE ULTRA 5 225U 8GB RAM 512GB SSD 16"" 2K (1920×1200) I PS TOUCHSCREEN DISPLAY INTEL® GRAPHICS MICA SILVER WIN11 HOME. Condition: new. Stock code: HP OMNIBOOK 3 16-BU0305DX-U5. Seller: HGC Technologies LLC, Al Raffa Street, Bur Dubai. Price and stock from the public retail catalogue; contact the store for availability.",https://pisces.bbystatic.com/image2/BestBuy_US/images/products/799b8d24-b1db-480e-8c27-7d27c32954c0.jpg;maxHeight=1920;maxWidth=900?format=webp,HGC Technologies,https://shop.hgctechdxb.com/,2026-10-09T04:04:10Z,,,,,new,,,,"{""parser"":""hgc_public_catalogue"",""catalogItemId"":""HP OMNIBOOK 3 16-BU0305DX-U5"",""stockSourceUrl"":""https://hgc-order-manager.onrender.com/api/public/catalogue"",""sourceCategory"":""Laptop"",""stockQuantity"":192,""contactSource"":""https://shop.hgctechdxb.com/"",""phoneVerifiedAt"":""2026-10-09T04:04:10Z"",""imageSourceUrl"":""https://shop.hgctechdxb.com/"",""imageVerifiedAt"":""2026-10-09T04:04:10Z"",""imageIntegrityVersion"":""2026-09-16.1""}",unknown,2026-10-09T18:36:28Z,403,Source returned a verification or access page,2026-10-09T04:04:10Z,https://shop.hgctechdxb.com/,0,,visible,,
uae-appliance-bosch-5-hobs-gas-cooker-model-hgv1d05v0m-08,published,marketplace,other,appliances,Bosch 5 Hobs Gas Cooker – Model: HGV1D05V0M/08,"AED 1,700",1700.00,AED,Dubai,United Arab Emirates,Al Makkai Used Home Appliances Trader LLC,+971556807573,"Bosch 5 Hobs Gas Cooker – Model: HGV1D05V0M/08. Brand: Bosch. Model: HGV1D05V0M/08. FD Number: 0303. Z-Nr: 100846. Type: Gas Cooker with Electric Oven. No. of Burners: 5. Fuel Type: Natural Gas / LPG Convertible. Oven Type: Electric. Listed by Al Makkai Used Home Appliances Trader LLC, Baniyas Road, Naif, Dubai. Advertised price: AED 1,700. Call the seller to confirm condition, dimensions, delivery and current availability.",https://usedappliancesuae.com/wp-content/uploads/2026/02/Bosch-5-hobs-Gas-cooker-1700aed-1000x1333-1.webp|https://usedappliancesuae.com/wp-content/uploads/2026/02/Bosch-5-hobs-Gas-cooker-1700aed.-2-1000x1333-1.webp,Used Appliances UAE,https://usedappliancesuae.com/product/bosch-5-hobs-gas-cooker-model-hgv1d05v0m-08/,2026-10-09T04:04:10Z,,,,,used,,,,"{""parser"":""uae_appliance_product_schema"",""sourceCategory"":""home appliances"",""contactSource"":""https://usedappliancesuae.com/product/bosch-5-hobs-gas-cooker-model-hgv1d05v0m-08/"",""phoneVerifiedAt"":""2026-10-09T04:04:10Z"",""imageSourceUrl"":""https://usedappliancesuae.com/product/bosch-5-hobs-gas-cooker-model-hgv1d05v0m-08/"",""imageVerifiedAt"":""2026-10-09T18:51:36.373Z"",""imageIntegrityVersion"":""2026-10-07.1"",""sourceSpecifications"":[{""label"":""Brand"",""value"":""Bosch""},{""label"":""Model"",""value"":""HGV1D05V0M/08""},{""label"":""FD Number"",""value"":""0303""},{""label"":""Z-Nr"",""value"":""100846""},{""label"":""Type"",""value"":""Gas Cooker with Electric Oven""},{""label"":""No. of Burners"",""value"":""5""},{""label"":""Fuel Type"",""value"":""Natural Gas / LPG Convertible""},{""label"":""Oven Type"",""value"":""Electric""}],""listingIdentity"":{""version"":""2026-10-07.1"",""sourceUrl"":""https://usedappliancesuae.com/product/bosch-5-hobs-gas-cooker-model-hgv1d05v0m-08/"",""title"":""Bosch 5 Hobs Gas Cooker – Model: HGV1D05V0M/08"",""images"":[""https://usedappliancesuae.com/wp-content/uploads/2026/02/Bosch-5-hobs-Gas-cooker-1700aed-1000x1333-1.webp"",""https://usedappliancesuae.com/wp-content/uploads/2026/02/Bosch-5-hobs-Gas-cooker-1700aed.-2-1000x1333-1.webp""],""phones"":[],""sellerId"":"""",""city"":"""",""checkedAt"":""2026-10-09T18:51:36.373Z""}}",active,2026-10-09T18:36:28Z,200,Matching listing has an available source offer,2026-10-09T18:36:28Z,https://usedappliancesuae.com/product/bosch-5-hobs-gas-cooker-model-hgv1d05v0m-08/,0,,visible,,
uae-appliance-bosch-90x60-cm-gas-cooker-5-gas-burners-stainless-steel-hgk90vq50m,published,marketplace,other,appliances,Bosch 90×60 cm Gas Cooker | 5 Gas Burners | Stainless Steel – HGK90VQ50M,"AED 1,799",1799.00,AED,Dubai,United Arab Emirates,Al Makkai Used Home Appliances Trader LLC,+971556807573,"Bosch 90×60 cm Gas Cooker | 5 Gas Burners | Stainless Steel – HGK90VQ50M.  Listed by Al Makkai Used Home Appliances Trader LLC, Baniyas Road, Naif, Dubai. Advertised price: AED 1,799. Call the seller to confirm condition, dimensions, delivery and current availability.",https://usedappliancesuae.com/wp-content/uploads/2026/01/1-2.webp,Used Appliances UAE,https://usedappliancesuae.com/product/bosch-90x60-cm-gas-cooker-5-gas-burners-stainless-steel-hgk90vq50m/,2026-10-09T04:04:10Z,,,,,Ask seller,,,,"{""parser"":""uae_appliance_product_schema"",""sourceCategory"":""home appliances"",""contactSource"":""https://usedappliancesuae.com/product/bosch-90x60-cm-gas-cooker-5-gas-burners-stainless-steel-hgk90vq50m/"",""phoneVerifiedAt"":""2026-10-09T04:04:10Z"",""imageSourceUrl"":""https://usedappliancesuae.com/product/bosch-90x60-cm-gas-cooker-5-gas-burners-stainless-steel-hgk90vq50m/"",""imageVerifiedAt"":""2026-10-09T18:51:36.373Z"",""imageIntegrityVersion"":""2026-10-07.1"",""sourceSpecifications"":[],""listingIdentity"":{""version"":""2026-10-07.1"",""sourceUrl"":""https://usedappliancesuae.com/product/bosch-90x60-cm-gas-cooker-5-gas-burners-stainless-steel-hgk90vq50m/"",""title"":""Bosch 90×60 cm Gas Cooker | 5 Gas Burners | Stainless Steel – HGK90VQ50M"",""images"":[""https://usedappliancesuae.com/wp-content/uploads/2026/01/1-2.webp""],""phones"":[],""sellerId"":"""",""city"":"""",""checkedAt"":""2026-10-09T18:51:36.373Z""}}",active,2026-10-09T18:36:28Z,200,Matching listing has an available source offer,2026-10-09T18:36:28Z,https://usedappliancesuae.com/product/bosch-90x60-cm-gas-cooker-5-gas-burners-stainless-steel-hgk90vq50m/,0,,visible,,
uae-appliance-bosch-electric-ceramic-cooker-90cm,published,marketplace,other,appliances,Bosch Electric Ceramic Cooker 90cm,"AED 2,700",2700.00,AED,Dubai,United Arab Emirates,Al Makkai Used Home Appliances Trader LLC,+971556807573,"Bosch Electric Ceramic Cooker 90cm.  Listed by Al Makkai Used Home Appliances Trader LLC, Baniyas Road, Naif, Dubai. Advertised price: AED 2,700. Call the seller to confirm condition, dimensions, delivery and current availability.",https://usedappliancesuae.com/wp-content/uploads/2026/01/WhatsApp-Image-2025-06-16-at-00.14.52_ebee326e-1536x1152-1.webp,Used Appliances UAE,https://usedappliancesuae.com/product/bosch-electric-ceramic-cooker-90cm/,2026-10-09T04:04:10Z,,,,,Ask seller,,,,"{""parser"":""uae_appliance_product_schema"",""sourceCategory"":""home appliances"",""contactSource"":""https://usedappliancesuae.com/product/bosch-electric-ceramic-cooker-90cm/"",""phoneVerifiedAt"":""2026-10-09T04:04:10Z"",""imageSourceUrl"":""https://usedappliancesuae.com/product/bosch-electric-ceramic-cooker-90cm/"",""imageVerifiedAt"":""2026-10-09T18:51:36.373Z"",""imageIntegrityVersion"":""2026-10-07.1"",""sourceSpecifications"":[],""listingIdentity"":{""version"":""2026-10-07.1"",""sourceUrl"":""https://usedappliancesuae.com/product/bosch-electric-ceramic-cooker-90cm/"",""title"":""Bosch Electric Ceramic Cooker 90cm"",""images"":[""https://usedappliancesuae.com/wp-content/uploads/2026/01/WhatsApp-Image-2025-06-16-at-00.14.52_ebee326e-1536x1152-1.webp""],""phones"":[],""sellerId"":"""",""city"":"""",""checkedAt"":""2026-10-09T18:51:36.373Z""}}",active,2026-10-09T18:36:28Z,200,Matching listing has an available source offer,2026-10-09T18:36:28Z,https://usedappliancesuae.com/product/bosch-electric-ceramic-cooker-90cm/,0,,visible,,
uae-appliance-bosch-series-8-dishwasher-16-place-setting,published,marketplace,other,appliances,Bosch Series 8 Dishwasher 16 Place Setting,"AED 2,100",2100.00,AED,Dubai,United Arab Emirates,Al Makkai Used Home Appliances Trader LLC,+971556807573,"Bosch Series 8 Dishwasher 16 Place Setting.  Listed by Al Makkai Used Home Appliances Trader LLC, Baniyas Road, Naif, Dubai. Advertised price: AED 2,100. Call the seller to confirm condition, dimensions, delivery and current availability.",https://usedappliancesuae.com/wp-content/uploads/2026/01/1-1.webp,Used Appliances UAE,https://usedappliancesuae.com/product/bosch-series-8-dishwasher-16-place-setting/,2026-10-09T04:04:10Z,,,,,Ask seller,,,,"{""parser"":""uae_appliance_product_schema"",""sourceCategory"":""home appliances"",""contactSource"":""https://usedappliancesuae.com/product/bosch-series-8-dishwasher-16-place-setting/"",""phoneVerifiedAt"":""2026-10-09T04:04:10Z"",""imageSourceUrl"":""https://usedappliancesuae.com/product/bosch-series-8-dishwasher-16-place-setting/"",""imageVerifiedAt"":""2026-10-09T18:51:36.373Z"",""imageIntegrityVersion"":""2026-10-07.1"",""sourceSpecifications"":[],""listingIdentity"":{""version"":""2026-10-07.1"",""sourceUrl"":""https://usedappliancesuae.com/product/bosch-series-8-dishwasher-16-place-setting/"",""title"":""Bosch Series 8 Dishwasher 16 Place Setting"",""images"":[""https://usedappliancesuae.com/wp-content/uploads/2026/01/1-1.webp""],""phones"":[],""sellerId"":"""",""city"":"""",""checkedAt"":""2026-10-09T18:51:36.373Z""}}",active,2026-10-09T18:36:28Z,200,Matching listing has an available source offer,2026-10-09T18:36:28Z,https://usedappliancesuae.com/product/bosch-series-8-dishwasher-16-place-setting/,0,,visible,,
uae-appliance-bosch-series-8-full-gas-cooker-pre-owned,published,marketplace,other,appliances,Bosch Series 8 Full Gas Cooker | Pre-owned,"AED 4,200",4200.00,AED,Dubai,United Arab Emirates,Al Makkai Used Home Appliances Trader LLC,+971556807573,"Bosch Series 8 Full Gas Cooker | Pre-owned. Brand: Bosch. Model: Series 8 Full Gas Cooker. Type: Free-standing full gas cooker. Burners: 4 or 5 high-efficiency gas burners (model-dependent). Oven Type: Gas oven with multiple cooking functions. Oven Capacity: Large capacity (ideal for family cooking & baking). Material: Premium stainless steel finish. Safety Features: Flame failure protection, heat-resistant knobs. Listed by Al Makkai Used Home Appliances Trader LLC, Baniyas Road, Naif, Dubai. Advertised price: AED 4,200. Call the seller to confirm condition, dimensions, delivery and current availability.",https://usedappliancesuae.com/wp-content/uploads/2026/02/Bosch-Series-8-Full-Gas-cooker-4200aed.webp,Used Appliances UAE,https://usedappliancesuae.com/product/bosch-series-8-full-gas-cooker-pre-owned/,2026-10-09T04:04:10Z,,,,,used,,,,"{""parser"":""uae_appliance_product_schema"",""sourceCategory"":""home appliances"",""contactSource"":""https://usedappliancesuae.com/product/bosch-series-8-full-gas-cooker-pre-owned/"",""phoneVerifiedAt"":""2026-10-09T04:04:10Z"",""imageSourceUrl"":""https://usedappliancesuae.com/product/bosch-series-8-full-gas-cooker-pre-owned/"",""imageVerifiedAt"":""2026-10-09T18:51:36.373Z"",""imageIntegrityVersion"":""2026-10-07.1"",""sourceSpecifications"":[{""label"":""Brand"",""value"":""Bosch""},{""label"":""Model"",""value"":""Series 8 Full Gas Cooker""},{""label"":""Type"",""value"":""Free-standing full gas cooker""},{""label"":""Burners"",""value"":""4 or 5 high-efficiency gas burners (model-dependent)""},{""label"":""Oven Type"",""value"":""Gas oven with multiple cooking functions""},{""label"":""Oven Capacity"",""value"":""Large capacity (ideal for family cooking & baking)""},{""label"":""Material"",""value"":""Premium stainless steel finish""},{""label"":""Safety Features"",""value"":""Flame failure protection, heat-resistant knobs""}],""listingIdentity"":{""version"":""2026-10-07.1"",""sourceUrl"":""https://usedappliancesuae.com/product/bosch-series-8-full-gas-cooker-pre-owned/"",""title"":""Bosch Series 8 Full Gas Cooker | Pre-owned"",""images"":[""https://usedappliancesuae.com/wp-content/uploads/2026/02/Bosch-Series-8-Full-Gas-cooker-4200aed.webp""],""phones"":[],""sellerId"":"""",""city"":"""",""checkedAt"":""2026-10-09T18:51:36.373Z""}}",active,2026-10-09T18:36:28Z,200,Matching listing has an available source offer,2026-10-09T18:36:28Z,https://usedappliancesuae.com/product/bosch-series-8-full-gas-cooker-pre-owned/,0,,visible,,
uae-appliance-bosch-series-8-washer-and-dryer-set-with-wi-fi,published,marketplace,other,appliances,Bosch Series 8 Washer and Dryer Set with Wi-Fi,"AED 4,000",4000.00,AED,Dubai,United Arab Emirates,Al Makkai Used Home Appliances Trader LLC,+971556807573,"Bosch Series 8 Washer and Dryer Set with Wi-Fi. Capacity: 9 kg / 9 kg. Spin Speed: 1600 RPM / –. Energy Rating: A+++ / A++. Connectivity: Wi-Fi (Home Connect) / Wi-Fi (Home Connect). Motor Type: EcoSilence Drive™ / Heat Pump System. Drum Material: VarioDrum Stainless Steel / SensitiveDrying Drum. Noise Level: 48 dB / 62 dB. Color: White / White. Listed by Al Makkai Used Home Appliances Trader LLC, Baniyas Road, Naif, Dubai. Advertised price: AED 4,000. Call the seller to confirm condition, dimensions, delivery and current availability.",https://usedappliancesuae.com/wp-content/uploads/2026/02/Bosch-Series-8-Washer-and-dryer-separate-set-with-wifi-assisted-4000aed-1000x750-1.webp|https://usedappliancesuae.com/wp-content/uploads/2026/02/Bosch-Series-8-Washer-and-dryer-separate-set-with-wifi-assisted-4000aed-2-1000x750-1.webp|https://usedappliancesuae.com/wp-content/uploads/2026/02/Bosch-Series-8-Washer-and-dryer-separate-set-with-wifi-assisted-4000aed-3-1000x750-1.webp|https://usedappliancesuae.com/wp-content/uploads/2026/02/Bosch-Series-8-Washer-and-dryer-separate-set-with-wifi-assisted-4000aed-4-1000x1333-1.webp,Used Appliances UAE,https://usedappliancesuae.com/product/bosch-series-8-washer-and-dryer-set-with-wi-fi/,2026-10-09T04:04:10Z,,,,,used,,,,"{""parser"":""uae_appliance_product_schema"",""sourceCategory"":""home appliances"",""contactSource"":""https://usedappliancesuae.com/product/bosch-series-8-washer-and-dryer-set-with-wi-fi/"",""phoneVerifiedAt"":""2026-10-09T04:04:10Z"",""imageSourceUrl"":""https://usedappliancesuae.com/product/bosch-series-8-washer-and-dryer-set-with-wi-fi/"",""imageVerifiedAt"":""2026-10-09T18:51:36.373Z"",""imageIntegrityVersion"":""2026-10-07.1"",""sourceSpecifications"":[{""label"":""Capacity"",""value"":""9 kg / 9 kg""},{""label"":""Spin Speed"",""value"":""1600 RPM / –""},{""label"":""Energy Rating"",""value"":""A+++ / A++""},{""label"":""Connectivity"",""value"":""Wi-Fi (Home Connect) / Wi-Fi (Home Connect)""},{""label"":""Motor Type"",""value"":""EcoSilence Drive™ / Heat Pump System""},{""label"":""Drum Material"",""value"":""VarioDrum Stainless Steel / SensitiveDrying Drum""},{""label"":""Noise Level"",""value"":""48 dB / 62 dB""},{""label"":""Color"",""value"":""White / White""}],""listingIdentity"":{""version"":""2026-10-07.1"",""sourceUrl"":""https://usedappliancesuae.com/product/bosch-series-8-washer-and-dryer-set-with-wi-fi/"",""title"":""Bosch Series 8 Washer and Dryer Set with Wi-Fi"",""images"":[""https://usedappliancesuae.com/wp-content/uploads/2026/02/Bosch-Series-8-Washer-and-dryer-separate-set-with-wifi-assisted-4000aed-1000x750-1.webp"",""https://usedappliancesuae.com/wp-content/uploads/2026/02/Bosch-Series-8-Washer-and-dryer-separate-set-with-wifi-assisted-4000aed-2-1000x750-1.webp"",""https://usedappliancesuae.com/wp-content/uploads/2026/02/Bosch-Series-8-Washer-and-dryer-separate-set-with-wifi-assisted-4000aed-3-1000x750-1.webp"",""https://usedappliancesuae.com/wp-content/uploads/2026/02/Bosch-Series-8-Washer-and-dryer-separate-set-with-wifi-assisted-4000aed-4-1000x1333-1.webp""],""phones"":[],""sellerId"":"""",""city"":"""",""checkedAt"":""2026-10-09T18:51:36.373Z""}}",active,2026-10-09T18:36:28Z,200,Matching listing has an available source offer,2026-10-09T18:36:28Z,https://usedappliancesuae.com/product/bosch-series-8-washer-and-dryer-set-with-wi-fi/,0,,visible,,
uae-appliance-fisher-paykel-4-door-refrigerator-with-water-dispenser-rf605qduvb2,published,marketplace,other,appliances,Fisher & Paykel 4 Door Refrigerator with Water Dispenser RF605QDUVB2,"AED 6,000",6000.00,AED,Dubai,United Arab Emirates,Al Makkai Used Home Appliances Trader LLC,+971556807573,"Fisher & Paykel 4 Door Refrigerator with Water Dispenser RF605QDUVB2.  Listed by Al Makkai Used Home Appliances Trader LLC, Baniyas Road, Naif, Dubai. Advertised price: AED 6,000. Call the seller to confirm condition, dimensions, delivery and current availability.",https://usedappliancesuae.com/wp-content/uploads/2026/02/Fisher-Paykel-4-Door-Refrigerator-1-1000x1333-1.webp|https://usedappliancesuae.com/wp-content/uploads/2026/02/Fisher-Paykel-4-Door-Refrigerator-2-1000x1333-1.webp,Used Appliances UAE,https://usedappliancesuae.com/product/fisher-paykel-4-door-refrigerator-with-water-dispenser-rf605qduvb2/,2026-10-09T04:04:10Z,,,,,used,,,,"{""parser"":""uae_appliance_product_schema"",""sourceCategory"":""home appliances"",""contactSource"":""https://usedappliancesuae.com/product/fisher-paykel-4-door-refrigerator-with-water-dispenser-rf605qduvb2/"",""phoneVerifiedAt"":""2026-10-09T04:04:10Z"",""imageSourceUrl"":""https://usedappliancesuae.com/product/fisher-paykel-4-door-refrigerator-with-water-dispenser-rf605qduvb2/"",""imageVerifiedAt"":""2026-10-09T18:51:36.373Z"",""imageIntegrityVersion"":""2026-10-07.1"",""sourceSpecifications"":[],""listingIdentity"":{""version"":""2026-10-07.1"",""sourceUrl"":""https://usedappliancesuae.com/product/fisher-paykel-4-door-refrigerator-with-water-dispenser-rf605qduvb2/"",""title"":""Fisher & Paykel 4 Door Refrigerator with Water Dispenser RF605QDUVB2"",""images"":[""https://usedappliancesuae.com/wp-content/uploads/2026/02/Fisher-Paykel-4-Door-Refrigerator-1-1000x1333-1.webp"",""https://usedappliancesuae.com/wp-content/uploads/2026/02/Fisher-Paykel-4-Door-Refrigerator-2-1000x1333-1.webp""],""phones"":[],""sellerId"":"""",""city"":"""",""checkedAt"":""2026-10-09T18:51:36.373Z""}}",active,2026-10-09T18:36:28Z,200,Matching listing has an available source offer,2026-10-09T18:36:28Z,https://usedappliancesuae.com/product/fisher-paykel-4-door-refrigerator-with-water-dispenser-rf605qduvb2/,0,,visible,,
allsopp-dubai-l-295867,published,marketplace,real_estate,for_rent_long,"1-bedroom apartment for rent — Standpoint Towers, Downtown Dubai","AED 95,000/year",95000,AED,Dubai,United Arab Emirates,Allsopp & Allsopp — Alexander Sariev,+971585982442,"1-bedroom apartment for rent — Standpoint Towers, Downtown Dubai. 1 bathroom(s), 715.00 sq ft. Unfurnished. Pool, Gym. Annual rent: AED 95,000/year. Property reference: L-295867. Contact Alexander Sariev at Allsopp & Allsopp for a viewing and rental terms.",https://images.allsoppandallsopp.com/public/temp/a0O4V00000NauyUUAR_s_1-bedroom-apartment-in-standpoint-towers-downtown-dubai-aed-95k-allsopp-and-allsopp-img6039.jpeg,Allsopp & Allsopp,https://www.allsoppandallsopp.com/dubai/property/lettings/L-295867,2026-09-22T03:19:48Z,,,,,Ask agent,,,,"{""parser"":""allsopp_public_rental"",""sourceCategory"":""apartments for rent"",""propertyType"":""apartment"",""bedrooms"":1,""bathrooms"":1,""sqft"":715,""priceTerm"":""per_year"",""furnished"":false,""parking"":false,""amenities"":""Pool, Gym"",""address"":""Standpoint Tower 2"",""neighborhood"":""Standpoint Towers, Downtown Dubai"",""agentName"":""Alexander Sariev"",""contactSource"":""https://www.allsoppandallsopp.com/dubai/property/lettings/L-295867"",""phoneVerifiedAt"":""2026-09-22T03:19:48Z"",""imageSourceUrl"":""https://www.allsoppandallsopp.com/dubai/property/lettings/L-295867"",""imageVerifiedAt"":""2026-10-09T18:51:36.373Z"",""imageIntegrityVersion"":""2026-10-07.1"",""listingIdentity"":{""version"":""2026-10-07.1"",""sourceUrl"":""https://www.allsoppandallsopp.com/dubai/property/lettings/L-295867"",""title"":""1-bedroom apartment for rent — Standpoint Towers, Downtown Dubai"",""images"":[""https://images.allsoppandallsopp.com/public/temp/a0O4V00000NauyUUAR_s_1-bedroom-apartment-in-standpoint-towers-downtown-dubai-aed-95k-allsopp-and-allsopp-img6039.jpeg""],""phones"":[],""sellerId"":"""",""city"":"""",""checkedAt"":""2026-10-09T18:51:36.373Z""}}",active,2026-10-09T18:36:28Z,200,Matching listing has an available source offer,2026-10-09T18:36:28Z,https://www.allsoppandallsopp.com/dubai/property/lettings/L-295867,0,,visible,,
allsopp-dubai-l-295908,rejected,marketplace,real_estate,for_rent_long,"1-bedroom apartment for rent — Aykon City, Business Bay","AED 75,000/year",75000,AED,Dubai,United Arab Emirates,Allsopp & Allsopp — Katharine Hume Kendall,+971585601834,"1-bedroom apartment for rent — Aykon City, Business Bay. 1 bathroom(s), 544.00 sq ft. Furnished. . Annual rent: AED 75,000/year. Property reference: L-295908. Contact Katharine Hume Kendall at Allsopp & Allsopp for a viewing and rental terms.",https://images.allsoppandallsopp.com/public/temp/a0OdK000002L2VVUA0_s_1-bedroom-apartment-in-aykon-city-business-bay-aed-75k-allsopp-and-allsopp-photo-2026-03-24-19-33-47.jpg|https://images.allsoppandallsopp.com/public/temp/a0OdK000002L2VVUA0_s_1-bedroom-apartment-in-aykon-city-business-bay-aed-75k-allsopp-and-allsopp-photo-2026-03-24-19-33-461.jpg|https://images.allsoppandallsopp.com/public/temp/a0OdK000002L2VVUA0_s_1-bedroom-apartment-in-aykon-city-business-bay-aed-75k-allsopp-and-allsopp-photo-2026-03-24-19-35-09.jpg,Allsopp & Allsopp,https://www.allsoppandallsopp.com/dubai/property/lettings/L-295908,2026-09-22T03:19:48Z,,,,,Ask agent,,,,"{""parser"":""allsopp_public_rental"",""sourceCategory"":""apartments for rent"",""propertyType"":""apartment"",""bedrooms"":1,""bathrooms"":1,""sqft"":544,""priceTerm"":""per_year"",""furnished"":true,""parking"":false,""amenities"":"""",""address"":""Aykon City Tower C"",""neighborhood"":""Aykon City, Business Bay"",""agentName"":""Katharine Hume Kendall"",""contactSource"":""https://www.allsoppandallsopp.com/dubai/property/lettings/L-295908"",""phoneVerifiedAt"":""2026-09-22T03:19:48Z"",""imageSourceUrl"":""https://www.allsoppandallsopp.com/dubai/property/lettings/L-295908"",""imageVerifiedAt"":""2026-09-22T03:19:48Z"",""imageIntegrityVersion"":""2026-09-16.1""}",gone,2026-10-09T18:36:28Z,410,Exact source URL returned HTTP 410,2026-09-22T03:19:48Z,https://www.allsoppandallsopp.com/dubai/property/lettings/L-295908,16,2026-10-09T18:36:28Z,unavailable,Exact source URL returned HTTP 410,
allsopp-dubai-l-296065,rejected,marketplace,real_estate,for_rent_long,"3-bedroom apartment for rent — Atlantis The Royal Residences, Palm Jumeirah","AED 1,800,000/year",1800000,AED,Dubai,United Arab Emirates,Allsopp & Allsopp — Georgia Ward,+971509724822,"3-bedroom apartment for rent — Atlantis The Royal Residences, Palm Jumeirah. 5 bathroom(s), 3,256.00 sq ft. Balcony, Gym, Parking. Annual rent: AED 1,800,000/year. Property reference: L-296065. Contact Georgia Ward at Allsopp & Allsopp for a viewing and rental terms.",https://images.allsoppandallsopp.com/public/temp/a0OdK000000EWBJUA4_s_3-bedroom-apartment-in-atlantis-the-royal-residences-palm-jumeirah-aed-1-8m-allsopp-and-allsopp-dsc0654234.jpg,Allsopp & Allsopp,https://www.allsoppandallsopp.com/dubai/property/lettings/L-296065,2026-09-22T03:19:48Z,,,,,Ask agent,,,,"{""parser"":""allsopp_public_rental"",""sourceCategory"":""apartments for rent"",""propertyType"":""apartment"",""bedrooms"":3,""bathrooms"":5,""sqft"":3256,""priceTerm"":""per_year"",""furnished"":false,""parking"":true,""amenities"":""Balcony, Gym, Parking"",""address"":"""",""neighborhood"":""Atlantis The Royal Residences, Palm Jumeirah"",""agentName"":""Georgia Ward"",""contactSource"":""https://www.allsoppandallsopp.com/dubai/property/lettings/L-296065"",""phoneVerifiedAt"":""2026-09-22T03:19:48Z"",""imageSourceUrl"":""https://www.allsoppandallsopp.com/dubai/property/lettings/L-296065"",""imageVerifiedAt"":""2026-10-09T11:05:11.051Z"",""imageIntegrityVersion"":""2026-10-07.1"",""listingIdentity"":{""version"":""2026-10-07.1"",""sourceUrl"":""https://www.allsoppandallsopp.com/dubai/property/lettings/L-296065"",""title"":""3-bedroom apartment for rent — Atlantis The Royal Residences, Palm Jumeirah"",""images"":[""https://images.allsoppandallsopp.com/public/temp/a0OdK000000EWBJUA4_s_3-bedroom-apartment-in-atlantis-the-royal-residences-palm-jumeirah-aed-1-8m-allsopp-and-allsopp-dsc0654234.jpg""],""phones"":[],""sellerId"":"""",""city"":"""",""checkedAt"":""2026-10-09T11:05:11.051Z""}}",gone,2026-10-09T18:36:28Z,410,Exact source URL returned HTTP 410,2026-10-09T06:50:32Z,https://www.allsoppandallsopp.com/dubai/property/lettings/L-296065,2,2026-10-09T18:36:28Z,unavailable,Exact source URL returned HTTP 410,
allsopp-dubai-l-296198,published,marketplace,real_estate,for_rent_long,"1-bedroom apartment for rent — Vida Residences Dubai Mall, Downtown Dubai","AED 150,000/year",150000,AED,Dubai,United Arab Emirates,Allsopp & Allsopp — Katie Coyle,+971585901622,"1-bedroom apartment for rent — Vida Residences Dubai Mall, Downtown Dubai. 2 bathroom(s), 780.49 sq ft. Furnished. Balcony, Pool, Gym. Annual rent: AED 150,000/year. Property reference: L-296198. Contact Katie Coyle at Allsopp & Allsopp for a viewing and rental terms.",https://images.allsoppandallsopp.com/public/temp/a0OdK000002MylxUAC_s_1-bedroom-apartment-in-vida-residences-dubai-mall-downtown-dubai-aed-150k-allsopp-and-allsopp-1-livingroom.jpg,Allsopp & Allsopp,https://www.allsoppandallsopp.com/dubai/property/lettings/L-296198,2026-09-22T03:19:48Z,,,,,Ask agent,,,,"{""parser"":""allsopp_public_rental"",""sourceCategory"":""apartments for rent"",""propertyType"":""apartment"",""bedrooms"":1,""bathrooms"":2,""sqft"":780.49,""priceTerm"":""per_year"",""furnished"":true,""parking"":false,""amenities"":""Balcony, Pool, Gym"",""address"":""Vida Dubai Mall Tower 2"",""neighborhood"":""Vida Residences Dubai Mall, Downtown Dubai"",""agentName"":""Katie Coyle"",""contactSource"":""https://www.allsoppandallsopp.com/dubai/property/lettings/L-296198"",""phoneVerifiedAt"":""2026-09-22T03:19:48Z"",""imageSourceUrl"":""https://www.allsoppandallsopp.com/dubai/property/lettings/L-296198"",""imageVerifiedAt"":""2026-10-09T18:51:36.373Z"",""imageIntegrityVersion"":""2026-10-07.1"",""listingIdentity"":{""version"":""2026-10-07.1"",""sourceUrl"":""https://www.allsoppandallsopp.com/dubai/property/lettings/L-296198"",""title"":""1-bedroom apartment for rent — Vida Residences Dubai Mall, Downtown Dubai"",""images"":[""https://images.allsoppandallsopp.com/public/temp/a0OdK000002MylxUAC_s_1-bedroom-apartment-in-vida-residences-dubai-mall-downtown-dubai-aed-150k-allsopp-and-allsopp-1-livingroom.jpg""],""phones"":[],""sellerId"":"""",""city"":"""",""checkedAt"":""2026-10-09T18:51:36.373Z""}}",active,2026-10-09T18:36:28Z,200,Matching listing has an available source offer,2026-10-09T18:36:28Z,https://www.allsoppandallsopp.com/dubai/property/lettings/L-296198,0,,visible,,
allsopp-dubai-l-296289,published,marketplace,real_estate,for_rent_long,"1-bedroom apartment for rent — Seventh Heaven, Seventh Heaven, Al Barari","AED 300,000/year",300000,AED,Dubai,United Arab Emirates,Allsopp & Allsopp — Chloe Pepworth,+971585228337,"1-bedroom apartment for rent — Seventh Heaven, Seventh Heaven, Al Barari. 2 bathroom(s), 1,920.00 sq ft. Unfurnished. . Annual rent: AED 300,000/year. Property reference: L-296289. Contact Chloe Pepworth at Allsopp & Allsopp for a viewing and rental terms.",https://images.allsoppandallsopp.com/public/temp/a0OdK000001ldrlUAA_s_1-bedroom-apartment-in-seventh-heaven-seventh-heaven-al-barari-aed-300k-allsopp-and-allsopp-12.jpg,Allsopp & Allsopp,https://www.allsoppandallsopp.com/dubai/property/lettings/L-296289,2026-09-22T03:19:48Z,,,,,Ask agent,,,,"{""parser"":""allsopp_public_rental"",""sourceCategory"":""apartments for rent"",""propertyType"":""apartment"",""bedrooms"":1,""bathrooms"":2,""sqft"":1920,""priceTerm"":""per_year"",""furnished"":false,""parking"":false,""amenities"":"""",""address"":"""",""neighborhood"":""Seventh Heaven, Seventh Heaven, Al Barari"",""agentName"":""Chloe Pepworth"",""contactSource"":""https://www.allsoppandallsopp.com/dubai/property/lettings/L-296289"",""phoneVerifiedAt"":""2026-09-22T03:19:48Z"",""imageSourceUrl"":""https://www.allsoppandallsopp.com/dubai/property/lettings/L-296289"",""imageVerifiedAt"":""2026-10-09T18:51:36.373Z"",""imageIntegrityVersion"":""2026-10-07.1"",""listingIdentity"":{""version"":""2026-10-07.1"",""sourceUrl"":""https://www.allsoppandallsopp.com/dubai/property/lettings/L-296289"",""title"":""1-bedroom apartment for rent — Seventh Heaven, Seventh Heaven, Al Barari"",""images"":[""https://images.allsoppandallsopp.com/public/temp/a0OdK000001ldrlUAA_s_1-bedroom-apartment-in-seventh-heaven-seventh-heaven-al-barari-aed-300k-allsopp-and-allsopp-12.jpg""],""phones"":[],""sellerId"":"""",""city"":"""",""checkedAt"":""2026-10-09T18:51:36.373Z""}}",active,2026-10-09T18:36:28Z,200,Matching listing has an available source offer,2026-10-09T18:36:28Z,https://www.allsoppandallsopp.com/dubai/property/lettings/L-296289,0,,visible,,
allsopp-dubai-l-296312,published,marketplace,real_estate,for_rent_long,"3-bedroom apartment for rent — The Residences 8, The Residences, Downtown Dubai","AED 300,000/year",300000,AED,Dubai,United Arab Emirates,Allsopp & Allsopp — Alexander Sariev,+971585982442,"3-bedroom apartment for rent — The Residences 8, The Residences, Downtown Dubai. 4 bathroom(s), 1,838.00 sq ft. Unfurnished. Balcony, Parking. Annual rent: AED 300,000/year. Property reference: L-296312. Contact Alexander Sariev at Allsopp & Allsopp for a viewing and rental terms.",https://images.allsoppandallsopp.com/public/temp/a0O4S000000VJGYUA4_s_3-bedroom-apartment-in-the-residences-8-the-residences-downtown-dubai-aed-300k-allsopp-and-allsopp-photo-2026-04-03-14-23-59-3.jpg,Allsopp & Allsopp,https://www.allsoppandallsopp.com/dubai/property/lettings/L-296312,2026-09-22T03:19:48Z,,,,,Ask agent,,,,"{""parser"":""allsopp_public_rental"",""sourceCategory"":""apartments for rent"",""propertyType"":""apartment"",""bedrooms"":3,""bathrooms"":4,""sqft"":1838,""priceTerm"":""per_year"",""furnished"":false,""parking"":true,""amenities"":""Balcony, Parking"",""address"":""The Residences 8"",""neighborhood"":""The Residences 8, The Residences, Downtown Dubai"",""agentName"":""Alexander Sariev"",""contactSource"":""https://www.allsoppandallsopp.com/dubai/property/lettings/L-296312"",""phoneVerifiedAt"":""2026-09-22T03:19:48Z"",""imageSourceUrl"":""https://www.allsoppandallsopp.com/dubai/property/lettings/L-296312"",""imageVerifiedAt"":""2026-10-09T18:51:36.373Z"",""imageIntegrityVersion"":""2026-10-07.1"",""listingIdentity"":{""version"":""2026-10-07.1"",""sourceUrl"":""https://www.allsoppandallsopp.com/dubai/property/lettings/L-296312"",""title"":""3-bedroom apartment for rent — The Residences 8, The Residences, Downtown Dubai"",""images"":[""https://images.allsoppandallsopp.com/public/temp/a0O4S000000VJGYUA4_s_3-bedroom-apartment-in-the-residences-8-the-residences-downtown-dubai-aed-300k-allsopp-and-allsopp-photo-2026-04-03-14-23-59-3.jpg""],""phones"":[],""sellerId"":"""",""city"":"""",""checkedAt"":""2026-10-09T18:51:36.373Z""}}",active,2026-10-09T18:36:28Z,200,Matching listing has an available source offer,2026-10-09T18:36:28Z,https://www.allsoppandallsopp.com/dubai/property/lettings/L-296312,0,,visible,,
allsopp-dubai-l-296313,published,marketplace,real_estate,for_rent_long,"1-bedroom apartment for rent — Sky Gardens, DIFC","AED 120,000/year",120000,AED,Dubai,United Arab Emirates,Allsopp & Allsopp — Deimante Nacyte,+971585482622,"1-bedroom apartment for rent — Sky Gardens, DIFC. 2 bathroom(s), 785.00 sq ft. Furnished. Gym, Parking. Annual rent: AED 120,000/year. Property reference: L-296313. Contact Deimante Nacyte at Allsopp & Allsopp for a viewing and rental terms.",https://images.allsoppandallsopp.com/public/temp/a0OdK000001epBJUAY_s_1-bedroom-apartment-in-sky-gardens-difc-aed-120k-allsopp-and-allsopp-img1702.jpg,Allsopp & Allsopp,https://www.allsoppandallsopp.com/dubai/property/lettings/L-296313,2026-09-22T03:19:48Z,,,,,Ask agent,,,,"{""parser"":""allsopp_public_rental"",""sourceCategory"":""apartments for rent"",""propertyType"":""apartment"",""bedrooms"":1,""bathrooms"":2,""sqft"":785,""priceTerm"":""per_year"",""furnished"":true,""parking"":true,""amenities"":""Gym, Parking"",""address"":"""",""neighborhood"":""Sky Gardens, DIFC"",""agentName"":""Deimante Nacyte"",""contactSource"":""https://www.allsoppandallsopp.com/dubai/property/lettings/L-296313"",""phoneVerifiedAt"":""2026-09-22T03:19:48Z"",""imageSourceUrl"":""https://www.allsoppandallsopp.com/dubai/property/lettings/L-296313"",""imageVerifiedAt"":""2026-10-09T18:51:36.373Z"",""imageIntegrityVersion"":""2026-10-07.1"",""listingIdentity"":{""version"":""2026-10-07.1"",""sourceUrl"":""https://www.allsoppandallsopp.com/dubai/property/lettings/L-296313"",""title"":""1-bedroom apartment for rent — Sky Gardens, DIFC"",""images"":[""https://images.allsoppandallsopp.com/public/temp/a0OdK000001epBJUAY_s_1-bedroom-apartment-in-sky-gardens-difc-aed-120k-allsopp-and-allsopp-img1702.jpg""],""phones"":[],""sellerId"":"""",""city"":"""",""checkedAt"":""2026-10-09T18:51:36.373Z""}}",active,2026-10-09T18:36:28Z,200,Matching listing has an available source offer,2026-10-09T18:36:28Z,https://www.allsoppandallsopp.com/dubai/property/lettings/L-296313,0,,visible,,
allsopp-dubai-l-296413,published,marketplace,real_estate,for_rent_long,"1-bedroom apartment for rent — Ellington House 2, Dubai Hills Estate","AED 150,000/year",150000,AED,Dubai,United Arab Emirates,Allsopp & Allsopp — Mohammed Valli,+971586895786,"1-bedroom apartment for rent — Ellington House 2, Dubai Hills Estate. 2 bathroom(s), 798.00 sq ft. Balcony, Parking. Annual rent: AED 150,000/year. Property reference: L-296413. Contact Mohammed Valli at Allsopp & Allsopp for a viewing and rental terms.",https://images.allsoppandallsopp.com/public/temp/a0OdK000000TJX7UAO_s_1-bedroom-apartment-in-ellington-house-2-dubai-hills-estate-aed-145k-allsopp-and-allsopp-img2084.jpg,Allsopp & Allsopp,https://www.allsoppandallsopp.com/dubai/property/lettings/L-296413,2026-09-22T03:19:48Z,,,,,Ask agent,,,,"{""parser"":""allsopp_public_rental"",""sourceCategory"":""apartments for rent"",""propertyType"":""apartment"",""bedrooms"":1,""bathrooms"":2,""sqft"":798,""priceTerm"":""per_year"",""furnished"":false,""parking"":true,""amenities"":""Balcony, Parking"",""address"":"""",""neighborhood"":""Ellington House 2, Dubai Hills Estate"",""agentName"":""Mohammed Valli"",""contactSource"":""https://www.allsoppandallsopp.com/dubai/property/lettings/L-296413"",""phoneVerifiedAt"":""2026-09-22T03:19:48Z"",""imageSourceUrl"":""https://www.allsoppandallsopp.com/dubai/property/lettings/L-296413"",""imageVerifiedAt"":""2026-10-09T18:51:36.373Z"",""imageIntegrityVersion"":""2026-10-07.1"",""listingIdentity"":{""version"":""2026-10-07.1"",""sourceUrl"":""https://www.allsoppandallsopp.com/dubai/property/lettings/L-296413"",""title"":""1-bedroom apartment for rent — Ellington House 2, Dubai Hills Estate"",""images"":[""https://images.allsoppandallsopp.com/public/temp/a0OdK000000TJX7UAO_s_1-bedroom-apartment-in-ellington-house-2-dubai-hills-estate-aed-145k-allsopp-and-allsopp-img2084.jpg""],""phones"":[],""sellerId"":"""",""city"":"""",""checkedAt"":""2026-10-09T18:51:36.373Z""}}",active,2026-10-09T18:36:28Z,200,Matching listing has an available source offer,2026-10-09T18:36:28Z,https://www.allsoppandallsopp.com/dubai/property/lettings/L-296413,0,,visible,,
allsopp-dubai-l-296429,published,marketplace,real_estate,for_rent_long,"1-bedroom apartment for rent — Regalia By Deyaar, Business Bay","AED 99,000/year",99000,AED,Dubai,United Arab Emirates,Allsopp & Allsopp — Oliver Youngs,+971585504887,"1-bedroom apartment for rent — Regalia By Deyaar, Business Bay. 2 bathroom(s), 814.28 sq ft. Furnished. Balcony, Pool, Gym, Parking. Annual rent: AED 99,000/year. Property reference: L-296429. Contact Oliver Youngs at Allsopp & Allsopp for a viewing and rental terms.",https://images.allsoppandallsopp.com/public/temp/a0OdK000002O4m5UAC_s_1-bedroom-apartment-in-regalia-by-deyaar-business-bay-aed-99k-allsopp-and-allsopp-whatsapp-image-2026-09-30-at-124844.jpeg,Allsopp & Allsopp,https://www.allsoppandallsopp.com/dubai/property/lettings/L-296429,2026-09-22T03:19:48Z,,,,,Ask agent,,,,"{""parser"":""allsopp_public_rental"",""sourceCategory"":""apartments for rent"",""propertyType"":""apartment"",""bedrooms"":1,""bathrooms"":2,""sqft"":814.28,""priceTerm"":""per_year"",""furnished"":true,""parking"":true,""amenities"":""Balcony, Pool, Gym, Parking"",""address"":"""",""neighborhood"":""Regalia By Deyaar, Business Bay"",""agentName"":""Oliver Youngs"",""contactSource"":""https://www.allsoppandallsopp.com/dubai/property/lettings/L-296429"",""phoneVerifiedAt"":""2026-09-22T03:19:48Z"",""imageSourceUrl"":""https://www.allsoppandallsopp.com/dubai/property/lettings/L-296429"",""imageVerifiedAt"":""2026-10-09T18:51:36.373Z"",""imageIntegrityVersion"":""2026-10-07.1"",""listingIdentity"":{""version"":""2026-10-07.1"",""sourceUrl"":""https://www.allsoppandallsopp.com/dubai/property/lettings/L-296429"",""title"":""1-bedroom apartment for rent — Regalia By Deyaar, Business Bay"",""images"":[""https://images.allsoppandallsopp.com/public/temp/a0OdK000002O4m5UAC_s_1-bedroom-apartment-in-regalia-by-deyaar-business-bay-aed-99k-allsopp-and-allsopp-whatsapp-image-2026-09-30-at-124844.jpeg""],""phones"":[],""sellerId"":"""",""city"":"""",""checkedAt"":""2026-10-09T18:51:36.373Z""}}",active,2026-10-09T18:36:28Z,200,Matching listing has an available source offer,2026-10-09T18:36:28Z,https://www.allsoppandallsopp.com/dubai/property/lettings/L-296429,0,,visible,,
allsopp-dubai-l-296495,published,marketplace,real_estate,for_rent_long,"2-bedroom apartment for rent — Aykon City, Business Bay","AED 120,000/year",120000,AED,Dubai,United Arab Emirates,Allsopp & Allsopp — Lucas Joshi,+971585286162,"2-bedroom apartment for rent — Aykon City, Business Bay. 2 bathroom(s), 815.00 sq ft. Pool. Annual rent: AED 120,000/year. Property reference: L-296495. Contact Lucas Joshi at Allsopp & Allsopp for a viewing and rental terms.",https://images.allsoppandallsopp.com/public/temp/a0OdK000002OprRUAS_s_2-bedroom-apartment-in-aykon-city-business-bay-aed-120k-allsopp-and-allsopp-image11.jpg,Allsopp & Allsopp,https://www.allsoppandallsopp.com/dubai/property/lettings/L-296495,2026-09-22T03:19:48Z,,,,,Ask agent,,,,"{""parser"":""allsopp_public_rental"",""sourceCategory"":""apartments for rent"",""propertyType"":""apartment"",""bedrooms"":2,""bathrooms"":2,""sqft"":815,""priceTerm"":""per_year"",""furnished"":false,""parking"":false,""amenities"":""Pool"",""address"":""Aykon City Tower C"",""neighborhood"":""Aykon City, Business Bay"",""agentName"":""Lucas Joshi"",""contactSource"":""https://www.allsoppandallsopp.com/dubai/property/lettings/L-296495"",""phoneVerifiedAt"":""2026-09-22T03:19:48Z"",""imageSourceUrl"":""https://www.allsoppandallsopp.com/dubai/property/lettings/L-296495"",""imageVerifiedAt"":""2026-10-09T18:51:36.373Z"",""imageIntegrityVersion"":""2026-10-07.1"",""listingIdentity"":{""version"":""2026-10-07.1"",""sourceUrl"":""https://www.allsoppandallsopp.com/dubai/property/lettings/L-296495"",""title"":""2-bedroom apartment for rent — Aykon City, Business Bay"",""images"":[""https://images.allsoppandallsopp.com/public/temp/a0OdK000002OprRUAS_s_2-bedroom-apartment-in-aykon-city-business-bay-aed-120k-allsopp-and-allsopp-image11.jpg""],""phones"":[],""sellerId"":"""",""city"":"""",""checkedAt"":""2026-10-09T18:51:36.373Z""}}",active,2026-10-09T18:36:28Z,200,Matching listing has an available source offer,2026-10-09T18:36:28Z,https://www.allsoppandallsopp.com/dubai/property/lettings/L-296495,0,,visible,,
allsopp-dubai-l-296745,published,marketplace,real_estate,for_rent_long,"2-bedroom apartment for rent — Vida Residence Downtown, Vida Residence Downtown, Downtown Dubai","AED 315,000/year",315000,AED,Dubai,United Arab Emirates,Allsopp & Allsopp — Katie Coyle,+971585901622,"2-bedroom apartment for rent — Vida Residence Downtown, Vida Residence Downtown, Downtown Dubai. 2 bathroom(s), 1,639.00 sq ft. Furnished. Pool, Gym. Annual rent: AED 315,000/year. Property reference: L-296745. Contact Katie Coyle at Allsopp & Allsopp for a viewing and rental terms.",https://images.allsoppandallsopp.com/public/temp/a0OdK000002RNXFUA4_s_2-bedroom-apartment-in-vida-residence-downtown-vida-residence-downtown-downtown-dubai-aed-315k-allsopp-and-allsopp-img4945.jpg,Allsopp & Allsopp,https://www.allsoppandallsopp.com/dubai/property/lettings/L-296745,2026-09-22T03:19:48Z,,,,,Ask agent,,,,"{""parser"":""allsopp_public_rental"",""sourceCategory"":""apartments for rent"",""propertyType"":""apartment"",""bedrooms"":2,""bathrooms"":2,""sqft"":1639,""priceTerm"":""per_year"",""furnished"":true,""parking"":false,""amenities"":""Pool, Gym"",""address"":"""",""neighborhood"":""Vida Residence Downtown, Vida Residence Downtown, Downtown Dubai"",""agentName"":""Katie Coyle"",""contactSource"":""https://www.allsoppandallsopp.com/dubai/property/lettings/L-296745"",""phoneVerifiedAt"":""2026-09-22T03:19:48Z"",""imageSourceUrl"":""https://www.allsoppandallsopp.com/dubai/property/lettings/L-296745"",""imageVerifiedAt"":""2026-10-09T18:51:36.373Z"",""imageIntegrityVersion"":""2026-10-07.1"",""listingIdentity"":{""version"":""2026-10-07.1"",""sourceUrl"":""https://www.allsoppandallsopp.com/dubai/property/lettings/L-296745"",""title"":""2-bedroom apartment for rent — Vida Residence Downtown, Vida Residence Downtown, Downtown Dubai"",""images"":[""https://images.allsoppandallsopp.com/public/temp/a0OdK000002RNXFUA4_s_2-bedroom-apartment-in-vida-residence-downtown-vida-residence-downtown-downtown-dubai-aed-315k-allsopp-and-allsopp-img4945.jpg""],""phones"":[],""sellerId"":"""",""city"":"""",""checkedAt"":""2026-10-09T18:51:36.373Z""}}",active,2026-10-09T18:36:28Z,200,Matching listing has an available source offer,2026-10-09T18:36:28Z,https://www.allsoppandallsopp.com/dubai/property/lettings/L-296745,0,,visible,,
allsopp-dubai-l-296753,published,marketplace,real_estate,for_rent_long,"3-bedroom apartment for rent — District One, Mohammed Bin Rashid City","AED 245,000/year",245000,AED,Dubai,United Arab Emirates,Allsopp & Allsopp — Thomas Cocksedge,+971585124308,"3-bedroom apartment for rent — District One, Mohammed Bin Rashid City. 4 bathroom(s), 1,920.82 sq ft. . Annual rent: AED 245,000/year. Property reference: L-296753. Contact Thomas Cocksedge at Allsopp & Allsopp for a viewing and rental terms.",https://images.allsoppandallsopp.com/public/temp/a0OdK000002Fh8LUAS_s_3-bedroom-apartment-in-district-one-mohammed-bin-rashid-city-aed-240k-allsopp-and-allsopp-photo-2026-03-18-15-43-453.jpg,Allsopp & Allsopp,https://www.allsoppandallsopp.com/dubai/property/lettings/L-296753,2026-09-22T03:19:48Z,,,,,Ask agent,,,,"{""parser"":""allsopp_public_rental"",""sourceCategory"":""apartments for rent"",""propertyType"":""apartment"",""bedrooms"":3,""bathrooms"":4,""sqft"":1920.82,""priceTerm"":""per_year"",""furnished"":false,""parking"":false,""amenities"":"""",""address"":""Residence 7"",""neighborhood"":""District One, Mohammed Bin Rashid City"",""agentName"":""Thomas Cocksedge"",""contactSource"":""https://www.allsoppandallsopp.com/dubai/property/lettings/L-296753"",""phoneVerifiedAt"":""2026-09-22T03:19:48Z"",""imageSourceUrl"":""https://www.allsoppandallsopp.com/dubai/property/lettings/L-296753"",""imageVerifiedAt"":""2026-10-09T18:51:36.373Z"",""imageIntegrityVersion"":""2026-10-07.1"",""listingIdentity"":{""version"":""2026-10-07.1"",""sourceUrl"":""https://www.allsoppandallsopp.com/dubai/property/lettings/L-296753"",""title"":""3-bedroom apartment for rent — District One, Mohammed Bin Rashid City"",""images"":[""https://images.allsoppandallsopp.com/public/temp/a0OdK000002Fh8LUAS_s_3-bedroom-apartment-in-district-one-mohammed-bin-rashid-city-aed-240k-allsopp-and-allsopp-photo-2026-03-18-15-43-453.jpg""],""phones"":[],""sellerId"":"""",""city"":"""",""checkedAt"":""2026-10-09T18:51:36.373Z""}}",active,2026-10-09T18:36:28Z,200,Matching listing has an available source offer,2026-10-09T18:36:28Z,https://www.allsoppandallsopp.com/dubai/property/lettings/L-296753,0,,visible,,
alba-dubai-1984,rejected,vehicles,vehicles,vehicles,2021 BMW 840i M Sport Convertible,"AED 209,999",209999,AED,Dubai,United Arab Emirates,Alba Cars,+97143772503,"2021 BMW 840i M Sport Convertible. 48,000 km. Automatic. Gray. Seller: Alba Cars, Al Quoz, Dubai.",https://storage.albacars.ae/vehicles/drafts/1984/1.jpg,Alba Cars,https://albacars.ae/buy-used-cars/vehicle/1984-bmw-8-series-840i-m-sport-convertible,2026-09-30T21:36:22Z,BMW,8-Series,,2021,used,Automatic,Gray,48000,"{""parser"":""alba_public_vehicle_schema"",""sourceCategory"":""vehicles"",""contactSource"":""https://albacars.ae/buy-used-cars/vehicle/1984-bmw-8-series-840i-m-sport-convertible"",""phoneVerifiedAt"":""2026-09-30T21:36:22Z"",""imageSourceUrl"":""https://albacars.ae/buy-used-cars/vehicle/1984-bmw-8-series-840i-m-sport-convertible"",""imageVerifiedAt"":""2026-10-08T19:00:24.916Z"",""imageIntegrityVersion"":""2026-10-07.1"",""bodyType"":""Convertible"",""fuelType"":""Petrol"",""engine"":{""@type"":""EngineSpecification"",""engineDisplacement"":""3.0 L"",""engineType"":""Petrol""},""sourceSpecifications"":[{""label"":""Service Contract"",""value"":""Paid add-on""},{""label"":""Vehicle Specification"",""value"":""GCC_SPECS""},{""label"":""Wheels Type"",""value"":""20""},{""label"":""Features"",""value"":""ISOFIX, Heads Up Display, Remote Start, Parking Sensors, Navigation, Adaptive Cruise, Keyless Start, Blind Spot Indicator, Keyless Entry, 360 Camera, Cooling Seats, Lane Assist, Wireless Charger, Electric Tailgate, Rear Camera, Cruise Control, Leather Seats, Driving Modes, Electric Seats""},{""label"":""Number Of Cylinders"",""value"":""6""},{""label"":""Interior Color"",""value"":""Red""}],""listingIdentity"":{""version"":""2026-10-07.1"",""sourceUrl"":""https://albacars.ae/buy-used-cars/vehicle/1984-bmw-8-series-840i-m-sport-convertible"",""title"":""2021 BMW 840i M Sport Convertible"",""images"":[""https://storage.albacars.ae/vehicles/drafts/1984/1.jpg""],""phones"":[],""sellerId"":"""",""city"":"""",""checkedAt"":""2026-10-08T19:00:24.916Z""}}",sold,2026-10-09T18:36:28Z,200,All offers for this exact listing are unavailable,2026-10-08T04:03:03Z,https://albacars.ae/buy-used-cars/vehicle/1984-bmw-8-series-840i-m-sport-convertible,5,2026-10-09T18:36:28Z,unavailable,All offers for this exact listing are unavailable,
alba-dubai-1983,published,vehicles,vehicles,vehicles,2025 BMW X1 M35i xDrive,"AED 219,999",219999,AED,Dubai,United Arab Emirates,Alba Cars,+97143772503,"2025 BMW X1 M35i xDrive. 8,000 km. Automatic. Black. Seller: Alba Cars, Al Quoz, Dubai.",https://storage.albacars.ae/vehicles/drafts/1983/1.jpg,Alba Cars,https://albacars.ae/buy-used-cars/vehicle/1983-bmw-x1-m35i-xdrive,2026-09-30T21:36:22Z,BMW,X1,,2025,used,Automatic,Black,8000,"{""parser"":""alba_public_vehicle_schema"",""sourceCategory"":""vehicles"",""contactSource"":""https://albacars.ae/buy-used-cars/vehicle/1983-bmw-x1-m35i-xdrive"",""phoneVerifiedAt"":""2026-09-30T21:36:22Z"",""imageSourceUrl"":""https://albacars.ae/buy-used-cars/vehicle/1983-bmw-x1-m35i-xdrive"",""imageVerifiedAt"":""2026-10-09T18:51:36.373Z"",""imageIntegrityVersion"":""2026-10-07.1"",""bodyType"":""SUV"",""fuelType"":""Petrol"",""engine"":{""@type"":""EngineSpecification"",""engineDisplacement"":""2.0 L"",""engineType"":""Petrol""},""sourceSpecifications"":[{""label"":""Service Contract"",""value"":""Until 22-FEB-2031 or 100,000 km""},{""label"":""Vehicle Specification"",""value"":""GCC_SPECS""},{""label"":""Wheels Type"",""value"":""20""},{""label"":""Features"",""value"":""ISOFIX, Ambient Lighting, Heads Up Display, Parking Sensors, Adaptive Cruise, Keyless Start, Blind Spot Indicator, Android Auto, Keyless Entry, 360 Camera, Electric Tailgate, Rear AC, Panoramic Sunroof, Apple Car Play, Leather Seats, Driving Modes, Electric Seats""},{""label"":""Number Of Cylinders"",""value"":""4""},{""label"":""Interior Color"",""value"":""Maroon""}],""listingIdentity"":{""version"":""2026-10-07.1"",""sourceUrl"":""https://albacars.ae/buy-used-cars/vehicle/1983-bmw-x1-m35i-xdrive"",""title"":""2025 BMW X1 M35i xDrive"",""images"":[""https://storage.albacars.ae/vehicles/drafts/1983/1.jpg""],""phones"":[],""sellerId"":"""",""city"":"""",""checkedAt"":""2026-10-09T18:51:36.373Z""}}",active,2026-10-09T18:36:28Z,200,Matching listing has an available source offer,2026-10-09T18:36:28Z,https://albacars.ae/buy-used-cars/vehicle/1983-bmw-x1-m35i-xdrive,0,,visible,,
alba-dubai-1981,published,vehicles,vehicles,vehicles,2024 BMW 218i MSport Gran Coupe,"AED 109,999",109999,AED,Dubai,United Arab Emirates,Alba Cars,+97143772503,"2024 BMW 218i MSport Gran Coupe. 30,000 km. Automatic. Gray. Seller: Alba Cars, Al Quoz, Dubai.",https://storage.albacars.ae/vehicles/drafts/1981/1.jpg,Alba Cars,https://albacars.ae/buy-used-cars/vehicle/1981-bmw-2-series-218i-m-sport,2026-09-30T21:36:22Z,BMW,2-Series,,2024,used,Automatic,Gray,30000,"{""parser"":""alba_public_vehicle_schema"",""sourceCategory"":""vehicles"",""contactSource"":""https://albacars.ae/buy-used-cars/vehicle/1981-bmw-2-series-218i-m-sport"",""phoneVerifiedAt"":""2026-09-30T21:36:22Z"",""imageSourceUrl"":""https://albacars.ae/buy-used-cars/vehicle/1981-bmw-2-series-218i-m-sport"",""imageVerifiedAt"":""2026-10-09T18:51:36.373Z"",""imageIntegrityVersion"":""2026-10-07.1"",""bodyType"":""Coupe"",""fuelType"":""Petrol"",""engine"":{""@type"":""EngineSpecification"",""engineDisplacement"":""1.5 L"",""engineType"":""Petrol""},""sourceSpecifications"":[{""label"":""Service Contract"",""value"":""Paid add-on""},{""label"":""Vehicle Specification"",""value"":""GCC_SPECS""},{""label"":""Wheels Type"",""value"":""18""},{""label"":""Features"",""value"":""ISOFIX, Parking Sensors, Navigation, Keyless Start, Blind Spot Indicator, Android Auto, Keyless Entry, Wireless Charger, Sunroof, Rear AC, Rear Camera, Apple Car Play, Cruise Control, Leather Seats, Driving Modes, Electric Seats""},{""label"":""Number Of Cylinders"",""value"":""3""},{""label"":""Interior Color"",""value"":""Red""}],""listingIdentity"":{""version"":""2026-10-07.1"",""sourceUrl"":""https://albacars.ae/buy-used-cars/vehicle/1981-bmw-2-series-218i-m-sport"",""title"":""2024 BMW 218i MSport Gran Coupe"",""images"":[""https://storage.albacars.ae/vehicles/drafts/1981/1.jpg""],""phones"":[],""sellerId"":"""",""city"":"""",""checkedAt"":""2026-10-09T18:51:36.373Z""}}",active,2026-10-09T18:36:28Z,200,Matching listing has an available source offer,2026-10-09T18:36:28Z,https://albacars.ae/buy-used-cars/vehicle/1981-bmw-2-series-218i-m-sport,0,,visible,,
alba-dubai-1979,rejected,vehicles,vehicles,vehicles,2020 Mini Cooper S JCW Kit,"AED 59,999",59999,AED,Dubai,United Arab Emirates,Alba Cars,+97143772503,"2020 Mini Cooper S JCW Kit. 76,000 km. Automatic. White. Seller: Alba Cars, Al Quoz, Dubai.",https://storage.albacars.ae/vehicles/drafts/1979/1.jpg?format=auto|https://storage.albacars.ae/vehicles/drafts/1979/2.jpg?format=auto|https://storage.albacars.ae/vehicles/drafts/1979/3.jpg?format=auto|https://storage.albacars.ae/vehicles/drafts/1979/4.jpg?format=auto,Alba Cars,https://albacars.ae/buy-used-cars/vehicle/1979-mini-cooper-s-jcw-kit,2026-09-30T21:36:22Z,MINI,Cooper,,2020,used,Automatic,White,76000,"{""parser"":""alba_public_vehicle_schema"",""sourceCategory"":""vehicles"",""contactSource"":""https://albacars.ae/buy-used-cars/vehicle/1979-mini-cooper-s-jcw-kit"",""phoneVerifiedAt"":""2026-09-30T21:36:22Z"",""imageSourceUrl"":""https://albacars.ae/buy-used-cars/vehicle/1979-mini-cooper-s-jcw-kit"",""imageVerifiedAt"":""2026-09-30T21:36:22Z"",""imageIntegrityVersion"":""2026-09-16.1"",""bodyType"":""Hatchback"",""fuelType"":""Petrol"",""engine"":{""@type"":""EngineSpecification"",""engineDisplacement"":""2.0 L"",""engineType"":""Petrol""},""sourceSpecifications"":[{""label"":""Service Contract"",""value"":""Paid add-on""},{""label"":""Vehicle Specification"",""value"":""GCC_SPECS""},{""label"":""Wheels Type"",""value"":""18""},{""label"":""Features"",""value"":""ISOFIX, Parking Sensors, Navigation, Adaptive Cruise, Rear Camera, Dual Sunroof, Apple Car Play, Leather Seats, Driving Modes""},{""label"":""Number Of Cylinders"",""value"":""4""},{""label"":""Interior Color"",""value"":""Brown""}]}",sold,2026-10-09T18:36:28Z,200,All offers for this exact listing are unavailable,2026-10-05T04:07:53Z,https://albacars.ae/buy-used-cars/vehicle/1979-mini-cooper-s-jcw-kit,7,2026-10-09T18:36:28Z,unavailable,All offers for this exact listing are unavailable,
alba-dubai-1925,rejected,vehicles,vehicles,vehicles,2024 TANK 300 Conquer,"AED 79,999",79999,AED,Dubai,United Arab Emirates,Alba Cars,+97143772503,"2024 TANK 300 Conquer. 82,000 km. Automatic. Gray. Seller: Alba Cars, Al Quoz, Dubai.",https://storage.albacars.ae/vehicles/drafts/1925/1.jpg?format=auto|https://storage.albacars.ae/vehicles/drafts/1925/2.jpg?format=auto|https://storage.albacars.ae/vehicles/drafts/1925/3.jpg?format=auto|https://storage.albacars.ae/vehicles/drafts/1925/4.jpg?format=auto,Alba Cars,https://albacars.ae/buy-used-cars/vehicle/1925-tank-300-conquer,2026-10-02T03:58:24Z,Tank,300,,2024,used,Automatic,Gray,82000,"{""parser"":""alba_public_vehicle_schema"",""sourceCategory"":""vehicles"",""contactSource"":""https://albacars.ae/buy-used-cars/vehicle/1925-tank-300-conquer"",""phoneVerifiedAt"":""2026-10-02T03:58:24Z"",""imageSourceUrl"":""https://albacars.ae/buy-used-cars/vehicle/1925-tank-300-conquer"",""imageVerifiedAt"":""2026-10-02T03:58:24Z"",""imageIntegrityVersion"":""2026-09-16.1"",""bodyType"":""SUV"",""fuelType"":""Petrol"",""engine"":{""@type"":""EngineSpecification"",""engineDisplacement"":""2.0 L"",""engineType"":""Petrol""},""sourceSpecifications"":[{""label"":""Service Contract"",""value"":""Paid add-on""},{""label"":""Vehicle Specification"",""value"":""GCC_SPECS""},{""label"":""Wheels Type"",""value"":""17""},{""label"":""Features"",""value"":""ISOFIX, Parking Sensors, Adaptive Cruise, Keyless Start, Android Auto, Keyless Entry, 360 Camera, Sunroof, Rear AC, Rear Camera, Apple Car Play, Cruise Control, Leather Seats, Driving Modes, Electric Seats""},{""label"":""Number Of Cylinders"",""value"":""4""},{""label"":""Interior Color"",""value"":""Black""}]}",sold,2026-10-09T18:36:28Z,200,All offers for this exact listing are unavailable,2026-10-02T03:59:08Z,https://albacars.ae/buy-used-cars/vehicle/1925-tank-300-conquer,13,2026-10-09T18:36:28Z,unavailable,All offers for this exact listing are unavailable,
alba-dubai-1136,rejected,vehicles,vehicles,vehicles,2023 Land Rover Discovery HSE,"AED 199,999",199999,AED,Dubai,United Arab Emirates,Alba Cars,+97143772503,"2023 Land Rover Discovery HSE. 19,000 km. Automatic. Blue. Seller: Alba Cars, Al Quoz, Dubai.",https://storage.albacars.ae/vehicles/drafts/1136/1.jpg?format=auto|https://storage.albacars.ae/vehicles/drafts/1136/2.jpg?format=auto|https://storage.albacars.ae/vehicles/drafts/1136/3.jpg?format=auto|https://storage.albacars.ae/vehicles/drafts/1136/4.jpg?format=auto,Alba Cars,https://albacars.ae/buy-used-cars/vehicle/1136-land-rover-discovery-hse,2026-10-09T04:04:05Z,Land Rover,Discovery,,2023,used,Automatic,Blue,19000,"{""parser"":""alba_public_vehicle_schema"",""sourceCategory"":""vehicles"",""contactSource"":""https://albacars.ae/buy-used-cars/vehicle/1136-land-rover-discovery-hse"",""phoneVerifiedAt"":""2026-10-09T04:04:05Z"",""imageSourceUrl"":""https://albacars.ae/buy-used-cars/vehicle/1136-land-rover-discovery-hse"",""imageVerifiedAt"":""2026-10-09T04:04:05Z"",""imageIntegrityVersion"":""2026-09-16.1"",""bodyType"":""SUV"",""fuelType"":""Petrol"",""engine"":{""@type"":""EngineSpecification"",""engineDisplacement"":""3.0 L"",""engineType"":""Petrol""},""sourceSpecifications"":[{""label"":""Service Contract"",""value"":""Paid add-on""},{""label"":""Vehicle Specification"",""value"":""EUROPEAN_SPECS""},{""label"":""Wheels Type"",""value"":""22""},{""label"":""Features"",""value"":""ISOFIX, Heads Up Display, Parking Sensors, Keyless Start, Blind Spot Indicator, Android Auto, Keyless Entry, Electric Rear Folding Seats, 360 Camera, Cooling Seats, Lane Assist, Wireless Charger, Electric Tailgate, Rear AC, Rear Camera, Dual Sunroof, Apple Car Play, Cruise Control, Leather Seats, Driving Modes, Electric Seats""},{""label"":""Number Of Cylinders"",""value"":""6""},{""label"":""Interior Color"",""value"":""Brown""}],""listingIdentity"":{""version"":""2026-10-07.1"",""sourceUrl"":""https://albacars.ae/buy-used-cars/vehicle/1136-land-rover-discovery-hse"",""title"":""2023 Land Rover Discovery HSE"",""images"":[""https://storage.albacars.ae/vehicles/drafts/1136/1.jpg""],""phones"":[],""sellerId"":"""",""city"":"""",""checkedAt"":""2026-10-08T01:19:31.906Z""}}",active,2026-10-09T18:36:28Z,200,Matching listing has an available source offer,2026-10-09T18:36:28Z,https://albacars.ae/buy-used-cars/vehicle/1136-land-rover-discovery-hse,0,,foreign_gallery,Gallery belongs to a different source listing.,
alba-dubai-1867,rejected,vehicles,vehicles,vehicles,2024 Volkswagen Golf R,"AED 159,499",159499,AED,Dubai,United Arab Emirates,Alba Cars,+97143772503,"2024 Volkswagen Golf R. 24,000 km. Automatic. Blue. Seller: Alba Cars, Al Quoz, Dubai.",https://storage.albacars.ae/vehicles/drafts/1867/1.jpg?format=auto|https://storage.albacars.ae/vehicles/drafts/1867/2.jpg?format=auto|https://storage.albacars.ae/vehicles/drafts/1867/3.jpg?format=auto|https://storage.albacars.ae/vehicles/drafts/1867/4.jpg?format=auto,Alba Cars,https://albacars.ae/buy-used-cars/vehicle/1867-volkswagen-golf-gt,2026-10-09T04:04:05Z,Volkswagen,Golf,,2024,used,Automatic,Blue,24000,"{""parser"":""alba_public_vehicle_schema"",""sourceCategory"":""vehicles"",""contactSource"":""https://albacars.ae/buy-used-cars/vehicle/1867-volkswagen-golf-gt"",""phoneVerifiedAt"":""2026-10-09T04:04:05Z"",""imageSourceUrl"":""https://albacars.ae/buy-used-cars/vehicle/1867-volkswagen-golf-gt"",""imageVerifiedAt"":""2026-10-09T04:04:05Z"",""imageIntegrityVersion"":""2026-09-16.1"",""bodyType"":""Hatchback"",""fuelType"":""Petrol"",""engine"":{""@type"":""EngineSpecification"",""engineDisplacement"":""2.0 L"",""engineType"":""Petrol""},""sourceSpecifications"":[{""label"":""Service Contract"",""value"":""Until 14-Aug-2027 or 45,000 KM""},{""label"":""Vehicle Specification"",""value"":""GCC_SPECS""},{""label"":""Wheels Type"",""value"":""19""},{""label"":""Features"",""value"":""ISOFIX, Ambient Lighting, Heads Up Display, Parking Sensors, Navigation, Keyless Start, Blind Spot Indicator, Android Auto, Cooling Seats, Lane Assist, Wireless Charger, Sunroof, Rear AC, Rear Camera, Apple Car Play, Cruise Control, Leather Seats, Driving Modes, Electric Seats""},{""label"":""Number Of Cylinders"",""value"":""4""},{""label"":""Interior Color"",""value"":""Black""}],""listingIdentity"":{""version"":""2026-10-07.1"",""sourceUrl"":""https://albacars.ae/buy-used-cars/vehicle/1867-volkswagen-golf-gt"",""title"":""2024 Volkswagen Golf R"",""images"":[""https://storage.albacars.ae/vehicles/drafts/1867/1.jpg""],""phones"":[],""sellerId"":"""",""city"":"""",""checkedAt"":""2026-10-08T01:19:31.906Z""}}",sold,2026-10-09T18:36:28Z,200,All offers for this exact listing are unavailable,2026-10-09T12:42:43Z,https://albacars.ae/buy-used-cars/vehicle/1867-volkswagen-golf-gt,1,2026-10-09T18:36:28Z,foreign_gallery,Gallery belongs to a different source listing.,
alba-dubai-1717,rejected,vehicles,vehicles,vehicles,2025 Chevrolet Silverado ZR2 6.2 V8,"AED 234,999",234999,AED,Dubai,United Arab Emirates,Alba Cars,+97143772503,"2025 Chevrolet Silverado ZR2 6.2 V8. 13,000 km. Automatic. Black. Seller: Alba Cars, Al Quoz, Dubai.",https://storage.albacars.ae/vehicles/drafts/1717/1.jpg?format=auto|https://storage.albacars.ae/vehicles/drafts/1717/2.jpg?format=auto|https://storage.albacars.ae/vehicles/drafts/1717/3.jpg?format=auto|https://storage.albacars.ae/vehicles/drafts/1717/4.jpg?format=auto,Alba Cars,https://albacars.ae/buy-used-cars/vehicle/1717-chevrolet-silverado,2026-10-09T04:04:05Z,Chevrolet,Silverado,,2025,used,Automatic,Black,13000,"{""parser"":""alba_public_vehicle_schema"",""sourceCategory"":""vehicles"",""contactSource"":""https://albacars.ae/buy-used-cars/vehicle/1717-chevrolet-silverado"",""phoneVerifiedAt"":""2026-10-09T04:04:05Z"",""imageSourceUrl"":""https://albacars.ae/buy-used-cars/vehicle/1717-chevrolet-silverado"",""imageVerifiedAt"":""2026-10-09T04:04:05Z"",""imageIntegrityVersion"":""2026-09-16.1"",""bodyType"":""Pickup"",""fuelType"":""Petrol"",""engine"":{""@type"":""EngineSpecification"",""engineDisplacement"":""6.2 L"",""engineType"":""Petrol""},""sourceSpecifications"":[{""label"":""Service Contract"",""value"":""Paid add-on""},{""label"":""Vehicle Specification"",""value"":""GCC_SPECS""},{""label"":""Wheels Type"",""value"":""18""},{""label"":""Features"",""value"":""ISOFIX, Heads Up Display, Remote Start, Parking Sensors, Navigation, Keyless Start, Blind Spot Indicator, Android Auto, Keyless Entry, 360 Camera, Cooling Seats, Lane Assist, Wireless Charger, Sunroof, Rear AC, Rear Camera, Apple Car Play, Cruise Control, Leather Seats, Electric Seats""},{""label"":""Number Of Cylinders"",""value"":""8""}],""listingIdentity"":{""version"":""2026-10-07.1"",""sourceUrl"":""https://albacars.ae/buy-used-cars/vehicle/1717-chevrolet-silverado"",""title"":""2025 Chevrolet Silverado ZR2 6.2 V8"",""images"":[""https://storage.albacars.ae/vehicles/drafts/1717/1.jpg""],""phones"":[],""sellerId"":"""",""city"":"""",""checkedAt"":""2026-10-08T01:19:31.906Z""}}",active,2026-10-09T18:36:28Z,200,Matching listing has an available source offer,2026-10-09T18:36:28Z,https://albacars.ae/buy-used-cars/vehicle/1717-chevrolet-silverado,0,,foreign_gallery,Gallery belongs to a different source listing.,
alba-dubai-1879,published,vehicles,vehicles,vehicles,2021 Mercedes-Benz G63 AMG,"AED 519,999",519999,AED,Dubai,United Arab Emirates,Alba Cars,+97143772503,"2021 Mercedes-Benz G63 AMG. 87,000 km. Automatic. Black. Seller: Alba Cars, Al Quoz, Dubai.",https://storage.albacars.ae/vehicles/drafts/1879/1.jpg,Alba Cars,https://albacars.ae/buy-used-cars/vehicle/1879-mercedes-benz-g-class-g-63-amg,2026-10-04T05:19:35Z,Mercedes-Benz,G-Class,,2021,used,Automatic,Black,87000,"{""parser"":""alba_public_vehicle_schema"",""sourceCategory"":""vehicles"",""contactSource"":""https://albacars.ae/buy-used-cars/vehicle/1879-mercedes-benz-g-class-g-63-amg"",""phoneVerifiedAt"":""2026-10-04T05:19:35Z"",""imageSourceUrl"":""https://albacars.ae/buy-used-cars/vehicle/1879-mercedes-benz-g-class-g-63-amg"",""imageVerifiedAt"":""2026-10-09T18:51:36.373Z"",""imageIntegrityVersion"":""2026-10-07.1"",""bodyType"":""SUV"",""fuelType"":""Petrol"",""engine"":{""@type"":""EngineSpecification"",""engineDisplacement"":""4.0 L"",""engineType"":""Petrol""},""sourceSpecifications"":[{""label"":""Service Contract"",""value"":""Paid add-on""},{""label"":""Vehicle Specification"",""value"":""GCC_SPECS""},{""label"":""Wheels Type"",""value"":""22""},{""label"":""Features"",""value"":""ISOFIX, Ambient Lighting, Parking Sensors, Navigation, Adaptive Cruise, Keyless Start, Blind Spot Indicator, Android Auto, 360 Camera, Cooling Seats, Lane Assist, Sunroof, Rear AC, Apple Car Play, Cruise Control, Leather Seats, Driving Modes, Electric Seats""},{""label"":""Number Of Cylinders"",""value"":""8""},{""label"":""Interior Color"",""value"":""Beige""}],""listingIdentity"":{""version"":""2026-10-07.1"",""sourceUrl"":""https://albacars.ae/buy-used-cars/vehicle/1879-mercedes-benz-g-class-g-63-amg"",""title"":""2021 Mercedes-Benz G63 AMG"",""images"":[""https://storage.albacars.ae/vehicles/drafts/1879/1.jpg""],""phones"":[],""sellerId"":"""",""city"":"""",""checkedAt"":""2026-10-09T18:51:36.373Z""}}",active,2026-10-09T18:36:28Z,200,Source title still matches the exact listing,2026-10-09T18:36:28Z,https://albacars.ae/buy-used-cars/vehicle/1879-mercedes-benz-g-class-g-63-amg,0,,visible,,
alba-dubai-1735,rejected,vehicles,vehicles,vehicles,2025 Mercedes-Benz GLC 200 Premium Plus,"AED 224,999",224999,AED,Dubai,United Arab Emirates,Alba Cars,+97143772503,"2025 Mercedes-Benz GLC 200 Premium Plus. 36,000 km. Automatic. Gray. Seller: Alba Cars, Al Quoz, Dubai.",https://storage.albacars.ae/vehicles/drafts/1735/1.jpg?format=auto|https://storage.albacars.ae/vehicles/drafts/1735/2.jpg?format=auto|https://storage.albacars.ae/vehicles/drafts/1735/3.jpg?format=auto|https://storage.albacars.ae/vehicles/drafts/1735/4.jpg?format=auto,Alba Cars,https://albacars.ae/buy-used-cars/vehicle/1735-mercedes-benz-glc-glc-200,2026-10-09T04:04:05Z,Mercedes-Benz,GLC,,2025,used,Automatic,Gray,36000,"{""parser"":""alba_public_vehicle_schema"",""sourceCategory"":""vehicles"",""contactSource"":""https://albacars.ae/buy-used-cars/vehicle/1735-mercedes-benz-glc-glc-200"",""phoneVerifiedAt"":""2026-10-09T04:04:05Z"",""imageSourceUrl"":""https://albacars.ae/buy-used-cars/vehicle/1735-mercedes-benz-glc-glc-200"",""imageVerifiedAt"":""2026-10-09T04:04:05Z"",""imageIntegrityVersion"":""2026-09-16.1"",""bodyType"":""SUV"",""fuelType"":""Petrol"",""engine"":{""@type"":""EngineSpecification"",""engineDisplacement"":""2.0 L"",""engineType"":""Petrol""},""sourceSpecifications"":[{""label"":""Service Contract"",""value"":""Until 25-JUN-2030 or 105,000 KM""},{""label"":""Vehicle Specification"",""value"":""GCC_SPECS""},{""label"":""Wheels Type"",""value"":""20""},{""label"":""Features"",""value"":""ISOFIX, Ambient Lighting, Heads Up Display, Parking Sensors, Navigation, Adaptive Cruise, Keyless Start, Blind Spot Indicator, Android Auto, Keyless Entry, Electric Rear Folding Seats, 360 Camera, Lane Assist, Wireless Charger, Electric Tailgate, Rear AC, Panoramic Sunroof, Apple Car Play, Leather Seats, Driving Modes, Electric Seats""},{""label"":""Number Of Cylinders"",""value"":""4""}],""listingIdentity"":{""version"":""2026-10-07.1"",""sourceUrl"":""https://albacars.ae/buy-used-cars/vehicle/1735-mercedes-benz-glc-glc-200"",""title"":""2025 Mercedes-Benz GLC 200 Premium Plus"",""images"":[""https://storage.albacars.ae/vehicles/drafts/1735/1.jpg""],""phones"":[],""sellerId"":"""",""city"":"""",""checkedAt"":""2026-10-08T01:19:31.906Z""}}",active,2026-10-09T18:36:28Z,200,Matching listing has an available source offer,2026-10-09T18:36:28Z,https://albacars.ae/buy-used-cars/vehicle/1735-mercedes-benz-glc-glc-200,0,,foreign_gallery,Gallery belongs to a different source listing.,
alba-dubai-292,published,vehicles,vehicles,vehicles,2021 Jaguar F-Pace P250 S,"AED 92,999",92999,AED,Dubai,United Arab Emirates,Alba Cars,+97143772503,"2021 Jaguar F-Pace P250 S. 106,000 km. Automatic. Red. Seller: Alba Cars, Al Quoz, Dubai.",https://storage.albacars.ae/vehicles/ee07d3c5-03b3-4c91-82af-7f2e4897e7c5/128da5b9-d107-40db-aef0-be9a7bc8857a.jpeg,Alba Cars,https://albacars.ae/buy-used-cars/vehicle/292-jaguar-f-pace-s,2026-10-09T04:04:05Z,Jaguar,F-Pace,,2021,used,Automatic,Red,106000,"{""parser"":""alba_public_vehicle_schema"",""sourceCategory"":""vehicles"",""contactSource"":""https://albacars.ae/buy-used-cars/vehicle/292-jaguar-f-pace-s"",""phoneVerifiedAt"":""2026-10-09T04:04:05Z"",""imageSourceUrl"":""https://albacars.ae/buy-used-cars/vehicle/292-jaguar-f-pace-s"",""imageVerifiedAt"":""2026-10-09T18:51:36.373Z"",""imageIntegrityVersion"":""2026-10-07.1"",""bodyType"":""SUV"",""fuelType"":""Petrol"",""engine"":{""@type"":""EngineSpecification"",""engineDisplacement"":""Unknown L"",""engineType"":""Petrol""},""sourceSpecifications"":[{""label"":""Service Contract"",""value"":""Paid add-on""},{""label"":""Vehicle Specification"",""value"":""GCC_SPECS""},{""label"":""Wheels Type"",""value"":""R19""},{""label"":""Features"",""value"":""ISOFIX, Parking Sensors, Navigation, Keyless Start, Blind Spot Indicator, Keyless Entry, 360 Camera, Electric Tailgate, Sunroof, Panoramic Sunroof, Rear Camera, Apple Car Play, Leather Seats, Driving Modes, Electric Seats""},{""label"":""Number Of Cylinders"",""value"":""4""},{""label"":""Interior Color"",""value"":""Brown""}],""listingIdentity"":{""version"":""2026-10-07.1"",""sourceUrl"":""https://albacars.ae/buy-used-cars/vehicle/292-jaguar-f-pace-s"",""title"":""2021 Jaguar F-Pace P250 S"",""images"":[""https://storage.albacars.ae/vehicles/ee07d3c5-03b3-4c91-82af-7f2e4897e7c5/128da5b9-d107-40db-aef0-be9a7bc8857a.jpeg""],""phones"":[],""sellerId"":"""",""city"":"""",""checkedAt"":""2026-10-09T18:51:36.373Z""}}",active,2026-10-09T18:36:28Z,200,Matching listing has an available source offer,2026-10-09T18:36:28Z,https://albacars.ae/buy-used-cars/vehicle/292-jaguar-f-pace-s,0,,visible,,
hgc-dubai-7e53087f0519d022,published,marketplace,electronics,computers_tablets,HP OMNIBOOK X FLIP 14-KB0023,"AED 4,399",4399,AED,Dubai,United Arab Emirates,HGC Technologies LLC,+97143864334,"HP OMNIBOOK X FLIP 14-KB0023 INTEL CORE ULTRA 7-355 16GB RAM 1TB SSD 14.0” 2K OLED TOUCHSCREEN DISPLAY 2-IN-1 FLIP CONVERTIBLE DESIGN COPILOT+ AI PC INTEL GRAPHICS BACKLIT KEYBOARD FINGERPRINT READER WINDOWS 11 METEOR SILVER COLOR. Condition: new. Stock code: HP OMNIBOOK X FLIP 14-KB0023. Seller: HGC Technologies LLC, Al Raffa Street, Bur Dubai. Price and stock from the public retail catalogue; contact the store for availability.",https://pisces.bbystatic.com/image2/BestBuy_US/images/products/16a15ae5-5a29-4fc4-a845-5629c0f88950.jpg;maxHeight=1920;maxWidth=900?format=webp,HGC Technologies,https://shop.hgctechdxb.com/,2026-10-05T04:07:28Z,,,,,new,,,,"{""parser"":""hgc_public_catalogue"",""catalogItemId"":""HP OMNIBOOK X FLIP 14-KB0023"",""stockSourceUrl"":""https://hgc-order-manager.onrender.com/api/public/catalogue"",""sourceCategory"":""Laptop"",""stockQuantity"":17,""contactSource"":""https://shop.hgctechdxb.com/"",""phoneVerifiedAt"":""2026-10-05T04:07:28Z"",""imageSourceUrl"":""https://shop.hgctechdxb.com/"",""imageVerifiedAt"":""2026-10-05T04:07:28Z"",""imageIntegrityVersion"":""2026-09-16.1""}",unknown,2026-10-09T18:36:28Z,403,Source returned a verification or access page,2026-10-05T04:07:28Z,https://shop.hgctechdxb.com/,0,,visible,,
allsopp-dubai-l-181061,published,marketplace,real_estate,for_rent_long,"1-bedroom apartment for rent — Dubai Creek Residence Tower 1 North, Dubai Creek Harbour (The Lagoons)","AED 115,000/year",115000,AED,Dubai,United Arab Emirates,Allsopp & Allsopp — Thomas Cocksedge,+971585124308,"1-bedroom apartment for rent — Dubai Creek Residence Tower 1 North, Dubai Creek Harbour (The Lagoons). 1 bathroom(s), 981.00 sq ft. Unfurnished. Balcony, Pool, Gym, Parking. Annual rent: AED 115,000/year. Property reference: L-181061. Contact Thomas Cocksedge at Allsopp & Allsopp for a viewing and rental terms.",https://images.allsoppandallsopp.com/public/temp/a0O4S000000Vv6mUAC_s_1-bedroom-apartment-in-dubai-creek-residence-tower-1-north-dubai-creek-harbour-the-lagoons-aed-115k-allsopp-and-allsopp-964878ee-693c-488b-95d9-f83dc46be09b.jpeg,Allsopp & Allsopp,https://www.allsoppandallsopp.com/dubai/property/lettings/L-181061,2026-09-30T21:36:27Z,,,,,Ask agent,,,,"{""parser"":""allsopp_public_rental"",""sourceCategory"":""apartments for rent"",""propertyType"":""apartment"",""bedrooms"":1,""bathrooms"":1,""sqft"":981,""priceTerm"":""per_year"",""furnished"":false,""parking"":true,""amenities"":""Balcony, Pool, Gym, Parking"",""address"":"""",""neighborhood"":""Dubai Creek Residence Tower 1 North, Dubai Creek Harbour (The Lagoons)"",""agentName"":""Thomas Cocksedge"",""contactSource"":""https://www.allsoppandallsopp.com/dubai/property/lettings/L-181061"",""phoneVerifiedAt"":""2026-09-30T21:36:27Z"",""imageSourceUrl"":""https://www.allsoppandallsopp.com/dubai/property/lettings/L-181061"",""imageVerifiedAt"":""2026-10-09T18:51:36.373Z"",""imageIntegrityVersion"":""2026-10-07.1"",""listingIdentity"":{""version"":""2026-10-07.1"",""sourceUrl"":""https://www.allsoppandallsopp.com/dubai/property/lettings/L-181061"",""title"":""1-bedroom apartment for rent — Dubai Creek Residence Tower 1 North, Dubai Creek Harbour (The Lagoons)"",""images"":[""https://images.allsoppandallsopp.com/public/temp/a0O4S000000Vv6mUAC_s_1-bedroom-apartment-in-dubai-creek-residence-tower-1-north-dubai-creek-harbour-the-lagoons-aed-115k-allsopp-and-allsopp-964878ee-693c-488b-95d9-f83dc46be09b.jpeg""],""phones"":[],""sellerId"":"""",""city"":"""",""checkedAt"":""2026-10-09T18:51:36.373Z""}}",active,2026-10-09T18:36:28Z,200,Matching listing has an available source offer,2026-10-09T18:36:28Z,https://www.allsoppandallsopp.com/dubai/property/lettings/L-181061,0,,visible,,
allsopp-dubai-l-310119,published,marketplace,real_estate,for_rent_long,"2-bedroom apartment for rent — Marina Promenade, Dubai Marina","AED 155,000/year",155000,AED,Dubai,United Arab Emirates,Allsopp & Allsopp — Georgia Ward,+971509724822,"2-bedroom apartment for rent — Marina Promenade, Dubai Marina. 3 bathroom(s), 1,366.00 sq ft. Unfurnished. Balcony. Annual rent: AED 155,000/year. Property reference: L-310119. Contact Georgia Ward at Allsopp & Allsopp for a viewing and rental terms.",https://images.allsoppandallsopp.com/public/temp/a0O4S000000V5QvUAK_s_2-bedroom-apartment-in-marina-promenade-dubai-marina-aed-155k-allsopp-and-allsopp-img3118.jpg,Allsopp & Allsopp,https://www.allsoppandallsopp.com/dubai/property/lettings/L-310119,2026-09-30T21:36:27Z,,,,,Ask agent,,,,"{""parser"":""allsopp_public_rental"",""sourceCategory"":""apartments for rent"",""propertyType"":""apartment"",""bedrooms"":2,""bathrooms"":3,""sqft"":1366,""priceTerm"":""per_year"",""furnished"":false,""parking"":false,""amenities"":""Balcony"",""address"":""Marina Promenade Delphine"",""neighborhood"":""Marina Promenade, Dubai Marina"",""agentName"":""Georgia Ward"",""contactSource"":""https://www.allsoppandallsopp.com/dubai/property/lettings/L-310119"",""phoneVerifiedAt"":""2026-09-30T21:36:27Z"",""imageSourceUrl"":""https://www.allsoppandallsopp.com/dubai/property/lettings/L-310119"",""imageVerifiedAt"":""2026-10-09T18:51:36.373Z"",""imageIntegrityVersion"":""2026-10-07.1"",""listingIdentity"":{""version"":""2026-10-07.1"",""sourceUrl"":""https://www.allsoppandallsopp.com/dubai/property/lettings/L-310119"",""title"":""2-bedroom apartment for rent — Marina Promenade, Dubai Marina"",""images"":[""https://images.allsoppandallsopp.com/public/temp/a0O4S000000V5QvUAK_s_2-bedroom-apartment-in-marina-promenade-dubai-marina-aed-155k-allsopp-and-allsopp-img3118.jpg""],""phones"":[],""sellerId"":"""",""city"":"""",""checkedAt"":""2026-10-09T18:51:36.373Z""}}",active,2026-10-09T18:36:28Z,200,Matching listing has an available source offer,2026-10-09T18:36:28Z,https://www.allsoppandallsopp.com/dubai/property/lettings/L-310119,0,,visible,,
allsopp-dubai-sup177007,published,marketplace,real_estate,for_rent_long,"2-bedroom apartment for rent — Shemara Tower, Marina Promenade, Dubai Marina","AED 165,000/year",165000,AED,Dubai,United Arab Emirates,Allsopp & Allsopp — Benjamin Austin,+971585358009,"2-bedroom apartment for rent — Shemara Tower, Marina Promenade, Dubai Marina. 2 bathroom(s), 1,410.00 sq ft. Unfurnished. Balcony, Pool. Annual rent: AED 165,000/year. Property reference: SUP177007. Contact Benjamin Austin at Allsopp & Allsopp for a viewing and rental terms.",https://images.allsoppandallsopp.com/public/temp/a0O4S000000VJJZUA4_s_2-bedroom-apartment-in-shemara-tower-marina-promenade-dubai-marina-aed-160k-allsopp-and-allsopp-6.jpeg,Allsopp & Allsopp,https://www.allsoppandallsopp.com/dubai/property/lettings/SUP177007,2026-09-30T21:36:27Z,,,,,Ask agent,,,,"{""parser"":""allsopp_public_rental"",""sourceCategory"":""apartments for rent"",""propertyType"":""apartment"",""bedrooms"":2,""bathrooms"":2,""sqft"":1410,""priceTerm"":""per_year"",""furnished"":false,""parking"":false,""amenities"":""Balcony, Pool"",""address"":""Shemara Tower"",""neighborhood"":""Shemara Tower, Marina Promenade, Dubai Marina"",""agentName"":""Benjamin Austin"",""contactSource"":""https://www.allsoppandallsopp.com/dubai/property/lettings/SUP177007"",""phoneVerifiedAt"":""2026-09-30T21:36:27Z"",""imageSourceUrl"":""https://www.allsoppandallsopp.com/dubai/property/lettings/SUP177007"",""imageVerifiedAt"":""2026-10-09T18:51:36.373Z"",""imageIntegrityVersion"":""2026-10-07.1"",""listingIdentity"":{""version"":""2026-10-07.1"",""sourceUrl"":""https://www.allsoppandallsopp.com/dubai/property/lettings/SUP177007"",""title"":""2-bedroom apartment for rent — Shemara Tower, Marina Promenade, Dubai Marina"",""images"":[""https://images.allsoppandallsopp.com/public/temp/a0O4S000000VJJZUA4_s_2-bedroom-apartment-in-shemara-tower-marina-promenade-dubai-marina-aed-160k-allsopp-and-allsopp-6.jpeg""],""phones"":[],""sellerId"":"""",""city"":"""",""checkedAt"":""2026-10-09T18:51:36.373Z""}}",active,2026-10-09T18:36:28Z,200,Matching listing has an available source offer,2026-10-09T18:36:28Z,https://www.allsoppandallsopp.com/dubai/property/lettings/SUP177007,0,,visible,,
allsopp-dubai-l-300216,published,marketplace,real_estate,for_rent_long,"1-bedroom apartment for rent — Cayan Tower, Dubai Marina","AED 130,000/year",130000,AED,Dubai,United Arab Emirates,Allsopp & Allsopp — Georgia Ward,+971509724822,"1-bedroom apartment for rent — Cayan Tower, Dubai Marina. 1 bathroom(s), 714.00 sq ft. Furnished. Balcony, Pool, Gym. Annual rent: AED 130,000/year. Property reference: L-300216. Contact Georgia Ward at Allsopp & Allsopp for a viewing and rental terms.",https://images.allsoppandallsopp.com/public/temp/a0O4S000000VCskUAG_s_1-bedroom-apartment-in-cayan-tower-dubai-marina-aed-95k-allsopp-and-allsopp-dub20850001.jpg,Allsopp & Allsopp,https://www.allsoppandallsopp.com/dubai/property/lettings/L-300216,2026-09-30T21:36:27Z,,,,,Ask agent,,,,"{""parser"":""allsopp_public_rental"",""sourceCategory"":""apartments for rent"",""propertyType"":""apartment"",""bedrooms"":1,""bathrooms"":1,""sqft"":714,""priceTerm"":""per_year"",""furnished"":true,""parking"":false,""amenities"":""Balcony, Pool, Gym"",""address"":"""",""neighborhood"":""Cayan Tower, Dubai Marina"",""agentName"":""Georgia Ward"",""contactSource"":""https://www.allsoppandallsopp.com/dubai/property/lettings/L-300216"",""phoneVerifiedAt"":""2026-09-30T21:36:27Z"",""imageSourceUrl"":""https://www.allsoppandallsopp.com/dubai/property/lettings/L-300216"",""imageVerifiedAt"":""2026-10-09T18:51:36.373Z"",""imageIntegrityVersion"":""2026-10-07.1"",""listingIdentity"":{""version"":""2026-10-07.1"",""sourceUrl"":""https://www.allsoppandallsopp.com/dubai/property/lettings/L-300216"",""title"":""1-bedroom apartment for rent — Cayan Tower, Dubai Marina"",""images"":[""https://images.allsoppandallsopp.com/public/temp/a0O4S000000VCskUAG_s_1-bedroom-apartment-in-cayan-tower-dubai-marina-aed-95k-allsopp-and-allsopp-dub20850001.jpg""],""phones"":[],""sellerId"":"""",""city"":"""",""checkedAt"":""2026-10-09T18:51:36.373Z""}}",active,2026-10-09T18:36:28Z,200,Matching listing has an available source offer,2026-10-09T18:36:28Z,https://www.allsoppandallsopp.com/dubai/property/lettings/L-300216,0,,visible,,
allsopp-dubai-l-306310,published,marketplace,real_estate,for_rent_long,"1-bedroom apartment for rent — District 10, Jumeirah Village Circle","AED 75,000/year",75000,AED,Dubai,United Arab Emirates,Allsopp & Allsopp — Yasmine Laanigui,+971586525304,"1-bedroom apartment for rent — District 10, Jumeirah Village Circle. 2 bathroom(s), 785.00 sq ft. Furnished. Balcony, Pool, Gym, Parking. Annual rent: AED 75,000/year. Property reference: L-306310. Contact Yasmine Laanigui at Allsopp & Allsopp for a viewing and rental terms.",https://images.allsoppandallsopp.com/public/temp/a0OdK0000028iCPUAY_s_1-bedroom-apartment-in-district-10-jumeirah-village-circle-aed-70k-allsopp-and-allsopp-bloom-heights-b-1.png,Allsopp & Allsopp,https://www.allsoppandallsopp.com/dubai/property/lettings/L-306310,2026-09-30T21:36:27Z,,,,,Ask agent,,,,"{""parser"":""allsopp_public_rental"",""sourceCategory"":""apartments for rent"",""propertyType"":""apartment"",""bedrooms"":1,""bathrooms"":2,""sqft"":785,""priceTerm"":""per_year"",""furnished"":true,""parking"":true,""amenities"":""Balcony, Pool, Gym, Parking"",""address"":""Bloom Heights B"",""neighborhood"":""District 10, Jumeirah Village Circle"",""agentName"":""Yasmine Laanigui"",""contactSource"":""https://www.allsoppandallsopp.com/dubai/property/lettings/L-306310"",""phoneVerifiedAt"":""2026-09-30T21:36:27Z"",""imageSourceUrl"":""https://www.allsoppandallsopp.com/dubai/property/lettings/L-306310"",""imageVerifiedAt"":""2026-10-09T18:51:36.373Z"",""imageIntegrityVersion"":""2026-10-07.1"",""listingIdentity"":{""version"":""2026-10-07.1"",""sourceUrl"":""https://www.allsoppandallsopp.com/dubai/property/lettings/L-306310"",""title"":""1-bedroom apartment for rent — District 10, Jumeirah Village Circle"",""images"":[""https://images.allsoppandallsopp.com/public/temp/a0OdK0000028iCPUAY_s_1-bedroom-apartment-in-district-10-jumeirah-village-circle-aed-70k-allsopp-and-allsopp-bloom-heights-b-1.png""],""phones"":[],""sellerId"":"""",""city"":"""",""checkedAt"":""2026-10-09T18:51:36.373Z""}}",active,2026-10-09T18:36:28Z,200,Matching listing has an available source offer,2026-10-09T18:36:28Z,https://www.allsoppandallsopp.com/dubai/property/lettings/L-306310,0,,visible,,
allsopp-dubai-l-210772,rejected,marketplace,real_estate,for_rent_long,"2-bedroom apartment for rent — Creek Horizon, Dubai Creek Harbour (The Lagoons)","AED 150,000/year",150000,AED,Dubai,United Arab Emirates,Allsopp & Allsopp — Mollie Joyner,+971586395122,"2-bedroom apartment for rent — Creek Horizon, Dubai Creek Harbour (The Lagoons). 2 bathroom(s), 1,211.00 sq ft. Furnished. Balcony, Pool, Gym. Annual rent: AED 150,000/year. Property reference: L-210772. Contact Mollie Joyner at Allsopp & Allsopp for a viewing and rental terms.",https://images.allsoppandallsopp.com/public/temp/a0O4S000000wqn0UAA_s_2-bedroom-apartment-in-creek-horizon-dubai-creek-harbour-the-lagoons-aed-150k-allsopp-and-allsopp-dsc07456.jpg,Allsopp & Allsopp,https://www.allsoppandallsopp.com/dubai/property/lettings/L-210772,2026-09-30T21:36:27Z,,,,,Ask agent,,,,"{""parser"":""allsopp_public_rental"",""sourceCategory"":""apartments for rent"",""propertyType"":""apartment"",""bedrooms"":2,""bathrooms"":2,""sqft"":1211,""priceTerm"":""per_year"",""furnished"":true,""parking"":false,""amenities"":""Balcony, Pool, Gym"",""address"":""Creek Horizon 2"",""neighborhood"":""Creek Horizon, Dubai Creek Harbour (The Lagoons)"",""agentName"":""Mollie Joyner"",""contactSource"":""https://www.allsoppandallsopp.com/dubai/property/lettings/L-210772"",""phoneVerifiedAt"":""2026-09-30T21:36:27Z"",""imageSourceUrl"":""https://www.allsoppandallsopp.com/dubai/property/lettings/L-210772"",""imageVerifiedAt"":""2026-10-08T09:03:39.996Z"",""imageIntegrityVersion"":""2026-10-07.1"",""listingIdentity"":{""version"":""2026-10-07.1"",""sourceUrl"":""https://www.allsoppandallsopp.com/dubai/property/lettings/L-210772"",""title"":""2-bedroom apartment for rent — Creek Horizon, Dubai Creek Harbour (The Lagoons)"",""images"":[""https://images.allsoppandallsopp.com/public/temp/a0O4S000000wqn0UAA_s_2-bedroom-apartment-in-creek-horizon-dubai-creek-harbour-the-lagoons-aed-150k-allsopp-and-allsopp-dsc07456.jpg""],""phones"":[],""sellerId"":"""",""city"":"""",""checkedAt"":""2026-10-08T09:03:39.996Z""}}",gone,2026-10-09T18:36:28Z,410,Exact source URL returned HTTP 410,2026-10-08T04:03:03Z,https://www.allsoppandallsopp.com/dubai/property/lettings/L-210772,5,2026-10-09T18:36:28Z,unavailable,Exact source URL returned HTTP 410,
allsopp-dubai-l-309004,published,marketplace,real_estate,for_rent_long,"1-bedroom apartment for rent — Tanaro, Tanaro, The Views","AED 88,000/year",88000,AED,Dubai,United Arab Emirates,Allsopp & Allsopp — Nazir Akbar,+971503044064,"1-bedroom apartment for rent — Tanaro, Tanaro, The Views. 1 bathroom(s), 746.05 sq ft. Unfurnished. Balcony. Annual rent: AED 88,000/year. Property reference: L-309004. Contact Nazir Akbar at Allsopp & Allsopp for a viewing and rental terms.",https://images.allsoppandallsopp.com/public/temp/a0O4S000000VhLjUAK_s_1-bedroom-apartment-in-tanaro-tanaro-the-views-aed-88k-allsopp-and-allsopp-img3324.jpg,Allsopp & Allsopp,https://www.allsoppandallsopp.com/dubai/property/lettings/L-309004,2026-10-04T05:19:42Z,,,,,Ask agent,,,,"{""parser"":""allsopp_public_rental"",""sourceCategory"":""apartments for rent"",""propertyType"":""apartment"",""bedrooms"":1,""bathrooms"":1,""sqft"":746.05,""priceTerm"":""per_year"",""furnished"":false,""parking"":false,""amenities"":""Balcony"",""address"":"""",""neighborhood"":""Tanaro, Tanaro, The Views"",""agentName"":""Nazir Akbar"",""contactSource"":""https://www.allsoppandallsopp.com/dubai/property/lettings/L-309004"",""phoneVerifiedAt"":""2026-10-04T05:19:42Z"",""imageSourceUrl"":""https://www.allsoppandallsopp.com/dubai/property/lettings/L-309004"",""imageVerifiedAt"":""2026-10-09T18:51:36.373Z"",""imageIntegrityVersion"":""2026-10-07.1"",""listingIdentity"":{""version"":""2026-10-07.1"",""sourceUrl"":""https://www.allsoppandallsopp.com/dubai/property/lettings/L-309004"",""title"":""1-bedroom apartment for rent — Tanaro, Tanaro, The Views"",""images"":[""https://images.allsoppandallsopp.com/public/temp/a0O4S000000VhLjUAK_s_1-bedroom-apartment-in-tanaro-tanaro-the-views-aed-88k-allsopp-and-allsopp-img3324.jpg""],""phones"":[],""sellerId"":"""",""city"":"""",""checkedAt"":""2026-10-09T18:51:36.373Z""}}",active,2026-10-09T18:36:28Z,200,Matching listing has an available source offer,2026-10-09T18:36:28Z,https://www.allsoppandallsopp.com/dubai/property/lettings/L-309004,0,,visible,,
allsopp-dubai-l-310097,published,marketplace,real_estate,for_rent_long,"3-bedroom apartment for rent — The Residences 6, The Residences, Downtown Dubai","AED 495,000/year",495000,AED,Dubai,United Arab Emirates,Allsopp & Allsopp — Alexander Sariev,+971585982442,"3-bedroom apartment for rent — The Residences 6, The Residences, Downtown Dubai. 4 bathroom(s), 3,181.00 sq ft. Furnished. . Annual rent: AED 495,000/year. Property reference: L-310097. Contact Alexander Sariev at Allsopp & Allsopp for a viewing and rental terms.",https://images.allsoppandallsopp.com/public/temp/a0OdK000003YQkjUAG_s_3-bedroom-apartment-in-the-residences-6-the-residences-downtown-dubai-aed-495k-allsopp-and-allsopp-balcony-1.jpeg,Allsopp & Allsopp,https://www.allsoppandallsopp.com/dubai/property/lettings/L-310097,2026-09-30T21:36:27Z,,,,,Ask agent,,,,"{""parser"":""allsopp_public_rental"",""sourceCategory"":""apartments for rent"",""propertyType"":""apartment"",""bedrooms"":3,""bathrooms"":4,""sqft"":3181,""priceTerm"":""per_year"",""furnished"":true,""parking"":false,""amenities"":"""",""address"":""EV06 Residences East Podium"",""neighborhood"":""The Residences 6, The Residences, Downtown Dubai"",""agentName"":""Alexander Sariev"",""contactSource"":""https://www.allsoppandallsopp.com/dubai/property/lettings/L-310097"",""phoneVerifiedAt"":""2026-09-30T21:36:27Z"",""imageSourceUrl"":""https://www.allsoppandallsopp.com/dubai/property/lettings/L-310097"",""imageVerifiedAt"":""2026-10-09T18:51:36.373Z"",""imageIntegrityVersion"":""2026-10-07.1"",""listingIdentity"":{""version"":""2026-10-07.1"",""sourceUrl"":""https://www.allsoppandallsopp.com/dubai/property/lettings/L-310097"",""title"":""3-bedroom apartment for rent — The Residences 6, The Residences, Downtown Dubai"",""images"":[""https://images.allsoppandallsopp.com/public/temp/a0OdK000003YQkjUAG_s_3-bedroom-apartment-in-the-residences-6-the-residences-downtown-dubai-aed-495k-allsopp-and-allsopp-balcony-1.jpeg""],""phones"":[],""sellerId"":"""",""city"":"""",""checkedAt"":""2026-10-09T18:51:36.373Z""}}",active,2026-10-09T18:36:28Z,200,Matching listing has an available source offer,2026-10-09T18:36:28Z,https://www.allsoppandallsopp.com/dubai/property/lettings/L-310097,0,,visible,,
allsopp-dubai-pjm190729,published,marketplace,real_estate,for_rent_long,"3-bedroom apartment for rent — Shams 1, Shams, Jumeirah Beach Residence","AED 170,000/year",170000,AED,Dubai,United Arab Emirates,Allsopp & Allsopp — Andrew Ballantyne,+971585842291,"3-bedroom apartment for rent — Shams 1, Shams, Jumeirah Beach Residence. 3 bathroom(s), 1,884.11 sq ft. Unfurnished. Parking. Annual rent: AED 170,000/year. Property reference: PJM190729. Contact Andrew Ballantyne at Allsopp & Allsopp for a viewing and rental terms.",https://images.allsoppandallsopp.com/public/temp/a0O4S000000VEtNUAW_s_3-bedroom-apartment-in-shams-1-shams-jumeirah-beach-residence-aed-170k-allsopp-and-allsopp-dsc07416-hdr.jpg,Allsopp & Allsopp,https://www.allsoppandallsopp.com/dubai/property/lettings/PJM190729,2026-09-30T21:36:27Z,,,,,Ask agent,,,,"{""parser"":""allsopp_public_rental"",""sourceCategory"":""apartments for rent"",""propertyType"":""apartment"",""bedrooms"":3,""bathrooms"":3,""sqft"":1884.11,""priceTerm"":""per_year"",""furnished"":false,""parking"":true,""amenities"":""Parking"",""address"":""Shams 1"",""neighborhood"":""Shams 1, Shams, Jumeirah Beach Residence"",""agentName"":""Andrew Ballantyne"",""contactSource"":""https://www.allsoppandallsopp.com/dubai/property/lettings/PJM190729"",""phoneVerifiedAt"":""2026-09-30T21:36:27Z"",""imageSourceUrl"":""https://www.allsoppandallsopp.com/dubai/property/lettings/PJM190729"",""imageVerifiedAt"":""2026-10-09T18:51:36.373Z"",""imageIntegrityVersion"":""2026-10-07.1"",""listingIdentity"":{""version"":""2026-10-07.1"",""sourceUrl"":""https://www.allsoppandallsopp.com/dubai/property/lettings/PJM190729"",""title"":""3-bedroom apartment for rent — Shams 1, Shams, Jumeirah Beach Residence"",""images"":[""https://images.allsoppandallsopp.com/public/temp/a0O4S000000VEtNUAW_s_3-bedroom-apartment-in-shams-1-shams-jumeirah-beach-residence-aed-170k-allsopp-and-allsopp-dsc07416-hdr.jpg""],""phones"":[],""sellerId"":"""",""city"":"""",""checkedAt"":""2026-10-09T18:51:36.373Z""}}",active,2026-10-09T18:36:28Z,200,Matching listing has an available source offer,2026-10-09T18:36:28Z,https://www.allsoppandallsopp.com/dubai/property/lettings/PJM190729,0,,visible,,
alba-dubai-1998,published,vehicles,vehicles,vehicles,2025 JAECOO J8 Premium,"AED 109,999",109999,AED,Dubai,United Arab Emirates,Alba Cars,+97143772503,"2025 JAECOO J8 Premium. 16,000 km. Automatic. Green. Seller: Alba Cars, Al Quoz, Dubai.",https://storage.albacars.ae/vehicles/drafts/1998/1.jpg,Alba Cars,https://albacars.ae/buy-used-cars/vehicle/1998-jaecoo-j8-premium,2026-10-02T03:58:24Z,Jaecoo,J8,,2025,used,Automatic,Green,16000,"{""parser"":""alba_public_vehicle_schema"",""sourceCategory"":""vehicles"",""contactSource"":""https://albacars.ae/buy-used-cars/vehicle/1998-jaecoo-j8-premium"",""phoneVerifiedAt"":""2026-10-02T03:58:24Z"",""imageSourceUrl"":""https://albacars.ae/buy-used-cars/vehicle/1998-jaecoo-j8-premium"",""imageVerifiedAt"":""2026-10-09T18:51:36.373Z"",""imageIntegrityVersion"":""2026-10-07.1"",""bodyType"":""SUV"",""fuelType"":""Petrol"",""engine"":{""@type"":""EngineSpecification"",""engineDisplacement"":""2.0 L"",""engineType"":""Petrol""},""sourceSpecifications"":[{""label"":""Service Contract"",""value"":""Paid add-on""},{""label"":""Vehicle Specification"",""value"":""GCC_SPECS""},{""label"":""Wheels Type"",""value"":""20""},{""label"":""Features"",""value"":""ISOFIX, Heads Up Display, Parking Sensors, Navigation, Adaptive Cruise, Keyless Start, Android Auto, Keyless Entry, 360 Camera, Wireless Charger, Sunroof, Rear AC, Rear Camera, Apple Car Play, Leather Seats, Electric Seats""},{""label"":""Number Of Cylinders"",""value"":""4""},{""label"":""Interior Color"",""value"":""Beige""}],""listingIdentity"":{""version"":""2026-10-07.1"",""sourceUrl"":""https://albacars.ae/buy-used-cars/vehicle/1998-jaecoo-j8-premium"",""title"":""2025 JAECOO J8 Premium"",""images"":[""https://storage.albacars.ae/vehicles/drafts/1998/1.jpg""],""phones"":[],""sellerId"":"""",""city"":"""",""checkedAt"":""2026-10-09T18:51:36.373Z""}}",active,2026-10-09T18:36:28Z,200,Matching listing has an available source offer,2026-10-09T18:36:28Z,https://albacars.ae/buy-used-cars/vehicle/1998-jaecoo-j8-premium,0,,visible,,
alba-dubai-1997,published,vehicles,vehicles,vehicles,2023 Audi SQ5,"AED 189,999",189999,AED,Dubai,United Arab Emirates,Alba Cars,+97143772503,"2023 Audi SQ5. 35,000 km. Automatic. Gray. Seller: Alba Cars, Al Quoz, Dubai.",https://storage.albacars.ae/vehicles/drafts/1997/1.jpg,Alba Cars,https://albacars.ae/buy-used-cars/vehicle/1997-audi-sq5-tfsi-quattro,2026-10-02T03:58:24Z,Audi,SQ5,,2023,used,Automatic,Gray,35000,"{""parser"":""alba_public_vehicle_schema"",""sourceCategory"":""vehicles"",""contactSource"":""https://albacars.ae/buy-used-cars/vehicle/1997-audi-sq5-tfsi-quattro"",""phoneVerifiedAt"":""2026-10-02T03:58:24Z"",""imageSourceUrl"":""https://albacars.ae/buy-used-cars/vehicle/1997-audi-sq5-tfsi-quattro"",""imageVerifiedAt"":""2026-10-09T18:51:36.373Z"",""imageIntegrityVersion"":""2026-10-07.1"",""bodyType"":""SUV"",""fuelType"":""Petrol"",""engine"":{""@type"":""EngineSpecification"",""engineDisplacement"":""3.0 L"",""engineType"":""Petrol""},""sourceSpecifications"":[{""label"":""Service Contract"",""value"":""Until 05-JAN-2028 or 75,000 Kms""},{""label"":""Vehicle Specification"",""value"":""GCC_SPECS""},{""label"":""Wheels Type"",""value"":""21""},{""label"":""Features"",""value"":""ISOFIX, Parking Sensors, Navigation, Keyless Start, Blind Spot Indicator, Android Auto, Keyless Entry, 360 Camera, Wireless Charger, Electric Tailgate, Rear AC, Panoramic Sunroof, Rear Camera, Apple Car Play, Cruise Control, Leather Seats, Driving Modes, Electric Seats""},{""label"":""Number Of Cylinders"",""value"":""6""},{""label"":""Interior Color"",""value"":""Red""}],""listingIdentity"":{""version"":""2026-10-07.1"",""sourceUrl"":""https://albacars.ae/buy-used-cars/vehicle/1997-audi-sq5-tfsi-quattro"",""title"":""2023 Audi SQ5"",""images"":[""https://storage.albacars.ae/vehicles/drafts/1997/1.jpg""],""phones"":[],""sellerId"":"""",""city"":"""",""checkedAt"":""2026-10-09T18:51:36.373Z""}}",active,2026-10-09T18:36:28Z,200,Matching listing has an available source offer,2026-10-09T18:36:28Z,https://albacars.ae/buy-used-cars/vehicle/1997-audi-sq5-tfsi-quattro,0,,visible,,
alba-dubai-1996,rejected,vehicles,vehicles,vehicles,2024 Volvo XC90 B6 Ultimate Bright,"AED 159,999",159999,AED,Dubai,United Arab Emirates,Alba Cars,+97143772503,"2024 Volvo XC90 B6 Ultimate Bright. 30,000 km. Automatic. Gray. Seller: Alba Cars, Al Quoz, Dubai.",https://storage.albacars.ae/vehicles/drafts/1996/1.jpg?format=auto|https://storage.albacars.ae/vehicles/drafts/1996/2.jpg?format=auto|https://storage.albacars.ae/vehicles/drafts/1996/3.jpg?format=auto|https://storage.albacars.ae/vehicles/drafts/1996/4.jpg?format=auto,Alba Cars,https://albacars.ae/buy-used-cars/vehicle/1996-volvo-xc90-b6-ultimate-bright,2026-10-02T03:58:24Z,Volvo,XC90,,2024,used,Automatic,Gray,30000,"{""parser"":""alba_public_vehicle_schema"",""sourceCategory"":""vehicles"",""contactSource"":""https://albacars.ae/buy-used-cars/vehicle/1996-volvo-xc90-b6-ultimate-bright"",""phoneVerifiedAt"":""2026-10-02T03:58:24Z"",""imageSourceUrl"":""https://albacars.ae/buy-used-cars/vehicle/1996-volvo-xc90-b6-ultimate-bright"",""imageVerifiedAt"":""2026-10-02T03:58:24Z"",""imageIntegrityVersion"":""2026-09-16.1"",""bodyType"":""SUV"",""fuelType"":""Hybrid"",""engine"":{""@type"":""EngineSpecification"",""engineDisplacement"":""2.0 L"",""engineType"":""Hybrid""},""sourceSpecifications"":[{""label"":""Service Contract"",""value"":""Paid add-on""},{""label"":""Vehicle Specification"",""value"":""GCC_SPECS""},{""label"":""Wheels Type"",""value"":""20""},{""label"":""Features"",""value"":""ISOFIX, Parking Sensors, Navigation, Keyless Start, Blind Spot Indicator, Android Auto, Keyless Entry, 360 Camera, Cooling Seats, Wireless Charger, Electric Tailgate, Rear AC, Panoramic Sunroof, Third Row AC, Apple Car Play, Cruise Control, Leather Seats, Driving Modes, Electric Seats""},{""label"":""Number Of Cylinders"",""value"":""4""},{""label"":""Interior Color"",""value"":""Beige""}]}",sold,2026-10-09T18:36:28Z,200,All offers for this exact listing are unavailable,2026-10-03T04:08:11Z,https://albacars.ae/buy-used-cars/vehicle/1996-volvo-xc90-b6-ultimate-bright,13,2026-10-09T18:36:28Z,unavailable,All offers for this exact listing are unavailable,
allsopp-dubai-l-310053,published,marketplace,real_estate,for_rent_long,"1-bedroom apartment for rent — Burj Views, Downtown Dubai","AED 115,000/year",115000,AED,Dubai,United Arab Emirates,Allsopp & Allsopp — Macy McIntyre,+971585670255,"1-bedroom apartment for rent — Burj Views, Downtown Dubai. 2 bathroom(s), 1,228.00 sq ft. Unfurnished. Balcony, Pool, Gym. Annual rent: AED 115,000/year. Property reference: L-310053. Contact Macy McIntyre at Allsopp & Allsopp for a viewing and rental terms.",https://images.allsoppandallsopp.com/public/temp/a0O4S000000VGI1UAO_s_1-bedroom-apartment-in-burj-views-downtown-dubai-aed-115k-allsopp-and-allsopp-whatsapp-image-2026-07-08-at-64358-am.jpeg,Allsopp & Allsopp,https://www.allsoppandallsopp.com/dubai/property/lettings/L-310053,2026-10-02T03:58:38Z,,,,,Ask agent,,,,"{""parser"":""allsopp_public_rental"",""sourceCategory"":""apartments for rent"",""propertyType"":""apartment"",""bedrooms"":1,""bathrooms"":2,""sqft"":1228,""priceTerm"":""per_year"",""furnished"":false,""parking"":false,""amenities"":""Balcony, Pool, Gym"",""address"":""Burj Views Podium"",""neighborhood"":""Burj Views, Downtown Dubai"",""agentName"":""Macy McIntyre"",""contactSource"":""https://www.allsoppandallsopp.com/dubai/property/lettings/L-310053"",""phoneVerifiedAt"":""2026-10-02T03:58:38Z"",""imageSourceUrl"":""https://www.allsoppandallsopp.com/dubai/property/lettings/L-310053"",""imageVerifiedAt"":""2026-10-09T18:51:36.373Z"",""imageIntegrityVersion"":""2026-10-07.1"",""listingIdentity"":{""version"":""2026-10-07.1"",""sourceUrl"":""https://www.allsoppandallsopp.com/dubai/property/lettings/L-310053"",""title"":""1-bedroom apartment for rent — Burj Views, Downtown Dubai"",""images"":[""https://images.allsoppandallsopp.com/public/temp/a0O4S000000VGI1UAO_s_1-bedroom-apartment-in-burj-views-downtown-dubai-aed-115k-allsopp-and-allsopp-whatsapp-image-2026-07-08-at-64358-am.jpeg""],""phones"":[],""sellerId"":"""",""city"":"""",""checkedAt"":""2026-10-09T18:51:36.373Z""}}",active,2026-10-09T18:36:28Z,200,Matching listing has an available source offer,2026-10-09T18:36:28Z,https://www.allsoppandallsopp.com/dubai/property/lettings/L-310053,0,,visible,,
allsopp-dubai-l-308780,rejected,marketplace,real_estate,for_rent_long,"1-bedroom apartment for rent — South Ridge, Downtown Dubai","AED 110,000/year",110000,AED,Dubai,United Arab Emirates,Allsopp & Allsopp — Oliver Youngs,+971509027505,"1-bedroom apartment for rent — South Ridge, Downtown Dubai. 2 bathroom(s), 974.00 sq ft. Balcony, Parking. Annual rent: AED 110,000/year. Property reference: L-308780. Contact Oliver Youngs at Allsopp & Allsopp for a viewing and rental terms.",https://images.allsoppandallsopp.com/public/temp/a0O4S000000VEA4UAO_s_1-bedroom-apartment-in-south-ridge-downtown-dubai-aed-110k-allsopp-and-allsopp-whatsapp-image-2026-09-09-at-134951-2.jpeg|https://images.allsoppandallsopp.com/public/temp/a0O4S000000VEA4UAO_s_1-bedroom-apartment-in-south-ridge-downtown-dubai-aed-110k-allsopp-and-allsopp-whatsapp-image-2026-09-09-at-134951-1.jpeg|https://images.allsoppandallsopp.com/public/temp/a0O4S000000VEA4UAO_s_1-bedroom-apartment-in-south-ridge-downtown-dubai-aed-110k-allsopp-and-allsopp-whatsapp-image-2026-09-09-at-134951.jpeg,Allsopp & Allsopp,https://www.allsoppandallsopp.com/dubai/property/lettings/L-308780,2026-10-04T05:19:42Z,,,,,Ask agent,,,,"{""parser"":""allsopp_public_rental"",""sourceCategory"":""apartments for rent"",""propertyType"":""apartment"",""bedrooms"":1,""bathrooms"":2,""sqft"":974,""priceTerm"":""per_year"",""furnished"":false,""parking"":true,""amenities"":""Balcony, Parking"",""address"":""South Ridge 3"",""neighborhood"":""South Ridge, Downtown Dubai"",""agentName"":""Oliver Youngs"",""contactSource"":""https://www.allsoppandallsopp.com/dubai/property/lettings/L-308780"",""phoneVerifiedAt"":""2026-10-04T05:19:42Z"",""imageSourceUrl"":""https://www.allsoppandallsopp.com/dubai/property/lettings/L-308780"",""imageVerifiedAt"":""2026-10-04T05:19:42Z"",""imageIntegrityVersion"":""2026-09-16.1""}",gone,2026-10-09T18:36:28Z,410,Exact source URL returned HTTP 410,2026-10-04T05:20:15Z,https://www.allsoppandallsopp.com/dubai/property/lettings/L-308780,10,2026-10-09T18:36:28Z,unavailable,Exact source URL returned HTTP 410,
allsopp-dubai-l-308792,published,marketplace,real_estate,for_rent_long,"1-bedroom apartment for rent — South Ridge, Downtown Dubai","AED 115,000/year",115000,AED,Dubai,United Arab Emirates,Allsopp & Allsopp — Macy McIntyre,+971585670255,"1-bedroom apartment for rent — South Ridge, Downtown Dubai. 2 bathroom(s), 1,091.03 sq ft. Unfurnished. . Annual rent: AED 115,000/year. Property reference: L-308792. Contact Macy McIntyre at Allsopp & Allsopp for a viewing and rental terms.",https://images.allsoppandallsopp.com/public/temp/a0O4V00000NajZqUAJ_s_1-bedroom-apartment-in-south-ridge-downtown-dubai-aed-115k-allsopp-and-allsopp-img3789.jpeg,Allsopp & Allsopp,https://www.allsoppandallsopp.com/dubai/property/lettings/L-308792,2026-10-04T05:19:42Z,,,,,Ask agent,,,,"{""parser"":""allsopp_public_rental"",""sourceCategory"":""apartments for rent"",""propertyType"":""apartment"",""bedrooms"":1,""bathrooms"":2,""sqft"":1091.03,""priceTerm"":""per_year"",""furnished"":false,""parking"":false,""amenities"":"""",""address"":""South Ridge 5"",""neighborhood"":""South Ridge, Downtown Dubai"",""agentName"":""Macy McIntyre"",""contactSource"":""https://www.allsoppandallsopp.com/dubai/property/lettings/L-308792"",""phoneVerifiedAt"":""2026-10-04T05:19:42Z"",""imageSourceUrl"":""https://www.allsoppandallsopp.com/dubai/property/lettings/L-308792"",""imageVerifiedAt"":""2026-10-09T18:51:36.373Z"",""imageIntegrityVersion"":""2026-10-07.1"",""listingIdentity"":{""version"":""2026-10-07.1"",""sourceUrl"":""https://www.allsoppandallsopp.com/dubai/property/lettings/L-308792"",""title"":""1-bedroom apartment for rent — South Ridge, Downtown Dubai"",""images"":[""https://images.allsoppandallsopp.com/public/temp/a0O4V00000NajZqUAJ_s_1-bedroom-apartment-in-south-ridge-downtown-dubai-aed-115k-allsopp-and-allsopp-img3789.jpeg""],""phones"":[],""sellerId"":"""",""city"":"""",""checkedAt"":""2026-10-09T18:51:36.373Z""}}",active,2026-10-09T18:36:28Z,200,Matching listing has an available source offer,2026-10-09T18:36:28Z,https://www.allsoppandallsopp.com/dubai/property/lettings/L-308792,0,,visible,,
allsopp-dubai-l-308817,published,marketplace,real_estate,for_rent_long,"1-bedroom apartment for rent — The Residences at Business Central, Business Bay","AED 80,000/year",80000,AED,Dubai,United Arab Emirates,Allsopp & Allsopp — Oliver Youngs,+971509027505,"1-bedroom apartment for rent — The Residences at Business Central, Business Bay. 2 bathroom(s), 920.00 sq ft. Pool, Gym. Annual rent: AED 80,000/year. Property reference: L-308817. Contact Oliver Youngs at Allsopp & Allsopp for a viewing and rental terms.",https://images.allsoppandallsopp.com/public/temp/a0OdK000001MDMDUA4_s_1-bedroom-apartment-in-the-residences-at-business-central-business-bay-aed-80k-allsopp-and-allsopp-whatsapp-image-2026-08-13-at-094106.jpeg,Allsopp & Allsopp,https://www.allsoppandallsopp.com/dubai/property/lettings/L-308817,2026-10-02T03:58:38Z,,,,,Ask agent,,,,"{""parser"":""allsopp_public_rental"",""sourceCategory"":""apartments for rent"",""propertyType"":""apartment"",""bedrooms"":1,""bathrooms"":2,""sqft"":920,""priceTerm"":""per_year"",""furnished"":false,""parking"":false,""amenities"":""Pool, Gym"",""address"":"""",""neighborhood"":""The Residences at Business Central, Business Bay"",""agentName"":""Oliver Youngs"",""contactSource"":""https://www.allsoppandallsopp.com/dubai/property/lettings/L-308817"",""phoneVerifiedAt"":""2026-10-02T03:58:38Z"",""imageSourceUrl"":""https://www.allsoppandallsopp.com/dubai/property/lettings/L-308817"",""imageVerifiedAt"":""2026-10-09T18:51:36.373Z"",""imageIntegrityVersion"":""2026-10-07.1"",""listingIdentity"":{""version"":""2026-10-07.1"",""sourceUrl"":""https://www.allsoppandallsopp.com/dubai/property/lettings/L-308817"",""title"":""1-bedroom apartment for rent — The Residences at Business Central, Business Bay"",""images"":[""https://images.allsoppandallsopp.com/public/temp/a0OdK000001MDMDUA4_s_1-bedroom-apartment-in-the-residences-at-business-central-business-bay-aed-80k-allsopp-and-allsopp-whatsapp-image-2026-08-13-at-094106.jpeg""],""phones"":[],""sellerId"":"""",""city"":"""",""checkedAt"":""2026-10-09T18:51:36.373Z""}}",active,2026-10-09T18:36:28Z,200,Matching listing has an available source offer,2026-10-09T18:36:28Z,https://www.allsoppandallsopp.com/dubai/property/lettings/L-308817,0,,visible,,
allsopp-dubai-l-308838,published,marketplace,real_estate,for_rent_long,"1-bedroom apartment for rent — Oia Residence, Motor City","AED 85,000/year",85000,AED,Dubai,United Arab Emirates,Allsopp & Allsopp — Daniel Polerca,+971585868834,"1-bedroom apartment for rent — Oia Residence, Motor City. 2 bathroom(s), 846.00 sq ft. Unfurnished. Pool, Gym, Parking. Annual rent: AED 85,000/year. Property reference: L-308838. Contact Daniel Polerca at Allsopp & Allsopp for a viewing and rental terms.",https://images.allsoppandallsopp.com/public/temp/a0O4S000000V4D2UAK_s_1-bedroom-apartment-in-oia-residence-motor-city-aed-85k-allsopp-and-allsopp-chatgpt-image-aug-31-2026-023054-pm.png,Allsopp & Allsopp,https://www.allsoppandallsopp.com/dubai/property/lettings/L-308838,2026-10-06T04:00:06Z,,,,,Ask agent,,,,"{""parser"":""allsopp_public_rental"",""sourceCategory"":""apartments for rent"",""propertyType"":""apartment"",""bedrooms"":1,""bathrooms"":2,""sqft"":846,""priceTerm"":""per_year"",""furnished"":false,""parking"":true,""amenities"":""Pool, Gym, Parking"",""address"":"""",""neighborhood"":""Oia Residence, Motor City"",""agentName"":""Daniel Polerca"",""contactSource"":""https://www.allsoppandallsopp.com/dubai/property/lettings/L-308838"",""phoneVerifiedAt"":""2026-10-06T04:00:06Z"",""imageSourceUrl"":""https://www.allsoppandallsopp.com/dubai/property/lettings/L-308838"",""imageVerifiedAt"":""2026-10-09T18:51:36.373Z"",""imageIntegrityVersion"":""2026-10-07.1"",""listingIdentity"":{""version"":""2026-10-07.1"",""sourceUrl"":""https://www.allsoppandallsopp.com/dubai/property/lettings/L-308838"",""title"":""1-bedroom apartment for rent — Oia Residence, Motor City"",""images"":[""https://images.allsoppandallsopp.com/public/temp/a0O4S000000V4D2UAK_s_1-bedroom-apartment-in-oia-residence-motor-city-aed-85k-allsopp-and-allsopp-chatgpt-image-aug-31-2026-023054-pm.png""],""phones"":[],""sellerId"":"""",""city"":"""",""checkedAt"":""2026-10-09T18:51:36.373Z""}}",active,2026-10-09T18:36:28Z,200,Matching listing has an available source offer,2026-10-09T18:36:28Z,https://www.allsoppandallsopp.com/dubai/property/lettings/L-308838,0,,visible,,
allsopp-dubai-l-311318,published,marketplace,real_estate,for_rent_long,"1-bedroom apartment for rent — The Cove, Dubai Creek Harbour (The Lagoons)","AED 90,000/year",90000,AED,Dubai,United Arab Emirates,Allsopp & Allsopp — Connor McGregor,+971586060181,"1-bedroom apartment for rent — The Cove, Dubai Creek Harbour (The Lagoons). 1 bathroom(s), 776.19 sq ft. Pool, Gym. Annual rent: AED 90,000/year. Property reference: L-311318. Contact Connor McGregor at Allsopp & Allsopp for a viewing and rental terms.",https://images.allsoppandallsopp.com/public/temp/a0OdK000003cLuXUAU_s_1-bedroom-apartment-in-the-cove-dubai-creek-harbour-the-lagoons-aed-90k-allsopp-and-allsopp-img6809.jpeg,Allsopp & Allsopp,https://www.allsoppandallsopp.com/dubai/property/lettings/L-311318,2026-10-02T03:58:38Z,,,,,Ask agent,,,,"{""parser"":""allsopp_public_rental"",""sourceCategory"":""apartments for rent"",""propertyType"":""apartment"",""bedrooms"":1,""bathrooms"":1,""sqft"":776.19,""priceTerm"":""per_year"",""furnished"":false,""parking"":false,""amenities"":""Pool, Gym"",""address"":""The Cove Building 3"",""neighborhood"":""The Cove, Dubai Creek Harbour (The Lagoons)"",""agentName"":""Connor McGregor"",""contactSource"":""https://www.allsoppandallsopp.com/dubai/property/lettings/L-311318"",""phoneVerifiedAt"":""2026-10-02T03:58:38Z"",""imageSourceUrl"":""https://www.allsoppandallsopp.com/dubai/property/lettings/L-311318"",""imageVerifiedAt"":""2026-10-09T18:51:36.373Z"",""imageIntegrityVersion"":""2026-10-07.1"",""listingIdentity"":{""version"":""2026-10-07.1"",""sourceUrl"":""https://www.allsoppandallsopp.com/dubai/property/lettings/L-311318"",""title"":""1-bedroom apartment for rent — The Cove, Dubai Creek Harbour (The Lagoons)"",""images"":[""https://images.allsoppandallsopp.com/public/temp/a0OdK000003cLuXUAU_s_1-bedroom-apartment-in-the-cove-dubai-creek-harbour-the-lagoons-aed-90k-allsopp-and-allsopp-img6809.jpeg""],""phones"":[],""sellerId"":"""",""city"":"""",""checkedAt"":""2026-10-09T18:51:36.373Z""}}",active,2026-10-09T18:36:28Z,200,Matching listing has an available source offer,2026-10-09T18:36:28Z,https://www.allsoppandallsopp.com/dubai/property/lettings/L-311318,0,,visible,,
allsopp-dubai-l-311274,published,marketplace,real_estate,for_rent_long,"3-bedroom apartment for rent — Claren Towers, Downtown Dubai","AED 200,000/year",200000,AED,Dubai,United Arab Emirates,Allsopp & Allsopp — Hamda Abdi,+971524643371,"3-bedroom apartment for rent — Claren Towers, Downtown Dubai. 3 bathroom(s), 1,441.00 sq ft. Unfurnished. Balcony, Pool, Gym. Annual rent: AED 200,000/year. Property reference: L-311274. Contact Hamda Abdi at Allsopp & Allsopp for a viewing and rental terms.",https://images.allsoppandallsopp.com/public/temp/a0OdK000003KVsMUAW_s_3-bedroom-apartment-in-claren-towers-downtown-dubai-aed-200k-allsopp-and-allsopp-2d631a74-b84d-40e5-aaa1-f1dd3839ee64.png,Allsopp & Allsopp,https://www.allsoppandallsopp.com/dubai/property/lettings/L-311274,2026-10-02T03:58:38Z,,,,,Ask agent,,,,"{""parser"":""allsopp_public_rental"",""sourceCategory"":""apartments for rent"",""propertyType"":""apartment"",""bedrooms"":3,""bathrooms"":3,""sqft"":1441,""priceTerm"":""per_year"",""furnished"":false,""parking"":false,""amenities"":""Balcony, Pool, Gym"",""address"":""Claren Tower 1"",""neighborhood"":""Claren Towers, Downtown Dubai"",""agentName"":""Hamda Abdi"",""contactSource"":""https://www.allsoppandallsopp.com/dubai/property/lettings/L-311274"",""phoneVerifiedAt"":""2026-10-02T03:58:38Z"",""imageSourceUrl"":""https://www.allsoppandallsopp.com/dubai/property/lettings/L-311274"",""imageVerifiedAt"":""2026-10-09T18:51:36.373Z"",""imageIntegrityVersion"":""2026-10-07.1"",""listingIdentity"":{""version"":""2026-10-07.1"",""sourceUrl"":""https://www.allsoppandallsopp.com/dubai/property/lettings/L-311274"",""title"":""3-bedroom apartment for rent — Claren Towers, Downtown Dubai"",""images"":[""https://images.allsoppandallsopp.com/public/temp/a0OdK000003KVsMUAW_s_3-bedroom-apartment-in-claren-towers-downtown-dubai-aed-200k-allsopp-and-allsopp-2d631a74-b84d-40e5-aaa1-f1dd3839ee64.png""],""phones"":[],""sellerId"":"""",""city"":"""",""checkedAt"":""2026-10-09T18:51:36.373Z""}}",active,2026-10-09T18:36:28Z,200,Matching listing has an available source offer,2026-10-09T18:36:28Z,https://www.allsoppandallsopp.com/dubai/property/lettings/L-311274,0,,visible,,
allsopp-dubai-l-310497,published,marketplace,real_estate,for_rent_long,"1-bedroom apartment for rent — Sadaf, Jumeirah Beach Residence","AED 120,000/year",120000,AED,Dubai,United Arab Emirates,Allsopp & Allsopp — Andrew Ballantyne,+971585842291,"1-bedroom apartment for rent — Sadaf, Jumeirah Beach Residence. 2 bathroom(s), 1,332.00 sq ft. Unfurnished. Balcony, Pool, Gym. Annual rent: AED 120,000/year. Property reference: L-310497. Contact Andrew Ballantyne at Allsopp & Allsopp for a viewing and rental terms.",https://images.allsoppandallsopp.com/public/temp/a0OdK000001KT5JUAW_s_1-bedroom-apartment-in-sadaf-jumeirah-beach-residence-aed-120k-allsopp-and-allsopp-a0o4s000000vewsuagl1-bedroom-apartment-in-sadaf-1-jumeirah-beach-residence-allsopp-and-allsopp-pjm19119109.jpeg,Allsopp & Allsopp,https://www.allsoppandallsopp.com/dubai/property/lettings/L-310497,2026-10-02T03:58:38Z,,,,,Ask agent,,,,"{""parser"":""allsopp_public_rental"",""sourceCategory"":""apartments for rent"",""propertyType"":""apartment"",""bedrooms"":1,""bathrooms"":2,""sqft"":1332,""priceTerm"":""per_year"",""furnished"":false,""parking"":false,""amenities"":""Balcony, Pool, Gym"",""address"":""Sadaf 6"",""neighborhood"":""Sadaf, Jumeirah Beach Residence"",""agentName"":""Andrew Ballantyne"",""contactSource"":""https://www.allsoppandallsopp.com/dubai/property/lettings/L-310497"",""phoneVerifiedAt"":""2026-10-02T03:58:38Z"",""imageSourceUrl"":""https://www.allsoppandallsopp.com/dubai/property/lettings/L-310497"",""imageVerifiedAt"":""2026-10-09T18:51:36.373Z"",""imageIntegrityVersion"":""2026-10-07.1"",""listingIdentity"":{""version"":""2026-10-07.1"",""sourceUrl"":""https://www.allsoppandallsopp.com/dubai/property/lettings/L-310497"",""title"":""1-bedroom apartment for rent — Sadaf, Jumeirah Beach Residence"",""images"":[""https://images.allsoppandallsopp.com/public/temp/a0OdK000001KT5JUAW_s_1-bedroom-apartment-in-sadaf-jumeirah-beach-residence-aed-120k-allsopp-and-allsopp-a0o4s000000vewsuagl1-bedroom-apartment-in-sadaf-1-jumeirah-beach-residence-allsopp-and-allsopp-pjm19119109.jpeg""],""phones"":[],""sellerId"":"""",""city"":"""",""checkedAt"":""2026-10-09T18:51:36.373Z""}}",active,2026-10-09T18:36:28Z,200,Matching listing has an available source offer,2026-10-09T18:36:28Z,https://www.allsoppandallsopp.com/dubai/property/lettings/L-310497,0,,visible,,
allsopp-dubai-l-310451,published,marketplace,real_estate,for_rent_long,"3-bedroom apartment for rent — Sky Gardens, DIFC","AED 350,000/year",350000,AED,Dubai,United Arab Emirates,Allsopp & Allsopp — Deimante Nacyte,+971585482622,"3-bedroom apartment for rent — Sky Gardens, DIFC. 5 bathroom(s), 2,887.00 sq ft. Furnished. . Annual rent: AED 350,000/year. Property reference: L-310451. Contact Deimante Nacyte at Allsopp & Allsopp for a viewing and rental terms.",https://images.allsoppandallsopp.com/public/temp/a0OdK000001NhtJUAS_s_3-bedroom-apartment-in-sky-gardens-difc-aed-350k-allsopp-and-allsopp-img4420.jpg,Allsopp & Allsopp,https://www.allsoppandallsopp.com/dubai/property/lettings/L-310451,2026-10-02T03:58:38Z,,,,,Ask agent,,,,"{""parser"":""allsopp_public_rental"",""sourceCategory"":""apartments for rent"",""propertyType"":""apartment"",""bedrooms"":3,""bathrooms"":5,""sqft"":2887,""priceTerm"":""per_year"",""furnished"":true,""parking"":false,""amenities"":"""",""address"":"""",""neighborhood"":""Sky Gardens, DIFC"",""agentName"":""Deimante Nacyte"",""contactSource"":""https://www.allsoppandallsopp.com/dubai/property/lettings/L-310451"",""phoneVerifiedAt"":""2026-10-02T03:58:38Z"",""imageSourceUrl"":""https://www.allsoppandallsopp.com/dubai/property/lettings/L-310451"",""imageVerifiedAt"":""2026-10-09T18:51:36.373Z"",""imageIntegrityVersion"":""2026-10-07.1"",""listingIdentity"":{""version"":""2026-10-07.1"",""sourceUrl"":""https://www.allsoppandallsopp.com/dubai/property/lettings/L-310451"",""title"":""3-bedroom apartment for rent — Sky Gardens, DIFC"",""images"":[""https://images.allsoppandallsopp.com/public/temp/a0OdK000001NhtJUAS_s_3-bedroom-apartment-in-sky-gardens-difc-aed-350k-allsopp-and-allsopp-img4420.jpg""],""phones"":[],""sellerId"":"""",""city"":"""",""checkedAt"":""2026-10-09T18:51:36.373Z""}}",active,2026-10-09T18:36:28Z,200,Matching listing has an available source offer,2026-10-09T18:36:28Z,https://www.allsoppandallsopp.com/dubai/property/lettings/L-310451,0,,visible,,
allsopp-dubai-l-310469,published,marketplace,real_estate,for_rent_long,"2-bedroom apartment for rent — Midtown, Dubai Production City (IMPZ)","AED 105,000/year",105000,AED,Dubai,United Arab Emirates,Allsopp & Allsopp — Andrew Garay,+971586953003,"2-bedroom apartment for rent — Midtown, Dubai Production City (IMPZ). 3 bathroom(s), 1,083.00 sq ft. Pool, Parking. Annual rent: AED 105,000/year. Property reference: L-310469. Contact Andrew Garay at Allsopp & Allsopp for a viewing and rental terms.",https://images.allsoppandallsopp.com/public/temp/a0OdK000003ZfplUAC_s_2-bedroom-apartment-in-midtown-dubai-production-city-impz-aed-105k-allsopp-and-allsopp-2f0e959f-f27c-4b96-aa04-1122cf111962.jpg,Allsopp & Allsopp,https://www.allsoppandallsopp.com/dubai/property/lettings/L-310469,2026-10-02T03:58:38Z,,,,,Ask agent,,,,"{""parser"":""allsopp_public_rental"",""sourceCategory"":""apartments for rent"",""propertyType"":""apartment"",""bedrooms"":2,""bathrooms"":3,""sqft"":1083,""priceTerm"":""per_year"",""furnished"":false,""parking"":true,""amenities"":""Pool, Parking"",""address"":""Dania 4"",""neighborhood"":""Midtown, Dubai Production City (IMPZ)"",""agentName"":""Andrew Garay"",""contactSource"":""https://www.allsoppandallsopp.com/dubai/property/lettings/L-310469"",""phoneVerifiedAt"":""2026-10-02T03:58:38Z"",""imageSourceUrl"":""https://www.allsoppandallsopp.com/dubai/property/lettings/L-310469"",""imageVerifiedAt"":""2026-10-09T18:51:36.373Z"",""imageIntegrityVersion"":""2026-10-07.1"",""listingIdentity"":{""version"":""2026-10-07.1"",""sourceUrl"":""https://www.allsoppandallsopp.com/dubai/property/lettings/L-310469"",""title"":""2-bedroom apartment for rent — Midtown, Dubai Production City (IMPZ)"",""images"":[""https://images.allsoppandallsopp.com/public/temp/a0OdK000003ZfplUAC_s_2-bedroom-apartment-in-midtown-dubai-production-city-impz-aed-105k-allsopp-and-allsopp-2f0e959f-f27c-4b96-aa04-1122cf111962.jpg""],""phones"":[],""sellerId"":"""",""city"":"""",""checkedAt"":""2026-10-09T18:51:36.373Z""}}",active,2026-10-09T18:36:28Z,200,Matching listing has an available source offer,2026-10-09T18:36:28Z,https://www.allsoppandallsopp.com/dubai/property/lettings/L-310469,0,,visible,,
allsopp-dubai-l-310520,published,marketplace,real_estate,for_rent_long,"1-bedroom apartment for rent — Southwest Apartments, Green Community","AED 80,000/year",80000,AED,Dubai,United Arab Emirates,Allsopp & Allsopp — Benjamin Coomer,+971585934702,"1-bedroom apartment for rent — Southwest Apartments, Green Community. 1 bathroom(s), 934.00 sq ft. Balcony. Annual rent: AED 80,000/year. Property reference: L-310520. Contact Benjamin Coomer at Allsopp & Allsopp for a viewing and rental terms.",https://images.allsoppandallsopp.com/public/temp/a0O4S000000VI9JUAW_s_1-bedroom-apartment-in-southwest-apartments-green-community-aed-80k-allsopp-and-allsopp-img2546.jpg,Allsopp & Allsopp,https://www.allsoppandallsopp.com/dubai/property/lettings/L-310520,2026-10-03T04:07:45Z,,,,,Ask agent,,,,"{""parser"":""allsopp_public_rental"",""sourceCategory"":""apartments for rent"",""propertyType"":""apartment"",""bedrooms"":1,""bathrooms"":1,""sqft"":934,""priceTerm"":""per_year"",""furnished"":false,""parking"":false,""amenities"":""Balcony"",""address"":""Southwest Apartments 2"",""neighborhood"":""Southwest Apartments, Green Community"",""agentName"":""Benjamin Coomer"",""contactSource"":""https://www.allsoppandallsopp.com/dubai/property/lettings/L-310520"",""phoneVerifiedAt"":""2026-10-03T04:07:45Z"",""imageSourceUrl"":""https://www.allsoppandallsopp.com/dubai/property/lettings/L-310520"",""imageVerifiedAt"":""2026-10-09T18:51:36.373Z"",""imageIntegrityVersion"":""2026-10-07.1"",""listingIdentity"":{""version"":""2026-10-07.1"",""sourceUrl"":""https://www.allsoppandallsopp.com/dubai/property/lettings/L-310520"",""title"":""1-bedroom apartment for rent — Southwest Apartments, Green Community"",""images"":[""https://images.allsoppandallsopp.com/public/temp/a0O4S000000VI9JUAW_s_1-bedroom-apartment-in-southwest-apartments-green-community-aed-80k-allsopp-and-allsopp-img2546.jpg""],""phones"":[],""sellerId"":"""",""city"":"""",""checkedAt"":""2026-10-09T18:51:36.373Z""}}",active,2026-10-09T18:36:28Z,200,Matching listing has an available source offer,2026-10-09T18:36:28Z,https://www.allsoppandallsopp.com/dubai/property/lettings/L-310520,0,,visible,,
allsopp-dubai-l-310527,published,marketplace,real_estate,for_rent_long,"3-bedroom apartment for rent — 23 Marina, Dubai Marina","AED 200,000/year",200000,AED,Dubai,United Arab Emirates,Allsopp & Allsopp — Emily Dyett,+971585354130,"3-bedroom apartment for rent — 23 Marina, Dubai Marina. 5 bathroom(s), 2,161.00 sq ft. Unfurnished. Balcony, Pool, Gym, Parking. Annual rent: AED 200,000/year. Property reference: L-310527. Contact Emily Dyett at Allsopp & Allsopp for a viewing and rental terms.",https://images.allsoppandallsopp.com/public/temp/a0OdK000003a1gbUAA_s_3-bedroom-apartment-in-23-marina-dubai-marina-aed-200k-allsopp-and-allsopp-e1ae4b0e-2c1b-423c-ba94-35b09eaab4db.png,Allsopp & Allsopp,https://www.allsoppandallsopp.com/dubai/property/lettings/L-310527,2026-10-02T03:58:38Z,,,,,Ask agent,,,,"{""parser"":""allsopp_public_rental"",""sourceCategory"":""apartments for rent"",""propertyType"":""apartment"",""bedrooms"":3,""bathrooms"":5,""sqft"":2161,""priceTerm"":""per_year"",""furnished"":false,""parking"":true,""amenities"":""Balcony, Pool, Gym, Parking"",""address"":"""",""neighborhood"":""23 Marina, Dubai Marina"",""agentName"":""Emily Dyett"",""contactSource"":""https://www.allsoppandallsopp.com/dubai/property/lettings/L-310527"",""phoneVerifiedAt"":""2026-10-02T03:58:38Z"",""imageSourceUrl"":""https://www.allsoppandallsopp.com/dubai/property/lettings/L-310527"",""imageVerifiedAt"":""2026-10-09T18:51:36.373Z"",""imageIntegrityVersion"":""2026-10-07.1"",""listingIdentity"":{""version"":""2026-10-07.1"",""sourceUrl"":""https://www.allsoppandallsopp.com/dubai/property/lettings/L-310527"",""title"":""3-bedroom apartment for rent — 23 Marina, Dubai Marina"",""images"":[""https://images.allsoppandallsopp.com/public/temp/a0OdK000003a1gbUAA_s_3-bedroom-apartment-in-23-marina-dubai-marina-aed-200k-allsopp-and-allsopp-e1ae4b0e-2c1b-423c-ba94-35b09eaab4db.png""],""phones"":[],""sellerId"":"""",""city"":"""",""checkedAt"":""2026-10-09T18:51:36.373Z""}}",active,2026-10-09T18:36:28Z,200,Matching listing has an available source offer,2026-10-09T18:36:28Z,https://www.allsoppandallsopp.com/dubai/property/lettings/L-310527,0,,visible,,
alba-dubai-2008,rejected,vehicles,vehicles,vehicles,2026 USED Jetour Dashing 1.6T Luxury,"AED 109,999",109999,AED,Dubai,United Arab Emirates,Alba Cars,+97143772503,"2026 USED Jetour Dashing 1.6T Luxury. 14,000 km. Automatic. Black. Seller: Alba Cars, Al Quoz, Dubai.",https://storage.albacars.ae/vehicles/drafts/2008/1.jpg?format=auto|https://storage.albacars.ae/vehicles/drafts/2008/2.jpg?format=auto|https://storage.albacars.ae/vehicles/drafts/2008/3.jpg?format=auto|https://storage.albacars.ae/vehicles/drafts/2008/4.jpg?format=auto,Alba Cars,https://albacars.ae/buy-used-cars/vehicle/2008-jetour-dashing-16t-luxury,2026-10-03T04:07:33Z,Jetour,Dashing,,2026,used,Automatic,Black,14000,"{""parser"":""alba_public_vehicle_schema"",""sourceCategory"":""vehicles"",""contactSource"":""https://albacars.ae/buy-used-cars/vehicle/2008-jetour-dashing-16t-luxury"",""phoneVerifiedAt"":""2026-10-03T04:07:33Z"",""imageSourceUrl"":""https://albacars.ae/buy-used-cars/vehicle/2008-jetour-dashing-16t-luxury"",""imageVerifiedAt"":""2026-10-03T04:07:33Z"",""imageIntegrityVersion"":""2026-09-16.1"",""bodyType"":""SUV"",""fuelType"":""Petrol"",""engine"":{""@type"":""EngineSpecification"",""engineDisplacement"":""1.6 L"",""engineType"":""Petrol""},""sourceSpecifications"":[{""label"":""Service Contract"",""value"":""Paid add-on""},{""label"":""Vehicle Specification"",""value"":""GCC_SPECS""},{""label"":""Wheels Type"",""value"":""20""},{""label"":""Features"",""value"":""ISOFIX, Ambient Lighting, Remote Start, Parking Sensors, Keyless Start, Blind Spot Indicator, Android Auto, Keyless Entry, 360 Camera, Cooling Seats, Lane Assist, Wireless Charger, Electric Tailgate, Rear AC, Panoramic Sunroof, Rear Camera, Apple Car Play, Cruise Control, Leather Seats, Driving Modes, Electric Seats""},{""label"":""Number Of Cylinders"",""value"":""4""},{""label"":""Interior Color"",""value"":""Beige""}]}",sold,2026-10-09T18:36:28Z,200,All offers for this exact listing are unavailable,2026-10-03T04:08:11Z,https://albacars.ae/buy-used-cars/vehicle/2008-jetour-dashing-16t-luxury,13,2026-10-09T18:36:28Z,unavailable,All offers for this exact listing are unavailable,
alba-dubai-2007,published,vehicles,vehicles,vehicles,2024  MINI Cooper John Cooper Works (JCW),"AED 119,999",119999,AED,Dubai,United Arab Emirates,Alba Cars,+97143772503,"2024  MINI Cooper John Cooper Works (JCW). 16,000 km. Automatic. Black. Seller: Alba Cars, Al Quoz, Dubai.",https://storage.albacars.ae/vehicles/drafts/2007/1.jpg,Alba Cars,https://albacars.ae/buy-used-cars/vehicle/2007-mini-cooper-john-cooper-works-jcw,2026-10-03T04:07:33Z,MINI,Cooper,,2024,used,Automatic,Black,16000,"{""parser"":""alba_public_vehicle_schema"",""sourceCategory"":""vehicles"",""contactSource"":""https://albacars.ae/buy-used-cars/vehicle/2007-mini-cooper-john-cooper-works-jcw"",""phoneVerifiedAt"":""2026-10-03T04:07:33Z"",""imageSourceUrl"":""https://albacars.ae/buy-used-cars/vehicle/2007-mini-cooper-john-cooper-works-jcw"",""imageVerifiedAt"":""2026-10-09T18:51:36.373Z"",""imageIntegrityVersion"":""2026-10-07.1"",""bodyType"":""Hatchback"",""fuelType"":""Petrol"",""engine"":{""@type"":""EngineSpecification"",""engineDisplacement"":""1.5 L"",""engineType"":""Petrol""},""sourceSpecifications"":[{""label"":""Service Contract"",""value"":""Until 24-JAN-2027 or 60,000Kms""},{""label"":""Vehicle Specification"",""value"":""GCC_SPECS""},{""label"":""Wheels Type"",""value"":""18""},{""label"":""Features"",""value"":""ISOFIX, Heads Up Display, Parking Sensors, Navigation, Adaptive Cruise, Keyless Start, Keyless Entry, Rear Camera, Dual Sunroof, Half Leather Seats, Cruise Control""},{""label"":""Number Of Cylinders"",""value"":""4""},{""label"":""Interior Color"",""value"":""Black""}],""listingIdentity"":{""version"":""2026-10-07.1"",""sourceUrl"":""https://albacars.ae/buy-used-cars/vehicle/2007-mini-cooper-john-cooper-works-jcw"",""title"":""2024  MINI Cooper John Cooper Works (JCW)"",""images"":[""https://storage.albacars.ae/vehicles/drafts/2007/1.jpg""],""phones"":[],""sellerId"":"""",""city"":"""",""checkedAt"":""2026-10-09T18:51:36.373Z""}}",active,2026-10-09T18:36:28Z,200,Matching listing has an available source offer,2026-10-09T18:36:28Z,https://albacars.ae/buy-used-cars/vehicle/2007-mini-cooper-john-cooper-works-jcw,0,,visible,,
alba-dubai-2006,published,vehicles,vehicles,vehicles,2020 RAM 1500 V8,"AED 89,999",89999,AED,Dubai,United Arab Emirates,Alba Cars,+97143772503,"2020 RAM 1500 V8. 74,000 km. Automatic. Gray. Seller: Alba Cars, Al Quoz, Dubai.",https://storage.albacars.ae/vehicles/drafts/2006/1.jpg,Alba Cars,https://albacars.ae/buy-used-cars/vehicle/2006-ram-1500-slt,2026-10-03T04:07:33Z,RAM,1500,,2020,used,Automatic,Gray,74000,"{""parser"":""alba_public_vehicle_schema"",""sourceCategory"":""vehicles"",""contactSource"":""https://albacars.ae/buy-used-cars/vehicle/2006-ram-1500-slt"",""phoneVerifiedAt"":""2026-10-03T04:07:33Z"",""imageSourceUrl"":""https://albacars.ae/buy-used-cars/vehicle/2006-ram-1500-slt"",""imageVerifiedAt"":""2026-10-09T18:51:36.373Z"",""imageIntegrityVersion"":""2026-10-07.1"",""bodyType"":""Pickup"",""fuelType"":""Petrol"",""engine"":{""@type"":""EngineSpecification"",""engineDisplacement"":""5.7 L"",""engineType"":""Petrol""},""sourceSpecifications"":[{""label"":""Service Contract"",""value"":""Paid add-on""},{""label"":""Vehicle Specification"",""value"":""GCC_SPECS""},{""label"":""Wheels Type"",""value"":""20""},{""label"":""Features"",""value"":""Navigation, Rear Camera, Apple Car Play, Cruise Control, Driving Modes""},{""label"":""Number Of Cylinders"",""value"":""8""},{""label"":""Interior Color"",""value"":""Gray""}],""listingIdentity"":{""version"":""2026-10-07.1"",""sourceUrl"":""https://albacars.ae/buy-used-cars/vehicle/2006-ram-1500-slt"",""title"":""2020 RAM 1500 V8"",""images"":[""https://storage.albacars.ae/vehicles/drafts/2006/1.jpg""],""phones"":[],""sellerId"":"""",""city"":"""",""checkedAt"":""2026-10-09T18:51:36.373Z""}}",active,2026-10-09T18:36:28Z,200,Matching listing has an available source offer,2026-10-09T18:36:28Z,https://albacars.ae/buy-used-cars/vehicle/2006-ram-1500-slt,0,,visible,,
alba-dubai-1613,rejected,vehicles,vehicles,vehicles,2024 Jeep Grand Cherokee Summit,"AED 219,999",219999,AED,Dubai,United Arab Emirates,Alba Cars,+97143772503,"2024 Jeep Grand Cherokee Summit. 20,000 km. Automatic. Black. Seller: Alba Cars, Al Quoz, Dubai.",https://storage.albacars.ae/vehicles/drafts/1613/1.jpg?format=auto|https://storage.albacars.ae/vehicles/drafts/1613/2.jpg?format=auto|https://storage.albacars.ae/vehicles/drafts/1613/3.jpg?format=auto|https://storage.albacars.ae/vehicles/drafts/1613/4.jpg?format=auto,Alba Cars,https://albacars.ae/buy-used-cars/vehicle/1613-jeep-grand-cherokee-summit,2026-10-09T04:04:05Z,Jeep,Grand Cherokee,,2024,used,Automatic,Black,20000,"{""parser"":""alba_public_vehicle_schema"",""sourceCategory"":""vehicles"",""contactSource"":""https://albacars.ae/buy-used-cars/vehicle/1613-jeep-grand-cherokee-summit"",""phoneVerifiedAt"":""2026-10-09T04:04:05Z"",""imageSourceUrl"":""https://albacars.ae/buy-used-cars/vehicle/1613-jeep-grand-cherokee-summit"",""imageVerifiedAt"":""2026-10-09T04:04:05Z"",""imageIntegrityVersion"":""2026-09-16.1"",""bodyType"":""SUV"",""fuelType"":""Petrol"",""engine"":{""@type"":""EngineSpecification"",""engineDisplacement"":""5.7 L"",""engineType"":""Petrol""},""sourceSpecifications"":[{""label"":""Service Contract"",""value"":""Until 30-JUL-2029 or 100,000Kms""},{""label"":""Vehicle Specification"",""value"":""GCC_SPECS""},{""label"":""Wheels Type"",""value"":""21""},{""label"":""Features"",""value"":""ISOFIX, Heads Up Display, Remote Start, Parking Sensors, Navigation, Adaptive Cruise, Keyless Start, Blind Spot Indicator, Android Auto, Keyless Entry, Electric Rear Folding Seats, 360 Camera, Cooling Seats, Lane Assist, Wireless Charger, Electric Tailgate, Rear AC, Panoramic Sunroof, Third Row AC, Apple Car Play, Cruise Control, Leather Seats, Driving Modes, Electric Seats""},{""label"":""Number Of Cylinders"",""value"":""8""},{""label"":""Interior Color"",""value"":""Brown""}],""listingIdentity"":{""version"":""2026-10-07.1"",""sourceUrl"":""https://albacars.ae/buy-used-cars/vehicle/1613-jeep-grand-cherokee-summit"",""title"":""2024 Jeep Grand Cherokee Summit"",""images"":[""https://storage.albacars.ae/vehicles/drafts/1613/1.jpg""],""phones"":[],""sellerId"":"""",""city"":"""",""checkedAt"":""2026-10-08T01:19:31.906Z""}}",active,2026-10-09T18:36:28Z,200,Matching listing has an available source offer,2026-10-09T18:36:28Z,https://albacars.ae/buy-used-cars/vehicle/1613-jeep-grand-cherokee-summit,0,,foreign_gallery,Gallery belongs to a different source listing.,
allsopp-dubai-l-310441,published,marketplace,real_estate,for_rent_long,"1-bedroom apartment for rent — Burj Views, Downtown Dubai","AED 100,000/year",100000,AED,Dubai,United Arab Emirates,Allsopp & Allsopp — Katie Coyle,+971585901622,"1-bedroom apartment for rent — Burj Views, Downtown Dubai. 2 bathroom(s), 782.00 sq ft. Furnished. Balcony, Pool, Gym, Parking. Annual rent: AED 100,000/year. Property reference: L-310441. Contact Katie Coyle at Allsopp & Allsopp for a viewing and rental terms.",https://images.allsoppandallsopp.com/public/temp/a0O4S000000V1AYUA0_s_1-bedroom-apartment-in-burj-views-downtown-dubai-aed-100k-allsopp-and-allsopp-1.jpeg,Allsopp & Allsopp,https://www.allsoppandallsopp.com/dubai/property/lettings/L-310441,2026-10-03T04:07:45Z,,,,,Ask agent,,,,"{""parser"":""allsopp_public_rental"",""sourceCategory"":""apartments for rent"",""propertyType"":""apartment"",""bedrooms"":1,""bathrooms"":2,""sqft"":782,""priceTerm"":""per_year"",""furnished"":true,""parking"":true,""amenities"":""Balcony, Pool, Gym, Parking"",""address"":""Burj Views A"",""neighborhood"":""Burj Views, Downtown Dubai"",""agentName"":""Katie Coyle"",""contactSource"":""https://www.allsoppandallsopp.com/dubai/property/lettings/L-310441"",""phoneVerifiedAt"":""2026-10-03T04:07:45Z"",""imageSourceUrl"":""https://www.allsoppandallsopp.com/dubai/property/lettings/L-310441"",""imageVerifiedAt"":""2026-10-09T18:51:36.373Z"",""imageIntegrityVersion"":""2026-10-07.1"",""listingIdentity"":{""version"":""2026-10-07.1"",""sourceUrl"":""https://www.allsoppandallsopp.com/dubai/property/lettings/L-310441"",""title"":""1-bedroom apartment for rent — Burj Views, Downtown Dubai"",""images"":[""https://images.allsoppandallsopp.com/public/temp/a0O4S000000V1AYUA0_s_1-bedroom-apartment-in-burj-views-downtown-dubai-aed-100k-allsopp-and-allsopp-1.jpeg""],""phones"":[],""sellerId"":"""",""city"":"""",""checkedAt"":""2026-10-09T18:51:36.373Z""}}",active,2026-10-09T18:36:28Z,200,Matching listing has an available source offer,2026-10-09T18:36:28Z,https://www.allsoppandallsopp.com/dubai/property/lettings/L-310441,0,,visible,,
allsopp-dubai-l-310750,rejected,marketplace,real_estate,for_rent_long,"2-bedroom apartment for rent — Sadaf 7, Jumeirah Beach Residence","AED 180,000/year",180000,AED,Dubai,United Arab Emirates,Allsopp & Allsopp — Andrew Ballantyne,+971585842291,"2-bedroom apartment for rent — Sadaf 7, Jumeirah Beach Residence. 2 bathroom(s), 1,418.00 sq ft. Parking. Annual rent: AED 180,000/year. Property reference: L-310750. Contact Andrew Ballantyne at Allsopp & Allsopp for a viewing and rental terms.",https://images.allsoppandallsopp.com/public/temp/a0O4S000000V2BfUAK_s_2-bedroom-apartment-in-sadaf-7-jumeirah-beach-residence-aed-180k-allsopp-and-allsopp-geminigeneratedimageodtrwxodtrwxodtr-1.jpeg|https://images.allsoppandallsopp.com/public/temp/a0O4S000000V2BfUAK_s_2-bedroom-apartment-in-sadaf-7-jumeirah-beach-residence-aed-180k-allsopp-and-allsopp-geminigeneratedimagekvicckvicckvicck.jpeg|https://images.allsoppandallsopp.com/public/temp/a0O4S000000V2BfUAK_s_2-bedroom-apartment-in-sadaf-7-jumeirah-beach-residence-aed-180k-allsopp-and-allsopp-geminigeneratedimagevaj1m1vaj1m1vaj1.jpeg,Allsopp & Allsopp,https://www.allsoppandallsopp.com/dubai/property/lettings/L-310750,2026-10-09T04:04:10Z,,,,,Ask agent,,,,"{""parser"":""allsopp_public_rental"",""sourceCategory"":""apartments for rent"",""propertyType"":""apartment"",""bedrooms"":2,""bathrooms"":2,""sqft"":1418,""priceTerm"":""per_year"",""furnished"":false,""parking"":true,""amenities"":""Parking"",""address"":"""",""neighborhood"":""Sadaf 7, Jumeirah Beach Residence"",""agentName"":""Andrew Ballantyne"",""contactSource"":""https://www.allsoppandallsopp.com/dubai/property/lettings/L-310750"",""phoneVerifiedAt"":""2026-10-09T04:04:10Z"",""imageSourceUrl"":""https://www.allsoppandallsopp.com/dubai/property/lettings/L-310750"",""imageVerifiedAt"":""2026-10-09T04:04:10Z"",""imageIntegrityVersion"":""2026-09-16.1"",""listingIdentity"":{""version"":""2026-10-07.1"",""sourceUrl"":""https://www.allsoppandallsopp.com/dubai/property/lettings/L-310750"",""title"":""2-bedroom apartment for rent — Sadaf 7, Jumeirah Beach Residence"",""images"":[""https://images.allsoppandallsopp.com/public/temp/a0O4S000000V2BfUAK_s_2-bedroom-apartment-in-sadaf-7-jumeirah-beach-residence-aed-180k-allsopp-and-allsopp-geminigeneratedimageodtrwxodtrwxodtr-1.jpeg""],""phones"":[],""sellerId"":"""",""city"":"""",""checkedAt"":""2026-10-09T01:21:46.517Z""}}",active,2026-10-09T18:36:28Z,200,Matching listing has an available source offer,2026-10-09T18:36:28Z,https://www.allsoppandallsopp.com/dubai/property/lettings/L-310750,0,,foreign_gallery,Gallery belongs to a different source listing.,
allsopp-dubai-l-310418,published,marketplace,real_estate,for_rent_long,"2-bedroom apartment for rent — South Ridge, Downtown Dubai","AED 170,000/year",170000,AED,Dubai,United Arab Emirates,Allsopp & Allsopp — Alexander Sariev,+971585982442,"2-bedroom apartment for rent — South Ridge, Downtown Dubai. 3 bathroom(s), 1,491.00 sq ft. Unfurnished. Balcony, Pool, Gym. Annual rent: AED 170,000/year. Property reference: L-310418. Contact Alexander Sariev at Allsopp & Allsopp for a viewing and rental terms.",https://images.allsoppandallsopp.com/public/temp/a0O4S000000V3ToUAK_s_2-bedroom-apartment-in-south-ridge-downtown-dubai-aed-170k-allsopp-and-allsopp-img-20250714-wa0015.jpeg,Allsopp & Allsopp,https://www.allsoppandallsopp.com/dubai/property/lettings/L-310418,2026-10-03T04:07:45Z,,,,,Ask agent,,,,"{""parser"":""allsopp_public_rental"",""sourceCategory"":""apartments for rent"",""propertyType"":""apartment"",""bedrooms"":2,""bathrooms"":3,""sqft"":1491,""priceTerm"":""per_year"",""furnished"":false,""parking"":false,""amenities"":""Balcony, Pool, Gym"",""address"":""South Ridge 6"",""neighborhood"":""South Ridge, Downtown Dubai"",""agentName"":""Alexander Sariev"",""contactSource"":""https://www.allsoppandallsopp.com/dubai/property/lettings/L-310418"",""phoneVerifiedAt"":""2026-10-03T04:07:45Z"",""imageSourceUrl"":""https://www.allsoppandallsopp.com/dubai/property/lettings/L-310418"",""imageVerifiedAt"":""2026-10-09T18:51:36.373Z"",""imageIntegrityVersion"":""2026-10-07.1"",""listingIdentity"":{""version"":""2026-10-07.1"",""sourceUrl"":""https://www.allsoppandallsopp.com/dubai/property/lettings/L-310418"",""title"":""2-bedroom apartment for rent — South Ridge, Downtown Dubai"",""images"":[""https://images.allsoppandallsopp.com/public/temp/a0O4S000000V3ToUAK_s_2-bedroom-apartment-in-south-ridge-downtown-dubai-aed-170k-allsopp-and-allsopp-img-20250714-wa0015.jpeg""],""phones"":[],""sellerId"":"""",""city"":"""",""checkedAt"":""2026-10-09T18:51:36.373Z""}}",active,2026-10-09T18:36:28Z,200,Matching listing has an available source offer,2026-10-09T18:36:28Z,https://www.allsoppandallsopp.com/dubai/property/lettings/L-310418,0,,visible,,
allsopp-dubai-l-310732,published,marketplace,real_estate,for_rent_long,"2-bedroom apartment for rent — Bahar, Jumeirah Beach Residence","AED 125,000/year",125000,AED,Dubai,United Arab Emirates,Allsopp & Allsopp — Emily Dyett,+971585354130,"2-bedroom apartment for rent — Bahar, Jumeirah Beach Residence. 3 bathroom(s), 1,268.00 sq ft. . Annual rent: AED 125,000/year. Property reference: L-310732. Contact Emily Dyett at Allsopp & Allsopp for a viewing and rental terms.",https://images.allsoppandallsopp.com/public/temp/a0O4S000000VBIRUA4_s_2-bedroom-apartment-in-bahar-jumeirah-beach-residence-aed-125k-allsopp-and-allsopp-6dcd2e8c-4171-4145-88c5-a1d878856837.png,Allsopp & Allsopp,https://www.allsoppandallsopp.com/dubai/property/lettings/L-310732,2026-10-03T04:07:45Z,,,,,Ask agent,,,,"{""parser"":""allsopp_public_rental"",""sourceCategory"":""apartments for rent"",""propertyType"":""apartment"",""bedrooms"":2,""bathrooms"":3,""sqft"":1268,""priceTerm"":""per_year"",""furnished"":false,""parking"":false,""amenities"":"""",""address"":""Bahar 4"",""neighborhood"":""Bahar, Jumeirah Beach Residence"",""agentName"":""Emily Dyett"",""contactSource"":""https://www.allsoppandallsopp.com/dubai/property/lettings/L-310732"",""phoneVerifiedAt"":""2026-10-03T04:07:45Z"",""imageSourceUrl"":""https://www.allsoppandallsopp.com/dubai/property/lettings/L-310732"",""imageVerifiedAt"":""2026-10-09T18:51:36.373Z"",""imageIntegrityVersion"":""2026-10-07.1"",""listingIdentity"":{""version"":""2026-10-07.1"",""sourceUrl"":""https://www.allsoppandallsopp.com/dubai/property/lettings/L-310732"",""title"":""2-bedroom apartment for rent — Bahar, Jumeirah Beach Residence"",""images"":[""https://images.allsoppandallsopp.com/public/temp/a0O4S000000VBIRUA4_s_2-bedroom-apartment-in-bahar-jumeirah-beach-residence-aed-125k-allsopp-and-allsopp-6dcd2e8c-4171-4145-88c5-a1d878856837.png""],""phones"":[],""sellerId"":"""",""city"":"""",""checkedAt"":""2026-10-09T18:51:36.373Z""}}",active,2026-10-09T18:36:28Z,200,Matching listing has an available source offer,2026-10-09T18:36:28Z,https://www.allsoppandallsopp.com/dubai/property/lettings/L-310732,0,,visible,,
allsopp-dubai-l-308413,published,marketplace,real_estate,for_rent_long,"1-bedroom apartment for rent — NAIA Golf Terrace at Akoya, Damac Hills 2","AED 80,000/year",80000,AED,Dubai,United Arab Emirates,Allsopp & Allsopp — Aristos Katelaris,+971503254826,"1-bedroom apartment for rent — NAIA Golf Terrace at Akoya, Damac Hills 2. 1 bathroom(s), 848.00 sq ft. Furnished. Balcony, Pool, Gym, Parking. Annual rent: AED 80,000/year. Property reference: L-308413. Contact Aristos Katelaris at Allsopp & Allsopp for a viewing and rental terms.",https://images.allsoppandallsopp.com/public/temp/a0O4S000000VJMyUAO_s_1-bedroom-apartment-in-naia-golf-terrace-at-akoya-damac-hills-2-aed-75k-allsopp-and-allsopp-16e53652-0fb2-46ef-9de4-454ff91b4d8d.jpg,Allsopp & Allsopp,https://www.allsoppandallsopp.com/dubai/property/lettings/L-308413,2026-10-06T04:00:06Z,,,,,Ask agent,,,,"{""parser"":""allsopp_public_rental"",""sourceCategory"":""apartments for rent"",""propertyType"":""apartment"",""bedrooms"":1,""bathrooms"":1,""sqft"":848,""priceTerm"":""per_year"",""furnished"":true,""parking"":true,""amenities"":""Balcony, Pool, Gym, Parking"",""address"":""Golf Terrace A"",""neighborhood"":""NAIA Golf Terrace at Akoya, Damac Hills 2"",""agentName"":""Aristos Katelaris"",""contactSource"":""https://www.allsoppandallsopp.com/dubai/property/lettings/L-308413"",""phoneVerifiedAt"":""2026-10-06T04:00:06Z"",""imageSourceUrl"":""https://www.allsoppandallsopp.com/dubai/property/lettings/L-308413"",""imageVerifiedAt"":""2026-10-09T18:51:36.373Z"",""imageIntegrityVersion"":""2026-10-07.1"",""listingIdentity"":{""version"":""2026-10-07.1"",""sourceUrl"":""https://www.allsoppandallsopp.com/dubai/property/lettings/L-308413"",""title"":""1-bedroom apartment for rent — NAIA Golf Terrace at Akoya, Damac Hills 2"",""images"":[""https://images.allsoppandallsopp.com/public/temp/a0O4S000000VJMyUAO_s_1-bedroom-apartment-in-naia-golf-terrace-at-akoya-damac-hills-2-aed-75k-allsopp-and-allsopp-16e53652-0fb2-46ef-9de4-454ff91b4d8d.jpg""],""phones"":[],""sellerId"":"""",""city"":"""",""checkedAt"":""2026-10-09T18:51:36.373Z""}}",active,2026-10-09T18:36:28Z,200,Matching listing has an available source offer,2026-10-09T18:36:28Z,https://www.allsoppandallsopp.com/dubai/property/lettings/L-308413,0,,visible,,
allsopp-dubai-l-310266,published,marketplace,real_estate,for_rent_long,"1-bedroom apartment for rent — Central Park Tower, DIFC","AED 130,000/year",130000,AED,Dubai,United Arab Emirates,Allsopp & Allsopp — Deimante Nacyte,+971585482622,"1-bedroom apartment for rent — Central Park Tower, DIFC. 2 bathroom(s), 1,109.00 sq ft. Furnished. Pool, Gym, Parking. Annual rent: AED 130,000/year. Property reference: L-310266. Contact Deimante Nacyte at Allsopp & Allsopp for a viewing and rental terms.",https://images.allsoppandallsopp.com/public/temp/a0O4S000000VKnDUAW_s_1-bedroom-apartment-in-central-park-tower-difc-aed-130k-allsopp-and-allsopp-chatgpt-image-sep-18-2026-011814-pm.png,Allsopp & Allsopp,https://www.allsoppandallsopp.com/dubai/property/lettings/L-310266,2026-10-03T04:07:45Z,,,,,Ask agent,,,,"{""parser"":""allsopp_public_rental"",""sourceCategory"":""apartments for rent"",""propertyType"":""apartment"",""bedrooms"":1,""bathrooms"":2,""sqft"":1109,""priceTerm"":""per_year"",""furnished"":true,""parking"":true,""amenities"":""Pool, Gym, Parking"",""address"":"""",""neighborhood"":""Central Park Tower, DIFC"",""agentName"":""Deimante Nacyte"",""contactSource"":""https://www.allsoppandallsopp.com/dubai/property/lettings/L-310266"",""phoneVerifiedAt"":""2026-10-03T04:07:45Z"",""imageSourceUrl"":""https://www.allsoppandallsopp.com/dubai/property/lettings/L-310266"",""imageVerifiedAt"":""2026-10-09T18:51:36.373Z"",""imageIntegrityVersion"":""2026-10-07.1"",""listingIdentity"":{""version"":""2026-10-07.1"",""sourceUrl"":""https://www.allsoppandallsopp.com/dubai/property/lettings/L-310266"",""title"":""1-bedroom apartment for rent — Central Park Tower, DIFC"",""images"":[""https://images.allsoppandallsopp.com/public/temp/a0O4S000000VKnDUAW_s_1-bedroom-apartment-in-central-park-tower-difc-aed-130k-allsopp-and-allsopp-chatgpt-image-sep-18-2026-011814-pm.png""],""phones"":[],""sellerId"":"""",""city"":"""",""checkedAt"":""2026-10-09T18:51:36.373Z""}}",active,2026-10-09T18:36:28Z,200,Matching listing has an available source offer,2026-10-09T18:36:28Z,https://www.allsoppandallsopp.com/dubai/property/lettings/L-310266,0,,visible,,
allsopp-dubai-l-308442,published,marketplace,real_estate,for_rent_long,"1-bedroom apartment for rent — Al Samar, Greens","AED 75,000/year",75000,AED,Dubai,United Arab Emirates,Allsopp & Allsopp — Nazir Akbar,+971503044064,"1-bedroom apartment for rent — Al Samar, Greens. 1 bathroom(s), 777.00 sq ft. Parking. Annual rent: AED 75,000/year. Property reference: L-308442. Contact Nazir Akbar at Allsopp & Allsopp for a viewing and rental terms.",https://images.allsoppandallsopp.com/public/temp/a0O4S000000WPk5UAG_s_1-bedroom-apartment-in-al-samar-greens-aed-75k-allsopp-and-allsopp-img0653.jpg,Allsopp & Allsopp,https://www.allsoppandallsopp.com/dubai/property/lettings/L-308442,2026-10-06T04:00:06Z,,,,,Ask agent,,,,"{""parser"":""allsopp_public_rental"",""sourceCategory"":""apartments for rent"",""propertyType"":""apartment"",""bedrooms"":1,""bathrooms"":1,""sqft"":777,""priceTerm"":""per_year"",""furnished"":false,""parking"":true,""amenities"":""Parking"",""address"":""Al Samar 4"",""neighborhood"":""Al Samar, Greens"",""agentName"":""Nazir Akbar"",""contactSource"":""https://www.allsoppandallsopp.com/dubai/property/lettings/L-308442"",""phoneVerifiedAt"":""2026-10-06T04:00:06Z"",""imageSourceUrl"":""https://www.allsoppandallsopp.com/dubai/property/lettings/L-308442"",""imageVerifiedAt"":""2026-10-09T18:51:36.373Z"",""imageIntegrityVersion"":""2026-10-07.1"",""listingIdentity"":{""version"":""2026-10-07.1"",""sourceUrl"":""https://www.allsoppandallsopp.com/dubai/property/lettings/L-308442"",""title"":""1-bedroom apartment for rent — Al Samar, Greens"",""images"":[""https://images.allsoppandallsopp.com/public/temp/a0O4S000000WPk5UAG_s_1-bedroom-apartment-in-al-samar-greens-aed-75k-allsopp-and-allsopp-img0653.jpg""],""phones"":[],""sellerId"":"""",""city"":"""",""checkedAt"":""2026-10-09T18:51:36.373Z""}}",active,2026-10-09T18:36:28Z,200,Matching listing has an available source offer,2026-10-09T18:36:28Z,https://www.allsoppandallsopp.com/dubai/property/lettings/L-308442,0,,visible,,
allsopp-dubai-l-308866,published,marketplace,real_estate,for_rent_long,"1-bedroom apartment for rent — Creek Gate Tower 2, Dubai Creek Harbour (The Lagoons)","AED 90,000/year",90000,AED,Dubai,United Arab Emirates,Allsopp & Allsopp — Connor McGregor,+971586060181,"1-bedroom apartment for rent — Creek Gate Tower 2, Dubai Creek Harbour (The Lagoons). 1 bathroom(s), 720.00 sq ft. Balcony, Pool, Gym, Parking. Annual rent: AED 90,000/year. Property reference: L-308866. Contact Connor McGregor at Allsopp & Allsopp for a viewing and rental terms.",https://images.allsoppandallsopp.com/public/temp/a0O4S000000WeEjUAK_s_1-bedroom-apartment-in-creek-gate-tower-2-dubai-creek-harbour-the-lagoons-aed-90k-allsopp-and-allsopp-img7779.jpeg,Allsopp & Allsopp,https://www.allsoppandallsopp.com/dubai/property/lettings/L-308866,2026-10-06T04:00:06Z,,,,,Ask agent,,,,"{""parser"":""allsopp_public_rental"",""sourceCategory"":""apartments for rent"",""propertyType"":""apartment"",""bedrooms"":1,""bathrooms"":1,""sqft"":720,""priceTerm"":""per_year"",""furnished"":false,""parking"":true,""amenities"":""Balcony, Pool, Gym, Parking"",""address"":"""",""neighborhood"":""Creek Gate Tower 2, Dubai Creek Harbour (The Lagoons)"",""agentName"":""Connor McGregor"",""contactSource"":""https://www.allsoppandallsopp.com/dubai/property/lettings/L-308866"",""phoneVerifiedAt"":""2026-10-06T04:00:06Z"",""imageSourceUrl"":""https://www.allsoppandallsopp.com/dubai/property/lettings/L-308866"",""imageVerifiedAt"":""2026-10-09T18:51:36.373Z"",""imageIntegrityVersion"":""2026-10-07.1"",""listingIdentity"":{""version"":""2026-10-07.1"",""sourceUrl"":""https://www.allsoppandallsopp.com/dubai/property/lettings/L-308866"",""title"":""1-bedroom apartment for rent — Creek Gate Tower 2, Dubai Creek Harbour (The Lagoons)"",""images"":[""https://images.allsoppandallsopp.com/public/temp/a0O4S000000WeEjUAK_s_1-bedroom-apartment-in-creek-gate-tower-2-dubai-creek-harbour-the-lagoons-aed-90k-allsopp-and-allsopp-img7779.jpeg""],""phones"":[],""sellerId"":"""",""city"":"""",""checkedAt"":""2026-10-09T18:51:36.373Z""}}",active,2026-10-09T18:36:28Z,200,Matching listing has an available source offer,2026-10-09T18:36:28Z,https://www.allsoppandallsopp.com/dubai/property/lettings/L-308866,0,,visible,,
allsopp-dubai-l-310952,published,marketplace,real_estate,for_rent_long,"2-bedroom apartment for rent — Marina Residences, Palm Jumeirah","AED 190,000/year",190000,AED,Dubai,United Arab Emirates,Allsopp & Allsopp — Camille Chapman,+971585938912,"2-bedroom apartment for rent — Marina Residences, Palm Jumeirah. 3 bathroom(s), 1,935.00 sq ft. Balcony, Pool, Gym, Parking. Annual rent: AED 190,000/year. Property reference: L-310952. Contact Camille Chapman at Allsopp & Allsopp for a viewing and rental terms.",https://images.allsoppandallsopp.com/public/temp/a0O4S000000xZRFUA2_s_2-bedroom-apartment-in-marina-residences-palm-jumeirah-aed-190k-allsopp-and-allsopp-f4a2911.jpg,Allsopp & Allsopp,https://www.allsoppandallsopp.com/dubai/property/lettings/L-310952,2026-10-03T04:07:45Z,,,,,Ask agent,,,,"{""parser"":""allsopp_public_rental"",""sourceCategory"":""apartments for rent"",""propertyType"":""apartment"",""bedrooms"":2,""bathrooms"":3,""sqft"":1935,""priceTerm"":""per_year"",""furnished"":false,""parking"":true,""amenities"":""Balcony, Pool, Gym, Parking"",""address"":""Marina Residences 1"",""neighborhood"":""Marina Residences, Palm Jumeirah"",""agentName"":""Camille Chapman"",""contactSource"":""https://www.allsoppandallsopp.com/dubai/property/lettings/L-310952"",""phoneVerifiedAt"":""2026-10-03T04:07:45Z"",""imageSourceUrl"":""https://www.allsoppandallsopp.com/dubai/property/lettings/L-310952"",""imageVerifiedAt"":""2026-10-09T18:51:36.373Z"",""imageIntegrityVersion"":""2026-10-07.1"",""listingIdentity"":{""version"":""2026-10-07.1"",""sourceUrl"":""https://www.allsoppandallsopp.com/dubai/property/lettings/L-310952"",""title"":""2-bedroom apartment for rent — Marina Residences, Palm Jumeirah"",""images"":[""https://images.allsoppandallsopp.com/public/temp/a0O4S000000xZRFUA2_s_2-bedroom-apartment-in-marina-residences-palm-jumeirah-aed-190k-allsopp-and-allsopp-f4a2911.jpg""],""phones"":[],""sellerId"":"""",""city"":"""",""checkedAt"":""2026-10-09T18:51:36.373Z""}}",active,2026-10-09T18:36:28Z,200,Matching listing has an available source offer,2026-10-09T18:36:28Z,https://www.allsoppandallsopp.com/dubai/property/lettings/L-310952,0,,visible,,
allsopp-dubai-l-310570,published,marketplace,real_estate,for_rent_long,"1-bedroom apartment for rent — Burj Daman, DIFC","AED 150,000/year",150000,AED,Dubai,United Arab Emirates,Allsopp & Allsopp — Deimante Nacyte,+971585482622,"1-bedroom apartment for rent — Burj Daman, DIFC. 1 bathroom(s), 941.00 sq ft. Furnished. Balcony, Parking. Annual rent: AED 150,000/year. Property reference: L-310570. Contact Deimante Nacyte at Allsopp & Allsopp for a viewing and rental terms.",https://images.allsoppandallsopp.com/public/temp/a0O4S0000010v4NUAQ_s_1-bedroom-apartment-in-burj-daman-difc-aed-150k-allsopp-and-allsopp-chatgpt-image-sep-24-2026-094723-am.png,Allsopp & Allsopp,https://www.allsoppandallsopp.com/dubai/property/lettings/L-310570,2026-10-03T04:07:45Z,,,,,Ask agent,,,,"{""parser"":""allsopp_public_rental"",""sourceCategory"":""apartments for rent"",""propertyType"":""apartment"",""bedrooms"":1,""bathrooms"":1,""sqft"":941,""priceTerm"":""per_year"",""furnished"":true,""parking"":true,""amenities"":""Balcony, Parking"",""address"":"""",""neighborhood"":""Burj Daman, DIFC"",""agentName"":""Deimante Nacyte"",""contactSource"":""https://www.allsoppandallsopp.com/dubai/property/lettings/L-310570"",""phoneVerifiedAt"":""2026-10-03T04:07:45Z"",""imageSourceUrl"":""https://www.allsoppandallsopp.com/dubai/property/lettings/L-310570"",""imageVerifiedAt"":""2026-10-09T18:51:36.373Z"",""imageIntegrityVersion"":""2026-10-07.1"",""listingIdentity"":{""version"":""2026-10-07.1"",""sourceUrl"":""https://www.allsoppandallsopp.com/dubai/property/lettings/L-310570"",""title"":""1-bedroom apartment for rent — Burj Daman, DIFC"",""images"":[""https://images.allsoppandallsopp.com/public/temp/a0O4S0000010v4NUAQ_s_1-bedroom-apartment-in-burj-daman-difc-aed-150k-allsopp-and-allsopp-chatgpt-image-sep-24-2026-094723-am.png""],""phones"":[],""sellerId"":"""",""city"":"""",""checkedAt"":""2026-10-09T18:51:36.373Z""}}",active,2026-10-09T18:36:28Z,200,Matching listing has an available source offer,2026-10-09T18:36:28Z,https://www.allsoppandallsopp.com/dubai/property/lettings/L-310570,0,,visible,,
allsopp-dubai-l-308444,published,marketplace,real_estate,for_rent_long,"2-bedroom apartment for rent — Marina Wharf, Dubai Marina","AED 100,000/year",100000,AED,Dubai,United Arab Emirates,Allsopp & Allsopp — Abigail Davies Cooper,+971585508123,"2-bedroom apartment for rent — Marina Wharf, Dubai Marina. 2 bathroom(s), 759.00 sq ft. Furnished. Pool, Gym. Annual rent: AED 100,000/year. Property reference: L-308444. Contact Abigail Davies Cooper at Allsopp & Allsopp for a viewing and rental terms.",https://images.allsoppandallsopp.com/public/temp/a0O4V00000MhJFHUA3_s_2-bedroom-apartment-in-marina-wharf-dubai-marina-aed-100k-allsopp-and-allsopp-adb21de8-b26f-4627-b88f-b8145b31db62.jpg,Allsopp & Allsopp,https://www.allsoppandallsopp.com/dubai/property/lettings/L-308444,2026-10-06T04:00:06Z,,,,,Ask agent,,,,"{""parser"":""allsopp_public_rental"",""sourceCategory"":""apartments for rent"",""propertyType"":""apartment"",""bedrooms"":2,""bathrooms"":2,""sqft"":759,""priceTerm"":""per_year"",""furnished"":true,""parking"":false,""amenities"":""Pool, Gym"",""address"":"""",""neighborhood"":""Marina Wharf, Dubai Marina"",""agentName"":""Abigail Davies Cooper"",""contactSource"":""https://www.allsoppandallsopp.com/dubai/property/lettings/L-308444"",""phoneVerifiedAt"":""2026-10-06T04:00:06Z"",""imageSourceUrl"":""https://www.allsoppandallsopp.com/dubai/property/lettings/L-308444"",""imageVerifiedAt"":""2026-10-09T18:51:36.373Z"",""imageIntegrityVersion"":""2026-10-07.1"",""listingIdentity"":{""version"":""2026-10-07.1"",""sourceUrl"":""https://www.allsoppandallsopp.com/dubai/property/lettings/L-308444"",""title"":""2-bedroom apartment for rent — Marina Wharf, Dubai Marina"",""images"":[""https://images.allsoppandallsopp.com/public/temp/a0O4V00000MhJFHUA3_s_2-bedroom-apartment-in-marina-wharf-dubai-marina-aed-100k-allsopp-and-allsopp-adb21de8-b26f-4627-b88f-b8145b31db62.jpg""],""phones"":[],""sellerId"":"""",""city"":"""",""checkedAt"":""2026-10-09T18:51:36.373Z""}}",active,2026-10-09T18:36:28Z,200,Matching listing has an available source offer,2026-10-09T18:36:28Z,https://www.allsoppandallsopp.com/dubai/property/lettings/L-308444,0,,visible,,
alba-dubai-2015,published,vehicles,vehicles,vehicles,2024 Audi Q8 e-tron,"AED 219,999",219999,AED,Dubai,United Arab Emirates,Alba Cars,+97143772503,"2024 Audi Q8 e-tron. 29,000 km. Automatic. White. Seller: Alba Cars, Al Quoz, Dubai.",https://storage.albacars.ae/vehicles/drafts/2015/1.jpg,Alba Cars,https://albacars.ae/buy-used-cars/vehicle/2015-audi-q8-55-quattro,2026-10-05T04:07:22Z,Audi,Q8,,2024,used,Automatic,White,29000,"{""parser"":""alba_public_vehicle_schema"",""sourceCategory"":""vehicles"",""contactSource"":""https://albacars.ae/buy-used-cars/vehicle/2015-audi-q8-55-quattro"",""phoneVerifiedAt"":""2026-10-05T04:07:22Z"",""imageSourceUrl"":""https://albacars.ae/buy-used-cars/vehicle/2015-audi-q8-55-quattro"",""imageVerifiedAt"":""2026-10-09T18:51:36.373Z"",""imageIntegrityVersion"":""2026-10-07.1"",""bodyType"":""SUV"",""fuelType"":""Electric"",""engine"":{""@type"":""EngineSpecification"",""engineDisplacement"":""N/A L"",""engineType"":""Electric""},""sourceSpecifications"":[{""label"":""Service Contract"",""value"":""Until 23-OCT-2028 or 75,000Kms""},{""label"":""Vehicle Specification"",""value"":""GCC_SPECS""},{""label"":""Wheels Type"",""value"":""21""},{""label"":""Features"",""value"":""ISOFIX, Ambient Lighting, Parking Sensors, Navigation, Adaptive Cruise, Keyless Start, Android Auto, Keyless Entry, 360 Camera, Cooling Seats, Lane Assist, Electric Tailgate, Rear AC, Panoramic Sunroof, Rear Camera, Apple Car Play, Leather Seats, Electric Seats""},{""label"":""Number Of Cylinders"",""value"":""0""},{""label"":""Interior Color"",""value"":""Brown""}],""listingIdentity"":{""version"":""2026-10-07.1"",""sourceUrl"":""https://albacars.ae/buy-used-cars/vehicle/2015-audi-q8-55-quattro"",""title"":""2024 Audi Q8 e-tron"",""images"":[""https://storage.albacars.ae/vehicles/drafts/2015/1.jpg""],""phones"":[],""sellerId"":"""",""city"":"""",""checkedAt"":""2026-10-09T18:51:36.373Z""}}",active,2026-10-09T18:36:28Z,200,Matching listing has an available source offer,2026-10-09T18:36:28Z,https://albacars.ae/buy-used-cars/vehicle/2015-audi-q8-55-quattro,0,,visible,,
alba-dubai-2014,published,vehicles,vehicles,vehicles,2025 USED Jeotur T2,"AED 129,999",129999,AED,Dubai,United Arab Emirates,Alba Cars,+97143772503,"2025 USED Jeotur T2. 31,000 km. Automatic. Brown. Seller: Alba Cars, Al Quoz, Dubai.",https://storage.albacars.ae/vehicles/drafts/2014/1.jpg,Alba Cars,https://albacars.ae/buy-used-cars/vehicle/2014-jetour-t2-other,2026-10-05T04:07:22Z,Jetour,T2,,2025,used,Automatic,Brown,31000,"{""parser"":""alba_public_vehicle_schema"",""sourceCategory"":""vehicles"",""contactSource"":""https://albacars.ae/buy-used-cars/vehicle/2014-jetour-t2-other"",""phoneVerifiedAt"":""2026-10-05T04:07:22Z"",""imageSourceUrl"":""https://albacars.ae/buy-used-cars/vehicle/2014-jetour-t2-other"",""imageVerifiedAt"":""2026-10-09T18:51:36.373Z"",""imageIntegrityVersion"":""2026-10-07.1"",""bodyType"":""SUV"",""fuelType"":""Petrol"",""engine"":{""@type"":""EngineSpecification"",""engineDisplacement"":""2.0 L"",""engineType"":""Petrol""},""sourceSpecifications"":[{""label"":""Service Contract"",""value"":""Until 11-MAR-2028 or 42,500Kms""},{""label"":""Vehicle Specification"",""value"":""GCC_SPECS""},{""label"":""Wheels Type"",""value"":""20""},{""label"":""Features"",""value"":""ISOFIX, Ambient Lighting, Remote Start, Parking Sensors, Adaptive Cruise, Keyless Start, Blind Spot Indicator, Android Auto, Keyless Entry, 360 Camera, Wireless Charger, Panoramic Sunroof, Rear Camera, Half Leather Seats, Apple Car Play, Cruise Control, Driving Modes""},{""label"":""Number Of Cylinders"",""value"":""4""},{""label"":""Interior Color"",""value"":""Gray""}],""listingIdentity"":{""version"":""2026-10-07.1"",""sourceUrl"":""https://albacars.ae/buy-used-cars/vehicle/2014-jetour-t2-other"",""title"":""2025 USED Jeotur T2"",""images"":[""https://storage.albacars.ae/vehicles/drafts/2014/1.jpg""],""phones"":[],""sellerId"":"""",""city"":"""",""checkedAt"":""2026-10-09T18:51:36.373Z""}}",active,2026-10-09T18:36:28Z,200,Matching listing has an available source offer,2026-10-09T18:36:28Z,https://albacars.ae/buy-used-cars/vehicle/2014-jetour-t2-other,0,,visible,,
alba-dubai-2013,rejected,vehicles,vehicles,vehicles,2020 BMW X7 xDrive 40i M Sport,"AED 172,999",172999,AED,Dubai,United Arab Emirates,Alba Cars,+97143772503,"2020 BMW X7 xDrive 40i M Sport. 90,000 km. Automatic. White. Seller: Alba Cars, Al Quoz, Dubai.",https://storage.albacars.ae/vehicles/drafts/2013/1.jpg,Alba Cars,https://albacars.ae/buy-used-cars/vehicle/2013-bmw-x7-xdrive-40i-m-sport,2026-10-05T04:07:22Z,BMW,X7,,2020,used,Automatic,White,90000,"{""parser"":""alba_public_vehicle_schema"",""sourceCategory"":""vehicles"",""contactSource"":""https://albacars.ae/buy-used-cars/vehicle/2013-bmw-x7-xdrive-40i-m-sport"",""phoneVerifiedAt"":""2026-10-05T04:07:22Z"",""imageSourceUrl"":""https://albacars.ae/buy-used-cars/vehicle/2013-bmw-x7-xdrive-40i-m-sport"",""imageVerifiedAt"":""2026-10-08T01:19:31.906Z"",""imageIntegrityVersion"":""2026-10-07.1"",""bodyType"":""SUV"",""fuelType"":""Petrol"",""engine"":{""@type"":""EngineSpecification"",""engineDisplacement"":""3.0 L"",""engineType"":""Petrol""},""sourceSpecifications"":[{""label"":""Service Contract"",""value"":""Paid add-on""},{""label"":""Vehicle Specification"",""value"":""GCC_SPECS""},{""label"":""Wheels Type"",""value"":""22""},{""label"":""Features"",""value"":""ISOFIX, Ambient Lighting, Heads Up Display, Remote Start, Parking Sensors, Navigation, Adaptive Cruise, Keyless Start, Blind Spot Indicator, Android Auto, Keyless Entry, 360 Camera, Cooling Seats, Lane Assist, Wireless Charger, Electric Tailgate, Rear AC, Panoramic Sunroof, Rear Entertainment, Apple Car Play, Leather Seats, Driving Modes, Electric Seats""},{""label"":""Number Of Cylinders"",""value"":""6""},{""label"":""Interior Color"",""value"":""Brown""}],""listingIdentity"":{""version"":""2026-10-07.1"",""sourceUrl"":""https://albacars.ae/buy-used-cars/vehicle/2013-bmw-x7-xdrive-40i-m-sport"",""title"":""2020 BMW X7 xDrive 40i M Sport"",""images"":[""https://storage.albacars.ae/vehicles/drafts/2013/1.jpg""],""phones"":[],""sellerId"":"""",""city"":"""",""checkedAt"":""2026-10-08T01:19:31.906Z""}}",sold,2026-10-09T18:36:28Z,200,All offers for this exact listing are unavailable,2026-10-07T04:00:45Z,https://albacars.ae/buy-used-cars/vehicle/2013-bmw-x7-xdrive-40i-m-sport,6,2026-10-09T18:36:28Z,unavailable,All offers for this exact listing are unavailable,
allsopp-dubai-l-309371,rejected,marketplace,real_estate,for_rent_long,"2-bedroom apartment for rent — Mulberry 2, Dubai Hills Estate","AED 189,000/year",189000,AED,Dubai,United Arab Emirates,Allsopp & Allsopp — Mohammed Valli,+971586895786,"2-bedroom apartment for rent — Mulberry 2, Dubai Hills Estate. 3 bathroom(s), 1,565.00 sq ft. Unfurnished. Balcony, Pool, Gym. Annual rent: AED 189,000/year. Property reference: L-309371. Contact Mohammed Valli at Allsopp & Allsopp for a viewing and rental terms.",https://images.allsoppandallsopp.com/public/temp/a0O4S000000V2b5UAC_s_2-bedroom-apartment-in-mulberry-2-dubai-hills-estate-aed-189k-allsopp-and-allsopp-cc21a23c-8d73-4903-ad89-1c5e297dd5f6.png|https://images.allsoppandallsopp.com/public/temp/a0O4S000000V2b5UAC_s_2-bedroom-apartment-in-mulberry-2-dubai-hills-estate-aed-189k-allsopp-and-allsopp-46eb3ee8-8482-4b81-8bff-47fdbb336f30.png|https://images.allsoppandallsopp.com/public/temp/a0O4S000000V2b5UAC_s_2-bedroom-apartment-in-mulberry-2-dubai-hills-estate-aed-189k-allsopp-and-allsopp-b1fb0a78-01ed-40be-b351-c999a76e2c42.png,Allsopp & Allsopp,https://www.allsoppandallsopp.com/dubai/property/lettings/L-309371,2026-10-04T05:19:42Z,,,,,Ask agent,,,,"{""parser"":""allsopp_public_rental"",""sourceCategory"":""apartments for rent"",""propertyType"":""apartment"",""bedrooms"":2,""bathrooms"":3,""sqft"":1565,""priceTerm"":""per_year"",""furnished"":false,""parking"":false,""amenities"":""Balcony, Pool, Gym"",""address"":""Mulberry 2 Building B2"",""neighborhood"":""Mulberry 2, Dubai Hills Estate"",""agentName"":""Mohammed Valli"",""contactSource"":""https://www.allsoppandallsopp.com/dubai/property/lettings/L-309371"",""phoneVerifiedAt"":""2026-10-04T05:19:42Z"",""imageSourceUrl"":""https://www.allsoppandallsopp.com/dubai/property/lettings/L-309371"",""imageVerifiedAt"":""2026-10-04T05:19:42Z"",""imageIntegrityVersion"":""2026-09-16.1""}",gone,2026-10-09T18:36:28Z,410,Exact source URL returned HTTP 410,2026-10-06T04:00:38Z,https://www.allsoppandallsopp.com/dubai/property/lettings/L-309371,7,2026-10-09T18:36:28Z,unavailable,Exact source URL returned HTTP 410,
allsopp-dubai-l-309380,published,marketplace,real_estate,for_rent_long,"3-bedroom apartment for rent — Sherlock Circus, Motor City","AED 175,000/year",175000,AED,Dubai,United Arab Emirates,Allsopp & Allsopp — Jack Marshall,+971585714106,"3-bedroom apartment for rent — Sherlock Circus, Motor City. 3 bathroom(s), 2,142.00 sq ft. . Annual rent: AED 175,000/year. Property reference: L-309380. Contact Jack Marshall at Allsopp & Allsopp for a viewing and rental terms.",https://images.allsoppandallsopp.com/public/temp/a0O4S000000V3G3UAK_s_3-bedroom-apartment-in-sherlock-circus-motor-city-aed-175k-allsopp-and-allsopp-047fe4c8-13ce-4cc0-baeb-0b6a03aa7fb7.jpeg,Allsopp & Allsopp,https://www.allsoppandallsopp.com/dubai/property/lettings/L-309380,2026-10-04T05:19:42Z,,,,,Ask agent,,,,"{""parser"":""allsopp_public_rental"",""sourceCategory"":""apartments for rent"",""propertyType"":""apartment"",""bedrooms"":3,""bathrooms"":3,""sqft"":2142,""priceTerm"":""per_year"",""furnished"":false,""parking"":false,""amenities"":"""",""address"":""Sherlock Circus 2"",""neighborhood"":""Sherlock Circus, Motor City"",""agentName"":""Jack Marshall"",""contactSource"":""https://www.allsoppandallsopp.com/dubai/property/lettings/L-309380"",""phoneVerifiedAt"":""2026-10-04T05:19:42Z"",""imageSourceUrl"":""https://www.allsoppandallsopp.com/dubai/property/lettings/L-309380"",""imageVerifiedAt"":""2026-10-09T18:51:36.373Z"",""imageIntegrityVersion"":""2026-10-07.1"",""listingIdentity"":{""version"":""2026-10-07.1"",""sourceUrl"":""https://www.allsoppandallsopp.com/dubai/property/lettings/L-309380"",""title"":""3-bedroom apartment for rent — Sherlock Circus, Motor City"",""images"":[""https://images.allsoppandallsopp.com/public/temp/a0O4S000000V3G3UAK_s_3-bedroom-apartment-in-sherlock-circus-motor-city-aed-175k-allsopp-and-allsopp-047fe4c8-13ce-4cc0-baeb-0b6a03aa7fb7.jpeg""],""phones"":[],""sellerId"":"""",""city"":"""",""checkedAt"":""2026-10-09T18:51:36.373Z""}}",active,2026-10-09T18:36:28Z,200,Matching listing has an available source offer,2026-10-09T18:36:28Z,https://www.allsoppandallsopp.com/dubai/property/lettings/L-309380,0,,visible,,
allsopp-dubai-l-309415,published,marketplace,real_estate,for_rent_long,"2-bedroom apartment for rent — Park Tower B, Park Tower B, DIFC","AED 220,000/year",220000,AED,Dubai,United Arab Emirates,Allsopp & Allsopp — Deimante Nacyte,+971585482622,"2-bedroom apartment for rent — Park Tower B, Park Tower B, DIFC. 3 bathroom(s), 1,304.00 sq ft. Furnished. . Annual rent: AED 220,000/year. Property reference: L-309415. Contact Deimante Nacyte at Allsopp & Allsopp for a viewing and rental terms.",https://images.allsoppandallsopp.com/public/temp/a0O4S000000V7YVUA0_s_2-bedroom-apartment-in-park-tower-b-park-tower-b-difc-aed-220k-allsopp-and-allsopp-chatgpt-image-sep-3-2026-061425-pm.png,Allsopp & Allsopp,https://www.allsoppandallsopp.com/dubai/property/lettings/L-309415,2026-10-04T05:19:42Z,,,,,Ask agent,,,,"{""parser"":""allsopp_public_rental"",""sourceCategory"":""apartments for rent"",""propertyType"":""apartment"",""bedrooms"":2,""bathrooms"":3,""sqft"":1304,""priceTerm"":""per_year"",""furnished"":true,""parking"":false,""amenities"":"""",""address"":"""",""neighborhood"":""Park Tower B, Park Tower B, DIFC"",""agentName"":""Deimante Nacyte"",""contactSource"":""https://www.allsoppandallsopp.com/dubai/property/lettings/L-309415"",""phoneVerifiedAt"":""2026-10-04T05:19:42Z"",""imageSourceUrl"":""https://www.allsoppandallsopp.com/dubai/property/lettings/L-309415"",""imageVerifiedAt"":""2026-10-09T18:51:36.373Z"",""imageIntegrityVersion"":""2026-10-07.1"",""listingIdentity"":{""version"":""2026-10-07.1"",""sourceUrl"":""https://www.allsoppandallsopp.com/dubai/property/lettings/L-309415"",""title"":""2-bedroom apartment for rent — Park Tower B, Park Tower B, DIFC"",""images"":[""https://images.allsoppandallsopp.com/public/temp/a0O4S000000V7YVUA0_s_2-bedroom-apartment-in-park-tower-b-park-tower-b-difc-aed-220k-allsopp-and-allsopp-chatgpt-image-sep-3-2026-061425-pm.png""],""phones"":[],""sellerId"":"""",""city"":"""",""checkedAt"":""2026-10-09T18:51:36.373Z""}}",active,2026-10-09T18:36:28Z,200,Matching listing has an available source offer,2026-10-09T18:36:28Z,https://www.allsoppandallsopp.com/dubai/property/lettings/L-309415,0,,visible,,
allsopp-dubai-l-309407,published,marketplace,real_estate,for_rent_long,"1-bedroom apartment for rent — Burj Views, Downtown Dubai","AED 110,000/year",110000,AED,Dubai,United Arab Emirates,Allsopp & Allsopp — Alexander Sariev,+971585982442,"1-bedroom apartment for rent — Burj Views, Downtown Dubai. 2 bathroom(s), 915.00 sq ft. Unfurnished. Balcony, Pool, Gym, Parking. Annual rent: AED 110,000/year. Property reference: L-309407. Contact Alexander Sariev at Allsopp & Allsopp for a viewing and rental terms.",https://images.allsoppandallsopp.com/public/temp/a0O4S000000V82gUAC_s_1-bedroom-apartment-in-burj-views-downtown-dubai-aed-110k-allsopp-and-allsopp-img6178.jpeg,Allsopp & Allsopp,https://www.allsoppandallsopp.com/dubai/property/lettings/L-309407,2026-10-04T05:19:42Z,,,,,Ask agent,,,,"{""parser"":""allsopp_public_rental"",""sourceCategory"":""apartments for rent"",""propertyType"":""apartment"",""bedrooms"":1,""bathrooms"":2,""sqft"":915,""priceTerm"":""per_year"",""furnished"":false,""parking"":true,""amenities"":""Balcony, Pool, Gym, Parking"",""address"":""Burj Views B"",""neighborhood"":""Burj Views, Downtown Dubai"",""agentName"":""Alexander Sariev"",""contactSource"":""https://www.allsoppandallsopp.com/dubai/property/lettings/L-309407"",""phoneVerifiedAt"":""2026-10-04T05:19:42Z"",""imageSourceUrl"":""https://www.allsoppandallsopp.com/dubai/property/lettings/L-309407"",""imageVerifiedAt"":""2026-10-09T18:51:36.373Z"",""imageIntegrityVersion"":""2026-10-07.1"",""listingIdentity"":{""version"":""2026-10-07.1"",""sourceUrl"":""https://www.allsoppandallsopp.com/dubai/property/lettings/L-309407"",""title"":""1-bedroom apartment for rent — Burj Views, Downtown Dubai"",""images"":[""https://images.allsoppandallsopp.com/public/temp/a0O4S000000V82gUAC_s_1-bedroom-apartment-in-burj-views-downtown-dubai-aed-110k-allsopp-and-allsopp-img6178.jpeg""],""phones"":[],""sellerId"":"""",""city"":"""",""checkedAt"":""2026-10-09T18:51:36.373Z""}}",active,2026-10-09T18:36:28Z,200,Matching listing has an available source offer,2026-10-09T18:36:28Z,https://www.allsoppandallsopp.com/dubai/property/lettings/L-309407,0,,visible,,
allsopp-dubai-l-309239,published,marketplace,real_estate,for_rent_long,"1-bedroom apartment for rent — Golf Towers, The Views","AED 140,000/year",140000,AED,Dubai,United Arab Emirates,Allsopp & Allsopp — Nazir Akbar,+971503044064,"1-bedroom apartment for rent — Golf Towers, The Views. 1 bathroom(s), 962.00 sq ft. Furnished. Balcony, Pool, Gym, Parking. Annual rent: AED 140,000/year. Property reference: L-309239. Contact Nazir Akbar at Allsopp & Allsopp for a viewing and rental terms.",https://images.allsoppandallsopp.com/public/temp/a0O4S000000VAMwUAO_s_1-bedroom-apartment-in-golf-towers-the-views-aed-140k-allsopp-and-allsopp-dsc06940-hdr.jpg,Allsopp & Allsopp,https://www.allsoppandallsopp.com/dubai/property/lettings/L-309239,2026-10-04T05:19:42Z,,,,,Ask agent,,,,"{""parser"":""allsopp_public_rental"",""sourceCategory"":""apartments for rent"",""propertyType"":""apartment"",""bedrooms"":1,""bathrooms"":1,""sqft"":962,""priceTerm"":""per_year"",""furnished"":true,""parking"":true,""amenities"":""Balcony, Pool, Gym, Parking"",""address"":""Golf Towers 3"",""neighborhood"":""Golf Towers, The Views"",""agentName"":""Nazir Akbar"",""contactSource"":""https://www.allsoppandallsopp.com/dubai/property/lettings/L-309239"",""phoneVerifiedAt"":""2026-10-04T05:19:42Z"",""imageSourceUrl"":""https://www.allsoppandallsopp.com/dubai/property/lettings/L-309239"",""imageVerifiedAt"":""2026-10-09T18:51:36.373Z"",""imageIntegrityVersion"":""2026-10-07.1"",""listingIdentity"":{""version"":""2026-10-07.1"",""sourceUrl"":""https://www.allsoppandallsopp.com/dubai/property/lettings/L-309239"",""title"":""1-bedroom apartment for rent — Golf Towers, The Views"",""images"":[""https://images.allsoppandallsopp.com/public/temp/a0O4S000000VAMwUAO_s_1-bedroom-apartment-in-golf-towers-the-views-aed-140k-allsopp-and-allsopp-dsc06940-hdr.jpg""],""phones"":[],""sellerId"":"""",""city"":"""",""checkedAt"":""2026-10-09T18:51:36.373Z""}}",active,2026-10-09T18:36:28Z,200,Matching listing has an available source offer,2026-10-09T18:36:28Z,https://www.allsoppandallsopp.com/dubai/property/lettings/L-309239,0,,visible,,
allsopp-dubai-l-309382,published,marketplace,real_estate,for_rent_long,"1-bedroom apartment for rent — Vida Residence Downtown, Downtown Dubai","AED 130,000/year",130000,AED,Dubai,United Arab Emirates,Allsopp & Allsopp — Katie Coyle,+971585901622,"1-bedroom apartment for rent — Vida Residence Downtown, Downtown Dubai. 2 bathroom(s), 732.00 sq ft. Furnished. Pool, Gym, Parking. Annual rent: AED 130,000/year. Property reference: L-309382. Contact Katie Coyle at Allsopp & Allsopp for a viewing and rental terms.",https://images.allsoppandallsopp.com/public/temp/a0O4S000000X0OHUA0_s_1-bedroom-apartment-in-vida-residence-downtown-downtown-dubai-aed-130k-allsopp-and-allsopp-img4055.jpeg,Allsopp & Allsopp,https://www.allsoppandallsopp.com/dubai/property/lettings/L-309382,2026-10-04T05:19:42Z,,,,,Ask agent,,,,"{""parser"":""allsopp_public_rental"",""sourceCategory"":""apartments for rent"",""propertyType"":""apartment"",""bedrooms"":1,""bathrooms"":2,""sqft"":732,""priceTerm"":""per_year"",""furnished"":true,""parking"":true,""amenities"":""Pool, Gym, Parking"",""address"":"""",""neighborhood"":""Vida Residence Downtown, Downtown Dubai"",""agentName"":""Katie Coyle"",""contactSource"":""https://www.allsoppandallsopp.com/dubai/property/lettings/L-309382"",""phoneVerifiedAt"":""2026-10-04T05:19:42Z"",""imageSourceUrl"":""https://www.allsoppandallsopp.com/dubai/property/lettings/L-309382"",""imageVerifiedAt"":""2026-10-09T18:51:36.373Z"",""imageIntegrityVersion"":""2026-10-07.1"",""listingIdentity"":{""version"":""2026-10-07.1"",""sourceUrl"":""https://www.allsoppandallsopp.com/dubai/property/lettings/L-309382"",""title"":""1-bedroom apartment for rent — Vida Residence Downtown, Downtown Dubai"",""images"":[""https://images.allsoppandallsopp.com/public/temp/a0O4S000000X0OHUA0_s_1-bedroom-apartment-in-vida-residence-downtown-downtown-dubai-aed-130k-allsopp-and-allsopp-img4055.jpeg""],""phones"":[],""sellerId"":"""",""city"":"""",""checkedAt"":""2026-10-09T18:51:36.373Z""}}",active,2026-10-09T18:36:28Z,200,Matching listing has an available source offer,2026-10-09T18:36:28Z,https://www.allsoppandallsopp.com/dubai/property/lettings/L-309382,0,,visible,,
allsopp-dubai-l-309057,rejected,marketplace,real_estate,for_rent_long,"1-bedroom apartment for rent — Marquise Square Tower, Business Bay","AED 110,000/year",110000,AED,Dubai,United Arab Emirates,Allsopp & Allsopp — Lucas Joshi,+971585286162,"1-bedroom apartment for rent — Marquise Square Tower, Business Bay. 2 bathroom(s), 1,110.00 sq ft. Balcony, Pool, Gym, Parking. Annual rent: AED 110,000/year. Property reference: L-309057. Contact Lucas Joshi at Allsopp & Allsopp for a viewing and rental terms.",https://images.allsoppandallsopp.com/public/temp/a0O4V00000Nam0RUAR_s_1-bedroom-apartment-in-marquise-square-tower-business-bay-aed-110k-allsopp-and-allsopp-12.jpg,Allsopp & Allsopp,https://www.allsoppandallsopp.com/dubai/property/lettings/L-309057,2026-10-04T05:19:42Z,,,,,Ask agent,,,,"{""parser"":""allsopp_public_rental"",""sourceCategory"":""apartments for rent"",""propertyType"":""apartment"",""bedrooms"":1,""bathrooms"":2,""sqft"":1110,""priceTerm"":""per_year"",""furnished"":false,""parking"":true,""amenities"":""Balcony, Pool, Gym, Parking"",""address"":"""",""neighborhood"":""Marquise Square Tower, Business Bay"",""agentName"":""Lucas Joshi"",""contactSource"":""https://www.allsoppandallsopp.com/dubai/property/lettings/L-309057"",""phoneVerifiedAt"":""2026-10-04T05:19:42Z"",""imageSourceUrl"":""https://www.allsoppandallsopp.com/dubai/property/lettings/L-309057"",""imageVerifiedAt"":""2026-10-08T06:03:34.429Z"",""imageIntegrityVersion"":""2026-10-07.1"",""listingIdentity"":{""version"":""2026-10-07.1"",""sourceUrl"":""https://www.allsoppandallsopp.com/dubai/property/lettings/L-309057"",""title"":""1-bedroom apartment for rent — Marquise Square Tower, Business Bay"",""images"":[""https://images.allsoppandallsopp.com/public/temp/a0O4V00000Nam0RUAR_s_1-bedroom-apartment-in-marquise-square-tower-business-bay-aed-110k-allsopp-and-allsopp-12.jpg""],""phones"":[],""sellerId"":"""",""city"":"""",""checkedAt"":""2026-10-08T06:03:34.429Z""}}",gone,2026-10-09T18:36:28Z,410,Exact source URL returned HTTP 410,2026-10-08T04:03:03Z,https://www.allsoppandallsopp.com/dubai/property/lettings/L-309057,5,2026-10-09T18:36:28Z,unavailable,Exact source URL returned HTTP 410,
alba-dubai-1605,rejected,vehicles,vehicles,vehicles,2023 Volvo S90 B5 ,"AED 99,999",99999,AED,Dubai,United Arab Emirates,Alba Cars,+97143772503,"2023 Volvo S90 B5 . 59,000 km. Automatic. Grey. Seller: Alba Cars, Al Quoz, Dubai.",https://storage.albacars.ae/vehicles/80004a2b-79f7-4b8e-a413-3f8579313f1d/aef3fa8e-04f4-41e8-8500-29ab63e9cb93.jpeg?format=auto|https://storage.albacars.ae/vehicles/80004a2b-79f7-4b8e-a413-3f8579313f1d/1979f9e6-46f9-4128-af2f-6cd8678caf81.jpeg?format=auto|https://storage.albacars.ae/vehicles/80004a2b-79f7-4b8e-a413-3f8579313f1d/51193109-d85f-4e9d-84a1-41d6b8c68e2f.jpeg?format=auto|https://storage.albacars.ae/vehicles/80004a2b-79f7-4b8e-a413-3f8579313f1d/3bc8798e-8938-4a83-b7a0-8f2467a8e62b.jpeg?format=auto,Alba Cars,https://albacars.ae/buy-used-cars/vehicle/1605-volvo-s90-b5,2026-10-09T04:04:05Z,Volvo,S90,,2023,used,Automatic,Grey,59000,"{""parser"":""alba_public_vehicle_schema"",""sourceCategory"":""vehicles"",""contactSource"":""https://albacars.ae/buy-used-cars/vehicle/1605-volvo-s90-b5"",""phoneVerifiedAt"":""2026-10-09T04:04:05Z"",""imageSourceUrl"":""https://albacars.ae/buy-used-cars/vehicle/1605-volvo-s90-b5"",""imageVerifiedAt"":""2026-10-09T04:04:05Z"",""imageIntegrityVersion"":""2026-09-16.1"",""bodyType"":""Sedan"",""fuelType"":""Petrol"",""engine"":{""@type"":""EngineSpecification"",""engineDisplacement"":""Unknown L"",""engineType"":""Petrol""},""sourceSpecifications"":[{""label"":""Service Contract"",""value"":""Paid add-on""},{""label"":""Vehicle Specification"",""value"":""GCC_SPECS""},{""label"":""Wheels Type"",""value"":""R19""},{""label"":""Features"",""value"":""ISOFIX, Parking Sensors, Navigation, Adaptive Cruise, Keyless Start, Blind Spot Indicator, Android Auto, 360 Camera, Lane Assist, Wireless Charger, Electric Tailgate, Rear Camera, Apple Car Play, Cruise Control, Leather Seats, Electric Seats""},{""label"":""Number Of Cylinders"",""value"":""4""},{""label"":""Interior Color"",""value"":""Black""}],""listingIdentity"":{""version"":""2026-10-07.1"",""sourceUrl"":""https://albacars.ae/buy-used-cars/vehicle/1605-volvo-s90-b5"",""title"":""2023 Volvo S90 B5 "",""images"":[""https://storage.albacars.ae/vehicles/80004a2b-79f7-4b8e-a413-3f8579313f1d/aef3fa8e-04f4-41e8-8500-29ab63e9cb93.jpeg""],""phones"":[],""sellerId"":"""",""city"":"""",""checkedAt"":""2026-10-08T01:19:31.906Z""}}",active,2026-10-09T18:36:28Z,200,Matching listing has an available source offer,2026-10-09T18:36:28Z,https://albacars.ae/buy-used-cars/vehicle/1605-volvo-s90-b5,0,,foreign_gallery,Gallery belongs to a different source listing.,
allsopp-dubai-l-309459,published,marketplace,real_estate,for_rent_long,"2-bedroom apartment for rent — Mulberry 2, Dubai Hills Estate","AED 170,000/year",170000,AED,Dubai,United Arab Emirates,Allsopp & Allsopp — Cameran Ayscough,+971585583658,"2-bedroom apartment for rent — Mulberry 2, Dubai Hills Estate. 3 bathroom(s), 1,306.63 sq ft. Unfurnished. Balcony, Pool, Gym, Parking. Annual rent: AED 170,000/year. Property reference: L-309459. Contact Cameran Ayscough at Allsopp & Allsopp for a viewing and rental terms.",https://images.allsoppandallsopp.com/public/temp/a0O4S000000V2g1UAC_s_2-bedroom-apartment-in-mulberry-2-dubai-hills-estate-aed-170k-allsopp-and-allsopp-geminigeneratedimage13p1o213p1o213p1.jpeg,Allsopp & Allsopp,https://www.allsoppandallsopp.com/dubai/property/lettings/L-309459,2026-10-06T04:00:06Z,,,,,Ask agent,,,,"{""parser"":""allsopp_public_rental"",""sourceCategory"":""apartments for rent"",""propertyType"":""apartment"",""bedrooms"":2,""bathrooms"":3,""sqft"":1306.63,""priceTerm"":""per_year"",""furnished"":false,""parking"":true,""amenities"":""Balcony, Pool, Gym, Parking"",""address"":""Mulberry 2 Building A2"",""neighborhood"":""Mulberry 2, Dubai Hills Estate"",""agentName"":""Cameran Ayscough"",""contactSource"":""https://www.allsoppandallsopp.com/dubai/property/lettings/L-309459"",""phoneVerifiedAt"":""2026-10-06T04:00:06Z"",""imageSourceUrl"":""https://www.allsoppandallsopp.com/dubai/property/lettings/L-309459"",""imageVerifiedAt"":""2026-10-09T18:51:36.373Z"",""imageIntegrityVersion"":""2026-10-07.1"",""listingIdentity"":{""version"":""2026-10-07.1"",""sourceUrl"":""https://www.allsoppandallsopp.com/dubai/property/lettings/L-309459"",""title"":""2-bedroom apartment for rent — Mulberry 2, Dubai Hills Estate"",""images"":[""https://images.allsoppandallsopp.com/public/temp/a0O4S000000V2g1UAC_s_2-bedroom-apartment-in-mulberry-2-dubai-hills-estate-aed-170k-allsopp-and-allsopp-geminigeneratedimage13p1o213p1o213p1.jpeg""],""phones"":[],""sellerId"":"""",""city"":"""",""checkedAt"":""2026-10-09T18:51:36.373Z""}}",active,2026-10-09T18:36:28Z,200,Matching listing has an available source offer,2026-10-09T18:36:28Z,https://www.allsoppandallsopp.com/dubai/property/lettings/L-309459,0,,visible,,
allsopp-dubai-l-306917,published,marketplace,real_estate,for_rent_long,"1-bedroom apartment for rent — Belgravia 2, Jumeirah Village Circle","AED 82,500/year",82500,AED,Dubai,United Arab Emirates,Allsopp & Allsopp — Harrison O Neill,+971585825394,"1-bedroom apartment for rent — Belgravia 2, Jumeirah Village Circle. 2 bathroom(s), 919.00 sq ft. Unfurnished. Balcony, Parking. Annual rent: AED 82,500/year. Property reference: L-306917. Contact Harrison O Neill at Allsopp & Allsopp for a viewing and rental terms.",https://images.allsoppandallsopp.com/public/temp/a0O4S000000Wp4IUAS_s_1-bedroom-apartment-in-belgravia-2-jumeirah-village-circle-aed-80k-allsopp-and-allsopp-1b7b8dee-9523-4788-b8c6-9df376540afb.jpeg,Allsopp & Allsopp,https://www.allsoppandallsopp.com/dubai/property/lettings/L-306917,2026-10-05T04:07:28Z,,,,,Ask agent,,,,"{""parser"":""allsopp_public_rental"",""sourceCategory"":""apartments for rent"",""propertyType"":""apartment"",""bedrooms"":1,""bathrooms"":2,""sqft"":919,""priceTerm"":""per_year"",""furnished"":false,""parking"":true,""amenities"":""Balcony, Parking"",""address"":"""",""neighborhood"":""Belgravia 2, Jumeirah Village Circle"",""agentName"":""Harrison O Neill"",""contactSource"":""https://www.allsoppandallsopp.com/dubai/property/lettings/L-306917"",""phoneVerifiedAt"":""2026-10-05T04:07:28Z"",""imageSourceUrl"":""https://www.allsoppandallsopp.com/dubai/property/lettings/L-306917"",""imageVerifiedAt"":""2026-10-09T18:51:36.373Z"",""imageIntegrityVersion"":""2026-10-07.1"",""listingIdentity"":{""version"":""2026-10-07.1"",""sourceUrl"":""https://www.allsoppandallsopp.com/dubai/property/lettings/L-306917"",""title"":""1-bedroom apartment for rent — Belgravia 2, Jumeirah Village Circle"",""images"":[""https://images.allsoppandallsopp.com/public/temp/a0O4S000000Wp4IUAS_s_1-bedroom-apartment-in-belgravia-2-jumeirah-village-circle-aed-80k-allsopp-and-allsopp-1b7b8dee-9523-4788-b8c6-9df376540afb.jpeg""],""phones"":[],""sellerId"":"""",""city"":"""",""checkedAt"":""2026-10-09T18:51:36.373Z""}}",active,2026-10-09T18:36:28Z,200,Matching listing has an available source offer,2026-10-09T18:36:28Z,https://www.allsoppandallsopp.com/dubai/property/lettings/L-306917,0,,visible,,
allsopp-dubai-l-307154,published,marketplace,real_estate,for_rent_long,"1-bedroom apartment for rent — Southwest Apartments, Green Community","AED 70,000/year",70000,AED,Dubai,United Arab Emirates,Allsopp & Allsopp — Benjamin Coomer,+971585934702,"1-bedroom apartment for rent — Southwest Apartments, Green Community. 2 bathroom(s), 935.00 sq ft. Balcony, Pool. Annual rent: AED 70,000/year. Property reference: L-307154. Contact Benjamin Coomer at Allsopp & Allsopp for a viewing and rental terms.",https://images.allsoppandallsopp.com/public/temp/a0O4S000000y3z5UAA_s_1-bedroom-apartment-in-southwest-apartments-green-community-aed-74k-allsopp-and-allsopp-a-5.jpg,Allsopp & Allsopp,https://www.allsoppandallsopp.com/dubai/property/lettings/L-307154,2026-10-05T04:07:28Z,,,,,Ask agent,,,,"{""parser"":""allsopp_public_rental"",""sourceCategory"":""apartments for rent"",""propertyType"":""apartment"",""bedrooms"":1,""bathrooms"":2,""sqft"":935,""priceTerm"":""per_year"",""furnished"":false,""parking"":false,""amenities"":""Balcony, Pool"",""address"":""Southwest Apartments 5"",""neighborhood"":""Southwest Apartments, Green Community"",""agentName"":""Benjamin Coomer"",""contactSource"":""https://www.allsoppandallsopp.com/dubai/property/lettings/L-307154"",""phoneVerifiedAt"":""2026-10-05T04:07:28Z"",""imageSourceUrl"":""https://www.allsoppandallsopp.com/dubai/property/lettings/L-307154"",""imageVerifiedAt"":""2026-10-09T18:51:36.373Z"",""imageIntegrityVersion"":""2026-10-07.1"",""listingIdentity"":{""version"":""2026-10-07.1"",""sourceUrl"":""https://www.allsoppandallsopp.com/dubai/property/lettings/L-307154"",""title"":""1-bedroom apartment for rent — Southwest Apartments, Green Community"",""images"":[""https://images.allsoppandallsopp.com/public/temp/a0O4S000000y3z5UAA_s_1-bedroom-apartment-in-southwest-apartments-green-community-aed-74k-allsopp-and-allsopp-a-5.jpg""],""phones"":[],""sellerId"":"""",""city"":"""",""checkedAt"":""2026-10-09T18:51:36.373Z""}}",active,2026-10-09T18:36:28Z,200,Matching listing has an available source offer,2026-10-09T18:36:28Z,https://www.allsoppandallsopp.com/dubai/property/lettings/L-307154,0,,visible,,
allsopp-dubai-l-307166,published,marketplace,real_estate,for_rent_long,"1-bedroom apartment for rent — Sherlock House 1, Motor City","AED 75,000/year",75000,AED,Dubai,United Arab Emirates,Allsopp & Allsopp — Jack Marshall,+971585714106,"1-bedroom apartment for rent — Sherlock House 1, Motor City. 2 bathroom(s), 818.00 sq ft. Unfurnished. Pool, Gym, Parking. Annual rent: AED 75,000/year. Property reference: L-307166. Contact Jack Marshall at Allsopp & Allsopp for a viewing and rental terms.",https://images.allsoppandallsopp.com/public/temp/a0O4V00000MI3JlUAL_s_1-bedroom-apartment-in-sherlock-house-1-motor-city-aed-75k-allsopp-and-allsopp-copy-of-1.jpg,Allsopp & Allsopp,https://www.allsoppandallsopp.com/dubai/property/lettings/L-307166,2026-10-05T04:07:28Z,,,,,Ask agent,,,,"{""parser"":""allsopp_public_rental"",""sourceCategory"":""apartments for rent"",""propertyType"":""apartment"",""bedrooms"":1,""bathrooms"":2,""sqft"":818,""priceTerm"":""per_year"",""furnished"":false,""parking"":true,""amenities"":""Pool, Gym, Parking"",""address"":"""",""neighborhood"":""Sherlock House 1, Motor City"",""agentName"":""Jack Marshall"",""contactSource"":""https://www.allsoppandallsopp.com/dubai/property/lettings/L-307166"",""phoneVerifiedAt"":""2026-10-05T04:07:28Z"",""imageSourceUrl"":""https://www.allsoppandallsopp.com/dubai/property/lettings/L-307166"",""imageVerifiedAt"":""2026-10-09T18:51:36.373Z"",""imageIntegrityVersion"":""2026-10-07.1"",""listingIdentity"":{""version"":""2026-10-07.1"",""sourceUrl"":""https://www.allsoppandallsopp.com/dubai/property/lettings/L-307166"",""title"":""1-bedroom apartment for rent — Sherlock House 1, Motor City"",""images"":[""https://images.allsoppandallsopp.com/public/temp/a0O4V00000MI3JlUAL_s_1-bedroom-apartment-in-sherlock-house-1-motor-city-aed-75k-allsopp-and-allsopp-copy-of-1.jpg""],""phones"":[],""sellerId"":"""",""city"":"""",""checkedAt"":""2026-10-09T18:51:36.373Z""}}",active,2026-10-09T18:36:28Z,200,Matching listing has an available source offer,2026-10-09T18:36:28Z,https://www.allsoppandallsopp.com/dubai/property/lettings/L-307166,0,,visible,,
allsopp-dubai-l-307349,rejected,marketplace,real_estate,for_rent_long,"Studio apartment for rent — The Cosmopolitan, Business Bay","AED 55,000/year",55000,AED,Dubai,United Arab Emirates,Allsopp & Allsopp — Oliver Youngs,+971509027505,"Studio apartment for rent — The Cosmopolitan, Business Bay. 1 bathroom(s), 428.00 sq ft. Furnished. Pool, Gym, Parking. Annual rent: AED 55,000/year. Property reference: L-307349. Contact Oliver Youngs at Allsopp & Allsopp for a viewing and rental terms.",https://images.allsoppandallsopp.com/public/temp/a0O4V00000NakALUAZ_s_apartment-in-the-cosmopolitan-business-bay-aed-55k-allsopp-and-allsopp-img9449.jpg,Allsopp & Allsopp,https://www.allsoppandallsopp.com/dubai/property/lettings/L-307349,2026-10-05T04:07:28Z,,,,,Ask agent,,,,"{""parser"":""allsopp_public_rental"",""sourceCategory"":""apartments for rent"",""propertyType"":""apartment"",""bedrooms"":0,""bathrooms"":1,""sqft"":428,""priceTerm"":""per_year"",""furnished"":true,""parking"":true,""amenities"":""Pool, Gym, Parking"",""address"":"""",""neighborhood"":""The Cosmopolitan, Business Bay"",""agentName"":""Oliver Youngs"",""contactSource"":""https://www.allsoppandallsopp.com/dubai/property/lettings/L-307349"",""phoneVerifiedAt"":""2026-10-05T04:07:28Z"",""imageSourceUrl"":""https://www.allsoppandallsopp.com/dubai/property/lettings/L-307349"",""imageVerifiedAt"":""2026-10-08T09:03:39.996Z"",""imageIntegrityVersion"":""2026-10-07.1"",""listingIdentity"":{""version"":""2026-10-07.1"",""sourceUrl"":""https://www.allsoppandallsopp.com/dubai/property/lettings/L-307349"",""title"":""Studio apartment for rent — The Cosmopolitan, Business Bay"",""images"":[""https://images.allsoppandallsopp.com/public/temp/a0O4V00000NakALUAZ_s_apartment-in-the-cosmopolitan-business-bay-aed-55k-allsopp-and-allsopp-img9449.jpg""],""phones"":[],""sellerId"":"""",""city"":"""",""checkedAt"":""2026-10-08T09:03:39.996Z""}}",gone,2026-10-09T18:36:28Z,410,Exact source URL returned HTTP 410,2026-10-08T04:03:03Z,https://www.allsoppandallsopp.com/dubai/property/lettings/L-307349,5,2026-10-09T18:36:28Z,unavailable,Exact source URL returned HTTP 410,
allsopp-dubai-l-307182,published,marketplace,real_estate,for_rent_long,"1-bedroom apartment for rent — Bermuda Views, Dubai Sports City","AED 62,000/year",62000,AED,Dubai,United Arab Emirates,Allsopp & Allsopp — Richard Botnaru,+971585675702,"1-bedroom apartment for rent — Bermuda Views, Dubai Sports City. 2 bathroom(s), 678.23 sq ft. Furnished. Balcony, Pool, Gym, Parking. Annual rent: AED 62,000/year. Property reference: L-307182. Contact Richard Botnaru at Allsopp & Allsopp for a viewing and rental terms.",https://images.allsoppandallsopp.com/public/temp/a0OdK000000VsqXUAS_s_1-bedroom-apartment-in-bermuda-views-dubai-sports-city-aed-62k-allsopp-and-allsopp-img1696.jpg,Allsopp & Allsopp,https://www.allsoppandallsopp.com/dubai/property/lettings/L-307182,2026-10-05T04:07:28Z,,,,,Ask agent,,,,"{""parser"":""allsopp_public_rental"",""sourceCategory"":""apartments for rent"",""propertyType"":""apartment"",""bedrooms"":1,""bathrooms"":2,""sqft"":678.23,""priceTerm"":""per_year"",""furnished"":true,""parking"":true,""amenities"":""Balcony, Pool, Gym, Parking"",""address"":"""",""neighborhood"":""Bermuda Views, Dubai Sports City"",""agentName"":""Richard Botnaru"",""contactSource"":""https://www.allsoppandallsopp.com/dubai/property/lettings/L-307182"",""phoneVerifiedAt"":""2026-10-05T04:07:28Z"",""imageSourceUrl"":""https://www.allsoppandallsopp.com/dubai/property/lettings/L-307182"",""imageVerifiedAt"":""2026-10-09T18:51:36.373Z"",""imageIntegrityVersion"":""2026-10-07.1"",""listingIdentity"":{""version"":""2026-10-07.1"",""sourceUrl"":""https://www.allsoppandallsopp.com/dubai/property/lettings/L-307182"",""title"":""1-bedroom apartment for rent — Bermuda Views, Dubai Sports City"",""images"":[""https://images.allsoppandallsopp.com/public/temp/a0OdK000000VsqXUAS_s_1-bedroom-apartment-in-bermuda-views-dubai-sports-city-aed-62k-allsopp-and-allsopp-img1696.jpg""],""phones"":[],""sellerId"":"""",""city"":"""",""checkedAt"":""2026-10-09T18:51:36.373Z""}}",active,2026-10-09T18:36:28Z,200,Matching listing has an available source offer,2026-10-09T18:36:28Z,https://www.allsoppandallsopp.com/dubai/property/lettings/L-307182,0,,visible,,
allsopp-dubai-l-307183,published,marketplace,real_estate,for_rent_long,"1-bedroom apartment for rent — Bermuda Views, Dubai Sports City","AED 63,000/year",63000,AED,Dubai,United Arab Emirates,Allsopp & Allsopp — Richard Botnaru,+971585675702,"1-bedroom apartment for rent — Bermuda Views, Dubai Sports City. 2 bathroom(s), 741.00 sq ft. Furnished. Balcony, Pool, Gym, Parking. Annual rent: AED 63,000/year. Property reference: L-307183. Contact Richard Botnaru at Allsopp & Allsopp for a viewing and rental terms.",https://images.allsoppandallsopp.com/public/temp/a0OdK000000q8r7UAA_s_1-bedroom-apartment-in-bermuda-views-dubai-sports-city-aed-63k-allsopp-and-allsopp-img3129.jpg,Allsopp & Allsopp,https://www.allsoppandallsopp.com/dubai/property/lettings/L-307183,2026-10-05T04:07:28Z,,,,,Ask agent,,,,"{""parser"":""allsopp_public_rental"",""sourceCategory"":""apartments for rent"",""propertyType"":""apartment"",""bedrooms"":1,""bathrooms"":2,""sqft"":741,""priceTerm"":""per_year"",""furnished"":true,""parking"":true,""amenities"":""Balcony, Pool, Gym, Parking"",""address"":"""",""neighborhood"":""Bermuda Views, Dubai Sports City"",""agentName"":""Richard Botnaru"",""contactSource"":""https://www.allsoppandallsopp.com/dubai/property/lettings/L-307183"",""phoneVerifiedAt"":""2026-10-05T04:07:28Z"",""imageSourceUrl"":""https://www.allsoppandallsopp.com/dubai/property/lettings/L-307183"",""imageVerifiedAt"":""2026-10-09T18:51:36.373Z"",""imageIntegrityVersion"":""2026-10-07.1"",""listingIdentity"":{""version"":""2026-10-07.1"",""sourceUrl"":""https://www.allsoppandallsopp.com/dubai/property/lettings/L-307183"",""title"":""1-bedroom apartment for rent — Bermuda Views, Dubai Sports City"",""images"":[""https://images.allsoppandallsopp.com/public/temp/a0OdK000000q8r7UAA_s_1-bedroom-apartment-in-bermuda-views-dubai-sports-city-aed-63k-allsopp-and-allsopp-img3129.jpg""],""phones"":[],""sellerId"":"""",""city"":"""",""checkedAt"":""2026-10-09T18:51:36.373Z""}}",active,2026-10-09T18:36:28Z,200,Matching listing has an available source offer,2026-10-09T18:36:28Z,https://www.allsoppandallsopp.com/dubai/property/lettings/L-307183,0,,visible,,
allsopp-dubai-l-307319,published,marketplace,real_estate,for_rent_long,"2-bedroom apartment for rent — The Regent, Town Square","AED 125,000/year",125000,AED,Dubai,United Arab Emirates,Allsopp & Allsopp — Megan Powell,+971585307360,"2-bedroom apartment for rent — The Regent, Town Square. 2 bathroom(s), 1,182.00 sq ft. Unfurnished. Balcony. Annual rent: AED 125,000/year. Property reference: L-307319. Contact Megan Powell at Allsopp & Allsopp for a viewing and rental terms.",https://images.allsoppandallsopp.com/public/temp/a0OdK000001ZnrhUAC_s_2-bedroom-apartment-in-the-regent-town-square-aed-115k-allsopp-and-allsopp-whatsapp-image-2026-08-11-at-200218.jpeg,Allsopp & Allsopp,https://www.allsoppandallsopp.com/dubai/property/lettings/L-307319,2026-10-05T04:07:28Z,,,,,Ask agent,,,,"{""parser"":""allsopp_public_rental"",""sourceCategory"":""apartments for rent"",""propertyType"":""apartment"",""bedrooms"":2,""bathrooms"":2,""sqft"":1182,""priceTerm"":""per_year"",""furnished"":false,""parking"":false,""amenities"":""Balcony"",""address"":"""",""neighborhood"":""The Regent, Town Square"",""agentName"":""Megan Powell"",""contactSource"":""https://www.allsoppandallsopp.com/dubai/property/lettings/L-307319"",""phoneVerifiedAt"":""2026-10-05T04:07:28Z"",""imageSourceUrl"":""https://www.allsoppandallsopp.com/dubai/property/lettings/L-307319"",""imageVerifiedAt"":""2026-10-09T18:51:36.373Z"",""imageIntegrityVersion"":""2026-10-07.1"",""listingIdentity"":{""version"":""2026-10-07.1"",""sourceUrl"":""https://www.allsoppandallsopp.com/dubai/property/lettings/L-307319"",""title"":""2-bedroom apartment for rent — The Regent, Town Square"",""images"":[""https://images.allsoppandallsopp.com/public/temp/a0OdK000001ZnrhUAC_s_2-bedroom-apartment-in-the-regent-town-square-aed-115k-allsopp-and-allsopp-whatsapp-image-2026-08-11-at-200218.jpeg""],""phones"":[],""sellerId"":"""",""city"":"""",""checkedAt"":""2026-10-09T18:51:36.373Z""}}",active,2026-10-09T18:36:28Z,200,Matching listing has an available source offer,2026-10-09T18:36:28Z,https://www.allsoppandallsopp.com/dubai/property/lettings/L-307319,0,,visible,,
allsopp-dubai-l-307096,published,marketplace,real_estate,for_rent_long,"Studio apartment for rent — Burj View Residence, Arjan","AED 50,000/year",50000,AED,Dubai,United Arab Emirates,Allsopp & Allsopp — Jack Marshall,+971585714106,"Studio apartment for rent — Burj View Residence, Arjan. 1 bathroom(s), 465.00 sq ft. Pool, Gym, Parking. Annual rent: AED 50,000/year. Property reference: L-307096. Contact Jack Marshall at Allsopp & Allsopp for a viewing and rental terms.",https://images.allsoppandallsopp.com/public/temp/a0OdK000001kF3VUAU_s_apartment-in-burj-view-residence-arjan-aed-50k-allsopp-and-allsopp-1.jpg,Allsopp & Allsopp,https://www.allsoppandallsopp.com/dubai/property/lettings/L-307096,2026-10-05T04:07:28Z,,,,,Ask agent,,,,"{""parser"":""allsopp_public_rental"",""sourceCategory"":""apartments for rent"",""propertyType"":""apartment"",""bedrooms"":0,""bathrooms"":1,""sqft"":465,""priceTerm"":""per_year"",""furnished"":false,""parking"":true,""amenities"":""Pool, Gym, Parking"",""address"":"""",""neighborhood"":""Burj View Residence, Arjan"",""agentName"":""Jack Marshall"",""contactSource"":""https://www.allsoppandallsopp.com/dubai/property/lettings/L-307096"",""phoneVerifiedAt"":""2026-10-05T04:07:28Z"",""imageSourceUrl"":""https://www.allsoppandallsopp.com/dubai/property/lettings/L-307096"",""imageVerifiedAt"":""2026-10-09T18:51:36.373Z"",""imageIntegrityVersion"":""2026-10-07.1"",""listingIdentity"":{""version"":""2026-10-07.1"",""sourceUrl"":""https://www.allsoppandallsopp.com/dubai/property/lettings/L-307096"",""title"":""Studio apartment for rent — Burj View Residence, Arjan"",""images"":[""https://images.allsoppandallsopp.com/public/temp/a0OdK000001kF3VUAU_s_apartment-in-burj-view-residence-arjan-aed-50k-allsopp-and-allsopp-1.jpg""],""phones"":[],""sellerId"":"""",""city"":"""",""checkedAt"":""2026-10-09T18:51:36.373Z""}}",active,2026-10-09T18:36:28Z,200,Matching listing has an available source offer,2026-10-09T18:36:28Z,https://www.allsoppandallsopp.com/dubai/property/lettings/L-307096,0,,visible,,
allsopp-dubai-l-306888,published,marketplace,real_estate,for_rent_long,"1-bedroom apartment for rent — Ontario Tower, Business Bay","AED 65,000/year",65000,AED,Dubai,United Arab Emirates,Allsopp & Allsopp — Lucas Joshi,+971585286162,"1-bedroom apartment for rent — Ontario Tower, Business Bay. 1 bathroom(s), 802.00 sq ft. Unfurnished. Pool, Gym, Parking. Annual rent: AED 65,000/year. Property reference: L-306888. Contact Lucas Joshi at Allsopp & Allsopp for a viewing and rental terms.",https://images.allsoppandallsopp.com/public/temp/a0OdK000003MvNhUAK_s_1-bedroom-apartment-in-ontario-tower-business-bay-aed-65k-allsopp-and-allsopp-untitled.png,Allsopp & Allsopp,https://www.allsoppandallsopp.com/dubai/property/lettings/L-306888,2026-10-05T04:07:28Z,,,,,Ask agent,,,,"{""parser"":""allsopp_public_rental"",""sourceCategory"":""apartments for rent"",""propertyType"":""apartment"",""bedrooms"":1,""bathrooms"":1,""sqft"":802,""priceTerm"":""per_year"",""furnished"":false,""parking"":true,""amenities"":""Pool, Gym, Parking"",""address"":"""",""neighborhood"":""Ontario Tower, Business Bay"",""agentName"":""Lucas Joshi"",""contactSource"":""https://www.allsoppandallsopp.com/dubai/property/lettings/L-306888"",""phoneVerifiedAt"":""2026-10-05T04:07:28Z"",""imageSourceUrl"":""https://www.allsoppandallsopp.com/dubai/property/lettings/L-306888"",""imageVerifiedAt"":""2026-10-09T18:51:36.373Z"",""imageIntegrityVersion"":""2026-10-07.1"",""listingIdentity"":{""version"":""2026-10-07.1"",""sourceUrl"":""https://www.allsoppandallsopp.com/dubai/property/lettings/L-306888"",""title"":""1-bedroom apartment for rent — Ontario Tower, Business Bay"",""images"":[""https://images.allsoppandallsopp.com/public/temp/a0OdK000003MvNhUAK_s_1-bedroom-apartment-in-ontario-tower-business-bay-aed-65k-allsopp-and-allsopp-untitled.png""],""phones"":[],""sellerId"":"""",""city"":"""",""checkedAt"":""2026-10-09T18:51:36.373Z""}}",active,2026-10-09T18:36:28Z,200,Matching listing has an available source offer,2026-10-09T18:36:28Z,https://www.allsoppandallsopp.com/dubai/property/lettings/L-306888,0,,visible,,
allsopp-dubai-l-306963,published,marketplace,real_estate,for_rent_long,"3-bedroom apartment for rent — Al Sufouh 1, Al Sufouh","AED 260,000/year",260000,AED,Dubai,United Arab Emirates,Allsopp & Allsopp — Abigail Davies Cooper,+971585508123,"3-bedroom apartment for rent — Al Sufouh 1, Al Sufouh. 3 bathroom(s), 2,139.76 sq ft. Furnished. Balcony, Parking. Annual rent: AED 260,000/year. Property reference: L-306963. Contact Abigail Davies Cooper at Allsopp & Allsopp for a viewing and rental terms.",https://images.allsoppandallsopp.com/public/temp/a0OdK000003NItlUAG_s_3-bedroom-apartment-in-al-sufouh-1-al-sufouh-aed-260k-allsopp-and-allsopp-image0-1.jpeg,Allsopp & Allsopp,https://www.allsoppandallsopp.com/dubai/property/lettings/L-306963,2026-10-05T04:07:28Z,,,,,Ask agent,,,,"{""parser"":""allsopp_public_rental"",""sourceCategory"":""apartments for rent"",""propertyType"":""apartment"",""bedrooms"":3,""bathrooms"":3,""sqft"":2139.76,""priceTerm"":""per_year"",""furnished"":true,""parking"":true,""amenities"":""Balcony, Parking"",""address"":""Vita Residencia"",""neighborhood"":""Al Sufouh 1, Al Sufouh"",""agentName"":""Abigail Davies Cooper"",""contactSource"":""https://www.allsoppandallsopp.com/dubai/property/lettings/L-306963"",""phoneVerifiedAt"":""2026-10-05T04:07:28Z"",""imageSourceUrl"":""https://www.allsoppandallsopp.com/dubai/property/lettings/L-306963"",""imageVerifiedAt"":""2026-10-09T18:51:36.373Z"",""imageIntegrityVersion"":""2026-10-07.1"",""listingIdentity"":{""version"":""2026-10-07.1"",""sourceUrl"":""https://www.allsoppandallsopp.com/dubai/property/lettings/L-306963"",""title"":""3-bedroom apartment for rent — Al Sufouh 1, Al Sufouh"",""images"":[""https://images.allsoppandallsopp.com/public/temp/a0OdK000003NItlUAG_s_3-bedroom-apartment-in-al-sufouh-1-al-sufouh-aed-260k-allsopp-and-allsopp-image0-1.jpeg""],""phones"":[],""sellerId"":"""",""city"":"""",""checkedAt"":""2026-10-09T18:51:36.373Z""}}",active,2026-10-09T18:36:28Z,200,Matching listing has an available source offer,2026-10-09T18:36:28Z,https://www.allsoppandallsopp.com/dubai/property/lettings/L-306963,0,,visible,,
allsopp-dubai-l-307130,rejected,marketplace,real_estate,for_rent_long,"2-bedroom apartment for rent — Park Towers, Park Towers, DIFC","AED 155,000/year",155000,AED,Dubai,United Arab Emirates,Allsopp & Allsopp — Deimante Nacyte,+971585482622,"2-bedroom apartment for rent — Park Towers, Park Towers, DIFC. 3 bathroom(s), 1,644.61 sq ft. Unfurnished. Pool, Gym, Parking. Annual rent: AED 155,000/year. Property reference: L-307130. Contact Deimante Nacyte at Allsopp & Allsopp for a viewing and rental terms.",https://images.allsoppandallsopp.com/public/temp/a0OdK000003NzaXUAS_s_2-bedroom-apartment-in-park-towers-park-towers-difc-aed-155k-allsopp-and-allsopp-chatgpt-image-aug-7-2026-091520-am.png,Allsopp & Allsopp,https://www.allsoppandallsopp.com/dubai/property/lettings/L-307130,2026-10-05T04:07:28Z,,,,,Ask agent,,,,"{""parser"":""allsopp_public_rental"",""sourceCategory"":""apartments for rent"",""propertyType"":""apartment"",""bedrooms"":2,""bathrooms"":3,""sqft"":1644.61,""priceTerm"":""per_year"",""furnished"":false,""parking"":true,""amenities"":""Pool, Gym, Parking"",""address"":""Park Tower A"",""neighborhood"":""Park Towers, Park Towers, DIFC"",""agentName"":""Deimante Nacyte"",""contactSource"":""https://www.allsoppandallsopp.com/dubai/property/lettings/L-307130"",""phoneVerifiedAt"":""2026-10-05T04:07:28Z"",""imageSourceUrl"":""https://www.allsoppandallsopp.com/dubai/property/lettings/L-307130"",""imageVerifiedAt"":""2026-10-08T07:04:23.549Z"",""imageIntegrityVersion"":""2026-10-07.1"",""listingIdentity"":{""version"":""2026-10-07.1"",""sourceUrl"":""https://www.allsoppandallsopp.com/dubai/property/lettings/L-307130"",""title"":""2-bedroom apartment for rent — Park Towers, Park Towers, DIFC"",""images"":[""https://images.allsoppandallsopp.com/public/temp/a0OdK000003NzaXUAS_s_2-bedroom-apartment-in-park-towers-park-towers-difc-aed-155k-allsopp-and-allsopp-chatgpt-image-aug-7-2026-091520-am.png""],""phones"":[],""sellerId"":"""",""city"":"""",""checkedAt"":""2026-10-08T07:04:23.549Z""}}",gone,2026-10-09T18:36:28Z,410,Exact source URL returned HTTP 410,2026-10-08T04:03:03Z,https://www.allsoppandallsopp.com/dubai/property/lettings/L-307130,5,2026-10-09T18:36:28Z,unavailable,Exact source URL returned HTTP 410,
alba-dubai-2026,published,vehicles,vehicles,vehicles,2026 Tesla Model 3 Premium,"AED 159,999",159999,AED,Dubai,United Arab Emirates,Alba Cars,+97143772503,"2026 Tesla Model 3 Premium. 27,000 km. Automatic. Black. Seller: Alba Cars, Al Quoz, Dubai.",https://storage.albacars.ae/vehicles/drafts/2026/1.jpg,Alba Cars,https://albacars.ae/buy-used-cars/vehicle/2026-tesla-model-3-premium,2026-10-06T03:59:56Z,Tesla,Model 3,,2026,used,Automatic,Black,27000,"{""parser"":""alba_public_vehicle_schema"",""sourceCategory"":""vehicles"",""contactSource"":""https://albacars.ae/buy-used-cars/vehicle/2026-tesla-model-3-premium"",""phoneVerifiedAt"":""2026-10-06T03:59:56Z"",""imageSourceUrl"":""https://albacars.ae/buy-used-cars/vehicle/2026-tesla-model-3-premium"",""imageVerifiedAt"":""2026-10-09T18:51:36.373Z"",""imageIntegrityVersion"":""2026-10-07.1"",""bodyType"":""Sedan"",""fuelType"":""Electric"",""engine"":{""@type"":""EngineSpecification"",""engineDisplacement"":""N/A L"",""engineType"":""Electric""},""sourceSpecifications"":[{""label"":""Service Contract"",""value"":""Paid add-on""},{""label"":""Vehicle Specification"",""value"":""GCC_SPECS""},{""label"":""Wheels Type"",""value"":""19""},{""label"":""Features"",""value"":""ISOFIX, Parking Sensors, Navigation, Keyless Start, Keyless Entry, 360 Camera, Wireless Charger, Electric Tailgate, Rear AC, Panoramic Sunroof, Rear Camera, Leather Seats, Electric Seats""},{""label"":""Number Of Cylinders"",""value"":""0""},{""label"":""Interior Color"",""value"":""White""}],""listingIdentity"":{""version"":""2026-10-07.1"",""sourceUrl"":""https://albacars.ae/buy-used-cars/vehicle/2026-tesla-model-3-premium"",""title"":""2026 Tesla Model 3 Premium"",""images"":[""https://storage.albacars.ae/vehicles/drafts/2026/1.jpg""],""phones"":[],""sellerId"":"""",""city"":"""",""checkedAt"":""2026-10-09T18:51:36.373Z""}}",active,2026-10-09T18:36:28Z,200,Matching listing has an available source offer,2026-10-09T18:36:28Z,https://albacars.ae/buy-used-cars/vehicle/2026-tesla-model-3-premium,0,,visible,,
alba-dubai-2022,published,vehicles,vehicles,vehicles,2025 USED JETOUR T2 LUXURY ,"AED 139,999",139999,AED,Dubai,United Arab Emirates,Alba Cars,+97143772503,"2025 USED JETOUR T2 LUXURY . 24,000 km. Automatic. Black. Seller: Alba Cars, Al Quoz, Dubai.",https://storage.albacars.ae/vehicles/drafts/2022/1.jpg,Alba Cars,https://albacars.ae/buy-used-cars/vehicle/2022-jetour-t2-luxury,2026-10-06T03:59:56Z,Jetour,T2,,2025,used,Automatic,Black,24000,"{""parser"":""alba_public_vehicle_schema"",""sourceCategory"":""vehicles"",""contactSource"":""https://albacars.ae/buy-used-cars/vehicle/2022-jetour-t2-luxury"",""phoneVerifiedAt"":""2026-10-06T03:59:56Z"",""imageSourceUrl"":""https://albacars.ae/buy-used-cars/vehicle/2022-jetour-t2-luxury"",""imageVerifiedAt"":""2026-10-09T18:51:36.373Z"",""imageIntegrityVersion"":""2026-10-07.1"",""bodyType"":""SUV"",""fuelType"":""Petrol"",""engine"":{""@type"":""EngineSpecification"",""engineDisplacement"":""2.0 L"",""engineType"":""Petrol""},""sourceSpecifications"":[{""label"":""Service Contract"",""value"":""Until 01-JAN-2028 or 40,000 Kms""},{""label"":""Vehicle Specification"",""value"":""GCC_SPECS""},{""label"":""Wheels Type"",""value"":""20""},{""label"":""Features"",""value"":""ISOFIX, Remote Start, Parking Sensors, Adaptive Cruise, Keyless Start, Blind Spot Indicator, Android Auto, Keyless Entry, 360 Camera, Cooling Seats, Wireless Charger, Rear AC, Panoramic Sunroof, Rear Camera, Half Leather Seats, Apple Car Play, Driving Modes, Electric Seats""},{""label"":""Number Of Cylinders"",""value"":""4""},{""label"":""Interior Color"",""value"":""Green""}],""listingIdentity"":{""version"":""2026-10-07.1"",""sourceUrl"":""https://albacars.ae/buy-used-cars/vehicle/2022-jetour-t2-luxury"",""title"":""2025 USED JETOUR T2 LUXURY "",""images"":[""https://storage.albacars.ae/vehicles/drafts/2022/1.jpg""],""phones"":[],""sellerId"":"""",""city"":"""",""checkedAt"":""2026-10-09T18:51:36.373Z""}}",active,2026-10-09T18:36:28Z,200,Matching listing has an available source offer,2026-10-09T18:36:28Z,https://albacars.ae/buy-used-cars/vehicle/2022-jetour-t2-luxury,0,,visible,,
alba-dubai-2019,published,vehicles,vehicles,vehicles,2023 Dodge Charger GT Orange Edition,"AED 129,999",129999,AED,Dubai,United Arab Emirates,Alba Cars,+97143772503,"2023 Dodge Charger GT Orange Edition. 43,000 km. Automatic. Gray. Seller: Alba Cars, Al Quoz, Dubai.",https://storage.albacars.ae/vehicles/drafts/2019/1.jpg,Alba Cars,https://albacars.ae/buy-used-cars/vehicle/2019-dodge-charger-gt,2026-10-06T03:59:56Z,Dodge,Charger,,2023,used,Automatic,Gray,43000,"{""parser"":""alba_public_vehicle_schema"",""sourceCategory"":""vehicles"",""contactSource"":""https://albacars.ae/buy-used-cars/vehicle/2019-dodge-charger-gt"",""phoneVerifiedAt"":""2026-10-06T03:59:56Z"",""imageSourceUrl"":""https://albacars.ae/buy-used-cars/vehicle/2019-dodge-charger-gt"",""imageVerifiedAt"":""2026-10-09T18:51:36.373Z"",""imageIntegrityVersion"":""2026-10-07.1"",""bodyType"":""Sedan"",""fuelType"":""Petrol"",""engine"":{""@type"":""EngineSpecification"",""engineDisplacement"":""3.6 L"",""engineType"":""Petrol""},""sourceSpecifications"":[{""label"":""Service Contract"",""value"":""Paid add-on""},{""label"":""Vehicle Specification"",""value"":""GCC_SPECS""},{""label"":""Wheels Type"",""value"":""20""},{""label"":""Features"",""value"":""ISOFIX, Remote Start, Parking Sensors, Navigation, Keyless Start, Blind Spot Indicator, Android Auto, Keyless Entry, Cooling Seats, Sunroof, Rear AC, Rear Camera, Half Leather Seats, Cruise Control, Driving Modes, Electric Seats""},{""label"":""Number Of Cylinders"",""value"":""6""},{""label"":""Interior Color"",""value"":""Black""}],""listingIdentity"":{""version"":""2026-10-07.1"",""sourceUrl"":""https://albacars.ae/buy-used-cars/vehicle/2019-dodge-charger-gt"",""title"":""2023 Dodge Charger GT Orange Edition"",""images"":[""https://storage.albacars.ae/vehicles/drafts/2019/1.jpg""],""phones"":[],""sellerId"":"""",""city"":"""",""checkedAt"":""2026-10-09T18:51:36.373Z""}}",active,2026-10-09T18:36:28Z,200,Matching listing has an available source offer,2026-10-09T18:36:28Z,https://albacars.ae/buy-used-cars/vehicle/2019-dodge-charger-gt,0,,visible,,
allsopp-dubai-l-309817,published,marketplace,real_estate,for_rent_long,"2-bedroom apartment for rent — Sadaf 7, Jumeirah Beach Residence","AED 120,000/year",120000,AED,Dubai,United Arab Emirates,Allsopp & Allsopp — Andrew Ballantyne,+971585842291,"2-bedroom apartment for rent — Sadaf 7, Jumeirah Beach Residence. 3 bathroom(s), 1,292.00 sq ft. Unfurnished. Pool, Gym, Parking. Annual rent: AED 120,000/year. Property reference: L-309817. Contact Andrew Ballantyne at Allsopp & Allsopp for a viewing and rental terms.",https://images.allsoppandallsopp.com/public/temp/a0O4S000000V08CUAS_s_2-bedroom-apartment-in-sadaf-7-jumeirah-beach-residence-aed-110k-allsopp-and-allsopp-f43b51b1-7bdb-4399-9291-58b2c3057f89.jpeg,Allsopp & Allsopp,https://www.allsoppandallsopp.com/dubai/property/lettings/L-309817,2026-10-06T04:00:06Z,,,,,Ask agent,,,,"{""parser"":""allsopp_public_rental"",""sourceCategory"":""apartments for rent"",""propertyType"":""apartment"",""bedrooms"":2,""bathrooms"":3,""sqft"":1292,""priceTerm"":""per_year"",""furnished"":false,""parking"":true,""amenities"":""Pool, Gym, Parking"",""address"":"""",""neighborhood"":""Sadaf 7, Jumeirah Beach Residence"",""agentName"":""Andrew Ballantyne"",""contactSource"":""https://www.allsoppandallsopp.com/dubai/property/lettings/L-309817"",""phoneVerifiedAt"":""2026-10-06T04:00:06Z"",""imageSourceUrl"":""https://www.allsoppandallsopp.com/dubai/property/lettings/L-309817"",""imageVerifiedAt"":""2026-10-09T18:51:36.373Z"",""imageIntegrityVersion"":""2026-10-07.1"",""listingIdentity"":{""version"":""2026-10-07.1"",""sourceUrl"":""https://www.allsoppandallsopp.com/dubai/property/lettings/L-309817"",""title"":""2-bedroom apartment for rent — Sadaf 7, Jumeirah Beach Residence"",""images"":[""https://images.allsoppandallsopp.com/public/temp/a0O4S000000V08CUAS_s_2-bedroom-apartment-in-sadaf-7-jumeirah-beach-residence-aed-110k-allsopp-and-allsopp-f43b51b1-7bdb-4399-9291-58b2c3057f89.jpeg""],""phones"":[],""sellerId"":"""",""city"":"""",""checkedAt"":""2026-10-09T18:51:36.373Z""}}",active,2026-10-09T18:36:28Z,200,Matching listing has an available source offer,2026-10-09T18:36:28Z,https://www.allsoppandallsopp.com/dubai/property/lettings/L-309817,0,,visible,,
allsopp-dubai-l-309654,published,marketplace,real_estate,for_rent_long,"2-bedroom apartment for rent — Emaar 6 Towers, Dubai Marina","AED 190,000/year",190000,AED,Dubai,United Arab Emirates,Allsopp & Allsopp — Benjamin Austin,+971585358009,"2-bedroom apartment for rent — Emaar 6 Towers, Dubai Marina. 2 bathroom(s), 1,570.00 sq ft. Unfurnished. . Annual rent: AED 190,000/year. Property reference: L-309654. Contact Benjamin Austin at Allsopp & Allsopp for a viewing and rental terms.",https://images.allsoppandallsopp.com/public/temp/a0O4S000000V2iHUAS_s_2-bedroom-apartment-in-emaar-6-towers-dubai-marina-aed-190k-allsopp-and-allsopp-photo-2024-06-13-12-49-44.jpg,Allsopp & Allsopp,https://www.allsoppandallsopp.com/dubai/property/lettings/L-309654,2026-10-06T04:00:06Z,,,,,Ask agent,,,,"{""parser"":""allsopp_public_rental"",""sourceCategory"":""apartments for rent"",""propertyType"":""apartment"",""bedrooms"":2,""bathrooms"":2,""sqft"":1570,""priceTerm"":""per_year"",""furnished"":false,""parking"":false,""amenities"":"""",""address"":""Murjan Tower"",""neighborhood"":""Emaar 6 Towers, Dubai Marina"",""agentName"":""Benjamin Austin"",""contactSource"":""https://www.allsoppandallsopp.com/dubai/property/lettings/L-309654"",""phoneVerifiedAt"":""2026-10-06T04:00:06Z"",""imageSourceUrl"":""https://www.allsoppandallsopp.com/dubai/property/lettings/L-309654"",""imageVerifiedAt"":""2026-10-09T18:51:36.373Z"",""imageIntegrityVersion"":""2026-10-07.1"",""listingIdentity"":{""version"":""2026-10-07.1"",""sourceUrl"":""https://www.allsoppandallsopp.com/dubai/property/lettings/L-309654"",""title"":""2-bedroom apartment for rent — Emaar 6 Towers, Dubai Marina"",""images"":[""https://images.allsoppandallsopp.com/public/temp/a0O4S000000V2iHUAS_s_2-bedroom-apartment-in-emaar-6-towers-dubai-marina-aed-190k-allsopp-and-allsopp-photo-2024-06-13-12-49-44.jpg""],""phones"":[],""sellerId"":"""",""city"":"""",""checkedAt"":""2026-10-09T18:51:36.373Z""}}",active,2026-10-09T18:36:28Z,200,Matching listing has an available source offer,2026-10-09T18:36:28Z,https://www.allsoppandallsopp.com/dubai/property/lettings/L-309654,0,,visible,,
allsopp-dubai-l-308911,published,marketplace,real_estate,for_rent_long,"Studio apartment for rent — Loreto, DAMAC Hills","AED 52,000/year",52000,AED,Dubai,United Arab Emirates,Allsopp & Allsopp — Aristos Katelaris,+971503254826,"Studio apartment for rent — Loreto, DAMAC Hills. 1 bathroom(s), 455.00 sq ft. Unfurnished. Balcony, Parking. Annual rent: AED 52,000/year. Property reference: L-308911. Contact Aristos Katelaris at Allsopp & Allsopp for a viewing and rental terms.",https://images.allsoppandallsopp.com/public/temp/a0O4S000000V7FRUA0_s_apartment-in-loreto-damac-hills-aed-52k-allsopp-and-allsopp-daea3e51-ec0a-4936-bd1f-fec81a8220dd.png,Allsopp & Allsopp,https://www.allsoppandallsopp.com/dubai/property/lettings/L-308911,2026-10-06T04:00:06Z,,,,,Ask agent,,,,"{""parser"":""allsopp_public_rental"",""sourceCategory"":""apartments for rent"",""propertyType"":""apartment"",""bedrooms"":0,""bathrooms"":1,""sqft"":455,""priceTerm"":""per_year"",""furnished"":false,""parking"":true,""amenities"":""Balcony, Parking"",""address"":""Loreto 3 B"",""neighborhood"":""Loreto, DAMAC Hills"",""agentName"":""Aristos Katelaris"",""contactSource"":""https://www.allsoppandallsopp.com/dubai/property/lettings/L-308911"",""phoneVerifiedAt"":""2026-10-06T04:00:06Z"",""imageSourceUrl"":""https://www.allsoppandallsopp.com/dubai/property/lettings/L-308911"",""imageVerifiedAt"":""2026-10-09T18:51:36.373Z"",""imageIntegrityVersion"":""2026-10-07.1"",""listingIdentity"":{""version"":""2026-10-07.1"",""sourceUrl"":""https://www.allsoppandallsopp.com/dubai/property/lettings/L-308911"",""title"":""Studio apartment for rent — Loreto, DAMAC Hills"",""images"":[""https://images.allsoppandallsopp.com/public/temp/a0O4S000000V7FRUA0_s_apartment-in-loreto-damac-hills-aed-52k-allsopp-and-allsopp-daea3e51-ec0a-4936-bd1f-fec81a8220dd.png""],""phones"":[],""sellerId"":"""",""city"":"""",""checkedAt"":""2026-10-09T18:51:36.373Z""}}",active,2026-10-09T18:36:28Z,200,Matching listing has an available source offer,2026-10-09T18:36:28Z,https://www.allsoppandallsopp.com/dubai/property/lettings/L-308911,0,,visible,,
allsopp-dubai-l-309739,published,marketplace,real_estate,for_rent_long,"1-bedroom apartment for rent — Index Tower, DIFC","AED 150,000/year",150000,AED,Dubai,United Arab Emirates,Allsopp & Allsopp — Deimante Nacyte,+971585482622,"1-bedroom apartment for rent — Index Tower, DIFC. 2 bathroom(s), 1,169.00 sq ft. Furnished. Pool, Gym, Parking. Annual rent: AED 150,000/year. Property reference: L-309739. Contact Deimante Nacyte at Allsopp & Allsopp for a viewing and rental terms.",https://images.allsoppandallsopp.com/public/temp/a0O4S000000VAB0UAO_s_1-bedroom-apartment-in-index-tower-difc-aed-150k-allsopp-and-allsopp-whatsapp-image-2026-09-09-at-60303-pm-13.jpeg,Allsopp & Allsopp,https://www.allsoppandallsopp.com/dubai/property/lettings/L-309739,2026-10-06T04:00:06Z,,,,,Ask agent,,,,"{""parser"":""allsopp_public_rental"",""sourceCategory"":""apartments for rent"",""propertyType"":""apartment"",""bedrooms"":1,""bathrooms"":2,""sqft"":1169,""priceTerm"":""per_year"",""furnished"":true,""parking"":true,""amenities"":""Pool, Gym, Parking"",""address"":"""",""neighborhood"":""Index Tower, DIFC"",""agentName"":""Deimante Nacyte"",""contactSource"":""https://www.allsoppandallsopp.com/dubai/property/lettings/L-309739"",""phoneVerifiedAt"":""2026-10-06T04:00:06Z"",""imageSourceUrl"":""https://www.allsoppandallsopp.com/dubai/property/lettings/L-309739"",""imageVerifiedAt"":""2026-10-09T18:51:36.373Z"",""imageIntegrityVersion"":""2026-10-07.1"",""listingIdentity"":{""version"":""2026-10-07.1"",""sourceUrl"":""https://www.allsoppandallsopp.com/dubai/property/lettings/L-309739"",""title"":""1-bedroom apartment for rent — Index Tower, DIFC"",""images"":[""https://images.allsoppandallsopp.com/public/temp/a0O4S000000VAB0UAO_s_1-bedroom-apartment-in-index-tower-difc-aed-150k-allsopp-and-allsopp-whatsapp-image-2026-09-09-at-60303-pm-13.jpeg""],""phones"":[],""sellerId"":"""",""city"":"""",""checkedAt"":""2026-10-09T18:51:36.373Z""}}",active,2026-10-09T18:36:28Z,200,Matching listing has an available source offer,2026-10-09T18:36:28Z,https://www.allsoppandallsopp.com/dubai/property/lettings/L-309739,0,,visible,,
allsopp-dubai-l-309820,published,marketplace,real_estate,for_rent_long,"1-bedroom apartment for rent — Churchill Towers, Business Bay","AED 75,000/year",75000,AED,Dubai,United Arab Emirates,Allsopp & Allsopp — Katharine Hume Kendall,+971585601834,"1-bedroom apartment for rent — Churchill Towers, Business Bay. 1 bathroom(s), 968.00 sq ft. Furnished. Balcony, Pool, Gym. Annual rent: AED 75,000/year. Property reference: L-309820. Contact Katharine Hume Kendall at Allsopp & Allsopp for a viewing and rental terms.",https://images.allsoppandallsopp.com/public/temp/a0O4S000000VAKfUAO_s_1-bedroom-apartment-in-churchill-towers-business-bay-aed-75k-allsopp-and-allsopp-a62bd87b-6556-45a6-b7ee-27ccd4560b60.jpeg,Allsopp & Allsopp,https://www.allsoppandallsopp.com/dubai/property/lettings/L-309820,2026-10-06T04:00:06Z,,,,,Ask agent,,,,"{""parser"":""allsopp_public_rental"",""sourceCategory"":""apartments for rent"",""propertyType"":""apartment"",""bedrooms"":1,""bathrooms"":1,""sqft"":968,""priceTerm"":""per_year"",""furnished"":true,""parking"":false,""amenities"":""Balcony, Pool, Gym"",""address"":""Churchill Residence"",""neighborhood"":""Churchill Towers, Business Bay"",""agentName"":""Katharine Hume Kendall"",""contactSource"":""https://www.allsoppandallsopp.com/dubai/property/lettings/L-309820"",""phoneVerifiedAt"":""2026-10-06T04:00:06Z"",""imageSourceUrl"":""https://www.allsoppandallsopp.com/dubai/property/lettings/L-309820"",""imageVerifiedAt"":""2026-10-09T18:51:36.373Z"",""imageIntegrityVersion"":""2026-10-07.1"",""listingIdentity"":{""version"":""2026-10-07.1"",""sourceUrl"":""https://www.allsoppandallsopp.com/dubai/property/lettings/L-309820"",""title"":""1-bedroom apartment for rent — Churchill Towers, Business Bay"",""images"":[""https://images.allsoppandallsopp.com/public/temp/a0O4S000000VAKfUAO_s_1-bedroom-apartment-in-churchill-towers-business-bay-aed-75k-allsopp-and-allsopp-a62bd87b-6556-45a6-b7ee-27ccd4560b60.jpeg""],""phones"":[],""sellerId"":"""",""city"":"""",""checkedAt"":""2026-10-09T18:51:36.373Z""}}",active,2026-10-09T18:36:28Z,200,Matching listing has an available source offer,2026-10-09T18:36:28Z,https://www.allsoppandallsopp.com/dubai/property/lettings/L-309820,0,,visible,,
allsopp-dubai-l-309658,published,marketplace,real_estate,for_rent_long,"1-bedroom apartment for rent — No.9, Dubai Marina","AED 90,000/year",90000,AED,Dubai,United Arab Emirates,Allsopp & Allsopp — Benjamin Austin,+971585358009,"1-bedroom apartment for rent — No.9, Dubai Marina. 1 bathroom(s), 680.00 sq ft. Pool, Gym, Parking. Annual rent: AED 90,000/year. Property reference: L-309658. Contact Benjamin Austin at Allsopp & Allsopp for a viewing and rental terms.",https://images.allsoppandallsopp.com/public/temp/a0O4S000000VF4TUAW_s_1-bedroom-apartment-in-no9-dubai-marina-aed-90k-allsopp-and-allsopp-img8629.jpg,Allsopp & Allsopp,https://www.allsoppandallsopp.com/dubai/property/lettings/L-309658,2026-10-06T04:00:06Z,,,,,Ask agent,,,,"{""parser"":""allsopp_public_rental"",""sourceCategory"":""apartments for rent"",""propertyType"":""apartment"",""bedrooms"":1,""bathrooms"":1,""sqft"":680,""priceTerm"":""per_year"",""furnished"":false,""parking"":true,""amenities"":""Pool, Gym, Parking"",""address"":"""",""neighborhood"":""No.9, Dubai Marina"",""agentName"":""Benjamin Austin"",""contactSource"":""https://www.allsoppandallsopp.com/dubai/property/lettings/L-309658"",""phoneVerifiedAt"":""2026-10-06T04:00:06Z"",""imageSourceUrl"":""https://www.allsoppandallsopp.com/dubai/property/lettings/L-309658"",""imageVerifiedAt"":""2026-10-09T18:51:36.373Z"",""imageIntegrityVersion"":""2026-10-07.1"",""listingIdentity"":{""version"":""2026-10-07.1"",""sourceUrl"":""https://www.allsoppandallsopp.com/dubai/property/lettings/L-309658"",""title"":""1-bedroom apartment for rent — No.9, Dubai Marina"",""images"":[""https://images.allsoppandallsopp.com/public/temp/a0O4S000000VF4TUAW_s_1-bedroom-apartment-in-no9-dubai-marina-aed-90k-allsopp-and-allsopp-img8629.jpg""],""phones"":[],""sellerId"":"""",""city"":"""",""checkedAt"":""2026-10-09T18:51:36.373Z""}}",active,2026-10-09T18:36:28Z,200,Matching listing has an available source offer,2026-10-09T18:36:28Z,https://www.allsoppandallsopp.com/dubai/property/lettings/L-309658,0,,visible,,
allsopp-dubai-l-309857,published,marketplace,real_estate,for_rent_long,"2-bedroom apartment for rent — Marina Residences, Palm Jumeirah","AED 280,000/year",280000,AED,Dubai,United Arab Emirates,Allsopp & Allsopp — Youssuf Saheb,+971509350129,"2-bedroom apartment for rent — Marina Residences, Palm Jumeirah. 3 bathroom(s), 1,745.00 sq ft. Furnished. Balcony, Parking. Annual rent: AED 280,000/year. Property reference: L-309857. Contact Youssuf Saheb at Allsopp & Allsopp for a viewing and rental terms.",https://images.allsoppandallsopp.com/public/temp/a0O4S000000XUq2UAG_s_2-bedroom-apartment-in-marina-residences-palm-jumeirah-aed-280k-allsopp-and-allsopp-new-photos-20.jpg,Allsopp & Allsopp,https://www.allsoppandallsopp.com/dubai/property/lettings/L-309857,2026-10-06T04:00:06Z,,,,,Ask agent,,,,"{""parser"":""allsopp_public_rental"",""sourceCategory"":""apartments for rent"",""propertyType"":""apartment"",""bedrooms"":2,""bathrooms"":3,""sqft"":1745,""priceTerm"":""per_year"",""furnished"":true,""parking"":true,""amenities"":""Balcony, Parking"",""address"":""Marina Residences 2"",""neighborhood"":""Marina Residences, Palm Jumeirah"",""agentName"":""Youssuf Saheb"",""contactSource"":""https://www.allsoppandallsopp.com/dubai/property/lettings/L-309857"",""phoneVerifiedAt"":""2026-10-06T04:00:06Z"",""imageSourceUrl"":""https://www.allsoppandallsopp.com/dubai/property/lettings/L-309857"",""imageVerifiedAt"":""2026-10-09T18:51:36.373Z"",""imageIntegrityVersion"":""2026-10-07.1"",""listingIdentity"":{""version"":""2026-10-07.1"",""sourceUrl"":""https://www.allsoppandallsopp.com/dubai/property/lettings/L-309857"",""title"":""2-bedroom apartment for rent — Marina Residences, Palm Jumeirah"",""images"":[""https://images.allsoppandallsopp.com/public/temp/a0O4S000000XUq2UAG_s_2-bedroom-apartment-in-marina-residences-palm-jumeirah-aed-280k-allsopp-and-allsopp-new-photos-20.jpg""],""phones"":[],""sellerId"":"""",""city"":"""",""checkedAt"":""2026-10-09T18:51:36.373Z""}}",active,2026-10-09T18:36:28Z,200,Matching listing has an available source offer,2026-10-09T18:36:28Z,https://www.allsoppandallsopp.com/dubai/property/lettings/L-309857,0,,visible,,
alba-dubai-2040,rejected,vehicles,vehicles,vehicles,2026 GMC Terrain Denali,"AED 144,999",144999,AED,Dubai,United Arab Emirates,Alba Cars,+97143772503,"2026 GMC Terrain Denali. 6,000 km. Automatic. Black. Seller: Alba Cars, Al Quoz, Dubai.",https://storage.albacars.ae/vehicles/drafts/2040/1.jpg?format=auto|https://storage.albacars.ae/vehicles/drafts/2040/2.jpg?format=auto|https://storage.albacars.ae/vehicles/drafts/2040/3.jpg?format=auto|https://storage.albacars.ae/vehicles/drafts/2040/4.jpg?format=auto,Alba Cars,https://albacars.ae/buy-used-cars/vehicle/2040-gmc-terrain-denali,2026-10-08T04:01:53Z,GMC,Terrain,,2026,used,Automatic,Black,6000,"{""parser"":""alba_public_vehicle_schema"",""sourceCategory"":""vehicles"",""contactSource"":""https://albacars.ae/buy-used-cars/vehicle/2040-gmc-terrain-denali"",""phoneVerifiedAt"":""2026-10-08T04:01:53Z"",""imageSourceUrl"":""https://albacars.ae/buy-used-cars/vehicle/2040-gmc-terrain-denali"",""imageVerifiedAt"":""2026-10-08T04:01:53Z"",""imageIntegrityVersion"":""2026-09-16.1"",""bodyType"":""SUV"",""fuelType"":""Petrol"",""engine"":{""@type"":""EngineSpecification"",""engineDisplacement"":""1.5 L"",""engineType"":""Petrol""},""sourceSpecifications"":[{""label"":""Service Contract"",""value"":""Until 31-OCT-2030 or 100,000 Kms""},{""label"":""Vehicle Specification"",""value"":""GCC_SPECS""},{""label"":""Wheels Type"",""value"":""20""},{""label"":""Features"",""value"":""ISOFIX, Heads Up Display, Remote Start, Parking Sensors, Navigation, Keyless Start, Blind Spot Indicator, Android Auto, Keyless Entry, 360 Camera, Cooling Seats, Lane Assist, Wireless Charger, Electric Tailgate, Rear AC, Panoramic Sunroof, Rear Camera, Apple Car Play, Cruise Control, Leather Seats, Electric Seats""},{""label"":""Number Of Cylinders"",""value"":""4""}],""listingIdentity"":{""version"":""2026-10-07.1"",""sourceUrl"":""https://albacars.ae/buy-used-cars/vehicle/2040-gmc-terrain-denali"",""title"":""2026 GMC Terrain Denali"",""images"":[""https://storage.albacars.ae/vehicles/drafts/2040/1.jpg""],""phones"":[],""sellerId"":"""",""city"":"""",""checkedAt"":""2026-10-08T01:19:31.906Z""}}",active,2026-10-09T18:36:28Z,200,Matching listing has an available source offer,2026-10-09T18:36:28Z,https://albacars.ae/buy-used-cars/vehicle/2040-gmc-terrain-denali,0,,foreign_gallery,Gallery belongs to a different source listing.,
alba-dubai-2031,published,vehicles,vehicles,vehicles,2025 Mercedes-Benz C200 AMG Premium Plus,"AED 189,999",189999,AED,Dubai,United Arab Emirates,Alba Cars,+97143772503,"2025 Mercedes-Benz C200 AMG Premium Plus. 19,000 km. Automatic. White. Seller: Alba Cars, Al Quoz, Dubai.",https://storage.albacars.ae/vehicles/drafts/2031/1.jpg,Alba Cars,https://albacars.ae/buy-used-cars/vehicle/2031-mercedes-benz-c-class-c200-amg-premium-plus,2026-10-07T04:00:38Z,Mercedes-Benz,C-Class,,2025,used,Automatic,White,19000,"{""parser"":""alba_public_vehicle_schema"",""sourceCategory"":""vehicles"",""contactSource"":""https://albacars.ae/buy-used-cars/vehicle/2031-mercedes-benz-c-class-c200-amg-premium-plus"",""phoneVerifiedAt"":""2026-10-07T04:00:38Z"",""imageSourceUrl"":""https://albacars.ae/buy-used-cars/vehicle/2031-mercedes-benz-c-class-c200-amg-premium-plus"",""imageVerifiedAt"":""2026-10-09T18:51:36.373Z"",""imageIntegrityVersion"":""2026-10-07.1"",""bodyType"":""Sedan"",""fuelType"":""Petrol"",""engine"":{""@type"":""EngineSpecification"",""engineDisplacement"":""1.5 L"",""engineType"":""Petrol""},""sourceSpecifications"":[{""label"":""Service Contract"",""value"":""Until 20-Mar-2030 or 105,000 KM""},{""label"":""Vehicle Specification"",""value"":""GCC_SPECS""},{""label"":""Wheels Type"",""value"":""19""},{""label"":""Features"",""value"":""ISOFIX, Ambient Lighting, Heads Up Display, Parking Sensors, Navigation, Adaptive Cruise, Keyless Start, Blind Spot Indicator, Android Auto, Keyless Entry, 360 Camera, Lane Assist, Wireless Charger, Electric Tailgate, Rear AC, Rear Camera, Dual Sunroof, Apple Car Play, Leather Seats, Driving Modes, Electric Seats""},{""label"":""Number Of Cylinders"",""value"":""4""}],""listingIdentity"":{""version"":""2026-10-07.1"",""sourceUrl"":""https://albacars.ae/buy-used-cars/vehicle/2031-mercedes-benz-c-class-c200-amg-premium-plus"",""title"":""2025 Mercedes-Benz C200 AMG Premium Plus"",""images"":[""https://storage.albacars.ae/vehicles/drafts/2031/1.jpg""],""phones"":[],""sellerId"":"""",""city"":"""",""checkedAt"":""2026-10-09T18:51:36.373Z""}}",active,2026-10-09T18:36:28Z,200,Matching listing has an available source offer,2026-10-09T18:36:28Z,https://albacars.ae/buy-used-cars/vehicle/2031-mercedes-benz-c-class-c200-amg-premium-plus,0,,visible,,
alba-dubai-2029,published,vehicles,vehicles,vehicles,2025 Toyota Prado GXL Turbo,"AED 239,999",239999,AED,Dubai,United Arab Emirates,Alba Cars,+97143772503,"2025 Toyota Prado GXL Turbo. 200 km. Automatic. White. Seller: Alba Cars, Al Quoz, Dubai.",https://storage.albacars.ae/vehicles/drafts/2029/1.jpg,Alba Cars,https://albacars.ae/buy-used-cars/vehicle/2029-toyota-prado-gxl-turbo,2026-10-07T04:00:38Z,Toyota,Prado,,2025,used,Automatic,White,200,"{""parser"":""alba_public_vehicle_schema"",""sourceCategory"":""vehicles"",""contactSource"":""https://albacars.ae/buy-used-cars/vehicle/2029-toyota-prado-gxl-turbo"",""phoneVerifiedAt"":""2026-10-07T04:00:38Z"",""imageSourceUrl"":""https://albacars.ae/buy-used-cars/vehicle/2029-toyota-prado-gxl-turbo"",""imageVerifiedAt"":""2026-10-09T18:51:36.373Z"",""imageIntegrityVersion"":""2026-10-07.1"",""bodyType"":""SUV 7 Seaters"",""fuelType"":""Petrol"",""engine"":{""@type"":""EngineSpecification"",""engineDisplacement"":""2.4 L"",""engineType"":""Petrol""},""sourceSpecifications"":[{""label"":""Service Contract"",""value"":""Until 15-Oct-2029 or 80,000 KM""},{""label"":""Vehicle Specification"",""value"":""GCC_SPECS""},{""label"":""Wheels Type"",""value"":""18""},{""label"":""Features"",""value"":""ISOFIX, Parking Sensors, Adaptive Cruise, Keyless Start, Keyless Entry, Cooling Box, Cooling Seats, Lane Assist, Electric Tailgate, Sunroof, Rear AC, Rear Camera, Third Row AC, Cruise Control, Leather Seats, Driving Modes, Electric Seats""},{""label"":""Number Of Cylinders"",""value"":""4""}],""listingIdentity"":{""version"":""2026-10-07.1"",""sourceUrl"":""https://albacars.ae/buy-used-cars/vehicle/2029-toyota-prado-gxl-turbo"",""title"":""2025 Toyota Prado GXL Turbo"",""images"":[""https://storage.albacars.ae/vehicles/drafts/2029/1.jpg""],""phones"":[],""sellerId"":"""",""city"":"""",""checkedAt"":""2026-10-09T18:51:36.373Z""}}",active,2026-10-09T18:36:28Z,200,Matching listing has an available source offer,2026-10-09T18:36:28Z,https://albacars.ae/buy-used-cars/vehicle/2029-toyota-prado-gxl-turbo,0,,visible,,
alba-dubai-1259,published,vehicles,vehicles,vehicles,2022 Ford Bronco Wildtrak,"AED 154,999",154999,AED,Dubai,United Arab Emirates,Alba Cars,+97143772503,"2022 Ford Bronco Wildtrak. 89,000 km. Automatic. Blue. Seller: Alba Cars, Al Quoz, Dubai.",https://storage.albacars.ae/vehicles/4f5b2beb-ca25-40e1-83e3-71b2caf25bf9/c57c3cfd-b05d-4a69-93b4-2643c3ddb463.jpeg,Alba Cars,https://albacars.ae/buy-used-cars/vehicle/1259-ford-bronco-wildtrak,2026-10-09T04:04:05Z,Ford,Bronco,,2022,used,Automatic,Blue,89000,"{""parser"":""alba_public_vehicle_schema"",""sourceCategory"":""vehicles"",""contactSource"":""https://albacars.ae/buy-used-cars/vehicle/1259-ford-bronco-wildtrak"",""phoneVerifiedAt"":""2026-10-09T04:04:05Z"",""imageSourceUrl"":""https://albacars.ae/buy-used-cars/vehicle/1259-ford-bronco-wildtrak"",""imageVerifiedAt"":""2026-10-09T18:51:36.373Z"",""imageIntegrityVersion"":""2026-10-07.1"",""bodyType"":""SUV"",""fuelType"":""Petrol"",""engine"":{""@type"":""EngineSpecification"",""engineDisplacement"":""2.7 L"",""engineType"":""Petrol""},""sourceSpecifications"":[{""label"":""Service Contract"",""value"":""Until 30-OCT-2027 or 100,000Kms""},{""label"":""Vehicle Specification"",""value"":""GCC_SPECS""},{""label"":""Wheels Type"",""value"":""17""},{""label"":""Features"",""value"":""ISOFIX, Parking Sensors, Navigation, Adaptive Cruise, Keyless Start, Blind Spot Indicator, Android Auto, Keyless Entry, 360 Camera, Lane Assist, Wireless Charger, Apple Car Play, Leather Seats, Driving Modes, Electric Seats""},{""label"":""Number Of Cylinders"",""value"":""6""},{""label"":""Interior Color"",""value"":""Black""}],""listingIdentity"":{""version"":""2026-10-07.1"",""sourceUrl"":""https://albacars.ae/buy-used-cars/vehicle/1259-ford-bronco-wildtrak"",""title"":""2022 Ford Bronco Wildtrak"",""images"":[""https://storage.albacars.ae/vehicles/4f5b2beb-ca25-40e1-83e3-71b2caf25bf9/c57c3cfd-b05d-4a69-93b4-2643c3ddb463.jpeg""],""phones"":[],""sellerId"":"""",""city"":"""",""checkedAt"":""2026-10-09T18:51:36.373Z""}}",active,2026-10-09T18:36:28Z,200,Matching listing has an available source offer,2026-10-09T18:36:28Z,https://albacars.ae/buy-used-cars/vehicle/1259-ford-bronco-wildtrak,0,,visible,,
alba-dubai-2043,published,vehicles,vehicles,vehicles,2023 Jeep Wrangler Sport,"AED 119,999",119999,AED,Dubai,United Arab Emirates,Alba Cars,+97143772503,"2023 Jeep Wrangler Sport. 52,000 km. Automatic. Black. Seller: Alba Cars, Al Quoz, Dubai.",https://storage.albacars.ae/vehicles/drafts/2043/1.jpg,Alba Cars,https://albacars.ae/buy-used-cars/vehicle/2043-jeep-wrangler-sport,2026-10-08T04:01:53Z,Jeep,Wrangler,,2023,used,Automatic,Black,52000,"{""parser"":""alba_public_vehicle_schema"",""sourceCategory"":""vehicles"",""contactSource"":""https://albacars.ae/buy-used-cars/vehicle/2043-jeep-wrangler-sport"",""phoneVerifiedAt"":""2026-10-08T04:01:53Z"",""imageSourceUrl"":""https://albacars.ae/buy-used-cars/vehicle/2043-jeep-wrangler-sport"",""imageVerifiedAt"":""2026-10-09T18:51:36.373Z"",""imageIntegrityVersion"":""2026-10-07.1"",""bodyType"":""SUV"",""fuelType"":""Petrol"",""engine"":{""@type"":""EngineSpecification"",""engineDisplacement"":""3.6 L"",""engineType"":""Petrol""},""sourceSpecifications"":[{""label"":""Service Contract"",""value"":""NA""},{""label"":""Vehicle Specification"",""value"":""GCC_SPECS""},{""label"":""Wheels Type"",""value"":""17""},{""label"":""Features"",""value"":""ISOFIX, Remote Start, Parking Sensors, Navigation, Rear AC, Rear Camera, Cruise Control""},{""label"":""Number Of Cylinders"",""value"":""6""}],""listingIdentity"":{""version"":""2026-10-07.1"",""sourceUrl"":""https://albacars.ae/buy-used-cars/vehicle/2043-jeep-wrangler-sport"",""title"":""2023 Jeep Wrangler Sport"",""images"":[""https://storage.albacars.ae/vehicles/drafts/2043/1.jpg""],""phones"":[],""sellerId"":"""",""city"":"""",""checkedAt"":""2026-10-09T18:51:36.373Z""}}",active,2026-10-09T18:36:28Z,200,Matching listing has an available source offer,2026-10-09T18:36:28Z,https://albacars.ae/buy-used-cars/vehicle/2043-jeep-wrangler-sport,0,,visible,,
alba-dubai-2039,published,vehicles,vehicles,vehicles,2026 Used Jetour Dashing 1.6T Luxury,"AED 109,999",109999,AED,Dubai,United Arab Emirates,Alba Cars,+97143772503,"2026 Used Jetour Dashing 1.6T Luxury. 15,000 km. Automatic. White. Seller: Alba Cars, Al Quoz, Dubai.",https://storage.albacars.ae/vehicles/drafts/2039/1.jpg,Alba Cars,https://albacars.ae/buy-used-cars/vehicle/2039-jetour-dashing-16t-luxury,2026-10-08T04:01:53Z,Jetour,Dashing,,2026,used,Automatic,White,15000,"{""parser"":""alba_public_vehicle_schema"",""sourceCategory"":""vehicles"",""contactSource"":""https://albacars.ae/buy-used-cars/vehicle/2039-jetour-dashing-16t-luxury"",""phoneVerifiedAt"":""2026-10-08T04:01:53Z"",""imageSourceUrl"":""https://albacars.ae/buy-used-cars/vehicle/2039-jetour-dashing-16t-luxury"",""imageVerifiedAt"":""2026-10-09T18:51:36.373Z"",""imageIntegrityVersion"":""2026-10-07.1"",""bodyType"":""SUV"",""fuelType"":""Petrol"",""engine"":{""@type"":""EngineSpecification"",""engineDisplacement"":""1.6 L"",""engineType"":""Petrol""},""sourceSpecifications"":[{""label"":""Service Contract"",""value"":""Paid add-on""},{""label"":""Vehicle Specification"",""value"":""GCC_SPECS""},{""label"":""Wheels Type"",""value"":""20""},{""label"":""Features"",""value"":""ISOFIX, Parking Sensors, Keyless Start, Blind Spot Indicator, Android Auto, Keyless Entry, 360 Camera, Lane Assist, Wireless Charger, Electric Tailgate, Rear AC, Panoramic Sunroof, Apple Car Play, Cruise Control, Leather Seats, Driving Modes, Electric Seats""},{""label"":""Number Of Cylinders"",""value"":""4""},{""label"":""Interior Color"",""value"":""Grey""}],""listingIdentity"":{""version"":""2026-10-07.1"",""sourceUrl"":""https://albacars.ae/buy-used-cars/vehicle/2039-jetour-dashing-16t-luxury"",""title"":""2026 Used Jetour Dashing 1.6T Luxury"",""images"":[""https://storage.albacars.ae/vehicles/drafts/2039/1.jpg""],""phones"":[],""sellerId"":"""",""city"":"""",""checkedAt"":""2026-10-09T18:51:36.373Z""}}",active,2026-10-09T18:36:28Z,200,Matching listing has an available source offer,2026-10-09T18:36:28Z,https://albacars.ae/buy-used-cars/vehicle/2039-jetour-dashing-16t-luxury,0,,visible,,
allsopp-dubai-sup164119,published,marketplace,real_estate,for_rent_long,"3-bedroom apartment for rent — Tanzanite, Tiara Residences, Palm Jumeirah","AED 330,000/year",330000,AED,Dubai,United Arab Emirates,Allsopp & Allsopp — Georgia Ward,+971509724822,"3-bedroom apartment for rent — Tanzanite, Tiara Residences, Palm Jumeirah. 3 bathroom(s), 2,267.00 sq ft. Unfurnished. Balcony, Parking. Annual rent: AED 330,000/year. Property reference: SUP164119. Contact Georgia Ward at Allsopp & Allsopp for a viewing and rental terms.",https://images.allsoppandallsopp.com/public/temp/a0O4S000000Uzr1UAC_s_3-bedroom-apartment-in-tanzanite-tiara-residences-palm-jumeirah-aed-330k-allsopp-and-allsopp-dsc1897.jpg,Allsopp & Allsopp,https://www.allsoppandallsopp.com/dubai/property/lettings/SUP164119,2026-10-08T04:02:01Z,,,,,Ask agent,,,,"{""parser"":""allsopp_public_rental"",""sourceCategory"":""apartments for rent"",""propertyType"":""apartment"",""bedrooms"":3,""bathrooms"":3,""sqft"":2267,""priceTerm"":""per_year"",""furnished"":false,""parking"":true,""amenities"":""Balcony, Parking"",""address"":""Tanzanite"",""neighborhood"":""Tanzanite, Tiara Residences, Palm Jumeirah"",""agentName"":""Georgia Ward"",""contactSource"":""https://www.allsoppandallsopp.com/dubai/property/lettings/SUP164119"",""phoneVerifiedAt"":""2026-10-08T04:02:01Z"",""imageSourceUrl"":""https://www.allsoppandallsopp.com/dubai/property/lettings/SUP164119"",""imageVerifiedAt"":""2026-10-09T18:51:36.373Z"",""imageIntegrityVersion"":""2026-10-07.1"",""listingIdentity"":{""version"":""2026-10-07.1"",""sourceUrl"":""https://www.allsoppandallsopp.com/dubai/property/lettings/SUP164119"",""title"":""3-bedroom apartment for rent — Tanzanite, Tiara Residences, Palm Jumeirah"",""images"":[""https://images.allsoppandallsopp.com/public/temp/a0O4S000000Uzr1UAC_s_3-bedroom-apartment-in-tanzanite-tiara-residences-palm-jumeirah-aed-330k-allsopp-and-allsopp-dsc1897.jpg""],""phones"":[],""sellerId"":"""",""city"":"""",""checkedAt"":""2026-10-09T18:51:36.373Z""}}",active,2026-10-09T18:36:28Z,200,Matching listing has an available source offer,2026-10-09T18:36:28Z,https://www.allsoppandallsopp.com/dubai/property/lettings/SUP164119,0,,visible,,
allsopp-dubai-l-311390,published,marketplace,real_estate,for_rent_long,"2-bedroom apartment for rent — Al Sahab, Dubai Marina","AED 155,000/year",155000,AED,Dubai,United Arab Emirates,Allsopp & Allsopp — Emily Dyett,+971585354130,"2-bedroom apartment for rent — Al Sahab, Dubai Marina. 3 bathroom(s), 1,351.00 sq ft. Balcony, Parking. Annual rent: AED 155,000/year. Property reference: L-311390. Contact Emily Dyett at Allsopp & Allsopp for a viewing and rental terms.",https://images.allsoppandallsopp.com/public/temp/a0O4S000000VBMAUA4_s_2-bedroom-apartment-in-al-sahab-dubai-marina-aed-155k-allsopp-and-allsopp-78247885-9135-49f5-98a2-109d7dca8650.png,Allsopp & Allsopp,https://www.allsoppandallsopp.com/dubai/property/lettings/L-311390,2026-10-08T04:02:01Z,,,,,Ask agent,,,,"{""parser"":""allsopp_public_rental"",""sourceCategory"":""apartments for rent"",""propertyType"":""apartment"",""bedrooms"":2,""bathrooms"":3,""sqft"":1351,""priceTerm"":""per_year"",""furnished"":false,""parking"":true,""amenities"":""Balcony, Parking"",""address"":""Al Sahab 2"",""neighborhood"":""Al Sahab, Dubai Marina"",""agentName"":""Emily Dyett"",""contactSource"":""https://www.allsoppandallsopp.com/dubai/property/lettings/L-311390"",""phoneVerifiedAt"":""2026-10-08T04:02:01Z"",""imageSourceUrl"":""https://www.allsoppandallsopp.com/dubai/property/lettings/L-311390"",""imageVerifiedAt"":""2026-10-09T18:51:36.373Z"",""imageIntegrityVersion"":""2026-10-07.1"",""listingIdentity"":{""version"":""2026-10-07.1"",""sourceUrl"":""https://www.allsoppandallsopp.com/dubai/property/lettings/L-311390"",""title"":""2-bedroom apartment for rent — Al Sahab, Dubai Marina"",""images"":[""https://images.allsoppandallsopp.com/public/temp/a0O4S000000VBMAUA4_s_2-bedroom-apartment-in-al-sahab-dubai-marina-aed-155k-allsopp-and-allsopp-78247885-9135-49f5-98a2-109d7dca8650.png""],""phones"":[],""sellerId"":"""",""city"":"""",""checkedAt"":""2026-10-09T18:51:36.373Z""}}",active,2026-10-09T18:36:28Z,200,Matching listing has an available source offer,2026-10-09T18:36:28Z,https://www.allsoppandallsopp.com/dubai/property/lettings/L-311390,0,,visible,,
allsopp-dubai-l-311400,published,marketplace,real_estate,for_rent_long,"1-bedroom apartment for rent — Al Majara Towers, Dubai Marina","AED 80,000/year",80000,AED,Dubai,United Arab Emirates,Allsopp & Allsopp — Emily Dyett,+971585354130,"1-bedroom apartment for rent — Al Majara Towers, Dubai Marina. 1 bathroom(s), 841.00 sq ft. Balcony. Annual rent: AED 80,000/year. Property reference: L-311400. Contact Emily Dyett at Allsopp & Allsopp for a viewing and rental terms.",https://images.allsoppandallsopp.com/public/temp/a0O4S000000VEqLUAW_s_1-bedroom-apartment-in-al-majara-towers-dubai-marina-aed-80k-allsopp-and-allsopp-8a3af903-68ea-4711-8afa-54c0de106f9c.png,Allsopp & Allsopp,https://www.allsoppandallsopp.com/dubai/property/lettings/L-311400,2026-10-08T04:02:01Z,,,,,Ask agent,,,,"{""parser"":""allsopp_public_rental"",""sourceCategory"":""apartments for rent"",""propertyType"":""apartment"",""bedrooms"":1,""bathrooms"":1,""sqft"":841,""priceTerm"":""per_year"",""furnished"":false,""parking"":false,""amenities"":""Balcony"",""address"":""Al Majara 1"",""neighborhood"":""Al Majara Towers, Dubai Marina"",""agentName"":""Emily Dyett"",""contactSource"":""https://www.allsoppandallsopp.com/dubai/property/lettings/L-311400"",""phoneVerifiedAt"":""2026-10-08T04:02:01Z"",""imageSourceUrl"":""https://www.allsoppandallsopp.com/dubai/property/lettings/L-311400"",""imageVerifiedAt"":""2026-10-09T18:51:36.373Z"",""imageIntegrityVersion"":""2026-10-07.1"",""listingIdentity"":{""version"":""2026-10-07.1"",""sourceUrl"":""https://www.allsoppandallsopp.com/dubai/property/lettings/L-311400"",""title"":""1-bedroom apartment for rent — Al Majara Towers, Dubai Marina"",""images"":[""https://images.allsoppandallsopp.com/public/temp/a0O4S000000VEqLUAW_s_1-bedroom-apartment-in-al-majara-towers-dubai-marina-aed-80k-allsopp-and-allsopp-8a3af903-68ea-4711-8afa-54c0de106f9c.png""],""phones"":[],""sellerId"":"""",""city"":"""",""checkedAt"":""2026-10-09T18:51:36.373Z""}}",active,2026-10-09T18:36:28Z,200,Matching listing has an available source offer,2026-10-09T18:36:28Z,https://www.allsoppandallsopp.com/dubai/property/lettings/L-311400,0,,visible,,
allsopp-dubai-l-311513,published,marketplace,real_estate,for_rent_long,"1-bedroom apartment for rent — Garden West Apartments, Green Community","AED 90,000/year",90000,AED,Dubai,United Arab Emirates,Allsopp & Allsopp — Benjamin Coomer,+971585934702,"1-bedroom apartment for rent — Garden West Apartments, Green Community. 2 bathroom(s), 976.00 sq ft. Pool, Parking. Annual rent: AED 90,000/year. Property reference: L-311513. Contact Benjamin Coomer at Allsopp & Allsopp for a viewing and rental terms.",https://images.allsoppandallsopp.com/public/temp/a0O4S000000VJ6ZUAW_s_1-bedroom-apartment-in-garden-west-apartments-green-community-aed-90k-allsopp-and-allsopp-living-area.jpg,Allsopp & Allsopp,https://www.allsoppandallsopp.com/dubai/property/lettings/L-311513,2026-10-08T04:02:01Z,,,,,Ask agent,,,,"{""parser"":""allsopp_public_rental"",""sourceCategory"":""apartments for rent"",""propertyType"":""apartment"",""bedrooms"":1,""bathrooms"":2,""sqft"":976,""priceTerm"":""per_year"",""furnished"":false,""parking"":true,""amenities"":""Pool, Parking"",""address"":"""",""neighborhood"":""Garden West Apartments, Green Community"",""agentName"":""Benjamin Coomer"",""contactSource"":""https://www.allsoppandallsopp.com/dubai/property/lettings/L-311513"",""phoneVerifiedAt"":""2026-10-08T04:02:01Z"",""imageSourceUrl"":""https://www.allsoppandallsopp.com/dubai/property/lettings/L-311513"",""imageVerifiedAt"":""2026-10-09T18:51:36.373Z"",""imageIntegrityVersion"":""2026-10-07.1"",""listingIdentity"":{""version"":""2026-10-07.1"",""sourceUrl"":""https://www.allsoppandallsopp.com/dubai/property/lettings/L-311513"",""title"":""1-bedroom apartment for rent — Garden West Apartments, Green Community"",""images"":[""https://images.allsoppandallsopp.com/public/temp/a0O4S000000VJ6ZUAW_s_1-bedroom-apartment-in-garden-west-apartments-green-community-aed-90k-allsopp-and-allsopp-living-area.jpg""],""phones"":[],""sellerId"":"""",""city"":"""",""checkedAt"":""2026-10-09T18:51:36.373Z""}}",active,2026-10-09T18:36:28Z,200,Matching listing has an available source offer,2026-10-09T18:36:28Z,https://www.allsoppandallsopp.com/dubai/property/lettings/L-311513,0,,visible,,
allsopp-dubai-l-311440,published,marketplace,real_estate,for_rent_long,"2-bedroom apartment for rent — Al Thayyal, Greens","AED 115,000/year",115000,AED,Dubai,United Arab Emirates,Allsopp & Allsopp — Nazir Akbar,+971503044064,"2-bedroom apartment for rent — Al Thayyal, Greens. 2 bathroom(s), 1,156.00 sq ft. Balcony, Pool, Parking. Annual rent: AED 115,000/year. Property reference: L-311440. Contact Nazir Akbar at Allsopp & Allsopp for a viewing and rental terms.",https://images.allsoppandallsopp.com/public/temp/a0O4S000000VMOrUAO_s_2-bedroom-apartment-in-al-thayyal-greens-aed-115k-allsopp-and-allsopp-chatgpt-image-aug-20-2026-113643-am-wm-2.png,Allsopp & Allsopp,https://www.allsoppandallsopp.com/dubai/property/lettings/L-311440,2026-10-08T04:02:01Z,,,,,Ask agent,,,,"{""parser"":""allsopp_public_rental"",""sourceCategory"":""apartments for rent"",""propertyType"":""apartment"",""bedrooms"":2,""bathrooms"":2,""sqft"":1156,""priceTerm"":""per_year"",""furnished"":false,""parking"":true,""amenities"":""Balcony, Pool, Parking"",""address"":""Al Thayyal 1"",""neighborhood"":""Al Thayyal, Greens"",""agentName"":""Nazir Akbar"",""contactSource"":""https://www.allsoppandallsopp.com/dubai/property/lettings/L-311440"",""phoneVerifiedAt"":""2026-10-08T04:02:01Z"",""imageSourceUrl"":""https://www.allsoppandallsopp.com/dubai/property/lettings/L-311440"",""imageVerifiedAt"":""2026-10-09T18:51:36.373Z"",""imageIntegrityVersion"":""2026-10-07.1"",""listingIdentity"":{""version"":""2026-10-07.1"",""sourceUrl"":""https://www.allsoppandallsopp.com/dubai/property/lettings/L-311440"",""title"":""2-bedroom apartment for rent — Al Thayyal, Greens"",""images"":[""https://images.allsoppandallsopp.com/public/temp/a0O4S000000VMOrUAO_s_2-bedroom-apartment-in-al-thayyal-greens-aed-115k-allsopp-and-allsopp-chatgpt-image-aug-20-2026-113643-am-wm-2.png""],""phones"":[],""sellerId"":"""",""city"":"""",""checkedAt"":""2026-10-09T18:51:36.373Z""}}",active,2026-10-09T18:36:28Z,200,Matching listing has an available source offer,2026-10-09T18:36:28Z,https://www.allsoppandallsopp.com/dubai/property/lettings/L-311440,0,,visible,,
allsopp-dubai-l-311366,published,marketplace,real_estate,for_rent_long,"3-bedroom apartment for rent — Marina Tower, Dubai Marina","AED 210,000/year",210000,AED,Dubai,United Arab Emirates,Allsopp & Allsopp — Lucy Austin,+971588113775,"3-bedroom apartment for rent — Marina Tower, Dubai Marina. 3 bathroom(s), 2,000.00 sq ft. Balcony. Annual rent: AED 210,000/year. Property reference: L-311366. Contact Lucy Austin at Allsopp & Allsopp for a viewing and rental terms.",https://images.allsoppandallsopp.com/public/temp/a0O4S000000VMpRUAW_s_3-bedroom-apartment-in-marina-tower-dubai-marina-aed-210k-allsopp-and-allsopp-geminigeneratedimagefrht19frht19frht.jpeg,Allsopp & Allsopp,https://www.allsoppandallsopp.com/dubai/property/lettings/L-311366,2026-10-08T04:02:01Z,,,,,Ask agent,,,,"{""parser"":""allsopp_public_rental"",""sourceCategory"":""apartments for rent"",""propertyType"":""apartment"",""bedrooms"":3,""bathrooms"":3,""sqft"":2000,""priceTerm"":""per_year"",""furnished"":false,""parking"":false,""amenities"":""Balcony"",""address"":"""",""neighborhood"":""Marina Tower, Dubai Marina"",""agentName"":""Lucy Austin"",""contactSource"":""https://www.allsoppandallsopp.com/dubai/property/lettings/L-311366"",""phoneVerifiedAt"":""2026-10-08T04:02:01Z"",""imageSourceUrl"":""https://www.allsoppandallsopp.com/dubai/property/lettings/L-311366"",""imageVerifiedAt"":""2026-10-09T18:51:36.373Z"",""imageIntegrityVersion"":""2026-10-07.1"",""listingIdentity"":{""version"":""2026-10-07.1"",""sourceUrl"":""https://www.allsoppandallsopp.com/dubai/property/lettings/L-311366"",""title"":""3-bedroom apartment for rent — Marina Tower, Dubai Marina"",""images"":[""https://images.allsoppandallsopp.com/public/temp/a0O4S000000VMpRUAW_s_3-bedroom-apartment-in-marina-tower-dubai-marina-aed-210k-allsopp-and-allsopp-geminigeneratedimagefrht19frht19frht.jpeg""],""phones"":[],""sellerId"":"""",""city"":"""",""checkedAt"":""2026-10-09T18:51:36.373Z""}}",active,2026-10-09T18:36:28Z,200,Matching listing has an available source offer,2026-10-09T18:36:28Z,https://www.allsoppandallsopp.com/dubai/property/lettings/L-311366,0,,visible,,
allsopp-dubai-l-311590,published,marketplace,real_estate,for_rent_long,"1-bedroom apartment for rent — 5242, Dubai Marina","AED 130,000/year",130000,AED,Dubai,United Arab Emirates,Allsopp & Allsopp — Georgia Ward,+971509724822,"1-bedroom apartment for rent — 5242, Dubai Marina. 1 bathroom(s), 687.00 sq ft. Furnished. Balcony, Pool, Gym. Annual rent: AED 130,000/year. Property reference: L-311590. Contact Georgia Ward at Allsopp & Allsopp for a viewing and rental terms.",https://images.allsoppandallsopp.com/public/temp/a0O4V00000Nb15bUAB_s_1-bedroom-apartment-in-5242-dubai-marina-aed-130k-allsopp-and-allsopp-file000.png,Allsopp & Allsopp,https://www.allsoppandallsopp.com/dubai/property/lettings/L-311590,2026-10-08T04:02:01Z,,,,,Ask agent,,,,"{""parser"":""allsopp_public_rental"",""sourceCategory"":""apartments for rent"",""propertyType"":""apartment"",""bedrooms"":1,""bathrooms"":1,""sqft"":687,""priceTerm"":""per_year"",""furnished"":true,""parking"":false,""amenities"":""Balcony, Pool, Gym"",""address"":"""",""neighborhood"":""5242, Dubai Marina"",""agentName"":""Georgia Ward"",""contactSource"":""https://www.allsoppandallsopp.com/dubai/property/lettings/L-311590"",""phoneVerifiedAt"":""2026-10-08T04:02:01Z"",""imageSourceUrl"":""https://www.allsoppandallsopp.com/dubai/property/lettings/L-311590"",""imageVerifiedAt"":""2026-10-09T18:51:36.373Z"",""imageIntegrityVersion"":""2026-10-07.1"",""listingIdentity"":{""version"":""2026-10-07.1"",""sourceUrl"":""https://www.allsoppandallsopp.com/dubai/property/lettings/L-311590"",""title"":""1-bedroom apartment for rent — 5242, Dubai Marina"",""images"":[""https://images.allsoppandallsopp.com/public/temp/a0O4V00000Nb15bUAB_s_1-bedroom-apartment-in-5242-dubai-marina-aed-130k-allsopp-and-allsopp-file000.png""],""phones"":[],""sellerId"":"""",""city"":"""",""checkedAt"":""2026-10-09T18:51:36.373Z""}}",active,2026-10-09T18:36:28Z,200,Matching listing has an available source offer,2026-10-09T18:36:28Z,https://www.allsoppandallsopp.com/dubai/property/lettings/L-311590,0,,visible,,
allsopp-dubai-l-311381,published,marketplace,real_estate,for_rent_long,"1-bedroom apartment for rent — Golf Promenade, DAMAC Hills","AED 75,000/year",75000,AED,Dubai,United Arab Emirates,Allsopp & Allsopp — Ysanna Shepherd,+971585069682,"1-bedroom apartment for rent — Golf Promenade, DAMAC Hills. 2 bathroom(s), 854.00 sq ft. Furnished. Balcony, Pool, Gym, Parking. Annual rent: AED 75,000/year. Property reference: L-311381. Contact Ysanna Shepherd at Allsopp & Allsopp for a viewing and rental terms.",https://images.allsoppandallsopp.com/public/temp/a0OdK000000u3rFUAQ_s_1-bedroom-apartment-in-golf-promenade-damac-hills-aed-75k-allsopp-and-allsopp-img2264.jpg,Allsopp & Allsopp,https://www.allsoppandallsopp.com/dubai/property/lettings/L-311381,2026-10-08T04:02:01Z,,,,,Ask agent,,,,"{""parser"":""allsopp_public_rental"",""sourceCategory"":""apartments for rent"",""propertyType"":""apartment"",""bedrooms"":1,""bathrooms"":2,""sqft"":854,""priceTerm"":""per_year"",""furnished"":true,""parking"":true,""amenities"":""Balcony, Pool, Gym, Parking"",""address"":""Golf Promenade 3B"",""neighborhood"":""Golf Promenade, DAMAC Hills"",""agentName"":""Ysanna Shepherd"",""contactSource"":""https://www.allsoppandallsopp.com/dubai/property/lettings/L-311381"",""phoneVerifiedAt"":""2026-10-08T04:02:01Z"",""imageSourceUrl"":""https://www.allsoppandallsopp.com/dubai/property/lettings/L-311381"",""imageVerifiedAt"":""2026-10-09T18:51:36.373Z"",""imageIntegrityVersion"":""2026-10-07.1"",""listingIdentity"":{""version"":""2026-10-07.1"",""sourceUrl"":""https://www.allsoppandallsopp.com/dubai/property/lettings/L-311381"",""title"":""1-bedroom apartment for rent — Golf Promenade, DAMAC Hills"",""images"":[""https://images.allsoppandallsopp.com/public/temp/a0OdK000000u3rFUAQ_s_1-bedroom-apartment-in-golf-promenade-damac-hills-aed-75k-allsopp-and-allsopp-img2264.jpg""],""phones"":[],""sellerId"":"""",""city"":"""",""checkedAt"":""2026-10-09T18:51:36.373Z""}}",active,2026-10-09T18:36:28Z,200,Matching listing has an available source offer,2026-10-09T18:36:28Z,https://www.allsoppandallsopp.com/dubai/property/lettings/L-311381,0,,visible,,
allsopp-dubai-l-311568,published,marketplace,real_estate,for_rent_long,"1-bedroom apartment for rent — Carson, DAMAC Hills","AED 75,000/year",75000,AED,Dubai,United Arab Emirates,Allsopp & Allsopp — Aristos Katelaris,+971503254826,"1-bedroom apartment for rent — Carson, DAMAC Hills. 2 bathroom(s), 806.00 sq ft. Unfurnished. Balcony, Pool, Gym. Annual rent: AED 75,000/year. Property reference: L-311568. Contact Aristos Katelaris at Allsopp & Allsopp for a viewing and rental terms.",https://images.allsoppandallsopp.com/public/temp/a0OdK0000014uvtUAA_s_1-bedroom-apartment-in-carson-damac-hills-aed-75k-allsopp-and-allsopp-ca91bc1f-9aa8-4ae4-bcab-c6dd1eca118f.png,Allsopp & Allsopp,https://www.allsoppandallsopp.com/dubai/property/lettings/L-311568,2026-10-08T04:02:01Z,,,,,Ask agent,,,,"{""parser"":""allsopp_public_rental"",""sourceCategory"":""apartments for rent"",""propertyType"":""apartment"",""bedrooms"":1,""bathrooms"":2,""sqft"":806,""priceTerm"":""per_year"",""furnished"":false,""parking"":false,""amenities"":""Balcony, Pool, Gym"",""address"":""Carson C"",""neighborhood"":""Carson, DAMAC Hills"",""agentName"":""Aristos Katelaris"",""contactSource"":""https://www.allsoppandallsopp.com/dubai/property/lettings/L-311568"",""phoneVerifiedAt"":""2026-10-08T04:02:01Z"",""imageSourceUrl"":""https://www.allsoppandallsopp.com/dubai/property/lettings/L-311568"",""imageVerifiedAt"":""2026-10-09T18:51:36.373Z"",""imageIntegrityVersion"":""2026-10-07.1"",""listingIdentity"":{""version"":""2026-10-07.1"",""sourceUrl"":""https://www.allsoppandallsopp.com/dubai/property/lettings/L-311568"",""title"":""1-bedroom apartment for rent — Carson, DAMAC Hills"",""images"":[""https://images.allsoppandallsopp.com/public/temp/a0OdK0000014uvtUAA_s_1-bedroom-apartment-in-carson-damac-hills-aed-75k-allsopp-and-allsopp-ca91bc1f-9aa8-4ae4-bcab-c6dd1eca118f.png""],""phones"":[],""sellerId"":"""",""city"":"""",""checkedAt"":""2026-10-09T18:51:36.373Z""}}",active,2026-10-09T18:36:28Z,200,Matching listing has an available source offer,2026-10-09T18:36:28Z,https://www.allsoppandallsopp.com/dubai/property/lettings/L-311568,0,,visible,,
allsopp-dubai-l-311326,published,marketplace,real_estate,for_rent_long,"2-bedroom apartment for rent — Zahra Apartments 2A, Town Square","AED 80,000/year",80000,AED,Dubai,United Arab Emirates,Allsopp & Allsopp — Irfaan Ibrahim,+971585073663,"2-bedroom apartment for rent — Zahra Apartments 2A, Town Square. 2 bathroom(s), 888.00 sq ft. Pool. Annual rent: AED 80,000/year. Property reference: L-311326. Contact Irfaan Ibrahim at Allsopp & Allsopp for a viewing and rental terms.",https://images.allsoppandallsopp.com/public/temp/a0OdK000001FrGLUA0_s_2-bedroom-apartment-in-zahra-apartments-2a-town-square-aed-80k-allsopp-and-allsopp-img0851.jpg,Allsopp & Allsopp,https://www.allsoppandallsopp.com/dubai/property/lettings/L-311326,2026-10-08T04:02:01Z,,,,,Ask agent,,,,"{""parser"":""allsopp_public_rental"",""sourceCategory"":""apartments for rent"",""propertyType"":""apartment"",""bedrooms"":2,""bathrooms"":2,""sqft"":888,""priceTerm"":""per_year"",""furnished"":false,""parking"":false,""amenities"":""Pool"",""address"":"""",""neighborhood"":""Zahra Apartments 2A, Town Square"",""agentName"":""Irfaan Ibrahim"",""contactSource"":""https://www.allsoppandallsopp.com/dubai/property/lettings/L-311326"",""phoneVerifiedAt"":""2026-10-08T04:02:01Z"",""imageSourceUrl"":""https://www.allsoppandallsopp.com/dubai/property/lettings/L-311326"",""imageVerifiedAt"":""2026-10-09T18:51:36.373Z"",""imageIntegrityVersion"":""2026-10-07.1"",""listingIdentity"":{""version"":""2026-10-07.1"",""sourceUrl"":""https://www.allsoppandallsopp.com/dubai/property/lettings/L-311326"",""title"":""2-bedroom apartment for rent — Zahra Apartments 2A, Town Square"",""images"":[""https://images.allsoppandallsopp.com/public/temp/a0OdK000001FrGLUA0_s_2-bedroom-apartment-in-zahra-apartments-2a-town-square-aed-80k-allsopp-and-allsopp-img0851.jpg""],""phones"":[],""sellerId"":"""",""city"":"""",""checkedAt"":""2026-10-09T18:51:36.373Z""}}",active,2026-10-09T18:36:28Z,200,Matching listing has an available source offer,2026-10-09T18:36:28Z,https://www.allsoppandallsopp.com/dubai/property/lettings/L-311326,0,,visible,,
allsopp-dubai-l-311522,published,marketplace,real_estate,for_rent_long,"1-bedroom apartment for rent — Arbor View, Arjan","AED 110,000/year",110000,AED,Dubai,United Arab Emirates,Allsopp & Allsopp — Richard Botnaru,+971585675702,"1-bedroom apartment for rent — Arbor View, Arjan. 2 bathroom(s), 913.00 sq ft. Balcony. Annual rent: AED 110,000/year. Property reference: L-311522. Contact Richard Botnaru at Allsopp & Allsopp for a viewing and rental terms.",https://images.allsoppandallsopp.com/public/temp/a0OdK000001MFXhUAO_s_1-bedroom-apartment-in-arbor-view-arjan-aed-110k-allsopp-and-allsopp-0a745b11-5f52-46f0-870a-7ae0c5c11b1b.png,Allsopp & Allsopp,https://www.allsoppandallsopp.com/dubai/property/lettings/L-311522,2026-10-08T04:02:01Z,,,,,Ask agent,,,,"{""parser"":""allsopp_public_rental"",""sourceCategory"":""apartments for rent"",""propertyType"":""apartment"",""bedrooms"":1,""bathrooms"":2,""sqft"":913,""priceTerm"":""per_year"",""furnished"":false,""parking"":false,""amenities"":""Balcony"",""address"":"""",""neighborhood"":""Arbor View, Arjan"",""agentName"":""Richard Botnaru"",""contactSource"":""https://www.allsoppandallsopp.com/dubai/property/lettings/L-311522"",""phoneVerifiedAt"":""2026-10-08T04:02:01Z"",""imageSourceUrl"":""https://www.allsoppandallsopp.com/dubai/property/lettings/L-311522"",""imageVerifiedAt"":""2026-10-09T18:51:36.373Z"",""imageIntegrityVersion"":""2026-10-07.1"",""listingIdentity"":{""version"":""2026-10-07.1"",""sourceUrl"":""https://www.allsoppandallsopp.com/dubai/property/lettings/L-311522"",""title"":""1-bedroom apartment for rent — Arbor View, Arjan"",""images"":[""https://images.allsoppandallsopp.com/public/temp/a0OdK000001MFXhUAO_s_1-bedroom-apartment-in-arbor-view-arjan-aed-110k-allsopp-and-allsopp-0a745b11-5f52-46f0-870a-7ae0c5c11b1b.png""],""phones"":[],""sellerId"":"""",""city"":"""",""checkedAt"":""2026-10-09T18:51:36.373Z""}}",active,2026-10-09T18:36:28Z,200,Matching listing has an available source offer,2026-10-09T18:36:28Z,https://www.allsoppandallsopp.com/dubai/property/lettings/L-311522,0,,visible,,
allsopp-dubai-l-311303,published,marketplace,real_estate,for_rent_long,"2-bedroom apartment for rent — The Imperial Residence A, Jumeirah Village Triangle","AED 87,000/year",87000,AED,Dubai,United Arab Emirates,Allsopp & Allsopp — Yasmine Laanigui,+971586525304,"2-bedroom apartment for rent — The Imperial Residence A, Jumeirah Village Triangle. 3 bathroom(s), 1,111.37 sq ft. Unfurnished. Balcony, Parking. Annual rent: AED 87,000/year. Property reference: L-311303. Contact Yasmine Laanigui at Allsopp & Allsopp for a viewing and rental terms.",https://images.allsoppandallsopp.com/public/temp/a0OdK000001V1dZUAS_s_2-bedroom-apartment-in-the-imperial-residence-a-jumeirah-village-triangle-aed-87k-allsopp-and-allsopp-living-room2.jpg,Allsopp & Allsopp,https://www.allsoppandallsopp.com/dubai/property/lettings/L-311303,2026-10-08T04:02:01Z,,,,,Ask agent,,,,"{""parser"":""allsopp_public_rental"",""sourceCategory"":""apartments for rent"",""propertyType"":""apartment"",""bedrooms"":2,""bathrooms"":3,""sqft"":1111.37,""priceTerm"":""per_year"",""furnished"":false,""parking"":true,""amenities"":""Balcony, Parking"",""address"":"""",""neighborhood"":""The Imperial Residence A, Jumeirah Village Triangle"",""agentName"":""Yasmine Laanigui"",""contactSource"":""https://www.allsoppandallsopp.com/dubai/property/lettings/L-311303"",""phoneVerifiedAt"":""2026-10-08T04:02:01Z"",""imageSourceUrl"":""https://www.allsoppandallsopp.com/dubai/property/lettings/L-311303"",""imageVerifiedAt"":""2026-10-09T18:51:36.373Z"",""imageIntegrityVersion"":""2026-10-07.1"",""listingIdentity"":{""version"":""2026-10-07.1"",""sourceUrl"":""https://www.allsoppandallsopp.com/dubai/property/lettings/L-311303"",""title"":""2-bedroom apartment for rent — The Imperial Residence A, Jumeirah Village Triangle"",""images"":[""https://images.allsoppandallsopp.com/public/temp/a0OdK000001V1dZUAS_s_2-bedroom-apartment-in-the-imperial-residence-a-jumeirah-village-triangle-aed-87k-allsopp-and-allsopp-living-room2.jpg""],""phones"":[],""sellerId"":"""",""city"":"""",""checkedAt"":""2026-10-09T18:51:36.373Z""}}",active,2026-10-09T18:36:28Z,200,Matching listing has an available source offer,2026-10-09T18:36:28Z,https://www.allsoppandallsopp.com/dubai/property/lettings/L-311303,0,,visible,,
allsopp-dubai-l-311641,published,marketplace,real_estate,for_rent_long,"1-bedroom apartment for rent — Cloud Tower, Jumeirah Village Triangle","AED 75,000/year",75000,AED,Dubai,United Arab Emirates,Allsopp & Allsopp — Harrison O Neill,+971585825394,"1-bedroom apartment for rent — Cloud Tower, Jumeirah Village Triangle. 2 bathroom(s), 623.00 sq ft. Furnished. Balcony, Pool, Gym, Parking. Annual rent: AED 75,000/year. Property reference: L-311641. Contact Harrison O Neill at Allsopp & Allsopp for a viewing and rental terms.",https://images.allsoppandallsopp.com/public/temp/a0OdK000001ac1NUAQ_s_1-bedroom-apartment-in-cloud-tower-jumeirah-village-triangle-aed-75k-allsopp-and-allsopp-2.jpg,Allsopp & Allsopp,https://www.allsoppandallsopp.com/dubai/property/lettings/L-311641,2026-10-08T04:02:01Z,,,,,Ask agent,,,,"{""parser"":""allsopp_public_rental"",""sourceCategory"":""apartments for rent"",""propertyType"":""apartment"",""bedrooms"":1,""bathrooms"":2,""sqft"":623,""priceTerm"":""per_year"",""furnished"":true,""parking"":true,""amenities"":""Balcony, Pool, Gym, Parking"",""address"":""Cloud Tower B"",""neighborhood"":""Cloud Tower, Jumeirah Village Triangle"",""agentName"":""Harrison O Neill"",""contactSource"":""https://www.allsoppandallsopp.com/dubai/property/lettings/L-311641"",""phoneVerifiedAt"":""2026-10-08T04:02:01Z"",""imageSourceUrl"":""https://www.allsoppandallsopp.com/dubai/property/lettings/L-311641"",""imageVerifiedAt"":""2026-10-09T18:51:36.373Z"",""imageIntegrityVersion"":""2026-10-07.1"",""listingIdentity"":{""version"":""2026-10-07.1"",""sourceUrl"":""https://www.allsoppandallsopp.com/dubai/property/lettings/L-311641"",""title"":""1-bedroom apartment for rent — Cloud Tower, Jumeirah Village Triangle"",""images"":[""https://images.allsoppandallsopp.com/public/temp/a0OdK000001ac1NUAQ_s_1-bedroom-apartment-in-cloud-tower-jumeirah-village-triangle-aed-75k-allsopp-and-allsopp-2.jpg""],""phones"":[],""sellerId"":"""",""city"":"""",""checkedAt"":""2026-10-09T18:51:36.373Z""}}",active,2026-10-09T18:36:28Z,200,Matching listing has an available source offer,2026-10-09T18:36:28Z,https://www.allsoppandallsopp.com/dubai/property/lettings/L-311641,0,,visible,,
alba-dubai-2054,rejected,vehicles,vehicles,vehicles,2025 Forthing U-Tour,"AED 79,999",79999,AED,Dubai,United Arab Emirates,Alba Cars,+97143772503,"2025 Forthing U-Tour. 18 km. Automatic. White. Seller: Alba Cars, Al Quoz, Dubai.",https://storage.albacars.ae/vehicles/f21953ff-a237-4433-b6a1-f734fb48608b/e1d290fb-3609-47f9-a499-d5bd218d3005.jpeg,Alba Cars,https://albacars.ae/buy-used-cars/vehicle/2054-forthing-u-tour,2026-10-09T04:04:05Z,Forthing,U-Tour,,2025,used,Automatic,White,18,"{""parser"":""alba_public_vehicle_schema"",""sourceCategory"":""vehicles"",""contactSource"":""https://albacars.ae/buy-used-cars/vehicle/2054-forthing-u-tour"",""phoneVerifiedAt"":""2026-10-09T04:04:05Z"",""imageSourceUrl"":""https://albacars.ae/buy-used-cars/vehicle/2054-forthing-u-tour"",""imageVerifiedAt"":""2026-10-09T18:51:36.373Z"",""imageIntegrityVersion"":""2026-10-07.1"",""bodyType"":""SUV 7 Seaters"",""fuelType"":""Petrol"",""engine"":{""@type"":""EngineSpecification"",""engineDisplacement"":""Unknown L"",""engineType"":""Petrol""},""sourceSpecifications"":[{""label"":""Service Contract"",""value"":""Paid add-on""},{""label"":""Vehicle Specification"",""value"":""GCC_SPECS""},{""label"":""Wheels Type"",""value"":""18""},{""label"":""Features"",""value"":""ISOFIX, Ambient Lighting, Parking Sensors, Adaptive Cruise, Keyless Start, Android Auto, Keyless Entry, 360 Camera, Cooling Seats, Lane Assist, Electric Tailgate, Rear AC, Panoramic Sunroof, Rear Camera, Third Row AC, Cruise Control, Leather Seats, Driving Modes, Electric Seats""},{""label"":""Number Of Cylinders"",""value"":""4""},{""label"":""Interior Color"",""value"":""White""}],""listingIdentity"":{""version"":""2026-10-07.1"",""sourceUrl"":""https://albacars.ae/buy-used-cars/vehicle/2054-forthing-u-tour"",""title"":""2025 Forthing U-Tour"",""images"":[""https://storage.albacars.ae/vehicles/f21953ff-a237-4433-b6a1-f734fb48608b/e1d290fb-3609-47f9-a499-d5bd218d3005.jpeg""],""phones"":[],""sellerId"":"""",""city"":"""",""checkedAt"":""2026-10-09T18:51:36.373Z""}}",active,2026-10-09T18:36:28Z,200,Matching listing has an available source offer,2026-10-09T18:36:28Z,https://albacars.ae/buy-used-cars/vehicle/2054-forthing-u-tour,0,,foreign_gallery,Gallery belongs to a different source listing.,
alba-dubai-2049,rejected,vehicles,vehicles,vehicles,2021 BMW X7 xDrive40i,"AED 164,999",164999,AED,Dubai,United Arab Emirates,Alba Cars,+97143772503,"2021 BMW X7 xDrive40i. 111,000 km. Automatic. Black. Seller: Alba Cars, Al Quoz, Dubai.",https://storage.albacars.ae/vehicles/drafts/2049/1.jpg,Alba Cars,https://albacars.ae/buy-used-cars/vehicle/2049-bmw-x7-xdrive40i,2026-10-09T04:04:05Z,BMW,X7,,2021,used,Automatic,Black,111000,"{""parser"":""alba_public_vehicle_schema"",""sourceCategory"":""vehicles"",""contactSource"":""https://albacars.ae/buy-used-cars/vehicle/2049-bmw-x7-xdrive40i"",""phoneVerifiedAt"":""2026-10-09T04:04:05Z"",""imageSourceUrl"":""https://albacars.ae/buy-used-cars/vehicle/2049-bmw-x7-xdrive40i"",""imageVerifiedAt"":""2026-10-09T18:51:36.373Z"",""imageIntegrityVersion"":""2026-10-07.1"",""bodyType"":""SUV 7 Seaters"",""fuelType"":""Petrol"",""engine"":{""@type"":""EngineSpecification"",""engineDisplacement"":""3.0 L"",""engineType"":""Petrol""},""sourceSpecifications"":[{""label"":""Service Contract"",""value"":""Paid add-on""},{""label"":""Vehicle Specification"",""value"":""GCC_SPECS""},{""label"":""Wheels Type"",""value"":""22""},{""label"":""Features"",""value"":""ISOFIX, Ambient Lighting, Heads Up Display, Parking Sensors, Navigation, Adaptive Cruise, Keyless Start, Blind Spot Indicator, Android Auto, 360 Camera, Cooling Seats, Lane Assist, Wireless Charger, Electric Tailgate, Rear AC, Rear Camera, Dual Sunroof, Rear Entertainment, Apple Car Play, Cruise Control, Leather Seats, Driving Modes, Electric Seats""},{""label"":""Number Of Cylinders"",""value"":""6""},{""label"":""Interior Color"",""value"":""Brown""}],""listingIdentity"":{""version"":""2026-10-07.1"",""sourceUrl"":""https://albacars.ae/buy-used-cars/vehicle/2049-bmw-x7-xdrive40i"",""title"":""2021 BMW X7 xDrive40i"",""images"":[""https://storage.albacars.ae/vehicles/drafts/2049/1.jpg""],""phones"":[],""sellerId"":"""",""city"":"""",""checkedAt"":""2026-10-09T18:51:36.373Z""}}",active,2026-10-09T18:36:28Z,200,Matching listing has an available source offer,2026-10-09T18:36:28Z,https://albacars.ae/buy-used-cars/vehicle/2049-bmw-x7-xdrive40i,0,,foreign_gallery,Gallery belongs to a different source listing.,
alba-dubai-2048,rejected,vehicles,vehicles,vehicles,2024 BMW M760 xDrive,"AED 489,999",489999,AED,Dubai,United Arab Emirates,Alba Cars,+97143772503,"2024 BMW M760 xDrive. 31,000 km. Automatic. Black. Seller: Alba Cars, Al Quoz, Dubai.",https://storage.albacars.ae/vehicles/drafts/2048/1.jpg,Alba Cars,https://albacars.ae/buy-used-cars/vehicle/2048-bmw-7-series-xdrive,2026-10-09T04:04:05Z,BMW,7-Series,,2024,used,Automatic,Black,31000,"{""parser"":""alba_public_vehicle_schema"",""sourceCategory"":""vehicles"",""contactSource"":""https://albacars.ae/buy-used-cars/vehicle/2048-bmw-7-series-xdrive"",""phoneVerifiedAt"":""2026-10-09T04:04:05Z"",""imageSourceUrl"":""https://albacars.ae/buy-used-cars/vehicle/2048-bmw-7-series-xdrive"",""imageVerifiedAt"":""2026-10-09T18:51:36.373Z"",""imageIntegrityVersion"":""2026-10-07.1"",""bodyType"":""Sedan"",""fuelType"":""Petrol"",""engine"":{""@type"":""EngineSpecification"",""engineDisplacement"":""4.4 L"",""engineType"":""Petrol""},""sourceSpecifications"":[{""label"":""Service Contract"",""value"":""Until 28-Aug-2029 or 100,000 KM""},{""label"":""Vehicle Specification"",""value"":""GCC_SPECS""},{""label"":""Wheels Type"",""value"":""21""},{""label"":""Features"",""value"":""ISOFIX, Ambient Lighting, Heads Up Display, Parking Sensors, Navigation, Adaptive Cruise, Keyless Start, Blind Spot Indicator, Android Auto, Keyless Entry, 360 Camera, Lane Assist, Wireless Charger, Electric Tailgate, Rear AC, Panoramic Sunroof, Rear Camera, Rear Entertainment, Apple Car Play, Cruise Control, Leather Seats, Driving Modes, Electric Seats""},{""label"":""Number Of Cylinders"",""value"":""8""},{""label"":""Interior Color"",""value"":""Brown""}],""listingIdentity"":{""version"":""2026-10-07.1"",""sourceUrl"":""https://albacars.ae/buy-used-cars/vehicle/2048-bmw-7-series-xdrive"",""title"":""2024 BMW M760 xDrive"",""images"":[""https://storage.albacars.ae/vehicles/drafts/2048/1.jpg""],""phones"":[],""sellerId"":"""",""city"":"""",""checkedAt"":""2026-10-09T18:51:36.373Z""}}",active,2026-10-09T18:36:28Z,200,Matching listing has an available source offer,2026-10-09T18:36:28Z,https://albacars.ae/buy-used-cars/vehicle/2048-bmw-7-series-xdrive,0,,foreign_gallery,Gallery belongs to a different source listing.,
alba-dubai-2042,rejected,vehicles,vehicles,vehicles,2025 USED Jetour T2 | Luxury | Jetour Warranty,"AED 129,999",129999,AED,Dubai,United Arab Emirates,Alba Cars,+97143772503,"2025 USED Jetour T2 | Luxury | Jetour Warranty. 41,000 km. Automatic. White. Seller: Alba Cars, Al Quoz, Dubai.",https://storage.albacars.ae/vehicles/drafts/2042/1.jpg,Alba Cars,https://albacars.ae/buy-used-cars/vehicle/2042-jetour-t2-luxury,2026-10-09T04:04:05Z,Jetour,T2,,2025,used,Automatic,White,41000,"{""parser"":""alba_public_vehicle_schema"",""sourceCategory"":""vehicles"",""contactSource"":""https://albacars.ae/buy-used-cars/vehicle/2042-jetour-t2-luxury"",""phoneVerifiedAt"":""2026-10-09T04:04:05Z"",""imageSourceUrl"":""https://albacars.ae/buy-used-cars/vehicle/2042-jetour-t2-luxury"",""imageVerifiedAt"":""2026-10-09T18:51:36.373Z"",""imageIntegrityVersion"":""2026-10-07.1"",""bodyType"":""SUV"",""fuelType"":""Petrol"",""engine"":{""@type"":""EngineSpecification"",""engineDisplacement"":""2.0 L"",""engineType"":""Petrol""},""sourceSpecifications"":[{""label"":""Service Contract"",""value"":""NA""},{""label"":""Vehicle Specification"",""value"":""GCC_SPECS""},{""label"":""Wheels Type"",""value"":""20""},{""label"":""Features"",""value"":""ISOFIX, Remote Start, Parking Sensors, Adaptive Cruise, Keyless Start, Blind Spot Indicator, Android Auto, Keyless Entry, Cooling Box, 360 Camera, Cooling Seats, Lane Assist, Wireless Charger, Rear AC, Panoramic Sunroof, Half Leather Seats, Apple Car Play, Driving Modes, Electric Seats""},{""label"":""Number Of Cylinders"",""value"":""4""},{""label"":""Interior Color"",""value"":""Brown""}],""listingIdentity"":{""version"":""2026-10-07.1"",""sourceUrl"":""https://albacars.ae/buy-used-cars/vehicle/2042-jetour-t2-luxury"",""title"":""2025 USED Jetour T2 | Luxury | Jetour Warranty"",""images"":[""https://storage.albacars.ae/vehicles/drafts/2042/1.jpg""],""phones"":[],""sellerId"":"""",""city"":"""",""checkedAt"":""2026-10-09T18:51:36.373Z""}}",active,2026-10-09T18:36:28Z,200,Matching listing has an available source offer,2026-10-09T18:36:28Z,https://albacars.ae/buy-used-cars/vehicle/2042-jetour-t2-luxury,0,,foreign_gallery,Gallery belongs to a different source listing.,
alba-dubai-334,published,vehicles,vehicles,vehicles,2021 Mercedes-Benz GLA 2021,"AED 107,999",107999,AED,Dubai,United Arab Emirates,Alba Cars,+97143772503,"2021 Mercedes-Benz GLA 2021. 81,000 km. Automatic. White. Seller: Alba Cars, Al Quoz, Dubai.",https://storage.albacars.ae/vehicles/3494aee4-01ff-4c14-81e5-6a8458e7642a/4a1403d7-c81a-4c8c-a2d8-5371a6b5e6bf.jpeg,Alba Cars,https://albacars.ae/buy-used-cars/vehicle/334-mercedes-benz-gla,2026-10-09T04:04:05Z,Mercedes-Benz,GLA,,2021,used,Automatic,White,81000,"{""parser"":""alba_public_vehicle_schema"",""sourceCategory"":""vehicles"",""contactSource"":""https://albacars.ae/buy-used-cars/vehicle/334-mercedes-benz-gla"",""phoneVerifiedAt"":""2026-10-09T04:04:05Z"",""imageSourceUrl"":""https://albacars.ae/buy-used-cars/vehicle/334-mercedes-benz-gla"",""imageVerifiedAt"":""2026-10-09T18:51:36.373Z"",""imageIntegrityVersion"":""2026-10-07.1"",""bodyType"":""SUV"",""fuelType"":""Petrol"",""engine"":{""@type"":""EngineSpecification"",""engineDisplacement"":""Unknown L"",""engineType"":""Petrol""},""sourceSpecifications"":[{""label"":""Service Contract"",""value"":""Paid add-on""},{""label"":""Vehicle Specification"",""value"":""GCC_SPECS""},{""label"":""Wheels Type"",""value"":""R20""},{""label"":""Features"",""value"":""ISOFIX, Ambient Lighting, Parking Sensors, Navigation, Keyless Start, Blind Spot Indicator, Android Auto, Wireless Charger, Electric Tailgate, Rear AC, Rear Camera, Dual Sunroof, Half Leather Seats, Apple Car Play, Cruise Control, Driving Modes, Electric Seats""},{""label"":""Number Of Cylinders"",""value"":""4""}],""listingIdentity"":{""version"":""2026-10-07.1"",""sourceUrl"":""https://albacars.ae/buy-used-cars/vehicle/334-mercedes-benz-gla"",""title"":""2021 Mercedes-Benz GLA 2021"",""images"":[""https://storage.albacars.ae/vehicles/3494aee4-01ff-4c14-81e5-6a8458e7642a/4a1403d7-c81a-4c8c-a2d8-5371a6b5e6bf.jpeg""],""phones"":[],""sellerId"":"""",""city"":"""",""checkedAt"":""2026-10-09T18:51:36.373Z""}}",active,2026-10-09T18:36:28Z,200,Matching listing has an available source offer,2026-10-09T18:36:28Z,https://albacars.ae/buy-used-cars/vehicle/334-mercedes-benz-gla,0,,visible,,
dealer-7c99854e79685a9aa1,published,vehicles,vehicles,auto_parts,BUMPER FR HIACE 06-08 LOW ROOF,AED 135.00,135.00,AED,Dubai,United Arab Emirates,Saitech Auto,+97143332295,FRONT BUMPER,https://admin.saitechauto.com/uploads/images/img_2918a911d5a1236dbb2102b25791177912.png,Saitech Auto,https://saitechauto.com/product/bumper-fr-hiace-06-08-low-roof-malaysia-5400,2026-10-08T18:37:21.728090+00:00,Toyota,Hiace Low Roof,,2008 - 2010,new,,MATTE BLACK,,"{""parser"":""verified_dealer_inventory"",""sourceCategory"":""auto_parts"",""details"":[{""label"":""Part No."",""value"":""TY04233BA/T5211926440 / TT110103""},{""label"":""Saitech No."",""value"":""223""},{""label"":""Make"",""value"":""Toyota""},{""label"":""Model"",""value"":""Hiace Low Roof""},{""label"":""Year"",""value"":""2008 - 2010""},{""label"":""Color"",""value"":""MATTE BLACK""},{""label"":""Made In"",""value"":""MALAYSIA""}],""contactSource"":""https://saitechauto.com/product/bumper-fr-hiace-06-08-low-roof-malaysia-5400"",""detailsSourceUrl"":""https://saitechauto.com/product/bumper-fr-hiace-06-08-low-roof-malaysia-5400"",""detailsVerifiedAt"":""2026-10-08T18:37:21.728090+00:00"",""imageSourceUrl"":""https://saitechauto.com/product/bumper-fr-hiace-06-08-low-roof-malaysia-5400"",""imageVerifiedAt"":""2026-10-08T18:37:21.728090+00:00"",""imageIntegrityVersion"":""2026-10-07.1"",""listingIdentity"":{""version"":""2026-10-07.1"",""sourceUrl"":""https://saitechauto.com/product/bumper-fr-hiace-06-08-low-roof-malaysia-5400"",""title"":""BUMPER FR HIACE 06-08 LOW ROOF"",""images"":[""https://admin.saitechauto.com/uploads/images/img_2918a911d5a1236dbb2102b25791177912.png""],""phones"":[""+97143332295""],""city"":""Dubai"",""checkedAt"":""2026-10-08T18:37:21.728090+00:00""},""contactHours"":""Sat-Thur 8:00am - 6:00pm"",""condition"":""new"",""make"":""Toyota"",""model"":""Hiace Low Roof"",""year"":""2008 - 2010"",""color"":""MATTE BLACK"",""sourceSpecifications"":[{""label"":""Part No."",""value"":""TY04233BA/T5211926440 / TT110103""},{""label"":""Saitech No."",""value"":""223""},{""label"":""Make"",""value"":""Toyota""},{""label"":""Model"",""value"":""Hiace Low Roof""},{""label"":""Year"",""value"":""2008 - 2010""},{""label"":""Color"",""value"":""MATTE BLACK""},{""label"":""Made In"",""value"":""MALAYSIA""}]}",active,2026-10-09T18:36:28Z,200,Source title still matches the exact listing,2026-10-09T18:36:28Z,https://saitechauto.com/product/bumper-fr-hiace-06-08-low-roof-malaysia-5400,0,,visible,,
dealer-879522df860b844968,published,vehicles,vehicles,auto_parts,BUMPER RR HIACE 06-17 LOW ROOF,AED 95.00,95.00,AED,Dubai,United Arab Emirates,Saitech Auto,+97143332295,REAR BUMPER,https://admin.saitechauto.com/uploads/images/img_36ac3ae87f5823d30974d1c98382501285.jpg,Saitech Auto,https://saitechauto.com/product/bumper-rr-hiace-06-17-low-roof-thailand-5406,2026-10-08T18:37:21.728090+00:00,Toyota,Hiace Low Roof,,2008 - 2017,new,,MATTE BLACK,,"{""parser"":""verified_dealer_inventory"",""sourceCategory"":""auto_parts"",""details"":[{""label"":""Part No."",""value"":""TY04297BA/52159-26250/26470""},{""label"":""Saitech No."",""value"":""661""},{""label"":""Make"",""value"":""Toyota""},{""label"":""Model"",""value"":""Hiace Low Roof""},{""label"":""Year"",""value"":""2008 - 2017""},{""label"":""Color"",""value"":""MATTE BLACK""},{""label"":""Made In"",""value"":""THAILAND""}],""contactSource"":""https://saitechauto.com/product/bumper-rr-hiace-06-17-low-roof-thailand-5406"",""detailsSourceUrl"":""https://saitechauto.com/product/bumper-rr-hiace-06-17-low-roof-thailand-5406"",""detailsVerifiedAt"":""2026-10-08T18:37:21.728090+00:00"",""imageSourceUrl"":""https://saitechauto.com/product/bumper-rr-hiace-06-17-low-roof-thailand-5406"",""imageVerifiedAt"":""2026-10-08T18:37:21.728090+00:00"",""imageIntegrityVersion"":""2026-10-07.1"",""listingIdentity"":{""version"":""2026-10-07.1"",""sourceUrl"":""https://saitechauto.com/product/bumper-rr-hiace-06-17-low-roof-thailand-5406"",""title"":""BUMPER RR HIACE 06-17 LOW ROOF"",""images"":[""https://admin.saitechauto.com/uploads/images/img_36ac3ae87f5823d30974d1c98382501285.jpg""],""phones"":[""+97143332295""],""city"":""Dubai"",""checkedAt"":""2026-10-08T18:37:21.728090+00:00""},""contactHours"":""Sat-Thur 8:00am - 6:00pm"",""condition"":""new"",""make"":""Toyota"",""model"":""Hiace Low Roof"",""year"":""2008 - 2017"",""color"":""MATTE BLACK"",""sourceSpecifications"":[{""label"":""Part No."",""value"":""TY04297BA/52159-26250/26470""},{""label"":""Saitech No."",""value"":""661""},{""label"":""Make"",""value"":""Toyota""},{""label"":""Model"",""value"":""Hiace Low Roof""},{""label"":""Year"",""value"":""2008 - 2017""},{""label"":""Color"",""value"":""MATTE BLACK""},{""label"":""Made In"",""value"":""THAILAND""}]}",active,2026-10-09T18:36:28Z,200,Source title still matches the exact listing,2026-10-09T18:36:28Z,https://saitechauto.com/product/bumper-rr-hiace-06-17-low-roof-thailand-5406,0,,visible,,
dealer-4fa47411fb4862687f,published,vehicles,vehicles,auto_parts,HEAD LAMP LH HIACE 06-10,AED 122.00,122.00,AED,Dubai,United Arab Emirates,Saitech Auto,+97143332295,LEFT HEAD LIGHT,https://admin.saitechauto.com/uploads/images/img_cf786cec96f0c7a422eb08659631688982.png,Saitech Auto,https://saitechauto.com/product/head-lamp-lh-hiace-06-10-taiwan-5410,2026-10-08T18:37:21.728090+00:00,Toyota,Hiace Low Roof,,2008 - 2010,new,,TRANSPARENT,,"{""parser"":""verified_dealer_inventory"",""sourceCategory"":""auto_parts"",""details"":[{""label"":""Part No."",""value"":""212-11H1L-LD-EM T""},{""label"":""Saitech No."",""value"":""1997""},{""label"":""Make"",""value"":""Toyota""},{""label"":""Model"",""value"":""Hiace Low Roof""},{""label"":""Year"",""value"":""2008 - 2010""},{""label"":""Color"",""value"":""TRANSPARENT""},{""label"":""Made In"",""value"":""TAIWAN""}],""contactSource"":""https://saitechauto.com/product/head-lamp-lh-hiace-06-10-taiwan-5410"",""detailsSourceUrl"":""https://saitechauto.com/product/head-lamp-lh-hiace-06-10-taiwan-5410"",""detailsVerifiedAt"":""2026-10-08T18:37:21.728090+00:00"",""imageSourceUrl"":""https://saitechauto.com/product/head-lamp-lh-hiace-06-10-taiwan-5410"",""imageVerifiedAt"":""2026-10-08T18:37:21.728090+00:00"",""imageIntegrityVersion"":""2026-10-07.1"",""listingIdentity"":{""version"":""2026-10-07.1"",""sourceUrl"":""https://saitechauto.com/product/head-lamp-lh-hiace-06-10-taiwan-5410"",""title"":""HEAD LAMP LH HIACE 06-10"",""images"":[""https://admin.saitechauto.com/uploads/images/img_cf786cec96f0c7a422eb08659631688982.png""],""phones"":[""+97143332295""],""city"":""Dubai"",""checkedAt"":""2026-10-08T18:37:21.728090+00:00""},""contactHours"":""Sat-Thur 8:00am - 6:00pm"",""condition"":""new"",""make"":""Toyota"",""model"":""Hiace Low Roof"",""year"":""2008 - 2010"",""color"":""TRANSPARENT"",""sourceSpecifications"":[{""label"":""Part No."",""value"":""212-11H1L-LD-EM T""},{""label"":""Saitech No."",""value"":""1997""},{""label"":""Make"",""value"":""Toyota""},{""label"":""Model"",""value"":""Hiace Low Roof""},{""label"":""Year"",""value"":""2008 - 2010""},{""label"":""Color"",""value"":""TRANSPARENT""},{""label"":""Made In"",""value"":""TAIWAN""}]}",active,2026-10-09T18:36:28Z,200,Source title still matches the exact listing,2026-10-09T18:36:28Z,https://saitechauto.com/product/head-lamp-lh-hiace-06-10-taiwan-5410,0,,visible,,
dealer-665f0ce72900c67c07,published,vehicles,vehicles,auto_parts,HEAD LAMP RH HIACE 06-10,AED 122.00,122.00,AED,Dubai,United Arab Emirates,Saitech Auto,+97143332295,RIGHT HEAD LIGHT,https://admin.saitechauto.com/uploads/images/img_8feddd1e6bbe484bbda3cfb92895696219.png,Saitech Auto,https://saitechauto.com/product/head-lamp-rh-hiace-06-10-taiwan-5414,2026-10-08T18:37:21.728090+00:00,Toyota,Hiace Low Roof,,2008 - 2010,new,,TRANSPARENT,,"{""parser"":""verified_dealer_inventory"",""sourceCategory"":""auto_parts"",""details"":[{""label"":""Part No."",""value"":""212-11H1R-LD-EM""},{""label"":""Saitech No."",""value"":""2403""},{""label"":""Make"",""value"":""Toyota""},{""label"":""Model"",""value"":""Hiace Low Roof""},{""label"":""Year"",""value"":""2008 - 2010""},{""label"":""Color"",""value"":""TRANSPARENT""},{""label"":""Made In"",""value"":""TAIWAN""}],""contactSource"":""https://saitechauto.com/product/head-lamp-rh-hiace-06-10-taiwan-5414"",""detailsSourceUrl"":""https://saitechauto.com/product/head-lamp-rh-hiace-06-10-taiwan-5414"",""detailsVerifiedAt"":""2026-10-08T18:37:21.728090+00:00"",""imageSourceUrl"":""https://saitechauto.com/product/head-lamp-rh-hiace-06-10-taiwan-5414"",""imageVerifiedAt"":""2026-10-08T18:37:21.728090+00:00"",""imageIntegrityVersion"":""2026-10-07.1"",""listingIdentity"":{""version"":""2026-10-07.1"",""sourceUrl"":""https://saitechauto.com/product/head-lamp-rh-hiace-06-10-taiwan-5414"",""title"":""HEAD LAMP RH HIACE 06-10"",""images"":[""https://admin.saitechauto.com/uploads/images/img_8feddd1e6bbe484bbda3cfb92895696219.png""],""phones"":[""+97143332295""],""city"":""Dubai"",""checkedAt"":""2026-10-08T18:37:21.728090+00:00""},""contactHours"":""Sat-Thur 8:00am - 6:00pm"",""condition"":""new"",""make"":""Toyota"",""model"":""Hiace Low Roof"",""year"":""2008 - 2010"",""color"":""TRANSPARENT"",""sourceSpecifications"":[{""label"":""Part No."",""value"":""212-11H1R-LD-EM""},{""label"":""Saitech No."",""value"":""2403""},{""label"":""Make"",""value"":""Toyota""},{""label"":""Model"",""value"":""Hiace Low Roof""},{""label"":""Year"",""value"":""2008 - 2010""},{""label"":""Color"",""value"":""TRANSPARENT""},{""label"":""Made In"",""value"":""TAIWAN""}]}",active,2026-10-09T18:36:28Z,200,Source title still matches the exact listing,2026-10-09T18:36:28Z,https://saitechauto.com/product/head-lamp-rh-hiace-06-10-taiwan-5414,0,,visible,,
dealer-1a6403dd8ce32cd03d,published,vehicles,vehicles,auto_parts,TAIL LAMP RH HIACE 06-13,AED 61.00,61.00,AED,Dubai,United Arab Emirates,Saitech Auto,+97143332295,RIGHT TAIL LAMP,https://admin.saitechauto.com/uploads/images/img_8e4ef0797e1f7ae07bb187f69434215843.png,Saitech Auto,https://saitechauto.com/product/tail-lamp-rh-hiace-06-13-china-5419,2026-10-08T18:37:21.728090+00:00,Toyota,Hiace Low Roof,,2008 - 2013,new,,TRANSPARENT,,"{""parser"":""verified_dealer_inventory"",""sourceCategory"":""auto_parts"",""details"":[{""label"":""Part No."",""value"":""212-19K2R-AE T""},{""label"":""Saitech No."",""value"":""3910""},{""label"":""Make"",""value"":""Toyota""},{""label"":""Model"",""value"":""Hiace Low Roof""},{""label"":""Year"",""value"":""2008 - 2013""},{""label"":""Color"",""value"":""TRANSPARENT""},{""label"":""Made In"",""value"":""CHINA""}],""contactSource"":""https://saitechauto.com/product/tail-lamp-rh-hiace-06-13-china-5419"",""detailsSourceUrl"":""https://saitechauto.com/product/tail-lamp-rh-hiace-06-13-china-5419"",""detailsVerifiedAt"":""2026-10-08T18:37:21.728090+00:00"",""imageSourceUrl"":""https://saitechauto.com/product/tail-lamp-rh-hiace-06-13-china-5419"",""imageVerifiedAt"":""2026-10-08T18:37:21.728090+00:00"",""imageIntegrityVersion"":""2026-10-07.1"",""listingIdentity"":{""version"":""2026-10-07.1"",""sourceUrl"":""https://saitechauto.com/product/tail-lamp-rh-hiace-06-13-china-5419"",""title"":""TAIL LAMP RH HIACE 06-13"",""images"":[""https://admin.saitechauto.com/uploads/images/img_8e4ef0797e1f7ae07bb187f69434215843.png""],""phones"":[""+97143332295""],""city"":""Dubai"",""checkedAt"":""2026-10-08T18:37:21.728090+00:00""},""contactHours"":""Sat-Thur 8:00am - 6:00pm"",""condition"":""new"",""make"":""Toyota"",""model"":""Hiace Low Roof"",""year"":""2008 - 2013"",""color"":""TRANSPARENT"",""sourceSpecifications"":[{""label"":""Part No."",""value"":""212-19K2R-AE T""},{""label"":""Saitech No."",""value"":""3910""},{""label"":""Make"",""value"":""Toyota""},{""label"":""Model"",""value"":""Hiace Low Roof""},{""label"":""Year"",""value"":""2008 - 2013""},{""label"":""Color"",""value"":""TRANSPARENT""},{""label"":""Made In"",""value"":""CHINA""}]}",active,2026-10-09T18:36:28Z,200,Source title still matches the exact listing,2026-10-09T18:36:28Z,https://saitechauto.com/product/tail-lamp-rh-hiace-06-13-china-5419,0,,visible,,
dealer-6c25c71071a8e695c1,published,vehicles,vehicles,auto_parts,TAIL LAMP LH HIACE 06-13,AED 68.00,68.00,AED,Dubai,United Arab Emirates,Saitech Auto,+97143332295,LEFT TAIL LAMP,https://admin.saitechauto.com/uploads/images/img_9b1501d32660d34a7a2d808d4183500912.png,Saitech Auto,https://saitechauto.com/product/tail-lamp-lh-hiace-06-13-china-5424,2026-10-08T18:37:21.728090+00:00,Toyota,Hiace Low Roof,,2008 - 2013,new,,TRANSPARENT,,"{""parser"":""verified_dealer_inventory"",""sourceCategory"":""auto_parts"",""details"":[{""label"":""Part No."",""value"":""212-19K2L-AE T""},{""label"":""Saitech No."",""value"":""3587""},{""label"":""Make"",""value"":""Toyota""},{""label"":""Model"",""value"":""Hiace Low Roof""},{""label"":""Year"",""value"":""2008 - 2013""},{""label"":""Color"",""value"":""TRANSPARENT""},{""label"":""Made In"",""value"":""CHINA""}],""contactSource"":""https://saitechauto.com/product/tail-lamp-lh-hiace-06-13-china-5424"",""detailsSourceUrl"":""https://saitechauto.com/product/tail-lamp-lh-hiace-06-13-china-5424"",""detailsVerifiedAt"":""2026-10-08T18:37:21.728090+00:00"",""imageSourceUrl"":""https://saitechauto.com/product/tail-lamp-lh-hiace-06-13-china-5424"",""imageVerifiedAt"":""2026-10-08T18:37:21.728090+00:00"",""imageIntegrityVersion"":""2026-10-07.1"",""listingIdentity"":{""version"":""2026-10-07.1"",""sourceUrl"":""https://saitechauto.com/product/tail-lamp-lh-hiace-06-13-china-5424"",""title"":""TAIL LAMP LH HIACE 06-13"",""images"":[""https://admin.saitechauto.com/uploads/images/img_9b1501d32660d34a7a2d808d4183500912.png""],""phones"":[""+97143332295""],""city"":""Dubai"",""checkedAt"":""2026-10-08T18:37:21.728090+00:00""},""contactHours"":""Sat-Thur 8:00am - 6:00pm"",""condition"":""new"",""make"":""Toyota"",""model"":""Hiace Low Roof"",""year"":""2008 - 2013"",""color"":""TRANSPARENT"",""sourceSpecifications"":[{""label"":""Part No."",""value"":""212-19K2L-AE T""},{""label"":""Saitech No."",""value"":""3587""},{""label"":""Make"",""value"":""Toyota""},{""label"":""Model"",""value"":""Hiace Low Roof""},{""label"":""Year"",""value"":""2008 - 2013""},{""label"":""Color"",""value"":""TRANSPARENT""},{""label"":""Made In"",""value"":""CHINA""}]}",active,2026-10-09T18:36:28Z,200,Source title still matches the exact listing,2026-10-09T18:36:28Z,https://saitechauto.com/product/tail-lamp-lh-hiace-06-13-china-5424,0,,visible,,
dealer-c42fad1c63a18b906a,published,vehicles,vehicles,auto_parts,GRILLE BUMPER FR HIACE 11-13 LOW RF,AED 54.00,54.00,AED,Dubai,United Arab Emirates,Saitech Auto,+97143332295,FR BUMPER GRILLE TOYOTA HIACE 2011-2012,https://admin.saitechauto.com/uploads/images/img_00c61c90d5c7af3450f4c83ce649298667.png,Saitech Auto,https://saitechauto.com/product/grille-bumper-fr-hiace-11-13-low-rf-fpi-5488,2026-10-08T18:37:21.728090+00:00,Toyota,Hiace Low Roof,,2011 - 2012,new,,MATTE BLACK,,"{""parser"":""verified_dealer_inventory"",""sourceCategory"":""auto_parts"",""details"":[{""label"":""Part No."",""value"":""TYBF229NA/53112-26040""},{""label"":""Saitech No."",""value"":""206""},{""label"":""Make"",""value"":""Toyota""},{""label"":""Model"",""value"":""Hiace Low Roof""},{""label"":""Year"",""value"":""2011 - 2012""},{""label"":""Color"",""value"":""MATTE BLACK""},{""label"":""Made In"",""value"":""FPI""}],""contactSource"":""https://saitechauto.com/product/grille-bumper-fr-hiace-11-13-low-rf-fpi-5488"",""detailsSourceUrl"":""https://saitechauto.com/product/grille-bumper-fr-hiace-11-13-low-rf-fpi-5488"",""detailsVerifiedAt"":""2026-10-08T18:37:21.728090+00:00"",""imageSourceUrl"":""https://saitechauto.com/product/grille-bumper-fr-hiace-11-13-low-rf-fpi-5488"",""imageVerifiedAt"":""2026-10-08T18:37:21.728090+00:00"",""imageIntegrityVersion"":""2026-10-07.1"",""listingIdentity"":{""version"":""2026-10-07.1"",""sourceUrl"":""https://saitechauto.com/product/grille-bumper-fr-hiace-11-13-low-rf-fpi-5488"",""title"":""GRILLE BUMPER FR HIACE 11-13 LOW RF"",""images"":[""https://admin.saitechauto.com/uploads/images/img_00c61c90d5c7af3450f4c83ce649298667.png""],""phones"":[""+97143332295""],""city"":""Dubai"",""checkedAt"":""2026-10-08T18:37:21.728090+00:00""},""contactHours"":""Sat-Thur 8:00am - 6:00pm"",""condition"":""new"",""make"":""Toyota"",""model"":""Hiace Low Roof"",""year"":""2011 - 2012"",""color"":""MATTE BLACK"",""sourceSpecifications"":[{""label"":""Part No."",""value"":""TYBF229NA/53112-26040""},{""label"":""Saitech No."",""value"":""206""},{""label"":""Make"",""value"":""Toyota""},{""label"":""Model"",""value"":""Hiace Low Roof""},{""label"":""Year"",""value"":""2011 - 2012""},{""label"":""Color"",""value"":""MATTE BLACK""},{""label"":""Made In"",""value"":""FPI""}]}",active,2026-10-09T18:36:28Z,200,Source title still matches the exact listing,2026-10-09T18:36:28Z,https://saitechauto.com/product/grille-bumper-fr-hiace-11-13-low-rf-fpi-5488,0,,visible,,
dealer-fb88f2ff51d4c3165a,published,vehicles,vehicles,auto_parts,BUMPER FR HIACE 11-13 LOWRF W/BGRILL,AED 122.00,122.00,AED,Dubai,United Arab Emirates,Saitech Auto,+97143332295,FR BUMPER TOYOTA HIACE 2011-2013,https://admin.saitechauto.com/uploads/images/img_c853186b0172de6a57606c299738908372.png,Saitech Auto,https://saitechauto.com/product/bumper-fr-hiace-11-13-lowrf-wbgrill-china-5491,2026-10-08T18:37:21.728090+00:00,Toyota,Hiace Low Roof,,2011 - 2013,new,,MATTE BLACK,,"{""parser"":""verified_dealer_inventory"",""sourceCategory"":""auto_parts"",""details"":[{""label"":""Part No."",""value"":""TY04412BAS/52119-26730""},{""label"":""Saitech No."",""value"":""225""},{""label"":""Make"",""value"":""Toyota""},{""label"":""Model"",""value"":""Hiace Low Roof""},{""label"":""Year"",""value"":""2011 - 2013""},{""label"":""Color"",""value"":""MATTE BLACK""},{""label"":""Made In"",""value"":""CHINA""}],""contactSource"":""https://saitechauto.com/product/bumper-fr-hiace-11-13-lowrf-wbgrill-china-5491"",""detailsSourceUrl"":""https://saitechauto.com/product/bumper-fr-hiace-11-13-lowrf-wbgrill-china-5491"",""detailsVerifiedAt"":""2026-10-08T18:37:21.728090+00:00"",""imageSourceUrl"":""https://saitechauto.com/product/bumper-fr-hiace-11-13-lowrf-wbgrill-china-5491"",""imageVerifiedAt"":""2026-10-08T18:37:21.728090+00:00"",""imageIntegrityVersion"":""2026-10-07.1"",""listingIdentity"":{""version"":""2026-10-07.1"",""sourceUrl"":""https://saitechauto.com/product/bumper-fr-hiace-11-13-lowrf-wbgrill-china-5491"",""title"":""BUMPER FR HIACE 11-13 LOWRF W/BGRILL"",""images"":[""https://admin.saitechauto.com/uploads/images/img_c853186b0172de6a57606c299738908372.png""],""phones"":[""+97143332295""],""city"":""Dubai"",""checkedAt"":""2026-10-08T18:37:21.728090+00:00""},""contactHours"":""Sat-Thur 8:00am - 6:00pm"",""condition"":""new"",""make"":""Toyota"",""model"":""Hiace Low Roof"",""year"":""2011 - 2013"",""color"":""MATTE BLACK"",""sourceSpecifications"":[{""label"":""Part No."",""value"":""TY04412BAS/52119-26730""},{""label"":""Saitech No."",""value"":""225""},{""label"":""Make"",""value"":""Toyota""},{""label"":""Model"",""value"":""Hiace Low Roof""},{""label"":""Year"",""value"":""2011 - 2013""},{""label"":""Color"",""value"":""MATTE BLACK""},{""label"":""Made In"",""value"":""CHINA""}]}",active,2026-10-09T18:36:28Z,200,Source title still matches the exact listing,2026-10-09T18:36:28Z,https://saitechauto.com/product/bumper-fr-hiace-11-13-lowrf-wbgrill-china-5491,0,,visible,,
dealer-3369b7a46d00017ced,published,vehicles,vehicles,auto_parts,HEAD LAMP LH HIACE 11-12,AED 142.00,142.00,AED,Dubai,United Arab Emirates,Saitech Auto,+97143332295,LH HEAD LAMP TOYOTA HIACE 2011-2013,https://admin.saitechauto.com/uploads/images/img_efa343bf64e0d60d3662e7b7d255369264.png,Saitech Auto,https://saitechauto.com/product/head-lamp-lh-hiace-11-12-china-5500,2026-10-08T18:37:21.728090+00:00,Toyota,Hiace Low Roof,,2011 - 2013,new,,TRANSPARENT,,"{""parser"":""verified_dealer_inventory"",""sourceCategory"":""auto_parts"",""details"":[{""label"":""Part No."",""value"":""212-11R1L-RD-EM""},{""label"":""Saitech No."",""value"":""1998""},{""label"":""Make"",""value"":""Toyota""},{""label"":""Model"",""value"":""Hiace Low Roof""},{""label"":""Year"",""value"":""2011 - 2013""},{""label"":""Color"",""value"":""TRANSPARENT""},{""label"":""Made In"",""value"":""CHINA""}],""contactSource"":""https://saitechauto.com/product/head-lamp-lh-hiace-11-12-china-5500"",""detailsSourceUrl"":""https://saitechauto.com/product/head-lamp-lh-hiace-11-12-china-5500"",""detailsVerifiedAt"":""2026-10-08T18:37:21.728090+00:00"",""imageSourceUrl"":""https://saitechauto.com/product/head-lamp-lh-hiace-11-12-china-5500"",""imageVerifiedAt"":""2026-10-08T18:37:21.728090+00:00"",""imageIntegrityVersion"":""2026-10-07.1"",""listingIdentity"":{""version"":""2026-10-07.1"",""sourceUrl"":""https://saitechauto.com/product/head-lamp-lh-hiace-11-12-china-5500"",""title"":""HEAD LAMP LH HIACE 11-12"",""images"":[""https://admin.saitechauto.com/uploads/images/img_efa343bf64e0d60d3662e7b7d255369264.png""],""phones"":[""+97143332295""],""city"":""Dubai"",""checkedAt"":""2026-10-08T18:37:21.728090+00:00""},""contactHours"":""Sat-Thur 8:00am - 6:00pm"",""condition"":""new"",""make"":""Toyota"",""model"":""Hiace Low Roof"",""year"":""2011 - 2013"",""color"":""TRANSPARENT"",""sourceSpecifications"":[{""label"":""Part No."",""value"":""212-11R1L-RD-EM""},{""label"":""Saitech No."",""value"":""1998""},{""label"":""Make"",""value"":""Toyota""},{""label"":""Model"",""value"":""Hiace Low Roof""},{""label"":""Year"",""value"":""2011 - 2013""},{""label"":""Color"",""value"":""TRANSPARENT""},{""label"":""Made In"",""value"":""CHINA""}]}",active,2026-10-09T18:36:28Z,200,Source title still matches the exact listing,2026-10-09T18:36:28Z,https://saitechauto.com/product/head-lamp-lh-hiace-11-12-china-5500,0,,visible,,
dealer-491736442af7ee0bd5,published,vehicles,vehicles,auto_parts,HEAD LAMP RH HIACE 11-12,AED 142.00,142.00,AED,Dubai,United Arab Emirates,Saitech Auto,+97143332295,RH HEAD LAMP TOYOTA HIACE 2011-2013,https://admin.saitechauto.com/uploads/images/img_9ee312013793047fd52d7c6c2702264125.png,Saitech Auto,https://saitechauto.com/product/head-lamp-rh-hiace-11-12-china-5505,2026-10-08T18:37:21.728090+00:00,Toyota,Hiace Low Roof,,2011 - 2013,new,,TRANSPARENT,,"{""parser"":""verified_dealer_inventory"",""sourceCategory"":""auto_parts"",""details"":[{""label"":""Part No."",""value"":""212-11R1R-RD-EM""},{""label"":""Saitech No."",""value"":""2404""},{""label"":""Make"",""value"":""Toyota""},{""label"":""Model"",""value"":""Hiace Low Roof""},{""label"":""Year"",""value"":""2011 - 2013""},{""label"":""Color"",""value"":""TRANSPARENT""},{""label"":""Made In"",""value"":""CHINA""}],""contactSource"":""https://saitechauto.com/product/head-lamp-rh-hiace-11-12-china-5505"",""detailsSourceUrl"":""https://saitechauto.com/product/head-lamp-rh-hiace-11-12-china-5505"",""detailsVerifiedAt"":""2026-10-08T18:37:21.728090+00:00"",""imageSourceUrl"":""https://saitechauto.com/product/head-lamp-rh-hiace-11-12-china-5505"",""imageVerifiedAt"":""2026-10-08T18:37:21.728090+00:00"",""imageIntegrityVersion"":""2026-10-07.1"",""listingIdentity"":{""version"":""2026-10-07.1"",""sourceUrl"":""https://saitechauto.com/product/head-lamp-rh-hiace-11-12-china-5505"",""title"":""HEAD LAMP RH HIACE 11-12"",""images"":[""https://admin.saitechauto.com/uploads/images/img_9ee312013793047fd52d7c6c2702264125.png""],""phones"":[""+97143332295""],""city"":""Dubai"",""checkedAt"":""2026-10-08T18:37:21.728090+00:00""},""contactHours"":""Sat-Thur 8:00am - 6:00pm"",""condition"":""new"",""make"":""Toyota"",""model"":""Hiace Low Roof"",""year"":""2011 - 2013"",""color"":""TRANSPARENT"",""sourceSpecifications"":[{""label"":""Part No."",""value"":""212-11R1R-RD-EM""},{""label"":""Saitech No."",""value"":""2404""},{""label"":""Make"",""value"":""Toyota""},{""label"":""Model"",""value"":""Hiace Low Roof""},{""label"":""Year"",""value"":""2011 - 2013""},{""label"":""Color"",""value"":""TRANSPARENT""},{""label"":""Made In"",""value"":""CHINA""}]}",active,2026-10-09T18:36:28Z,200,Source title still matches the exact listing,2026-10-09T18:36:28Z,https://saitechauto.com/product/head-lamp-rh-hiace-11-12-china-5505,0,,visible,,
dealer-b122e45eeeb84d57b9,published,vehicles,vehicles,auto_parts,GRILLE HIACE 14-15 LOW ROOF,AED 203.00,203.00,AED,Dubai,United Arab Emirates,Saitech Auto,+97143332295,GRILLE,https://admin.saitechauto.com/uploads/images/img_6352360af85856bfe10aa66ec899980826.png,Saitech Auto,https://saitechauto.com/product/grille-hiace-14-15-low-roof-china-5587,2026-10-08T18:37:21.728090+00:00,Toyota,Hiace Low Roof,,2014 - 2018,new,,MATTE BLACK,,"{""parser"":""verified_dealer_inventory"",""sourceCategory"":""auto_parts"",""details"":[{""label"":""Part No."",""value"":""TYG233 SA/53111-26500""},{""label"":""Saitech No."",""value"":""1418""},{""label"":""Make"",""value"":""Toyota""},{""label"":""Model"",""value"":""Hiace Low Roof""},{""label"":""Year"",""value"":""2014 - 2018""},{""label"":""Color"",""value"":""MATTE BLACK""},{""label"":""Made In"",""value"":""CHINA""}],""contactSource"":""https://saitechauto.com/product/grille-hiace-14-15-low-roof-china-5587"",""detailsSourceUrl"":""https://saitechauto.com/product/grille-hiace-14-15-low-roof-china-5587"",""detailsVerifiedAt"":""2026-10-08T18:37:21.728090+00:00"",""imageSourceUrl"":""https://saitechauto.com/product/grille-hiace-14-15-low-roof-china-5587"",""imageVerifiedAt"":""2026-10-08T18:37:21.728090+00:00"",""imageIntegrityVersion"":""2026-10-07.1"",""listingIdentity"":{""version"":""2026-10-07.1"",""sourceUrl"":""https://saitechauto.com/product/grille-hiace-14-15-low-roof-china-5587"",""title"":""GRILLE HIACE 14-15 LOW ROOF"",""images"":[""https://admin.saitechauto.com/uploads/images/img_6352360af85856bfe10aa66ec899980826.png""],""phones"":[""+97143332295""],""city"":""Dubai"",""checkedAt"":""2026-10-08T18:37:21.728090+00:00""},""contactHours"":""Sat-Thur 8:00am - 6:00pm"",""condition"":""new"",""make"":""Toyota"",""model"":""Hiace Low Roof"",""year"":""2014 - 2018"",""color"":""MATTE BLACK"",""sourceSpecifications"":[{""label"":""Part No."",""value"":""TYG233 SA/53111-26500""},{""label"":""Saitech No."",""value"":""1418""},{""label"":""Make"",""value"":""Toyota""},{""label"":""Model"",""value"":""Hiace Low Roof""},{""label"":""Year"",""value"":""2014 - 2018""},{""label"":""Color"",""value"":""MATTE BLACK""},{""label"":""Made In"",""value"":""CHINA""}]}",active,2026-10-09T18:36:28Z,200,Source title still matches the exact listing,2026-10-09T18:36:28Z,https://saitechauto.com/product/grille-hiace-14-15-low-roof-china-5587,0,,visible,,
dealer-2e4374cd3f0d8fc6f2,published,vehicles,vehicles,auto_parts,HEAD LAMP LH HIACE 14-15,AED 162.00,162.00,AED,Dubai,United Arab Emirates,Saitech Auto,+97143332295,LEFT HEAD LIGHT,https://admin.saitechauto.com/uploads/images/img_652c42ab7e17cdd2408827e59180412417.JPG,Saitech Auto,https://saitechauto.com/product/head-lamp-lh-hiace-14-15-china-5589,2026-10-08T18:37:21.728090+00:00,Toyota,Hiace Low Roof,,2014 - 2018,new,,TRANSPARENT,,"{""parser"":""verified_dealer_inventory"",""sourceCategory"":""auto_parts"",""details"":[{""label"":""Part No."",""value"":""212-111CL-RD-M""},{""label"":""Saitech No."",""value"":""1999""},{""label"":""Make"",""value"":""Toyota""},{""label"":""Model"",""value"":""Hiace Low Roof""},{""label"":""Year"",""value"":""2014 - 2018""},{""label"":""Color"",""value"":""TRANSPARENT""},{""label"":""Made In"",""value"":""CHINA""}],""contactSource"":""https://saitechauto.com/product/head-lamp-lh-hiace-14-15-china-5589"",""detailsSourceUrl"":""https://saitechauto.com/product/head-lamp-lh-hiace-14-15-china-5589"",""detailsVerifiedAt"":""2026-10-08T18:37:21.728090+00:00"",""imageSourceUrl"":""https://saitechauto.com/product/head-lamp-lh-hiace-14-15-china-5589"",""imageVerifiedAt"":""2026-10-08T18:37:21.728090+00:00"",""imageIntegrityVersion"":""2026-10-07.1"",""listingIdentity"":{""version"":""2026-10-07.1"",""sourceUrl"":""https://saitechauto.com/product/head-lamp-lh-hiace-14-15-china-5589"",""title"":""HEAD LAMP LH HIACE 14-15"",""images"":[""https://admin.saitechauto.com/uploads/images/img_652c42ab7e17cdd2408827e59180412417.JPG""],""phones"":[""+97143332295""],""city"":""Dubai"",""checkedAt"":""2026-10-08T18:37:21.728090+00:00""},""contactHours"":""Sat-Thur 8:00am - 6:00pm"",""condition"":""new"",""make"":""Toyota"",""model"":""Hiace Low Roof"",""year"":""2014 - 2018"",""color"":""TRANSPARENT"",""sourceSpecifications"":[{""label"":""Part No."",""value"":""212-111CL-RD-M""},{""label"":""Saitech No."",""value"":""1999""},{""label"":""Make"",""value"":""Toyota""},{""label"":""Model"",""value"":""Hiace Low Roof""},{""label"":""Year"",""value"":""2014 - 2018""},{""label"":""Color"",""value"":""TRANSPARENT""},{""label"":""Made In"",""value"":""CHINA""}]}",active,2026-10-09T18:36:28Z,200,Source title still matches the exact listing,2026-10-09T18:36:28Z,https://saitechauto.com/product/head-lamp-lh-hiace-14-15-china-5589,0,,visible,,
dealer-01d68b477e2acd38cc,published,vehicles,vehicles,auto_parts,HEAD LAMP RH HIACE 14-15,AED 162.00,162.00,AED,Dubai,United Arab Emirates,Saitech Auto,+97143332295,RIGHT HEAD LIGHT,https://admin.saitechauto.com/uploads/images/img_afcaf2248f4b98053d92ca924870276140.png,Saitech Auto,https://saitechauto.com/product/head-lamp-rh-hiace-14-15-china-5593,2026-10-08T18:37:21.728090+00:00,Toyota,Hiace Low Roof,,2014 - 2018,new,,TRANSPARENT,,"{""parser"":""verified_dealer_inventory"",""sourceCategory"":""auto_parts"",""details"":[{""label"":""Part No."",""value"":""212-111CR-RD-M""},{""label"":""Saitech No."",""value"":""2405""},{""label"":""Make"",""value"":""Toyota""},{""label"":""Model"",""value"":""Hiace Low Roof""},{""label"":""Year"",""value"":""2014 - 2018""},{""label"":""Color"",""value"":""TRANSPARENT""},{""label"":""Made In"",""value"":""CHINA""}],""contactSource"":""https://saitechauto.com/product/head-lamp-rh-hiace-14-15-china-5593"",""detailsSourceUrl"":""https://saitechauto.com/product/head-lamp-rh-hiace-14-15-china-5593"",""detailsVerifiedAt"":""2026-10-08T18:37:21.728090+00:00"",""imageSourceUrl"":""https://saitechauto.com/product/head-lamp-rh-hiace-14-15-china-5593"",""imageVerifiedAt"":""2026-10-08T18:37:21.728090+00:00"",""imageIntegrityVersion"":""2026-10-07.1"",""listingIdentity"":{""version"":""2026-10-07.1"",""sourceUrl"":""https://saitechauto.com/product/head-lamp-rh-hiace-14-15-china-5593"",""title"":""HEAD LAMP RH HIACE 14-15"",""images"":[""https://admin.saitechauto.com/uploads/images/img_afcaf2248f4b98053d92ca924870276140.png""],""phones"":[""+97143332295""],""city"":""Dubai"",""checkedAt"":""2026-10-08T18:37:21.728090+00:00""},""contactHours"":""Sat-Thur 8:00am - 6:00pm"",""condition"":""new"",""make"":""Toyota"",""model"":""Hiace Low Roof"",""year"":""2014 - 2018"",""color"":""TRANSPARENT"",""sourceSpecifications"":[{""label"":""Part No."",""value"":""212-111CR-RD-M""},{""label"":""Saitech No."",""value"":""2405""},{""label"":""Make"",""value"":""Toyota""},{""label"":""Model"",""value"":""Hiace Low Roof""},{""label"":""Year"",""value"":""2014 - 2018""},{""label"":""Color"",""value"":""TRANSPARENT""},{""label"":""Made In"",""value"":""CHINA""}]}",active,2026-10-09T18:36:28Z,200,Source title still matches the exact listing,2026-10-09T18:36:28Z,https://saitechauto.com/product/head-lamp-rh-hiace-14-15-china-5593,0,,visible,,
dealer-b389d1dd62d31d00f3,published,vehicles,vehicles,auto_parts,BUMPER FR MICRA 11-13,AED 135.00,135.00,AED,Dubai,United Arab Emirates,Saitech Auto,+97143332295,FR BUMPER NISSAN MICRA 2011-2013,https://admin.saitechauto.com/uploads/images/img_94fac4a4d2cb71dca9d4fd371533273321.png,Saitech Auto,https://saitechauto.com/product/bumper-fr-micra-11-13-malaysia-3482,2026-10-08T18:37:21.728090+00:00,Nissan,Micra,,2011 - 2013,new,,MATTE BLACK,,"{""parser"":""verified_dealer_inventory"",""sourceCategory"":""auto_parts"",""details"":[{""label"":""Part No."",""value"":""DS210117/DS04314BA/Ns013785/62022-1HA0H""},{""label"":""Saitech No."",""value"":""333""},{""label"":""Make"",""value"":""Nissan""},{""label"":""Model"",""value"":""Micra""},{""label"":""Year"",""value"":""2011 - 2013""},{""label"":""Color"",""value"":""MATTE BLACK""},{""label"":""Made In"",""value"":""MALAYSIA""}],""contactSource"":""https://saitechauto.com/product/bumper-fr-micra-11-13-malaysia-3482"",""detailsSourceUrl"":""https://saitechauto.com/product/bumper-fr-micra-11-13-malaysia-3482"",""detailsVerifiedAt"":""2026-10-08T18:37:21.728090+00:00"",""imageSourceUrl"":""https://saitechauto.com/product/bumper-fr-micra-11-13-malaysia-3482"",""imageVerifiedAt"":""2026-10-08T18:37:21.728090+00:00"",""imageIntegrityVersion"":""2026-10-07.1"",""listingIdentity"":{""version"":""2026-10-07.1"",""sourceUrl"":""https://saitechauto.com/product/bumper-fr-micra-11-13-malaysia-3482"",""title"":""BUMPER FR MICRA 11-13"",""images"":[""https://admin.saitechauto.com/uploads/images/img_94fac4a4d2cb71dca9d4fd371533273321.png""],""phones"":[""+97143332295""],""city"":""Dubai"",""checkedAt"":""2026-10-08T18:37:21.728090+00:00""},""contactHours"":""Sat-Thur 8:00am - 6:00pm"",""condition"":""new"",""make"":""Nissan"",""model"":""Micra"",""year"":""2011 - 2013"",""color"":""MATTE BLACK"",""sourceSpecifications"":[{""label"":""Part No."",""value"":""DS210117/DS04314BA/Ns013785/62022-1HA0H""},{""label"":""Saitech No."",""value"":""333""},{""label"":""Make"",""value"":""Nissan""},{""label"":""Model"",""value"":""Micra""},{""label"":""Year"",""value"":""2011 - 2013""},{""label"":""Color"",""value"":""MATTE BLACK""},{""label"":""Made In"",""value"":""MALAYSIA""}]}",active,2026-10-09T18:36:28Z,200,Source title still matches the exact listing,2026-10-09T18:36:28Z,https://saitechauto.com/product/bumper-fr-micra-11-13-malaysia-3482,0,,visible,,
dealer-d97fdcc5032ffe3f8a,published,vehicles,vehicles,auto_parts,GRILLE MICRA 11-13,AED 108.00,108.00,AED,Dubai,United Arab Emirates,Saitech Auto,+97143332295,GRILLE NISSAN MICRA 2011-2013,https://admin.saitechauto.com/uploads/images/img_1044e1120dbd3f897ae8edd2e708802173.png,Saitech Auto,https://saitechauto.com/product/grille-micra-11-13-taiwan-3486,2026-10-08T18:37:21.728090+00:00,Nissan,Micra,,2011 - 2013,new,,MATTE BLACK,,"{""parser"":""verified_dealer_inventory"",""sourceCategory"":""auto_parts"",""details"":[{""label"":""Part No."",""value"":""DS07324GA/62310-1HJ0A""},{""label"":""Saitech No."",""value"":""1537""},{""label"":""Make"",""value"":""Nissan""},{""label"":""Model"",""value"":""Micra""},{""label"":""Year"",""value"":""2011 - 2013""},{""label"":""Color"",""value"":""MATTE BLACK""},{""label"":""Made In"",""value"":""TAIWAN""}],""contactSource"":""https://saitechauto.com/product/grille-micra-11-13-taiwan-3486"",""detailsSourceUrl"":""https://saitechauto.com/product/grille-micra-11-13-taiwan-3486"",""detailsVerifiedAt"":""2026-10-08T18:37:21.728090+00:00"",""imageSourceUrl"":""https://saitechauto.com/product/grille-micra-11-13-taiwan-3486"",""imageVerifiedAt"":""2026-10-08T18:37:21.728090+00:00"",""imageIntegrityVersion"":""2026-10-07.1"",""listingIdentity"":{""version"":""2026-10-07.1"",""sourceUrl"":""https://saitechauto.com/product/grille-micra-11-13-taiwan-3486"",""title"":""GRILLE MICRA 11-13"",""images"":[""https://admin.saitechauto.com/uploads/images/img_1044e1120dbd3f897ae8edd2e708802173.png""],""phones"":[""+97143332295""],""city"":""Dubai"",""checkedAt"":""2026-10-08T18:37:21.728090+00:00""},""contactHours"":""Sat-Thur 8:00am - 6:00pm"",""condition"":""new"",""make"":""Nissan"",""model"":""Micra"",""year"":""2011 - 2013"",""color"":""MATTE BLACK"",""sourceSpecifications"":[{""label"":""Part No."",""value"":""DS07324GA/62310-1HJ0A""},{""label"":""Saitech No."",""value"":""1537""},{""label"":""Make"",""value"":""Nissan""},{""label"":""Model"",""value"":""Micra""},{""label"":""Year"",""value"":""2011 - 2013""},{""label"":""Color"",""value"":""MATTE BLACK""},{""label"":""Made In"",""value"":""TAIWAN""}]}",active,2026-10-09T18:36:28Z,200,Source title still matches the exact listing,2026-10-09T18:36:28Z,https://saitechauto.com/product/grille-micra-11-13-taiwan-3486,0,,visible,,
dealer-b55e98fcdd5a9dddac,published,vehicles,vehicles,auto_parts,TAIL LAMP LH MICRA 11-13,AED 95.00,95.00,AED,Dubai,United Arab Emirates,Saitech Auto,+97143332295,LH TAIL LAMP NISSAN MICRA 2011-2013,https://admin.saitechauto.com/uploads/images/img_43fe6312df2b73d3b064d9d5f797178564.png,Saitech Auto,https://saitechauto.com/product/tail-lamp-lh-micra-11-13-china-3491,2026-10-08T18:37:21.728090+00:00,Nissan,Micra,,2011 - 2013,new,,TRANSPARENT,,"{""parser"":""verified_dealer_inventory"",""sourceCategory"":""auto_parts"",""details"":[{""label"":""Part No."",""value"":""215-19L6L LD UE""},{""label"":""Saitech No."",""value"":""3641""},{""label"":""Make"",""value"":""Nissan""},{""label"":""Model"",""value"":""Micra""},{""label"":""Year"",""value"":""2011 - 2013""},{""label"":""Color"",""value"":""TRANSPARENT""},{""label"":""Made In"",""value"":""CHINA""}],""contactSource"":""https://saitechauto.com/product/tail-lamp-lh-micra-11-13-china-3491"",""detailsSourceUrl"":""https://saitechauto.com/product/tail-lamp-lh-micra-11-13-china-3491"",""detailsVerifiedAt"":""2026-10-08T18:37:21.728090+00:00"",""imageSourceUrl"":""https://saitechauto.com/product/tail-lamp-lh-micra-11-13-china-3491"",""imageVerifiedAt"":""2026-10-08T18:37:21.728090+00:00"",""imageIntegrityVersion"":""2026-10-07.1"",""listingIdentity"":{""version"":""2026-10-07.1"",""sourceUrl"":""https://saitechauto.com/product/tail-lamp-lh-micra-11-13-china-3491"",""title"":""TAIL LAMP LH MICRA 11-13"",""images"":[""https://admin.saitechauto.com/uploads/images/img_43fe6312df2b73d3b064d9d5f797178564.png""],""phones"":[""+97143332295""],""city"":""Dubai"",""checkedAt"":""2026-10-08T18:37:21.728090+00:00""},""contactHours"":""Sat-Thur 8:00am - 6:00pm"",""condition"":""new"",""make"":""Nissan"",""model"":""Micra"",""year"":""2011 - 2013"",""color"":""TRANSPARENT"",""sourceSpecifications"":[{""label"":""Part No."",""value"":""215-19L6L LD UE""},{""label"":""Saitech No."",""value"":""3641""},{""label"":""Make"",""value"":""Nissan""},{""label"":""Model"",""value"":""Micra""},{""label"":""Year"",""value"":""2011 - 2013""},{""label"":""Color"",""value"":""TRANSPARENT""},{""label"":""Made In"",""value"":""CHINA""}]}",active,2026-10-09T18:36:28Z,200,Source title still matches the exact listing,2026-10-09T18:36:28Z,https://saitechauto.com/product/tail-lamp-lh-micra-11-13-china-3491,0,,visible,,
dealer-e82a6ba1c084f02390,published,vehicles,vehicles,auto_parts,TAIL LAMP RH MICRA 11-13,AED 149.00,149.00,AED,Dubai,United Arab Emirates,Saitech Auto,+97143332295,RH TAIL LAMP NISSAN MICRA 2011-2013,https://admin.saitechauto.com/uploads/images/img_5808021ded4e8fd13644f9341305465189.png,Saitech Auto,https://saitechauto.com/product/tail-lamp-rh-micra-11-13-china-3492,2026-10-08T18:37:21.728090+00:00,Nissan,Micra,,2011 - 2013,new,,TRANSPARENT,,"{""parser"":""verified_dealer_inventory"",""sourceCategory"":""auto_parts"",""details"":[{""label"":""Part No."",""value"":""215-19L6L-LD-UE""},{""label"":""Saitech No."",""value"":""3961""},{""label"":""Make"",""value"":""Nissan""},{""label"":""Model"",""value"":""Micra""},{""label"":""Year"",""value"":""2011 - 2013""},{""label"":""Color"",""value"":""TRANSPARENT""},{""label"":""Made In"",""value"":""CHINA""}],""contactSource"":""https://saitechauto.com/product/tail-lamp-rh-micra-11-13-china-3492"",""detailsSourceUrl"":""https://saitechauto.com/product/tail-lamp-rh-micra-11-13-china-3492"",""detailsVerifiedAt"":""2026-10-08T18:37:21.728090+00:00"",""imageSourceUrl"":""https://saitechauto.com/product/tail-lamp-rh-micra-11-13-china-3492"",""imageVerifiedAt"":""2026-10-08T18:37:21.728090+00:00"",""imageIntegrityVersion"":""2026-10-07.1"",""listingIdentity"":{""version"":""2026-10-07.1"",""sourceUrl"":""https://saitechauto.com/product/tail-lamp-rh-micra-11-13-china-3492"",""title"":""TAIL LAMP RH MICRA 11-13"",""images"":[""https://admin.saitechauto.com/uploads/images/img_5808021ded4e8fd13644f9341305465189.png""],""phones"":[""+97143332295""],""city"":""Dubai"",""checkedAt"":""2026-10-08T18:37:21.728090+00:00""},""contactHours"":""Sat-Thur 8:00am - 6:00pm"",""condition"":""new"",""make"":""Nissan"",""model"":""Micra"",""year"":""2011 - 2013"",""color"":""TRANSPARENT"",""sourceSpecifications"":[{""label"":""Part No."",""value"":""215-19L6L-LD-UE""},{""label"":""Saitech No."",""value"":""3961""},{""label"":""Make"",""value"":""Nissan""},{""label"":""Model"",""value"":""Micra""},{""label"":""Year"",""value"":""2011 - 2013""},{""label"":""Color"",""value"":""TRANSPARENT""},{""label"":""Made In"",""value"":""CHINA""}]}",active,2026-10-09T18:36:28Z,200,Source title still matches the exact listing,2026-10-09T18:36:28Z,https://saitechauto.com/product/tail-lamp-rh-micra-11-13-china-3492,0,,visible,,
dealer-81a236db3fec4434ca,published,vehicles,vehicles,auto_parts,BUMPER RR MICRA 14-16,AED 154.00,154.00,AED,Dubai,United Arab Emirates,Saitech Auto,+97143332295,RR BUMPER NISSAN MICRA 2014-2016,https://admin.saitechauto.com/uploads/images/img_91f822ae59987a9d2517e638f404968993.png,Saitech Auto,https://saitechauto.com/product/bumper-rr-micra-14-16-taiwan-3518,2026-10-08T18:37:21.728090+00:00,Nissan,Micra,,2014 - 2016,new,,MATTE BLACK,,"{""parser"":""verified_dealer_inventory"",""sourceCategory"":""auto_parts"",""details"":[{""label"":""Part No."",""value"":""85022-1HB0H T""},{""label"":""Saitech No."",""value"":""710""},{""label"":""Make"",""value"":""Nissan""},{""label"":""Model"",""value"":""Micra""},{""label"":""Year"",""value"":""2014 - 2016""},{""label"":""Color"",""value"":""MATTE BLACK""},{""label"":""Made In"",""value"":""TAIWAN""}],""contactSource"":""https://saitechauto.com/product/bumper-rr-micra-14-16-taiwan-3518"",""detailsSourceUrl"":""https://saitechauto.com/product/bumper-rr-micra-14-16-taiwan-3518"",""detailsVerifiedAt"":""2026-10-08T18:37:21.728090+00:00"",""imageSourceUrl"":""https://saitechauto.com/product/bumper-rr-micra-14-16-taiwan-3518"",""imageVerifiedAt"":""2026-10-08T18:37:21.728090+00:00"",""imageIntegrityVersion"":""2026-10-07.1"",""listingIdentity"":{""version"":""2026-10-07.1"",""sourceUrl"":""https://saitechauto.com/product/bumper-rr-micra-14-16-taiwan-3518"",""title"":""BUMPER RR MICRA 14-16"",""images"":[""https://admin.saitechauto.com/uploads/images/img_91f822ae59987a9d2517e638f404968993.png""],""phones"":[""+97143332295""],""city"":""Dubai"",""checkedAt"":""2026-10-08T18:37:21.728090+00:00""},""contactHours"":""Sat-Thur 8:00am - 6:00pm"",""condition"":""new"",""make"":""Nissan"",""model"":""Micra"",""year"":""2014 - 2016"",""color"":""MATTE BLACK"",""sourceSpecifications"":[{""label"":""Part No."",""value"":""85022-1HB0H T""},{""label"":""Saitech No."",""value"":""710""},{""label"":""Make"",""value"":""Nissan""},{""label"":""Model"",""value"":""Micra""},{""label"":""Year"",""value"":""2014 - 2016""},{""label"":""Color"",""value"":""MATTE BLACK""},{""label"":""Made In"",""value"":""TAIWAN""}]}",active,2026-10-09T18:36:28Z,200,Source title still matches the exact listing,2026-10-09T18:36:28Z,https://saitechauto.com/product/bumper-rr-micra-14-16-taiwan-3518,0,,visible,,
dealer-e444534aafff0868c7,published,vehicles,vehicles,auto_parts,FENDER RH MICRA 14-16,AED 243.00,243.00,AED,Dubai,United Arab Emirates,Saitech Auto,+97143332295,RH FENDER NISSAN MICRA 2014-2016,https://admin.saitechauto.com/uploads/images/img_20d59c8a8d84d75cc01e33d78436013661.png,Saitech Auto,https://saitechauto.com/product/fender-rh-micra-14-16-taiwan-3521,2026-10-08T18:37:21.728090+00:00,Nissan,Micra,,2014 - 2016,new,,MATTE BLACK,,"{""parser"":""verified_dealer_inventory"",""sourceCategory"":""auto_parts"",""details"":[{""label"":""Part No."",""value"":""F3100-1HHMB""},{""label"":""Saitech No."",""value"":""1224""},{""label"":""Make"",""value"":""Nissan""},{""label"":""Model"",""value"":""Micra""},{""label"":""Year"",""value"":""2014 - 2016""},{""label"":""Color"",""value"":""MATTE BLACK""},{""label"":""Made In"",""value"":""TAIWAN""}],""contactSource"":""https://saitechauto.com/product/fender-rh-micra-14-16-taiwan-3521"",""detailsSourceUrl"":""https://saitechauto.com/product/fender-rh-micra-14-16-taiwan-3521"",""detailsVerifiedAt"":""2026-10-08T18:37:21.728090+00:00"",""imageSourceUrl"":""https://saitechauto.com/product/fender-rh-micra-14-16-taiwan-3521"",""imageVerifiedAt"":""2026-10-08T18:37:21.728090+00:00"",""imageIntegrityVersion"":""2026-10-07.1"",""listingIdentity"":{""version"":""2026-10-07.1"",""sourceUrl"":""https://saitechauto.com/product/fender-rh-micra-14-16-taiwan-3521"",""title"":""FENDER RH MICRA 14-16"",""images"":[""https://admin.saitechauto.com/uploads/images/img_20d59c8a8d84d75cc01e33d78436013661.png""],""phones"":[""+97143332295""],""city"":""Dubai"",""checkedAt"":""2026-10-08T18:37:21.728090+00:00""},""contactHours"":""Sat-Thur 8:00am - 6:00pm"",""condition"":""new"",""make"":""Nissan"",""model"":""Micra"",""year"":""2014 - 2016"",""color"":""MATTE BLACK"",""sourceSpecifications"":[{""label"":""Part No."",""value"":""F3100-1HHMB""},{""label"":""Saitech No."",""value"":""1224""},{""label"":""Make"",""value"":""Nissan""},{""label"":""Model"",""value"":""Micra""},{""label"":""Year"",""value"":""2014 - 2016""},{""label"":""Color"",""value"":""MATTE BLACK""},{""label"":""Made In"",""value"":""TAIWAN""}]}",active,2026-10-09T18:36:28Z,200,Source title still matches the exact listing,2026-10-09T18:36:28Z,https://saitechauto.com/product/fender-rh-micra-14-16-taiwan-3521,0,,visible,,
dealer-04c860961ffa8c2eb8,published,vehicles,vehicles,auto_parts,GRILLE MICRA 14-16,AED 297.00,297.00,AED,Dubai,United Arab Emirates,Saitech Auto,+97143332295,GRILLE NISSAN MICRA 2014-2016,https://admin.saitechauto.com/uploads/images/img_c117f5b91198514d77242fd72379955937.jpg,Saitech Auto,https://saitechauto.com/product/grille-micra-14-16-taiwan-3523,2026-10-08T18:37:21.728090+00:00,Nissan,Micra,,2014 - 2016,new,,MATTE BLACK,,"{""parser"":""verified_dealer_inventory"",""sourceCategory"":""auto_parts"",""details"":[{""label"":""Part No."",""value"":""62310-3HN0A/""},{""label"":""Saitech No."",""value"":""1538""},{""label"":""Make"",""value"":""Nissan""},{""label"":""Model"",""value"":""Micra""},{""label"":""Year"",""value"":""2014 - 2016""},{""label"":""Color"",""value"":""MATTE BLACK""},{""label"":""Made In"",""value"":""TAIWAN""}],""contactSource"":""https://saitechauto.com/product/grille-micra-14-16-taiwan-3523"",""detailsSourceUrl"":""https://saitechauto.com/product/grille-micra-14-16-taiwan-3523"",""detailsVerifiedAt"":""2026-10-08T18:37:21.728090+00:00"",""imageSourceUrl"":""https://saitechauto.com/product/grille-micra-14-16-taiwan-3523"",""imageVerifiedAt"":""2026-10-08T18:37:21.728090+00:00"",""imageIntegrityVersion"":""2026-10-07.1"",""listingIdentity"":{""version"":""2026-10-07.1"",""sourceUrl"":""https://saitechauto.com/product/grille-micra-14-16-taiwan-3523"",""title"":""GRILLE MICRA 14-16"",""images"":[""https://admin.saitechauto.com/uploads/images/img_c117f5b91198514d77242fd72379955937.jpg""],""phones"":[""+97143332295""],""city"":""Dubai"",""checkedAt"":""2026-10-08T18:37:21.728090+00:00""},""contactHours"":""Sat-Thur 8:00am - 6:00pm"",""condition"":""new"",""make"":""Nissan"",""model"":""Micra"",""year"":""2014 - 2016"",""color"":""MATTE BLACK"",""sourceSpecifications"":[{""label"":""Part No."",""value"":""62310-3HN0A/""},{""label"":""Saitech No."",""value"":""1538""},{""label"":""Make"",""value"":""Nissan""},{""label"":""Model"",""value"":""Micra""},{""label"":""Year"",""value"":""2014 - 2016""},{""label"":""Color"",""value"":""MATTE BLACK""},{""label"":""Made In"",""value"":""TAIWAN""}]}",active,2026-10-09T18:36:28Z,200,Source title still matches the exact listing,2026-10-09T18:36:28Z,https://saitechauto.com/product/grille-micra-14-16-taiwan-3523,0,,visible,,
dealer-62ec1045e91cf7fc9d,published,vehicles,vehicles,auto_parts,BUMPER FR L200 06-08 S/CABIN,AED 56.00,56.00,AED,Dubai,United Arab Emirates,Saitech Auto,+97143332295,FR BUMPER MITSUBISHI L200 2006-2008,https://admin.saitechauto.com/uploads/images/img_9bd9ea2d4f41d749589bfdd63522855327.png,Saitech Auto,https://saitechauto.com/product/bumper-fr-l200-06-08-scabin-taiwan-2533,2026-10-08T18:37:21.728090+00:00,Mitsubishi,L200,,2008 - 2009,new,,MATTE BLACK,,"{""parser"":""verified_dealer_inventory"",""sourceCategory"":""auto_parts"",""details"":[{""label"":""Part No."",""value"":""MBB049NA""},{""label"":""Saitech No."",""value"":""268""},{""label"":""Make"",""value"":""Mitsubishi""},{""label"":""Model"",""value"":""L200""},{""label"":""Year"",""value"":""2008 - 2009""},{""label"":""Color"",""value"":""MATTE BLACK""},{""label"":""Made In"",""value"":""TAIWAN""}],""contactSource"":""https://saitechauto.com/product/bumper-fr-l200-06-08-scabin-taiwan-2533"",""detailsSourceUrl"":""https://saitechauto.com/product/bumper-fr-l200-06-08-scabin-taiwan-2533"",""detailsVerifiedAt"":""2026-10-08T18:37:21.728090+00:00"",""imageSourceUrl"":""https://saitechauto.com/product/bumper-fr-l200-06-08-scabin-taiwan-2533"",""imageVerifiedAt"":""2026-10-08T18:37:21.728090+00:00"",""imageIntegrityVersion"":""2026-10-07.1"",""listingIdentity"":{""version"":""2026-10-07.1"",""sourceUrl"":""https://saitechauto.com/product/bumper-fr-l200-06-08-scabin-taiwan-2533"",""title"":""BUMPER FR L200 06-08 S/CABIN"",""images"":[""https://admin.saitechauto.com/uploads/images/img_9bd9ea2d4f41d749589bfdd63522855327.png""],""phones"":[""+97143332295""],""city"":""Dubai"",""checkedAt"":""2026-10-08T18:37:21.728090+00:00""},""contactHours"":""Sat-Thur 8:00am - 6:00pm"",""condition"":""new"",""make"":""Mitsubishi"",""model"":""L200"",""year"":""2008 - 2009"",""color"":""MATTE BLACK"",""sourceSpecifications"":[{""label"":""Part No."",""value"":""MBB049NA""},{""label"":""Saitech No."",""value"":""268""},{""label"":""Make"",""value"":""Mitsubishi""},{""label"":""Model"",""value"":""L200""},{""label"":""Year"",""value"":""2008 - 2009""},{""label"":""Color"",""value"":""MATTE BLACK""},{""label"":""Made In"",""value"":""TAIWAN""}]}",active,2026-10-09T18:36:28Z,200,Source title still matches the exact listing,2026-10-09T18:36:28Z,https://saitechauto.com/product/bumper-fr-l200-06-08-scabin-taiwan-2533,0,,visible,,
dealer-b71b0e7b1a63e2c5d5,published,vehicles,vehicles,auto_parts,BUMPER RR L200 12-14,AED 527.00,527.00,AED,Dubai,United Arab Emirates,Saitech Auto,+97143332295,RR BUMPER MITSUBISHI L200 2006-2016,https://admin.saitechauto.com/uploads/images/img_c8bdb912d91b4a0095df17dcc490843318.png,Saitech Auto,https://saitechauto.com/product/bumper-rr-l200-12-14-thailand-2542,2026-10-08T18:37:21.728090+00:00,Mitsubishi,L200,,2008 - 2016,new,,MATTE BLACK,,"{""parser"":""verified_dealer_inventory"",""sourceCategory"":""auto_parts"",""details"":[{""label"":""Part No."",""value"":""MBIB114NA/MMR64100C967JN""},{""label"":""Saitech No."",""value"":""673""},{""label"":""Make"",""value"":""Mitsubishi""},{""label"":""Model"",""value"":""L200""},{""label"":""Year"",""value"":""2008 - 2016""},{""label"":""Color"",""value"":""MATTE BLACK""},{""label"":""Made In"",""value"":""THAILAND""}],""contactSource"":""https://saitechauto.com/product/bumper-rr-l200-12-14-thailand-2542"",""detailsSourceUrl"":""https://saitechauto.com/product/bumper-rr-l200-12-14-thailand-2542"",""detailsVerifiedAt"":""2026-10-08T18:37:21.728090+00:00"",""imageSourceUrl"":""https://saitechauto.com/product/bumper-rr-l200-12-14-thailand-2542"",""imageVerifiedAt"":""2026-10-08T18:37:21.728090+00:00"",""imageIntegrityVersion"":""2026-10-07.1"",""listingIdentity"":{""version"":""2026-10-07.1"",""sourceUrl"":""https://saitechauto.com/product/bumper-rr-l200-12-14-thailand-2542"",""title"":""BUMPER RR L200 12-14"",""images"":[""https://admin.saitechauto.com/uploads/images/img_c8bdb912d91b4a0095df17dcc490843318.png""],""phones"":[""+97143332295""],""city"":""Dubai"",""checkedAt"":""2026-10-08T18:37:21.728090+00:00""},""contactHours"":""Sat-Thur 8:00am - 6:00pm"",""condition"":""new"",""make"":""Mitsubishi"",""model"":""L200"",""year"":""2008 - 2016"",""color"":""MATTE BLACK"",""sourceSpecifications"":[{""label"":""Part No."",""value"":""MBIB114NA/MMR64100C967JN""},{""label"":""Saitech No."",""value"":""673""},{""label"":""Make"",""value"":""Mitsubishi""},{""label"":""Model"",""value"":""L200""},{""label"":""Year"",""value"":""2008 - 2016""},{""label"":""Color"",""value"":""MATTE BLACK""},{""label"":""Made In"",""value"":""THAILAND""}]}",active,2026-10-09T18:36:28Z,200,Source title still matches the exact listing,2026-10-09T18:36:28Z,https://saitechauto.com/product/bumper-rr-l200-12-14-thailand-2542,0,,visible,,
dealer-83a928336e9fda20f8,published,vehicles,vehicles,auto_parts,GRILLE L200 06-09 SINGLE/CAB,AED 203.00,203.00,AED,Dubai,United Arab Emirates,Saitech Auto,+97143332295,GRILLE MITSUBISHI L200 2007-2009,https://admin.saitechauto.com/uploads/images/img_ffa81bfe2e7228453890aed67290526573.png,Saitech Auto,https://saitechauto.com/product/grille-l200-06-09-singlecab-thailand-2550,2026-10-08T18:37:21.728090+00:00,Mitsubishi,L200,,2008 - 2009,new,,MATTE BLACK,,"{""parser"":""verified_dealer_inventory"",""sourceCategory"":""auto_parts"",""details"":[{""label"":""Part No."",""value"":""MBG049NB / 7450A180T""},{""label"":""Saitech No."",""value"":""1464""},{""label"":""Make"",""value"":""Mitsubishi""},{""label"":""Model"",""value"":""L200""},{""label"":""Year"",""value"":""2008 - 2009""},{""label"":""Color"",""value"":""MATTE BLACK""},{""label"":""Made In"",""value"":""THAILAND""}],""contactSource"":""https://saitechauto.com/product/grille-l200-06-09-singlecab-thailand-2550"",""detailsSourceUrl"":""https://saitechauto.com/product/grille-l200-06-09-singlecab-thailand-2550"",""detailsVerifiedAt"":""2026-10-08T18:37:21.728090+00:00"",""imageSourceUrl"":""https://saitechauto.com/product/grille-l200-06-09-singlecab-thailand-2550"",""imageVerifiedAt"":""2026-10-08T18:37:21.728090+00:00"",""imageIntegrityVersion"":""2026-10-07.1"",""listingIdentity"":{""version"":""2026-10-07.1"",""sourceUrl"":""https://saitechauto.com/product/grille-l200-06-09-singlecab-thailand-2550"",""title"":""GRILLE L200 06-09 SINGLE/CAB"",""images"":[""https://admin.saitechauto.com/uploads/images/img_ffa81bfe2e7228453890aed67290526573.png""],""phones"":[""+97143332295""],""city"":""Dubai"",""checkedAt"":""2026-10-08T18:37:21.728090+00:00""},""contactHours"":""Sat-Thur 8:00am - 6:00pm"",""condition"":""new"",""make"":""Mitsubishi"",""model"":""L200"",""year"":""2008 - 2009"",""color"":""MATTE BLACK"",""sourceSpecifications"":[{""label"":""Part No."",""value"":""MBG049NB / 7450A180T""},{""label"":""Saitech No."",""value"":""1464""},{""label"":""Make"",""value"":""Mitsubishi""},{""label"":""Model"",""value"":""L200""},{""label"":""Year"",""value"":""2008 - 2009""},{""label"":""Color"",""value"":""MATTE BLACK""},{""label"":""Made In"",""value"":""THAILAND""}]}",active,2026-10-09T18:36:28Z,200,Source title still matches the exact listing,2026-10-09T18:36:28Z,https://saitechauto.com/product/grille-l200-06-09-singlecab-thailand-2550,0,,visible,,
dealer-a206d6950421a26d45,published,vehicles,vehicles,auto_parts,GRILLE RH L200 07-09 BLK,AED 70.00,70.00,AED,Dubai,United Arab Emirates,Saitech Auto,+97143332295,RH GRILLE MITSUBISHI L200 2006-2010,https://admin.saitechauto.com/uploads/images/img_9085036771efe70d47c246c4a432052208.png,Saitech Auto,https://saitechauto.com/product/grille-rh-l200-07-09-blk-thailand-2557,2026-10-08T18:37:21.728090+00:00,Mitsubishi,L200,,2008 - 2010,new,,MATTE BLACK,,"{""parser"":""verified_dealer_inventory"",""sourceCategory"":""auto_parts"",""details"":[{""label"":""Part No."",""value"":""NA839""},{""label"":""Saitech No."",""value"":""1609""},{""label"":""Make"",""value"":""Mitsubishi""},{""label"":""Model"",""value"":""L200""},{""label"":""Year"",""value"":""2008 - 2010""},{""label"":""Color"",""value"":""MATTE BLACK""},{""label"":""Made In"",""value"":""THAILAND""}],""contactSource"":""https://saitechauto.com/product/grille-rh-l200-07-09-blk-thailand-2557"",""detailsSourceUrl"":""https://saitechauto.com/product/grille-rh-l200-07-09-blk-thailand-2557"",""detailsVerifiedAt"":""2026-10-08T18:37:21.728090+00:00"",""imageSourceUrl"":""https://saitechauto.com/product/grille-rh-l200-07-09-blk-thailand-2557"",""imageVerifiedAt"":""2026-10-08T18:37:21.728090+00:00"",""imageIntegrityVersion"":""2026-10-07.1"",""listingIdentity"":{""version"":""2026-10-07.1"",""sourceUrl"":""https://saitechauto.com/product/grille-rh-l200-07-09-blk-thailand-2557"",""title"":""GRILLE RH L200 07-09 BLK"",""images"":[""https://admin.saitechauto.com/uploads/images/img_9085036771efe70d47c246c4a432052208.png""],""phones"":[""+97143332295""],""city"":""Dubai"",""checkedAt"":""2026-10-08T18:37:21.728090+00:00""},""contactHours"":""Sat-Thur 8:00am - 6:00pm"",""condition"":""new"",""make"":""Mitsubishi"",""model"":""L200"",""year"":""2008 - 2010"",""color"":""MATTE BLACK"",""sourceSpecifications"":[{""label"":""Part No."",""value"":""NA839""},{""label"":""Saitech No."",""value"":""1609""},{""label"":""Make"",""value"":""Mitsubishi""},{""label"":""Model"",""value"":""L200""},{""label"":""Year"",""value"":""2008 - 2010""},{""label"":""Color"",""value"":""MATTE BLACK""},{""label"":""Made In"",""value"":""THAILAND""}]}",active,2026-10-09T18:36:28Z,200,Source title still matches the exact listing,2026-10-09T18:36:28Z,https://saitechauto.com/product/grille-rh-l200-07-09-blk-thailand-2557,0,,visible,,
dealer-f931107360b98b7fc3,published,vehicles,vehicles,auto_parts,HEAD LAMP LH L200 07-09,AED 101.00,101.00,AED,Dubai,United Arab Emirates,Saitech Auto,+97143332295,LH HEAD LAMP MITSUBISHI 2007-2009,https://admin.saitechauto.com/uploads/images/img_94cba88cf6b41f1c97c507904233841522.png,Saitech Auto,https://saitechauto.com/product/head-lamp-lh-l200-07-09-china-2560,2026-10-08T18:37:21.728090+00:00,Mitsubishi,L200,,2008 - 2009,new,,TRANSPARENT,,"{""parser"":""verified_dealer_inventory"",""sourceCategory"":""auto_parts"",""details"":[{""label"":""Part No."",""value"":""214-1180L-LD-E T/20-C230-05-6B""},{""label"":""Saitech No."",""value"":""2025""},{""label"":""Make"",""value"":""Mitsubishi""},{""label"":""Model"",""value"":""L200""},{""label"":""Year"",""value"":""2008 - 2009""},{""label"":""Color"",""value"":""TRANSPARENT""},{""label"":""Made In"",""value"":""CHINA""}],""contactSource"":""https://saitechauto.com/product/head-lamp-lh-l200-07-09-china-2560"",""detailsSourceUrl"":""https://saitechauto.com/product/head-lamp-lh-l200-07-09-china-2560"",""detailsVerifiedAt"":""2026-10-08T18:37:21.728090+00:00"",""imageSourceUrl"":""https://saitechauto.com/product/head-lamp-lh-l200-07-09-china-2560"",""imageVerifiedAt"":""2026-10-08T18:37:21.728090+00:00"",""imageIntegrityVersion"":""2026-10-07.1"",""listingIdentity"":{""version"":""2026-10-07.1"",""sourceUrl"":""https://saitechauto.com/product/head-lamp-lh-l200-07-09-china-2560"",""title"":""HEAD LAMP LH L200 07-09"",""images"":[""https://admin.saitechauto.com/uploads/images/img_94cba88cf6b41f1c97c507904233841522.png""],""phones"":[""+97143332295""],""city"":""Dubai"",""checkedAt"":""2026-10-08T18:37:21.728090+00:00""},""contactHours"":""Sat-Thur 8:00am - 6:00pm"",""condition"":""new"",""make"":""Mitsubishi"",""model"":""L200"",""year"":""2008 - 2009"",""color"":""TRANSPARENT"",""sourceSpecifications"":[{""label"":""Part No."",""value"":""214-1180L-LD-E T/20-C230-05-6B""},{""label"":""Saitech No."",""value"":""2025""},{""label"":""Make"",""value"":""Mitsubishi""},{""label"":""Model"",""value"":""L200""},{""label"":""Year"",""value"":""2008 - 2009""},{""label"":""Color"",""value"":""TRANSPARENT""},{""label"":""Made In"",""value"":""CHINA""}]}",active,2026-10-09T18:36:28Z,200,Source title still matches the exact listing,2026-10-09T18:36:28Z,https://saitechauto.com/product/head-lamp-lh-l200-07-09-china-2560,0,,visible,,
dealer-56adf93a112c064059,published,vehicles,vehicles,auto_parts,HEAD LAMP RH L200 07-10 D(CABIN),AED 101.00,101.00,AED,Dubai,United Arab Emirates,Saitech Auto,+97143332295,RH HEAD LAMP MITSUBISHI 2007-2011,https://admin.saitechauto.com/uploads/images/img_b2a1db6f899709a92a6ecdf29737995798.png,Saitech Auto,https://saitechauto.com/product/head-lamp-rh-l200-07-10-dcabin-china-2565,2026-10-08T18:37:21.728090+00:00,Mitsubishi,L200,,2008 - 2011,new,,TRANSPARENT,,"{""parser"":""verified_dealer_inventory"",""sourceCategory"":""auto_parts"",""details"":[{""label"":""Part No."",""value"":""214-1180R-LDEM""},{""label"":""Saitech No."",""value"":""2431""},{""label"":""Make"",""value"":""Mitsubishi""},{""label"":""Model"",""value"":""L200""},{""label"":""Year"",""value"":""2008 - 2011""},{""label"":""Color"",""value"":""TRANSPARENT""},{""label"":""Made In"",""value"":""CHINA""}],""contactSource"":""https://saitechauto.com/product/head-lamp-rh-l200-07-10-dcabin-china-2565"",""detailsSourceUrl"":""https://saitechauto.com/product/head-lamp-rh-l200-07-10-dcabin-china-2565"",""detailsVerifiedAt"":""2026-10-08T18:37:21.728090+00:00"",""imageSourceUrl"":""https://saitechauto.com/product/head-lamp-rh-l200-07-10-dcabin-china-2565"",""imageVerifiedAt"":""2026-10-08T18:37:21.728090+00:00"",""imageIntegrityVersion"":""2026-10-07.1"",""listingIdentity"":{""version"":""2026-10-07.1"",""sourceUrl"":""https://saitechauto.com/product/head-lamp-rh-l200-07-10-dcabin-china-2565"",""title"":""HEAD LAMP RH L200 07-10 D(CABIN)"",""images"":[""https://admin.saitechauto.com/uploads/images/img_b2a1db6f899709a92a6ecdf29737995798.png""],""phones"":[""+97143332295""],""city"":""Dubai"",""checkedAt"":""2026-10-08T18:37:21.728090+00:00""},""contactHours"":""Sat-Thur 8:00am - 6:00pm"",""condition"":""new"",""make"":""Mitsubishi"",""model"":""L200"",""year"":""2008 - 2011"",""color"":""TRANSPARENT"",""sourceSpecifications"":[{""label"":""Part No."",""value"":""214-1180R-LDEM""},{""label"":""Saitech No."",""value"":""2431""},{""label"":""Make"",""value"":""Mitsubishi""},{""label"":""Model"",""value"":""L200""},{""label"":""Year"",""value"":""2008 - 2011""},{""label"":""Color"",""value"":""TRANSPARENT""},{""label"":""Made In"",""value"":""CHINA""}]}",active,2026-10-09T18:36:28Z,200,Source title still matches the exact listing,2026-10-09T18:36:28Z,https://saitechauto.com/product/head-lamp-rh-l200-07-10-dcabin-china-2565,0,,visible,,
dealer-0e05d4eea2be74849e,published,vehicles,vehicles,auto_parts,HEAD LAMP RH L200 2008 POLAR 4 DOOR,AED 176.00,176.00,AED,Dubai,United Arab Emirates,Saitech Auto,+97143332295,RH HEAD LAMP MITSUBISHI L200 2007-2008,https://admin.saitechauto.com/uploads/images/img_737110b49fb99b98b1a76437a719923029.png,Saitech Auto,https://saitechauto.com/product/head-lamp-rh-l200-2008-polar-4-door-china-2569,2026-10-08T18:37:21.728090+00:00,Mitsubishi,L200,,2008 - 2008,new,,TRANSPARENT,,"{""parser"":""verified_dealer_inventory"",""sourceCategory"":""auto_parts"",""details"":[{""label"":""Part No."",""value"":""80301A005 T""},{""label"":""Saitech No."",""value"":""2434""},{""label"":""Make"",""value"":""Mitsubishi""},{""label"":""Model"",""value"":""L200""},{""label"":""Year"",""value"":""2008 - 2008""},{""label"":""Color"",""value"":""TRANSPARENT""},{""label"":""Made In"",""value"":""CHINA""}],""contactSource"":""https://saitechauto.com/product/head-lamp-rh-l200-2008-polar-4-door-china-2569"",""detailsSourceUrl"":""https://saitechauto.com/product/head-lamp-rh-l200-2008-polar-4-door-china-2569"",""detailsVerifiedAt"":""2026-10-08T18:37:21.728090+00:00"",""imageSourceUrl"":""https://saitechauto.com/product/head-lamp-rh-l200-2008-polar-4-door-china-2569"",""imageVerifiedAt"":""2026-10-08T18:37:21.728090+00:00"",""imageIntegrityVersion"":""2026-10-07.1"",""listingIdentity"":{""version"":""2026-10-07.1"",""sourceUrl"":""https://saitechauto.com/product/head-lamp-rh-l200-2008-polar-4-door-china-2569"",""title"":""HEAD LAMP RH L200 2008 POLAR 4 DOOR"",""images"":[""https://admin.saitechauto.com/uploads/images/img_737110b49fb99b98b1a76437a719923029.png""],""phones"":[""+97143332295""],""city"":""Dubai"",""checkedAt"":""2026-10-08T18:37:21.728090+00:00""},""contactHours"":""Sat-Thur 8:00am - 6:00pm"",""condition"":""new"",""make"":""Mitsubishi"",""model"":""L200"",""year"":""2008 - 2008"",""color"":""TRANSPARENT"",""sourceSpecifications"":[{""label"":""Part No."",""value"":""80301A005 T""},{""label"":""Saitech No."",""value"":""2434""},{""label"":""Make"",""value"":""Mitsubishi""},{""label"":""Model"",""value"":""L200""},{""label"":""Year"",""value"":""2008 - 2008""},{""label"":""Color"",""value"":""TRANSPARENT""},{""label"":""Made In"",""value"":""CHINA""}]}",active,2026-10-09T18:36:28Z,200,Source title still matches the exact listing,2026-10-09T18:36:28Z,https://saitechauto.com/product/head-lamp-rh-l200-2008-polar-4-door-china-2569,0,,visible,,
dealer-bcefd59bd6e78e3afc,published,vehicles,vehicles,auto_parts,INNER FENDER LH L200 06-11,AED 54.00,54.00,AED,Dubai,United Arab Emirates,Saitech Auto,+97143332295,LH INNER FENDER MITSUBISHI L200 2007-2011,https://admin.saitechauto.com/uploads/images/img_e644c304c7d717ccf60f1a895460714551.png,Saitech Auto,https://saitechauto.com/product/inner-fender-lh-l200-06-11-taiwan-2572,2026-10-08T18:37:21.728090+00:00,Mitsubishi,L200,,2008 - 2011,new,,MATTE BLACK,,"{""parser"":""verified_dealer_inventory"",""sourceCategory"":""auto_parts"",""details"":[{""label"":""Part No."",""value"":""T5370A277 T""},{""label"":""Saitech No."",""value"":""3035""},{""label"":""Make"",""value"":""Mitsubishi""},{""label"":""Model"",""value"":""L200""},{""label"":""Year"",""value"":""2008 - 2011""},{""label"":""Color"",""value"":""MATTE BLACK""},{""label"":""Made In"",""value"":""TAIWAN""}],""contactSource"":""https://saitechauto.com/product/inner-fender-lh-l200-06-11-taiwan-2572"",""detailsSourceUrl"":""https://saitechauto.com/product/inner-fender-lh-l200-06-11-taiwan-2572"",""detailsVerifiedAt"":""2026-10-08T18:37:21.728090+00:00"",""imageSourceUrl"":""https://saitechauto.com/product/inner-fender-lh-l200-06-11-taiwan-2572"",""imageVerifiedAt"":""2026-10-08T18:37:21.728090+00:00"",""imageIntegrityVersion"":""2026-10-07.1"",""listingIdentity"":{""version"":""2026-10-07.1"",""sourceUrl"":""https://saitechauto.com/product/inner-fender-lh-l200-06-11-taiwan-2572"",""title"":""INNER FENDER LH L200 06-11"",""images"":[""https://admin.saitechauto.com/uploads/images/img_e644c304c7d717ccf60f1a895460714551.png""],""phones"":[""+97143332295""],""city"":""Dubai"",""checkedAt"":""2026-10-08T18:37:21.728090+00:00""},""contactHours"":""Sat-Thur 8:00am - 6:00pm"",""condition"":""new"",""make"":""Mitsubishi"",""model"":""L200"",""year"":""2008 - 2011"",""color"":""MATTE BLACK"",""sourceSpecifications"":[{""label"":""Part No."",""value"":""T5370A277 T""},{""label"":""Saitech No."",""value"":""3035""},{""label"":""Make"",""value"":""Mitsubishi""},{""label"":""Model"",""value"":""L200""},{""label"":""Year"",""value"":""2008 - 2011""},{""label"":""Color"",""value"":""MATTE BLACK""},{""label"":""Made In"",""value"":""TAIWAN""}]}",active,2026-10-09T18:36:28Z,200,Source title still matches the exact listing,2026-10-09T18:36:28Z,https://saitechauto.com/product/inner-fender-lh-l200-06-11-taiwan-2572,0,,visible,,
dealer-99850dca041e531039,published,vehicles,vehicles,auto_parts,TAIL LAMP LH L200 06-13,AED 61.00,61.00,AED,Dubai,United Arab Emirates,Saitech Auto,+97143332295,LH TAIL LAMP MITSUBISHI L200 2006-2013,https://admin.saitechauto.com/uploads/images/img_857a16421d129915d42cd0d5839079630.png,Saitech Auto,https://saitechauto.com/product/tail-lamp-lh-l200-06-13-china-2577,2026-10-08T18:37:21.728090+00:00,Mitsubishi,L200,,2008 - 2013,new,,TRANSPARENT,,"{""parser"":""verified_dealer_inventory"",""sourceCategory"":""auto_parts"",""details"":[{""label"":""Part No."",""value"":""214-1993L-AE T""},{""label"":""Saitech No."",""value"":""3610""},{""label"":""Make"",""value"":""Mitsubishi""},{""label"":""Model"",""value"":""L200""},{""label"":""Year"",""value"":""2008 - 2013""},{""label"":""Color"",""value"":""TRANSPARENT""},{""label"":""Made In"",""value"":""CHINA""}],""contactSource"":""https://saitechauto.com/product/tail-lamp-lh-l200-06-13-china-2577"",""detailsSourceUrl"":""https://saitechauto.com/product/tail-lamp-lh-l200-06-13-china-2577"",""detailsVerifiedAt"":""2026-10-08T18:37:21.728090+00:00"",""imageSourceUrl"":""https://saitechauto.com/product/tail-lamp-lh-l200-06-13-china-2577"",""imageVerifiedAt"":""2026-10-08T18:37:21.728090+00:00"",""imageIntegrityVersion"":""2026-10-07.1"",""listingIdentity"":{""version"":""2026-10-07.1"",""sourceUrl"":""https://saitechauto.com/product/tail-lamp-lh-l200-06-13-china-2577"",""title"":""TAIL LAMP LH L200 06-13"",""images"":[""https://admin.saitechauto.com/uploads/images/img_857a16421d129915d42cd0d5839079630.png""],""phones"":[""+97143332295""],""city"":""Dubai"",""checkedAt"":""2026-10-08T18:37:21.728090+00:00""},""contactHours"":""Sat-Thur 8:00am - 6:00pm"",""condition"":""new"",""make"":""Mitsubishi"",""model"":""L200"",""year"":""2008 - 2013"",""color"":""TRANSPARENT"",""sourceSpecifications"":[{""label"":""Part No."",""value"":""214-1993L-AE T""},{""label"":""Saitech No."",""value"":""3610""},{""label"":""Make"",""value"":""Mitsubishi""},{""label"":""Model"",""value"":""L200""},{""label"":""Year"",""value"":""2008 - 2013""},{""label"":""Color"",""value"":""TRANSPARENT""},{""label"":""Made In"",""value"":""CHINA""}]}",active,2026-10-09T18:36:28Z,200,Source title still matches the exact listing,2026-10-09T18:36:28Z,https://saitechauto.com/product/tail-lamp-lh-l200-06-13-china-2577,0,,visible,,
dealer-f9ff4c4461ca00ff98,published,vehicles,vehicles,auto_parts,TAIL LAMP RH L200 06-13,AED 68.00,68.00,AED,Dubai,United Arab Emirates,Saitech Auto,+97143332295,RH TAIL LAMP MITSUBISHI L200 2006-2014,https://admin.saitechauto.com/uploads/images/img_c02f9967f297dbb346a9d848f302575418.png,Saitech Auto,https://saitechauto.com/product/tail-lamp-rh-l200-06-13-china-2582,2026-10-08T18:37:21.728090+00:00,Mitsubishi,L200,,2008 - 2014,new,,TRANSPARENT,,"{""parser"":""verified_dealer_inventory"",""sourceCategory"":""auto_parts"",""details"":[{""label"":""Part No."",""value"":""214-1993-AE-R""},{""label"":""Saitech No."",""value"":""3934""},{""label"":""Make"",""value"":""Mitsubishi""},{""label"":""Model"",""value"":""L200""},{""label"":""Year"",""value"":""2008 - 2014""},{""label"":""Color"",""value"":""TRANSPARENT""},{""label"":""Made In"",""value"":""CHINA""}],""contactSource"":""https://saitechauto.com/product/tail-lamp-rh-l200-06-13-china-2582"",""detailsSourceUrl"":""https://saitechauto.com/product/tail-lamp-rh-l200-06-13-china-2582"",""detailsVerifiedAt"":""2026-10-08T18:37:21.728090+00:00"",""imageSourceUrl"":""https://saitechauto.com/product/tail-lamp-rh-l200-06-13-china-2582"",""imageVerifiedAt"":""2026-10-08T18:37:21.728090+00:00"",""imageIntegrityVersion"":""2026-10-07.1"",""listingIdentity"":{""version"":""2026-10-07.1"",""sourceUrl"":""https://saitechauto.com/product/tail-lamp-rh-l200-06-13-china-2582"",""title"":""TAIL LAMP RH L200 06-13"",""images"":[""https://admin.saitechauto.com/uploads/images/img_c02f9967f297dbb346a9d848f302575418.png""],""phones"":[""+97143332295""],""city"":""Dubai"",""checkedAt"":""2026-10-08T18:37:21.728090+00:00""},""contactHours"":""Sat-Thur 8:00am - 6:00pm"",""condition"":""new"",""make"":""Mitsubishi"",""model"":""L200"",""year"":""2008 - 2014"",""color"":""TRANSPARENT"",""sourceSpecifications"":[{""label"":""Part No."",""value"":""214-1993-AE-R""},{""label"":""Saitech No."",""value"":""3934""},{""label"":""Make"",""value"":""Mitsubishi""},{""label"":""Model"",""value"":""L200""},{""label"":""Year"",""value"":""2008 - 2014""},{""label"":""Color"",""value"":""TRANSPARENT""},{""label"":""Made In"",""value"":""CHINA""}]}",active,2026-10-09T18:36:28Z,200,Source title still matches the exact listing,2026-10-09T18:36:28Z,https://saitechauto.com/product/tail-lamp-rh-l200-06-13-china-2582,0,,visible,,
dealer-9c3ab9177e2963659b,published,vehicles,vehicles,auto_parts,BUMPER FR L200 07-09 D/CABIN,AED 223.00,223.00,AED,Dubai,United Arab Emirates,Saitech Auto,+97143332295,FR BUMPER MITSUBISHI L200 2007-2009,https://admin.saitechauto.com/uploads/images/img_1b2fae28930052bca674e582b234765729.png,Saitech Auto,https://saitechauto.com/product/bumper-fr-l200-07-09-dcabin-taiwan-2586,2026-10-08T18:37:21.728090+00:00,Mitsubishi,L200,,2009 - 2009,new,,MATTE BLACK,,"{""parser"":""verified_dealer_inventory"",""sourceCategory"":""auto_parts"",""details"":[{""label"":""Part No."",""value"":""T6400A746ZZT""},{""label"":""Saitech No."",""value"":""269""},{""label"":""Make"",""value"":""Mitsubishi""},{""label"":""Model"",""value"":""L200""},{""label"":""Year"",""value"":""2009 - 2009""},{""label"":""Color"",""value"":""MATTE BLACK""},{""label"":""Made In"",""value"":""TAIWAN""}],""contactSource"":""https://saitechauto.com/product/bumper-fr-l200-07-09-dcabin-taiwan-2586"",""detailsSourceUrl"":""https://saitechauto.com/product/bumper-fr-l200-07-09-dcabin-taiwan-2586"",""detailsVerifiedAt"":""2026-10-08T18:37:21.728090+00:00"",""imageSourceUrl"":""https://saitechauto.com/product/bumper-fr-l200-07-09-dcabin-taiwan-2586"",""imageVerifiedAt"":""2026-10-08T18:37:21.728090+00:00"",""imageIntegrityVersion"":""2026-10-07.1"",""listingIdentity"":{""version"":""2026-10-07.1"",""sourceUrl"":""https://saitechauto.com/product/bumper-fr-l200-07-09-dcabin-taiwan-2586"",""title"":""BUMPER FR L200 07-09 D/CABIN"",""images"":[""https://admin.saitechauto.com/uploads/images/img_1b2fae28930052bca674e582b234765729.png""],""phones"":[""+97143332295""],""city"":""Dubai"",""checkedAt"":""2026-10-08T18:37:21.728090+00:00""},""contactHours"":""Sat-Thur 8:00am - 6:00pm"",""condition"":""new"",""make"":""Mitsubishi"",""model"":""L200"",""year"":""2009 - 2009"",""color"":""MATTE BLACK"",""sourceSpecifications"":[{""label"":""Part No."",""value"":""T6400A746ZZT""},{""label"":""Saitech No."",""value"":""269""},{""label"":""Make"",""value"":""Mitsubishi""},{""label"":""Model"",""value"":""L200""},{""label"":""Year"",""value"":""2009 - 2009""},{""label"":""Color"",""value"":""MATTE BLACK""},{""label"":""Made In"",""value"":""TAIWAN""}]}",active,2026-10-09T18:36:28Z,200,Source title still matches the exact listing,2026-10-09T18:36:28Z,https://saitechauto.com/product/bumper-fr-l200-07-09-dcabin-taiwan-2586,0,,visible,,
allsopp-dubai-pjm181996,published,marketplace,real_estate,for_rent_long,"1-bedroom apartment for rent — The Lofts, Downtown Dubai","AED 94,999/year",94999,AED,Dubai,United Arab Emirates,Allsopp & Allsopp — Alexander Sariev,+971585982442,"1-bedroom apartment for rent — The Lofts, Downtown Dubai. 2 bathroom(s), 884.00 sq ft. Furnished. Pool, Gym, Parking. Annual rent: AED 94,999/year. Property reference: PJM181996. Contact Alexander Sariev at Allsopp & Allsopp for a viewing and rental terms.",https://images.allsoppandallsopp.com/public/temp/a0O4S000000VEffUAG_s_1-bedroom-apartment-in-the-lofts-downtown-dubai-aed-95k-allsopp-and-allsopp-fa5fdfc0-dbd8-4e54-b601-c547f37867d0.jpeg,Allsopp & Allsopp,https://www.allsoppandallsopp.com/dubai/property/lettings/PJM181996,2026-10-09T04:04:10Z,,,,,Ask agent,,,,"{""parser"":""allsopp_public_rental"",""sourceCategory"":""apartments for rent"",""propertyType"":""apartment"",""bedrooms"":1,""bathrooms"":2,""sqft"":884,""priceTerm"":""per_year"",""furnished"":true,""parking"":true,""amenities"":""Pool, Gym, Parking"",""address"":""The Lofts East"",""neighborhood"":""The Lofts, Downtown Dubai"",""agentName"":""Alexander Sariev"",""contactSource"":""https://www.allsoppandallsopp.com/dubai/property/lettings/PJM181996"",""phoneVerifiedAt"":""2026-10-09T04:04:10Z"",""imageSourceUrl"":""https://www.allsoppandallsopp.com/dubai/property/lettings/PJM181996"",""imageVerifiedAt"":""2026-10-09T18:51:36.373Z"",""imageIntegrityVersion"":""2026-10-07.1"",""listingIdentity"":{""version"":""2026-10-07.1"",""sourceUrl"":""https://www.allsoppandallsopp.com/dubai/property/lettings/PJM181996"",""title"":""1-bedroom apartment for rent — The Lofts, Downtown Dubai"",""images"":[""https://images.allsoppandallsopp.com/public/temp/a0O4S000000VEffUAG_s_1-bedroom-apartment-in-the-lofts-downtown-dubai-aed-95k-allsopp-and-allsopp-fa5fdfc0-dbd8-4e54-b601-c547f37867d0.jpeg""],""phones"":[],""sellerId"":"""",""city"":"""",""checkedAt"":""2026-10-09T18:51:36.373Z""}}",active,2026-10-09T18:36:28Z,200,Matching listing has an available source offer,2026-10-09T18:36:28Z,https://www.allsoppandallsopp.com/dubai/property/lettings/PJM181996,0,,visible,,
allsopp-dubai-l-311013,published,marketplace,real_estate,for_rent_long,"2-bedroom apartment for rent — The Regent, Town Square","AED 120,000/year",120000,AED,Dubai,United Arab Emirates,Allsopp & Allsopp — Richard Botnaru,+971585675702,"2-bedroom apartment for rent — The Regent, Town Square. 2 bathroom(s), 1,014.00 sq ft. Unfurnished. Balcony, Pool, Gym, Parking. Annual rent: AED 120,000/year. Property reference: L-311013. Contact Richard Botnaru at Allsopp & Allsopp for a viewing and rental terms.",https://images.allsoppandallsopp.com/public/temp/a0OdK000003bHg6UAE_s_2-bedroom-apartment-in-the-regent-town-square-aed-120k-allsopp-and-allsopp-abbf43ce-876f-42a1-be18-0f88d7a633fd.png,Allsopp & Allsopp,https://www.allsoppandallsopp.com/dubai/property/lettings/L-311013,2026-10-09T04:04:10Z,,,,,Ask agent,,,,"{""parser"":""allsopp_public_rental"",""sourceCategory"":""apartments for rent"",""propertyType"":""apartment"",""bedrooms"":2,""bathrooms"":2,""sqft"":1014,""priceTerm"":""per_year"",""furnished"":false,""parking"":true,""amenities"":""Balcony, Pool, Gym, Parking"",""address"":"""",""neighborhood"":""The Regent, Town Square"",""agentName"":""Richard Botnaru"",""contactSource"":""https://www.allsoppandallsopp.com/dubai/property/lettings/L-311013"",""phoneVerifiedAt"":""2026-10-09T04:04:10Z"",""imageSourceUrl"":""https://www.allsoppandallsopp.com/dubai/property/lettings/L-311013"",""imageVerifiedAt"":""2026-10-09T18:51:36.373Z"",""imageIntegrityVersion"":""2026-10-07.1"",""listingIdentity"":{""version"":""2026-10-07.1"",""sourceUrl"":""https://www.allsoppandallsopp.com/dubai/property/lettings/L-311013"",""title"":""2-bedroom apartment for rent — The Regent, Town Square"",""images"":[""https://images.allsoppandallsopp.com/public/temp/a0OdK000003bHg6UAE_s_2-bedroom-apartment-in-the-regent-town-square-aed-120k-allsopp-and-allsopp-abbf43ce-876f-42a1-be18-0f88d7a633fd.png""],""phones"":[],""sellerId"":"""",""city"":"""",""checkedAt"":""2026-10-09T18:51:36.373Z""}}",active,2026-10-09T18:36:28Z,200,Matching listing has an available source offer,2026-10-09T18:36:28Z,https://www.allsoppandallsopp.com/dubai/property/lettings/L-311013,0,,visible,,
allsopp-dubai-l-311063,published,marketplace,real_estate,for_rent_long,"1-bedroom apartment for rent — Creek Palace, Dubai Creek Harbour (The Lagoons)","AED 90,000/year",90000,AED,Dubai,United Arab Emirates,Allsopp & Allsopp — Conran Butcher,+971585127153,"1-bedroom apartment for rent — Creek Palace, Dubai Creek Harbour (The Lagoons). 1 bathroom(s), 642.00 sq ft. . Annual rent: AED 90,000/year. Property reference: L-311063. Contact Conran Butcher at Allsopp & Allsopp for a viewing and rental terms.",https://images.allsoppandallsopp.com/public/temp/a0OdK000003bJrZUAU_s_1-bedroom-apartment-in-creek-palace-dubai-creek-harbour-the-lagoons-aed-90k-allsopp-and-allsopp-5d43d12e-1aa1-44e7-a7ce-938f1aede9ca.jpeg,Allsopp & Allsopp,https://www.allsoppandallsopp.com/dubai/property/lettings/L-311063,2026-10-09T04:04:10Z,,,,,Ask agent,,,,"{""parser"":""allsopp_public_rental"",""sourceCategory"":""apartments for rent"",""propertyType"":""apartment"",""bedrooms"":1,""bathrooms"":1,""sqft"":642,""priceTerm"":""per_year"",""furnished"":false,""parking"":false,""amenities"":"""",""address"":"""",""neighborhood"":""Creek Palace, Dubai Creek Harbour (The Lagoons)"",""agentName"":""Conran Butcher"",""contactSource"":""https://www.allsoppandallsopp.com/dubai/property/lettings/L-311063"",""phoneVerifiedAt"":""2026-10-09T04:04:10Z"",""imageSourceUrl"":""https://www.allsoppandallsopp.com/dubai/property/lettings/L-311063"",""imageVerifiedAt"":""2026-10-09T18:51:36.373Z"",""imageIntegrityVersion"":""2026-10-07.1"",""listingIdentity"":{""version"":""2026-10-07.1"",""sourceUrl"":""https://www.allsoppandallsopp.com/dubai/property/lettings/L-311063"",""title"":""1-bedroom apartment for rent — Creek Palace, Dubai Creek Harbour (The Lagoons)"",""images"":[""https://images.allsoppandallsopp.com/public/temp/a0OdK000003bJrZUAU_s_1-bedroom-apartment-in-creek-palace-dubai-creek-harbour-the-lagoons-aed-90k-allsopp-and-allsopp-5d43d12e-1aa1-44e7-a7ce-938f1aede9ca.jpeg""],""phones"":[],""sellerId"":"""",""city"":"""",""checkedAt"":""2026-10-09T18:51:36.373Z""}}",active,2026-10-09T18:36:28Z,200,Matching listing has an available source offer,2026-10-09T18:36:28Z,https://www.allsoppandallsopp.com/dubai/property/lettings/L-311063,0,,visible,,
allsopp-dubai-l-311068,published,marketplace,real_estate,for_rent_long,"1-bedroom apartment for rent — Regalia By Deyaar, Business Bay","AED 100,000/year",100000,AED,Dubai,United Arab Emirates,Allsopp & Allsopp — Lucas Joshi,+971585286162,"1-bedroom apartment for rent — Regalia By Deyaar, Business Bay. 2 bathroom(s), 725.00 sq ft. Pool, Gym. Annual rent: AED 100,000/year. Property reference: L-311068. Contact Lucas Joshi at Allsopp & Allsopp for a viewing and rental terms.",https://images.allsoppandallsopp.com/public/temp/a0OdK000003bK1FUAU_s_1-bedroom-apartment-in-regalia-by-deyaar-business-bay-aed-100k-allsopp-and-allsopp-whatsapp-image-2026-09-28-at-124310.jpeg,Allsopp & Allsopp,https://www.allsoppandallsopp.com/dubai/property/lettings/L-311068,2026-10-09T04:04:10Z,,,,,Ask agent,,,,"{""parser"":""allsopp_public_rental"",""sourceCategory"":""apartments for rent"",""propertyType"":""apartment"",""bedrooms"":1,""bathrooms"":2,""sqft"":725,""priceTerm"":""per_year"",""furnished"":false,""parking"":false,""amenities"":""Pool, Gym"",""address"":"""",""neighborhood"":""Regalia By Deyaar, Business Bay"",""agentName"":""Lucas Joshi"",""contactSource"":""https://www.allsoppandallsopp.com/dubai/property/lettings/L-311068"",""phoneVerifiedAt"":""2026-10-09T04:04:10Z"",""imageSourceUrl"":""https://www.allsoppandallsopp.com/dubai/property/lettings/L-311068"",""imageVerifiedAt"":""2026-10-09T18:51:36.373Z"",""imageIntegrityVersion"":""2026-10-07.1"",""listingIdentity"":{""version"":""2026-10-07.1"",""sourceUrl"":""https://www.allsoppandallsopp.com/dubai/property/lettings/L-311068"",""title"":""1-bedroom apartment for rent — Regalia By Deyaar, Business Bay"",""images"":[""https://images.allsoppandallsopp.com/public/temp/a0OdK000003bK1FUAU_s_1-bedroom-apartment-in-regalia-by-deyaar-business-bay-aed-100k-allsopp-and-allsopp-whatsapp-image-2026-09-28-at-124310.jpeg""],""phones"":[],""sellerId"":"""",""city"":"""",""checkedAt"":""2026-10-09T18:51:36.373Z""}}",active,2026-10-09T18:36:28Z,200,Matching listing has an available source offer,2026-10-09T18:36:28Z,https://www.allsoppandallsopp.com/dubai/property/lettings/L-311068,0,,visible,,
allsopp-dubai-l-311091,published,marketplace,real_estate,for_rent_long,"2-bedroom apartment for rent — Marina Views, Dubai Marina","AED 140,000/year",140000,AED,Dubai,United Arab Emirates,Allsopp & Allsopp — Abigail Davies Cooper,+971585508123,"2-bedroom apartment for rent — Marina Views, Dubai Marina. 3 bathroom(s), 962.00 sq ft. Furnished. . Annual rent: AED 140,000/year. Property reference: L-311091. Contact Abigail Davies Cooper at Allsopp & Allsopp for a viewing and rental terms.",https://images.allsoppandallsopp.com/public/temp/a0OdK000003bKyvUAE_s_2-bedroom-apartment-in-marina-views-dubai-marina-aed-140k-allsopp-and-allsopp-45f392de-3de4-4754-87ae-ea3729a53609.jpg,Allsopp & Allsopp,https://www.allsoppandallsopp.com/dubai/property/lettings/L-311091,2026-10-09T04:04:10Z,,,,,Ask agent,,,,"{""parser"":""allsopp_public_rental"",""sourceCategory"":""apartments for rent"",""propertyType"":""apartment"",""bedrooms"":2,""bathrooms"":3,""sqft"":962,""priceTerm"":""per_year"",""furnished"":true,""parking"":false,""amenities"":"""",""address"":""Marina View Tower A"",""neighborhood"":""Marina Views, Dubai Marina"",""agentName"":""Abigail Davies Cooper"",""contactSource"":""https://www.allsoppandallsopp.com/dubai/property/lettings/L-311091"",""phoneVerifiedAt"":""2026-10-09T04:04:10Z"",""imageSourceUrl"":""https://www.allsoppandallsopp.com/dubai/property/lettings/L-311091"",""imageVerifiedAt"":""2026-10-09T18:51:36.373Z"",""imageIntegrityVersion"":""2026-10-07.1"",""listingIdentity"":{""version"":""2026-10-07.1"",""sourceUrl"":""https://www.allsoppandallsopp.com/dubai/property/lettings/L-311091"",""title"":""2-bedroom apartment for rent — Marina Views, Dubai Marina"",""images"":[""https://images.allsoppandallsopp.com/public/temp/a0OdK000003bKyvUAE_s_2-bedroom-apartment-in-marina-views-dubai-marina-aed-140k-allsopp-and-allsopp-45f392de-3de4-4754-87ae-ea3729a53609.jpg""],""phones"":[],""sellerId"":"""",""city"":"""",""checkedAt"":""2026-10-09T18:51:36.373Z""}}",active,2026-10-09T18:36:28Z,200,Matching listing has an available source offer,2026-10-09T18:36:28Z,https://www.allsoppandallsopp.com/dubai/property/lettings/L-311091,0,,visible,,
allsopp-dubai-l-311096,published,marketplace,real_estate,for_rent_long,"1-bedroom apartment for rent — Condor Golf Links 18, Dubai Sports City","AED 73,000/year",73000,AED,Dubai,United Arab Emirates,Allsopp & Allsopp — Richard Botnaru,+971585675702,"1-bedroom apartment for rent — Condor Golf Links 18, Dubai Sports City. 2 bathroom(s), 643.00 sq ft. Furnished. Balcony. Annual rent: AED 73,000/year. Property reference: L-311096. Contact Richard Botnaru at Allsopp & Allsopp for a viewing and rental terms.",https://images.allsoppandallsopp.com/public/temp/a0OdK000003bKfgUAE_s_1-bedroom-apartment-in-condor-golf-links-18-dubai-sports-city-aed-73k-allsopp-and-allsopp-f1cd7572-d969-4719-aef9-d0e0274b6014.png,Allsopp & Allsopp,https://www.allsoppandallsopp.com/dubai/property/lettings/L-311096,2026-10-09T04:04:10Z,,,,,Ask agent,,,,"{""parser"":""allsopp_public_rental"",""sourceCategory"":""apartments for rent"",""propertyType"":""apartment"",""bedrooms"":1,""bathrooms"":2,""sqft"":643,""priceTerm"":""per_year"",""furnished"":true,""parking"":false,""amenities"":""Balcony"",""address"":"""",""neighborhood"":""Condor Golf Links 18, Dubai Sports City"",""agentName"":""Richard Botnaru"",""contactSource"":""https://www.allsoppandallsopp.com/dubai/property/lettings/L-311096"",""phoneVerifiedAt"":""2026-10-09T04:04:10Z"",""imageSourceUrl"":""https://www.allsoppandallsopp.com/dubai/property/lettings/L-311096"",""imageVerifiedAt"":""2026-10-09T18:51:36.373Z"",""imageIntegrityVersion"":""2026-10-07.1"",""listingIdentity"":{""version"":""2026-10-07.1"",""sourceUrl"":""https://www.allsoppandallsopp.com/dubai/property/lettings/L-311096"",""title"":""1-bedroom apartment for rent — Condor Golf Links 18, Dubai Sports City"",""images"":[""https://images.allsoppandallsopp.com/public/temp/a0OdK000003bKfgUAE_s_1-bedroom-apartment-in-condor-golf-links-18-dubai-sports-city-aed-73k-allsopp-and-allsopp-f1cd7572-d969-4719-aef9-d0e0274b6014.png""],""phones"":[],""sellerId"":"""",""city"":"""",""checkedAt"":""2026-10-09T18:51:36.373Z""}}",active,2026-10-09T18:36:28Z,200,Matching listing has an available source offer,2026-10-09T18:36:28Z,https://www.allsoppandallsopp.com/dubai/property/lettings/L-311096,0,,visible,,
allsopp-dubai-l-311119,published,marketplace,real_estate,for_rent_long,"3-bedroom apartment for rent — The Mayfair, Town Square","AED 165,000/year",165000,AED,Dubai,United Arab Emirates,Allsopp & Allsopp — Irfaan Ibrahim,+971585073663,"3-bedroom apartment for rent — The Mayfair, Town Square. 3 bathroom(s), 1,976.00 sq ft. Pool, Parking. Annual rent: AED 165,000/year. Property reference: L-311119. Contact Irfaan Ibrahim at Allsopp & Allsopp for a viewing and rental terms.",https://images.allsoppandallsopp.com/public/temp/a0OdK000003bMB7UAM_s_3-bedroom-apartment-in-the-mayfair-town-square-aed-160k-allsopp-and-allsopp-1.jpg,Allsopp & Allsopp,https://www.allsoppandallsopp.com/dubai/property/lettings/L-311119,2026-10-09T04:04:10Z,,,,,Ask agent,,,,"{""parser"":""allsopp_public_rental"",""sourceCategory"":""apartments for rent"",""propertyType"":""apartment"",""bedrooms"":3,""bathrooms"":3,""sqft"":1976,""priceTerm"":""per_year"",""furnished"":false,""parking"":true,""amenities"":""Pool, Parking"",""address"":"""",""neighborhood"":""The Mayfair, Town Square"",""agentName"":""Irfaan Ibrahim"",""contactSource"":""https://www.allsoppandallsopp.com/dubai/property/lettings/L-311119"",""phoneVerifiedAt"":""2026-10-09T04:04:10Z"",""imageSourceUrl"":""https://www.allsoppandallsopp.com/dubai/property/lettings/L-311119"",""imageVerifiedAt"":""2026-10-09T18:51:36.373Z"",""imageIntegrityVersion"":""2026-10-07.1"",""listingIdentity"":{""version"":""2026-10-07.1"",""sourceUrl"":""https://www.allsoppandallsopp.com/dubai/property/lettings/L-311119"",""title"":""3-bedroom apartment for rent — The Mayfair, Town Square"",""images"":[""https://images.allsoppandallsopp.com/public/temp/a0OdK000003bMB7UAM_s_3-bedroom-apartment-in-the-mayfair-town-square-aed-160k-allsopp-and-allsopp-1.jpg""],""phones"":[],""sellerId"":"""",""city"":"""",""checkedAt"":""2026-10-09T18:51:36.373Z""}}",active,2026-10-09T18:36:28Z,200,Matching listing has an available source offer,2026-10-09T18:36:28Z,https://www.allsoppandallsopp.com/dubai/property/lettings/L-311119,0,,visible,,
allsopp-dubai-l-311128,published,marketplace,real_estate,for_rent_long,"1-bedroom apartment for rent — UPSIDE Living, Business Bay","AED 111,000/year",111000,AED,Dubai,United Arab Emirates,Allsopp & Allsopp — Lucas Joshi,+971585286162,"1-bedroom apartment for rent — UPSIDE Living, Business Bay. 1 bathroom(s), 648.00 sq ft. Pool, Gym. Annual rent: AED 111,000/year. Property reference: L-311128. Contact Lucas Joshi at Allsopp & Allsopp for a viewing and rental terms.",https://images.allsoppandallsopp.com/public/temp/a0OdK000003bbLRUAY_s_1-bedroom-apartment-in-upside-living-business-bay-aed-111k-allsopp-and-allsopp-untitled-design4.png,Allsopp & Allsopp,https://www.allsoppandallsopp.com/dubai/property/lettings/L-311128,2026-10-09T04:04:10Z,,,,,Ask agent,,,,"{""parser"":""allsopp_public_rental"",""sourceCategory"":""apartments for rent"",""propertyType"":""apartment"",""bedrooms"":1,""bathrooms"":1,""sqft"":648,""priceTerm"":""per_year"",""furnished"":false,""parking"":false,""amenities"":""Pool, Gym"",""address"":"""",""neighborhood"":""UPSIDE Living, Business Bay"",""agentName"":""Lucas Joshi"",""contactSource"":""https://www.allsoppandallsopp.com/dubai/property/lettings/L-311128"",""phoneVerifiedAt"":""2026-10-09T04:04:10Z"",""imageSourceUrl"":""https://www.allsoppandallsopp.com/dubai/property/lettings/L-311128"",""imageVerifiedAt"":""2026-10-09T18:51:36.373Z"",""imageIntegrityVersion"":""2026-10-07.1"",""listingIdentity"":{""version"":""2026-10-07.1"",""sourceUrl"":""https://www.allsoppandallsopp.com/dubai/property/lettings/L-311128"",""title"":""1-bedroom apartment for rent — UPSIDE Living, Business Bay"",""images"":[""https://images.allsoppandallsopp.com/public/temp/a0OdK000003bbLRUAY_s_1-bedroom-apartment-in-upside-living-business-bay-aed-111k-allsopp-and-allsopp-untitled-design4.png""],""phones"":[],""sellerId"":"""",""city"":"""",""checkedAt"":""2026-10-09T18:51:36.373Z""}}",active,2026-10-09T18:36:28Z,200,Matching listing has an available source offer,2026-10-09T18:36:28Z,https://www.allsoppandallsopp.com/dubai/property/lettings/L-311128,0,,visible,,
allsopp-dubai-l-311132,published,marketplace,real_estate,for_rent_long,"1-bedroom apartment for rent — District 10, Jumeirah Village Circle","AED 75,000/year",75000,AED,Dubai,United Arab Emirates,Allsopp & Allsopp — Yasmine Laanigui,+971586525304,"1-bedroom apartment for rent — District 10, Jumeirah Village Circle. 2 bathroom(s), 780.00 sq ft. Balcony, Pool, Parking. Annual rent: AED 75,000/year. Property reference: L-311132. Contact Yasmine Laanigui at Allsopp & Allsopp for a viewing and rental terms.",https://images.allsoppandallsopp.com/public/temp/a0OdK000003bbrhUAA_s_1-bedroom-apartment-in-district-10-jumeirah-village-circle-aed-75k-allsopp-and-allsopp-propertyimage03.jpg,Allsopp & Allsopp,https://www.allsoppandallsopp.com/dubai/property/lettings/L-311132,2026-10-09T04:04:10Z,,,,,Ask agent,,,,"{""parser"":""allsopp_public_rental"",""sourceCategory"":""apartments for rent"",""propertyType"":""apartment"",""bedrooms"":1,""bathrooms"":2,""sqft"":780,""priceTerm"":""per_year"",""furnished"":false,""parking"":true,""amenities"":""Balcony, Pool, Parking"",""address"":""Olivo Park Residences"",""neighborhood"":""District 10, Jumeirah Village Circle"",""agentName"":""Yasmine Laanigui"",""contactSource"":""https://www.allsoppandallsopp.com/dubai/property/lettings/L-311132"",""phoneVerifiedAt"":""2026-10-09T04:04:10Z"",""imageSourceUrl"":""https://www.allsoppandallsopp.com/dubai/property/lettings/L-311132"",""imageVerifiedAt"":""2026-10-09T18:51:36.373Z"",""imageIntegrityVersion"":""2026-10-07.1"",""listingIdentity"":{""version"":""2026-10-07.1"",""sourceUrl"":""https://www.allsoppandallsopp.com/dubai/property/lettings/L-311132"",""title"":""1-bedroom apartment for rent — District 10, Jumeirah Village Circle"",""images"":[""https://images.allsoppandallsopp.com/public/temp/a0OdK000003bbrhUAA_s_1-bedroom-apartment-in-district-10-jumeirah-village-circle-aed-75k-allsopp-and-allsopp-propertyimage03.jpg""],""phones"":[],""sellerId"":"""",""city"":"""",""checkedAt"":""2026-10-09T18:51:36.373Z""}}",active,2026-10-09T18:36:28Z,200,Matching listing has an available source offer,2026-10-09T18:36:28Z,https://www.allsoppandallsopp.com/dubai/property/lettings/L-311132,0,,visible,,
allsopp-dubai-l-311185,published,marketplace,real_estate,for_rent_long,"2-bedroom apartment for rent — Marina Views, Dubai Marina","AED 85,000/year",85000,AED,Dubai,United Arab Emirates,Allsopp & Allsopp — Abigail Davies Cooper,+971585508123,"2-bedroom apartment for rent — Marina Views, Dubai Marina. 2 bathroom(s), 961.00 sq ft. Unfurnished. Balcony, Pool, Gym, Parking. Annual rent: AED 85,000/year. Property reference: L-311185. Contact Abigail Davies Cooper at Allsopp & Allsopp for a viewing and rental terms.",https://images.allsoppandallsopp.com/public/temp/a0OdK000003bfwvUAA_s_2-bedroom-apartment-in-marina-views-dubai-marina-aed-85k-allsopp-and-allsopp-62248855-2b6c-4faf-9d19-3e35be395351.jpg,Allsopp & Allsopp,https://www.allsoppandallsopp.com/dubai/property/lettings/L-311185,2026-10-09T04:04:10Z,,,,,Ask agent,,,,"{""parser"":""allsopp_public_rental"",""sourceCategory"":""apartments for rent"",""propertyType"":""apartment"",""bedrooms"":2,""bathrooms"":2,""sqft"":961,""priceTerm"":""per_year"",""furnished"":false,""parking"":true,""amenities"":""Balcony, Pool, Gym, Parking"",""address"":""Marina View Tower A"",""neighborhood"":""Marina Views, Dubai Marina"",""agentName"":""Abigail Davies Cooper"",""contactSource"":""https://www.allsoppandallsopp.com/dubai/property/lettings/L-311185"",""phoneVerifiedAt"":""2026-10-09T04:04:10Z"",""imageSourceUrl"":""https://www.allsoppandallsopp.com/dubai/property/lettings/L-311185"",""imageVerifiedAt"":""2026-10-09T18:51:36.373Z"",""imageIntegrityVersion"":""2026-10-07.1"",""listingIdentity"":{""version"":""2026-10-07.1"",""sourceUrl"":""https://www.allsoppandallsopp.com/dubai/property/lettings/L-311185"",""title"":""2-bedroom apartment for rent — Marina Views, Dubai Marina"",""images"":[""https://images.allsoppandallsopp.com/public/temp/a0OdK000003bfwvUAA_s_2-bedroom-apartment-in-marina-views-dubai-marina-aed-85k-allsopp-and-allsopp-62248855-2b6c-4faf-9d19-3e35be395351.jpg""],""phones"":[],""sellerId"":"""",""city"":"""",""checkedAt"":""2026-10-09T18:51:36.373Z""}}",active,2026-10-09T18:36:28Z,200,Matching listing has an available source offer,2026-10-09T18:36:28Z,https://www.allsoppandallsopp.com/dubai/property/lettings/L-311185,0,,visible,,
allsopp-dubai-l-311138,published,marketplace,real_estate,for_rent_long,"3-bedroom apartment for rent — Marina Residences, Palm Jumeirah","AED 280,000/year",280000,AED,Dubai,United Arab Emirates,Allsopp & Allsopp — Camille Chapman,+971585938912,"3-bedroom apartment for rent — Marina Residences, Palm Jumeirah. 3 bathroom(s), 2,438.00 sq ft. Unfurnished. Balcony, Parking. Annual rent: AED 280,000/year. Property reference: L-311138. Contact Camille Chapman at Allsopp & Allsopp for a viewing and rental terms.",https://images.allsoppandallsopp.com/public/temp/a0O4S000000V2SUUA0_s_3-bedroom-apartment-in-marina-residences-palm-jumeirah-aed-280k-allsopp-and-allsopp-dsc1774.jpg,Allsopp & Allsopp,https://www.allsoppandallsopp.com/dubai/property/lettings/L-311138,2026-10-09T04:04:10Z,,,,,Ask agent,,,,"{""parser"":""allsopp_public_rental"",""sourceCategory"":""apartments for rent"",""propertyType"":""apartment"",""bedrooms"":3,""bathrooms"":3,""sqft"":2438,""priceTerm"":""per_year"",""furnished"":false,""parking"":true,""amenities"":""Balcony, Parking"",""address"":""Marina Residences 1"",""neighborhood"":""Marina Residences, Palm Jumeirah"",""agentName"":""Camille Chapman"",""contactSource"":""https://www.allsoppandallsopp.com/dubai/property/lettings/L-311138"",""phoneVerifiedAt"":""2026-10-09T04:04:10Z"",""imageSourceUrl"":""https://www.allsoppandallsopp.com/dubai/property/lettings/L-311138"",""imageVerifiedAt"":""2026-10-09T18:51:36.373Z"",""imageIntegrityVersion"":""2026-10-07.1"",""listingIdentity"":{""version"":""2026-10-07.1"",""sourceUrl"":""https://www.allsoppandallsopp.com/dubai/property/lettings/L-311138"",""title"":""3-bedroom apartment for rent — Marina Residences, Palm Jumeirah"",""images"":[""https://images.allsoppandallsopp.com/public/temp/a0O4S000000V2SUUA0_s_3-bedroom-apartment-in-marina-residences-palm-jumeirah-aed-280k-allsopp-and-allsopp-dsc1774.jpg""],""phones"":[],""sellerId"":"""",""city"":"""",""checkedAt"":""2026-10-09T18:51:36.373Z""}}",active,2026-10-09T18:36:28Z,200,Matching listing has an available source offer,2026-10-09T18:36:28Z,https://www.allsoppandallsopp.com/dubai/property/lettings/L-311138,0,,visible,,
allsopp-dubai-l-311188,published,marketplace,real_estate,for_rent_long,"1-bedroom apartment for rent — The Lofts, Downtown Dubai","AED 95,000/year",95000,AED,Dubai,United Arab Emirates,Allsopp & Allsopp — Macy McIntyre,+971585670255,"1-bedroom apartment for rent — The Lofts, Downtown Dubai. 1 bathroom(s), 673.00 sq ft. Furnished. Pool, Gym, Parking. Annual rent: AED 95,000/year. Property reference: L-311188. Contact Macy McIntyre at Allsopp & Allsopp for a viewing and rental terms.",https://images.allsoppandallsopp.com/public/temp/a0O4S000000V6neUAC_s_1-bedroom-apartment-in-the-lofts-downtown-dubai-aed-95k-allsopp-and-allsopp-31376ed6-0f40-4298-8630-6f92043abf09.jpeg,Allsopp & Allsopp,https://www.allsoppandallsopp.com/dubai/property/lettings/L-311188,2026-10-09T04:04:10Z,,,,,Ask agent,,,,"{""parser"":""allsopp_public_rental"",""sourceCategory"":""apartments for rent"",""propertyType"":""apartment"",""bedrooms"":1,""bathrooms"":1,""sqft"":673,""priceTerm"":""per_year"",""furnished"":true,""parking"":true,""amenities"":""Pool, Gym, Parking"",""address"":""The Lofts Podium"",""neighborhood"":""The Lofts, Downtown Dubai"",""agentName"":""Macy McIntyre"",""contactSource"":""https://www.allsoppandallsopp.com/dubai/property/lettings/L-311188"",""phoneVerifiedAt"":""2026-10-09T04:04:10Z"",""imageSourceUrl"":""https://www.allsoppandallsopp.com/dubai/property/lettings/L-311188"",""imageVerifiedAt"":""2026-10-09T18:51:36.373Z"",""imageIntegrityVersion"":""2026-10-07.1"",""listingIdentity"":{""version"":""2026-10-07.1"",""sourceUrl"":""https://www.allsoppandallsopp.com/dubai/property/lettings/L-311188"",""title"":""1-bedroom apartment for rent — The Lofts, Downtown Dubai"",""images"":[""https://images.allsoppandallsopp.com/public/temp/a0O4S000000V6neUAC_s_1-bedroom-apartment-in-the-lofts-downtown-dubai-aed-95k-allsopp-and-allsopp-31376ed6-0f40-4298-8630-6f92043abf09.jpeg""],""phones"":[],""sellerId"":"""",""city"":"""",""checkedAt"":""2026-10-09T18:51:36.373Z""}}",active,2026-10-09T18:36:28Z,200,Matching listing has an available source offer,2026-10-09T18:36:28Z,https://www.allsoppandallsopp.com/dubai/property/lettings/L-311188,0,,visible,,
