id,status,target_surface,app_category,app_subcategory,title,price_text,price_value,currency,city,country,seller,phone,description,image_urls,source_site,source_url,scraped_at,make,model,trim,year,condition,transmission,color,mileage_km,attributes,source_availability,source_availability_checked_at,source_http_status,source_unavailable_reason,source_last_seen_at,source_resolved_url,source_miss_count,source_miss_recorded_at,sync_visibility,sync_visibility_reason,image_files,reason
jacars-2522040,rejected,marketplace,real_estate,for_sale,Prefabricated Container Homes,"JA$ 600,000",600000,JMD,Saint Andrew,Jamaica,JACars Other Real Estate,+187646064XX,"Prefabricated container homes for sale... 20ft, 15ft and 10ft options available with cement fiber flooring, wall panels and double glazed windows, no bathroom included contact if interested 8767079897",https://cdn2.jacars.net/media/cache/43/e6/43e6abc7d1f3c8e60231c5159544dfb3.webp|https://cdn2.jacars.net/media/cache/13/59/1359fc16c88839388100bd5cc28d89f5.webp|https://cdn2.jacars.net/media/cache/ca/48/ca4833984b1383ef97d9ff158c8f9fbe.webp|https://cdn2.jacars.net/media/cache/a3/99/a3995932fe25ce228798ba4001bc3729.webp,JACars Other Real Estate,https://www.jacars.net/adv/2522040_prefabricated-container-homes/,2026-08-09T05:26:30.707Z,,,,,good,,,,"{""sourceDate"":""today"",""sourcePostedAt"":""2026-08-09T05:26:30.707Z"",""parser"":""jacars"",""sourceCategory"":""JACars Other Real Estate"",""appSubcategory"":""for_sale"",""imageQuality"":""source_detail_high_resolution"",""imageRefreshSource"":""jacars_gallery_full_api"",""imageRefreshAttemptedAt"":""2026-08-31T15:42:55.415Z"",""imageIntegrityVersion"":""2026-09-06.1"",""imageVerifiedAt"":""2026-09-07T00:05:03.876Z"",""imageSourceUrl"":""https://www.jacars.net/adv/2522040_prefabricated-container-homes/""}",active,2026-10-10T20:30:43Z,200,Matching listing has an available source offer,2026-10-10T20:30:43Z,https://www.jacars.net/adv/2522040_prefabricated-container-homes/,0,,no_phone,No usable seller phone number.,,
jacars-2512301,rejected,vehicles,vehicles,vehicles,"Audi Q5 2,0L 2023","JA$ 6,750,000 JA$ 8,000,000",67500008000000,JMD,Kingston,Jamaica,JACars Cars,+187686100XX,Dealer bought and serviced.,https://cdn2.jacars.net/media/cache/a2/bb/a2bb9e261518cf2fabbd7ee28f07b11a.webp|https://cdn2.jacars.net/media/cache/93/91/9391ed5674f18c180ab946a5a632dbcd.webp|https://cdn2.jacars.net/media/cache/11/4d/114dd5ddbea4061d108d670ef269113b.webp|https://cdn2.jacars.net/media/cache/81/f7/81f77998157c0cb2af07168cdb4dc161.webp,JACars Cars,https://www.jacars.net/adv/2512301_audi-q5-2-0l-2023/,2026-08-09T04:26:30.668Z,Audi,Q5,,2023,used,,,,"{""sourceDate"":""1 hour ago"",""sourcePostedAt"":""2026-08-09T04:26:30.668Z"",""parser"":""jacars"",""sourceCategory"":""JACars Cars"",""appSubcategory"":""vehicles"",""imageQuality"":""source_detail_high_resolution"",""imageRefreshSource"":""jacars_gallery_full_api"",""imageRefreshAttemptedAt"":""2026-08-31T15:42:55.415Z"",""imageIntegrityVersion"":""2026-09-06.1"",""imageVerifiedAt"":""2026-09-07T00:05:03.876Z"",""imageSourceUrl"":""https://www.jacars.net/adv/2512301_audi-q5-2-0l-2023/""}",active,2026-10-10T20:30:43Z,200,Matching listing has an available source offer,2026-10-10T20:30:43Z,https://www.jacars.net/adv/2512301_audi-q5-2-0l-2023/,0,,no_phone,No usable seller phone number.,,
jacars-2522026,rejected,vehicles,vehicles,vehicles,"Toyota Noah 2,0L 2008",JA$ 990,990,JMD,Saint Catherine,Jamaica,JACars Cars,+187659591XX,Good condition everything works,https://cdn2.jacars.net/media/cache/18/cc/18cc6d8fa7b0803f6e2aa7ded3b106c3.webp|https://cdn2.jacars.net/media/cache/d6/d4/d6d466352cbf3432fd4f4d76a060474a.webp|https://cdn2.jacars.net/media/cache/b4/e7/b4e71bf085b5793fd4b962d1403ca486.webp|https://cdn2.jacars.net/media/cache/7b/88/7b88418766330573b380f317274b4617.webp,JACars Cars,https://www.jacars.net/adv/2522026_toyota-noah-2-0l-2008/,2026-08-08T16:00:00.000Z,Toyota,Noah,,2008,used,,,,"{""sourceDate"":""Yesterday"",""sourcePostedAt"":""2026-08-08T16:00:00.000Z"",""parser"":""jacars"",""sourceCategory"":""JACars Cars"",""appSubcategory"":""vehicles""}",gone,2026-10-10T20:30:43Z,404,Exact source URL returned HTTP 404,,https://www.jacars.net/adv/2522026_toyota-noah-2-0l-2008/,20,2026-10-10T20:30:43Z,no_phone,No usable seller phone number.,,
jacars-2521964,rejected,vehicles,vehicles,vehicles,"Toyota Voxy 2,0L 2016",Negotiable,0,JMD,Saint James,Jamaica,Gates Auto,+18768507950,Dm/8768507960 🔥🔥🔥 📌Newly imported 📌Roof DVD 📌Fully loaded 📌Great Drive,https://cdn2.jacars.net/media/cache/85/a4/85a4e291faa918d44397fc75588c1e1e.webp|https://cdn2.jacars.net/media/cache/c1/8a/c18aab864ddfc410f44e45a71a97a9b8.webp|https://cdn2.jacars.net/media/cache/30/af/30afa873ac88aa9a80aa979f0831dcdd.webp|https://cdn2.jacars.net/media/cache/39/99/39996a022111f2b195895752a96f2e97.webp,JACars Cars,https://www.jacars.net/adv/2521964_toyota-voxy-2-0l-2016/,2026-08-08T16:00:00.000Z,Toyota,Voxy,,2016,used,,,,"{""sourceDate"":""Yesterday"",""sourcePostedAt"":""2026-08-08T16:00:00.000Z"",""parser"":""jacars"",""sourceCategory"":""JACars Cars"",""appSubcategory"":""vehicles"",""imageQuality"":""source_detail_high_resolution"",""imageRefreshSource"":""jacars_gallery_full_api"",""imageRefreshAttemptedAt"":""2026-08-31T15:42:55.415Z"",""imageIntegrityVersion"":""2026-09-06.1"",""imageVerifiedAt"":""2026-09-07T00:05:03.876Z"",""imageSourceUrl"":""https://www.jacars.net/adv/2521964_toyota-voxy-2-0l-2016/""}",gone,2026-10-10T20:30:43Z,404,Exact source URL returned HTTP 404,,https://www.jacars.net/adv/2521964_toyota-voxy-2-0l-2016/,20,2026-10-10T20:30:43Z,unavailable,Exact source URL returned HTTP 404,,
jacars-2521958,published,marketplace,services,travel,Dadu private transportation services,"JA$ 111,111",111111,JMD,Saint James,Jamaica,JACars Auto Services,+18764895156,Book your personal driver now for good rate and travel safe and pick you up and drop you off safe any were you want to go,https://cdn2.jacars.net/media/cache/0a/44/0a443af9929d92076d78380de5cc618c.webp|https://cdn2.jacars.net/media/cache/8a/77/8a775f5e35690795246afca4373b462c.webp,JACars Auto Services,https://www.jacars.net/adv/2521958_dadu-private-transportation-services/,2026-08-08T16:00:00.000Z,,,,,good,,,,"{""sourceDate"":""Yesterday"",""sourcePostedAt"":""2026-08-08T16:00:00.000Z"",""parser"":""jacars"",""sourceCategory"":""JACars Auto Services"",""appSubcategory"":""repairs"",""imageQuality"":""source_detail_high_resolution"",""imageRefreshSource"":""jacars_gallery_full_api"",""imageRefreshAttemptedAt"":""2026-08-31T15:42:55.415Z"",""imageIntegrityVersion"":""2026-09-06.1"",""imageVerifiedAt"":""2026-09-07T00:05:03.876Z"",""imageSourceUrl"":""https://www.jacars.net/adv/2521958_dadu-private-transportation-services/""}",unknown,2026-10-10T20:30:43Z,200,Source loaded but the listing identity was not confirmed,2026-10-08T04:03:03Z,https://www.jacars.net/adv/2521958_dadu-private-transportation-services/,0,,visible,,,
jacars-2521957,rejected,vehicles,vehicles,vehicles,"Toyota Mark X 2,0L 2012","JA$ 1,650,000",1650000,JMD,Saint Catherine,Jamaica,Autoworld jamaica,+18768799734,"LIGHTLY USED 2012 TOYOTA MARK X (LUXURY) 🟰🟰🟰🟰🟰🟰🟰🟰🟰🟰🟰🟰🟰🟰🟰🟰🟰🟰🟰 ⚪️Steering controls ✔️ ⚪️zero accident ✔️ ⚪️No parts needed✔️ ⚪️vehicle drives amazing ✔️ ⚪️A/c Ice🧊land ✔️ ⚪️well kept ✔️ ⚪️Full tank of gas ✔️ ⚪️Toyota classic radio✔️ ⚪️clean interior ✔️ ⚪️Low miles ✔️ ⚪️solid engine ✔️ ⚪️solid transmission ✔️ ⚪️buy and drive ✔️ 💸PRICE : $1,650,000 NEG ®️ ⚪️CALL FOR VIEWING ⚪️APPOINTMENTS ONLY 📧AUTOWORLDJAMAICA@GMAIL.COM ☎️CALL OR WHATSAPP 876-879-9734 or 876-384-4518 📍LOCATED IN PORTMORE",https://cdn2.jacars.net/media/cache/61/b5/61b56c79c918ce807c06ffa3d624f984.webp|https://cdn2.jacars.net/media/cache/ba/b9/bab9b7545b4035747a684caad36ed3ca.webp|https://cdn2.jacars.net/media/cache/e7/1f/e71fb1053e52cb7159ab510f637a57ba.webp|https://cdn2.jacars.net/media/cache/93/a3/93a3ac07fac9346af86348f7aeafded8.webp,JACars Cars,https://www.jacars.net/adv/2521957_toyota-mark-x-2-0l-2012/,2026-08-08T16:00:00.000Z,Toyota,Mark X,,2012,used,,,,"{""sourceDate"":""Yesterday"",""sourcePostedAt"":""2026-08-08T16:00:00.000Z"",""parser"":""jacars"",""sourceCategory"":""JACars Cars"",""appSubcategory"":""vehicles"",""imageQuality"":""source_detail_high_resolution"",""imageRefreshSource"":""jacars_gallery_full_api"",""imageRefreshAttemptedAt"":""2026-08-31T15:42:55.415Z"",""imageIntegrityVersion"":""2026-09-16.1"",""imageVerifiedAt"":""2026-09-16T13:38:36.578Z"",""imageSourceUrl"":""https://www.jacars.net/adv/2521957_toyota-mark-x-2-0l-2012/""}",gone,2026-10-10T20:30:43Z,404,Exact source URL returned HTTP 404,,https://www.jacars.net/adv/2521957_toyota-mark-x-2-0l-2012/,20,2026-10-10T20:30:43Z,source_unavailable,Source advert API returned HTTP 404 and its detail site blocked verification; held until the listing can be verified again.,,
jacars-2521950,published,vehicles,vehicles,auto_parts,2013-2016 Nissan Note E12 Genuine Nose Cut Fresh Japanese Import,JA$ 1,1,JMD,Manchester,Jamaica,Zig Zag Auto Parts & Car Sales Limited,+18762354486,"🚨 NEW ARRIVAL – FRESH IMPORT FROM JAPAN! 🇯🇵 🚨

2013–2016 Nissan Note E12 Genuine Nose Cut

Now available at Zig Zag Auto Parts & Car Sales LTD.

✅ Genuine Nissan Nose Cut
✅ Fits 2013–2016 Nissan Note E12
✅ Fresh Japanese Import
✅ Excellent Used Condition
✅ Ideal for Accident Repairs & Replacement
✅ Quality OEM Parts

Contact us today for pricing and availability.

📍 Zig Zag Auto Parts & Car Sales LTD.
73 Manchester Road, Mandeville, Jamaica

📱 Call / WhatsApp:
(876) 873-9901
(876) 235-4486

We also stock genuine engines, transmissions, body parts, suspension parts, lights, and a wide range of Japanese auto parts.

#ZigZagAuto #NissanNote #NissanNoteE12 #E12 #NissanNoseCut #NoseCut #GenuineNissan #NissanParts #JDMParts #ImportedFromJapan #FreshImport #UsedAutoParts #JapaneseAutoParts #AutoPartsJamaica #Mandeville #JamaicaAutoParts",https://cdn2.jacars.net/media/cache/fe/4c/fe4c94e3ee54d42f2a18f4b344660f1a.webp|https://cdn2.jacars.net/media/cache/29/77/29775552569d4889d316b992efc27b1d.webp|https://cdn2.jacars.net/media/cache/29/5c/295cabcf05b7827710ac1e14e13b0ebe.webp|https://cdn2.jacars.net/media/cache/f3/7d/f37da46e093613cebe86ef995ec336e0.webp,JACars Car Parts,https://www.jacars.net/adv/2521950_2013-2016-nissan-note-e12-genuine-nose-cut-fresh-japanese-import/,2026-08-08T16:00:00.000Z,,,,2013,good,,,,"{""sourceDate"":""Yesterday"",""sourcePostedAt"":""2026-08-08T16:00:00.000Z"",""parser"":""jacars"",""sourceCategory"":""JACars Car Parts"",""appSubcategory"":""auto_parts"",""imageIntegrityVersion"":""2026-10-07.1"",""imageVerifiedAt"":""2026-10-10T21:01:33.387Z"",""imageSourceUrl"":""https://www.jacars.net/adv/2521950_2013-2016-nissan-note-e12-genuine-nose-cut-fresh-japanese-import/"",""imageRefreshAttemptedAt"":""2026-09-07T16:00:24.048Z"",""imageQuality"":""source_detail_high_resolution"",""imageRefreshSucceededAt"":""2026-09-07T16:00:24.048Z"",""year"":""2013"",""condition"":""good"",""details"":[{""label"":""Year"",""value"":""2013""},{""label"":""Condition"",""value"":""good""}],""detailsVersion"":""2026-10-07.3"",""brand"":""Nissan"",""detailsSourceUrl"":""https://www.jacars.net/adv/2521950_2013-2016-nissan-note-e12-genuine-nose-cut-fresh-japanese-import/"",""detailsVerifiedAt"":""2026-10-10T20:45:31.479532+00:00"",""sourceSpecifications"":[{""label"":""Year"",""value"":""2013""},{""label"":""Condition"",""value"":""good""}],""listingIdentity"":{""version"":""2026-10-07.1"",""sourceUrl"":""https://www.jacars.net/adv/2521950_2013-2016-nissan-note-e12-genuine-nose-cut-fresh-japanese-import/"",""title"":""2013-2016 Nissan Note E12 Genuine Nose Cut Fresh Japanese Import"",""images"":[""https://cdn2.jacars.net/media/cache/fe/4c/fe4c94e3ee54d42f2a18f4b344660f1a.webp"",""https://cdn2.jacars.net/media/cache/29/77/29775552569d4889d316b992efc27b1d.webp"",""https://cdn2.jacars.net/media/cache/29/5c/295cabcf05b7827710ac1e14e13b0ebe.webp"",""https://cdn2.jacars.net/media/cache/f3/7d/f37da46e093613cebe86ef995ec336e0.webp""],""phones"":[""+18762354486""],""sellerId"":"""",""city"":""Manchester"",""checkedAt"":""2026-10-10T21:01:33.387Z""}}",active,2026-10-10T20:30:43Z,200,Matching listing has an available source offer,2026-10-10T20:30:43Z,https://www.jacars.net/adv/2521950_2013-2016-nissan-note-e12-genuine-nose-cut-fresh-japanese-import/,0,,visible,,,
jacars-2521815,published,vehicles,vehicles,vehicles,"Honda Fit 1,5L 2023","JA$ 2,500,000",2500000,JMD,Saint Catherine,Jamaica,JACars Cars,+18768604480,"2023 Honda Fit (Newly Imported)
Tel#: 8768604480
🔹 2 Wheel Drive
🔹 Automatic Transmission
🔹 Push Button Start
🔹 Handgrip Keyless Entry
🔹 All Round Anti-Collision Sensors
🔹 Navigation System
🔹 Reverse Camera
🔹 Powered Windows
🔹 Powered Foldable Mirrors
🔹 Lane Departure Assistance System
🔹 1.5L Petrol Engine
🔹 Odometer Reading 85,300km
🔹Free Fitness, Evaluation, 1st Service and a Full Tank of Fuel.",https://cdn2.jacars.net/media/cache/b1/0f/b10f98376139c3a95807e37e2510b82e.webp|https://cdn2.jacars.net/media/cache/a0/34/a034a7d756747db16dbf4de217f02a8b.webp|https://cdn2.jacars.net/media/cache/46/02/46024d87a261e9fd4d57719d24614e96.webp|https://cdn2.jacars.net/media/cache/2a/c1/2ac14ae9051ccd32cbc30218b710e981.webp,JACars Cars,https://www.jacars.net/adv/2521815_honda-fit-1-5l-2023/,2026-08-08T16:00:00.000Z,Honda,Fit,,2023,used,Automatic,,85300,"{""sourceDate"":""Yesterday"",""sourcePostedAt"":""2026-08-08T16:00:00.000Z"",""parser"":""jacars"",""sourceCategory"":""JACars Cars"",""appSubcategory"":""vehicles"",""imageIntegrityVersion"":""2026-10-07.1"",""imageVerifiedAt"":""2026-10-10T21:01:33.387Z"",""imageSourceUrl"":""https://www.jacars.net/adv/2521815_honda-fit-1-5l-2023/"",""imageRefreshAttemptedAt"":""2026-09-07T16:00:24.048Z"",""imageQuality"":""source_detail_high_resolution"",""imageRefreshSucceededAt"":""2026-09-07T16:00:24.048Z"",""make"":""Honda"",""model"":""Fit"",""year"":""2023"",""condition"":""used"",""details"":[{""label"":""Make"",""value"":""Honda""},{""label"":""Model"",""value"":""Fit""},{""label"":""Year"",""value"":""2023""},{""label"":""Condition"",""value"":""used""}],""detailsVersion"":""2026-10-07.3"",""brand"":""Fit"",""transmission"":""Automatic"",""fuel"":""Petrol"",""bodyType"":""HatchBack"",""mileageKm"":85300,""detailsSourceUrl"":""https://www.jacars.net/adv/2521815_honda-fit-1-5l-2023/"",""detailsVerifiedAt"":""2026-10-10T20:45:31.479532+00:00"",""sourceSpecifications"":[{""label"":""Make"",""value"":""Honda""},{""label"":""Model"",""value"":""Fit""},{""label"":""Year"",""value"":""2023""},{""label"":""Condition"",""value"":""used""}],""listingIdentity"":{""version"":""2026-10-07.1"",""sourceUrl"":""https://www.jacars.net/adv/2521815_honda-fit-1-5l-2023/"",""title"":""Honda Fit 1,5L 2023"",""images"":[""https://cdn2.jacars.net/media/cache/b1/0f/b10f98376139c3a95807e37e2510b82e.webp"",""https://cdn2.jacars.net/media/cache/a0/34/a034a7d756747db16dbf4de217f02a8b.webp"",""https://cdn2.jacars.net/media/cache/46/02/46024d87a261e9fd4d57719d24614e96.webp"",""https://cdn2.jacars.net/media/cache/2a/c1/2ac14ae9051ccd32cbc30218b710e981.webp""],""phones"":[""+18768604480""],""sellerId"":"""",""city"":""Saint Catherine"",""checkedAt"":""2026-10-10T21:01:33.387Z""}}",active,2026-10-10T20:30:43Z,200,Matching listing has an available source offer,2026-10-10T20:30:43Z,https://www.jacars.net/adv/2521815_honda-fit-1-5l-2023/,0,,visible,,,
jacars-2521393,published,vehicles,vehicles,vehicles,"Honda Vezel 1,5L 2024","JA$ 5,300,000",5300000,JMD,Saint Mary,Jamaica,North Coast Auto Sales,+18767904717,"2024 Honda Vezel
Fully Loaded
Contact 8767904717",https://cdn2.jacars.net/media/cache/c7/f7/c7f79bdac5724d13b71701539c32265a.webp|https://cdn2.jacars.net/media/cache/71/5d/715d5217adec58e9833495200aae5412.webp|https://cdn2.jacars.net/media/cache/f8/6f/f86f6fe10fa25700ac5fd2ee6b177f3c.webp|https://cdn2.jacars.net/media/cache/ac/a3/aca351fa99482a03ff98fcf4b0ce83f8.webp,JACars Cars,https://www.jacars.net/adv/2521393_honda-vezel-1-5l-2024/,2026-08-08T16:00:00.000Z,Honda,Vezel,,2024,used,Automatic,,,"{""sourceDate"":""Yesterday"",""sourcePostedAt"":""2026-08-08T16:00:00.000Z"",""parser"":""jacars"",""sourceCategory"":""JACars Cars"",""appSubcategory"":""vehicles"",""imageIntegrityVersion"":""2026-10-07.1"",""imageVerifiedAt"":""2026-10-10T21:01:33.387Z"",""imageSourceUrl"":""https://www.jacars.net/adv/2521393_honda-vezel-1-5l-2024/"",""imageRefreshAttemptedAt"":""2026-09-07T16:00:24.048Z"",""imageQuality"":""source_detail_high_resolution"",""imageRefreshSucceededAt"":""2026-09-07T16:00:24.048Z"",""make"":""Honda"",""model"":""Vezel"",""year"":""2024"",""condition"":""used"",""details"":[{""label"":""Make"",""value"":""Honda""},{""label"":""Model"",""value"":""Vezel""},{""label"":""Year"",""value"":""2024""},{""label"":""Condition"",""value"":""used""}],""detailsVersion"":""2026-10-07.3"",""brand"":""Vezel"",""transmission"":""Automatic"",""fuel"":""Petrol"",""bodyType"":""Wagon"",""detailsSourceUrl"":""https://www.jacars.net/adv/2521393_honda-vezel-1-5l-2024/"",""detailsVerifiedAt"":""2026-10-10T20:45:31.479532+00:00"",""sourceSpecifications"":[{""label"":""Make"",""value"":""Honda""},{""label"":""Model"",""value"":""Vezel""},{""label"":""Year"",""value"":""2024""},{""label"":""Condition"",""value"":""used""}],""listingIdentity"":{""version"":""2026-10-07.1"",""sourceUrl"":""https://www.jacars.net/adv/2521393_honda-vezel-1-5l-2024/"",""title"":""Honda Vezel 1,5L 2024"",""images"":[""https://cdn2.jacars.net/media/cache/c7/f7/c7f79bdac5724d13b71701539c32265a.webp"",""https://cdn2.jacars.net/media/cache/71/5d/715d5217adec58e9833495200aae5412.webp"",""https://cdn2.jacars.net/media/cache/f8/6f/f86f6fe10fa25700ac5fd2ee6b177f3c.webp"",""https://cdn2.jacars.net/media/cache/ac/a3/aca351fa99482a03ff98fcf4b0ce83f8.webp""],""phones"":[""+18767904717""],""sellerId"":"""",""city"":""Saint Mary"",""checkedAt"":""2026-10-10T21:01:33.387Z""}}",active,2026-10-10T20:30:43Z,200,Matching listing has an available source offer,2026-10-10T20:30:43Z,https://www.jacars.net/adv/2521393_honda-vezel-1-5l-2024/,0,,visible,,,
jacars-2519712,published,vehicles,vehicles,vehicles,"Toyota Hilux 2,8L 2026","JA$ 12,490,000",12490000,JMD,Manchester,Jamaica,Rom-Jan auto sales,+18764128837,One Year Warranty • Full Tank • Free Tint,https://cdn2.jacars.net/media/cache/04/40/044028935b43f731ff19cbe0cacda0c7.webp|https://cdn2.jacars.net/media/cache/37/a8/37a87f311156d7a717ab0a862dba9805.webp|https://cdn2.jacars.net/media/cache/bc/99/bc99499de1d6fd2d5b38a94c0035f18a.webp|https://cdn2.jacars.net/media/cache/d6/65/d665b74efb3e4eae2b691b14004520a2.webp,JACars Cars,https://www.jacars.net/adv/2519712_toyota-hilux-2-8l-2026/,2026-08-08T16:00:00.000Z,Toyota,Hilux,,2026,used,,,,"{""sourceDate"":""Yesterday"",""sourcePostedAt"":""2026-08-08T16:00:00.000Z"",""parser"":""jacars"",""sourceCategory"":""JACars Cars"",""appSubcategory"":""vehicles"",""imageQuality"":""source_detail_high_resolution"",""imageRefreshSource"":""jacars_gallery_full_api"",""imageRefreshAttemptedAt"":""2026-08-31T15:42:55.415Z"",""imageIntegrityVersion"":""2026-09-06.1"",""imageVerifiedAt"":""2026-09-07T00:05:03.876Z"",""imageSourceUrl"":""https://www.jacars.net/adv/2519712_toyota-hilux-2-8l-2026/""}",active,2026-10-10T20:30:43Z,200,Matching listing has an available source offer,2026-10-10T20:30:43Z,https://www.jacars.net/adv/2519712_toyota-hilux-2-8l-2026/,0,,visible,,,
jacars-2519711,published,vehicles,vehicles,vehicles,"Ford Ranger Raptor 3,0L 2025","JA$ 16,500,000",16500000,JMD,Manchester,Jamaica,Rom-Jan auto sales,+18764128837,Brand New • One Year Warranty • Full Tank • Free Tint,https://cdn2.jacars.net/media/cache/ab/b0/abb0da65eb39ba1633825f9e96eea959.webp|https://cdn2.jacars.net/media/cache/04/00/0400008a82a66a3f6ad0cd729e78b647.webp|https://cdn2.jacars.net/media/cache/16/d2/16d21f30e27e9cc898e91e15f5610b35.webp|https://cdn2.jacars.net/media/cache/87/31/873165f408331c9552e6397710729ee5.webp,JACars Cars,https://www.jacars.net/adv/2519711_ford-ranger-raptor-3-0l-2025/,2026-08-08T16:00:00.000Z,Ford,Ranger Raptor,,2025,used,,,,"{""sourceDate"":""Yesterday"",""sourcePostedAt"":""2026-08-08T16:00:00.000Z"",""parser"":""jacars"",""sourceCategory"":""JACars Cars"",""appSubcategory"":""vehicles"",""imageQuality"":""source_detail_high_resolution"",""imageRefreshSource"":""jacars_gallery_full_api"",""imageRefreshAttemptedAt"":""2026-08-31T15:42:55.415Z"",""imageIntegrityVersion"":""2026-09-06.1"",""imageVerifiedAt"":""2026-09-07T00:05:03.876Z"",""imageSourceUrl"":""https://www.jacars.net/adv/2519711_ford-ranger-raptor-3-0l-2025/""}",active,2026-10-10T20:30:43Z,200,Matching listing has an available source offer,2026-10-10T20:30:43Z,https://www.jacars.net/adv/2519711_ford-ranger-raptor-3-0l-2025/,0,,visible,,,
jacars-2518812,published,vehicles,vehicles,vehicles,"Toyota Voxy 2,0L 2021","JA$ 4,580,000",4580000,JMD,Saint Mary,Jamaica,North Coast Auto Sales,+18767904717,"2021 Toyota Voxy
8 seater, push start
Contact 8767904717",https://cdn2.jacars.net/media/cache/f8/c4/f8c4de9b6692d6fd7432b5e6323858b5.webp|https://cdn2.jacars.net/media/cache/d8/69/d869c090d4f71c91e68475be591c1a7d.webp|https://cdn2.jacars.net/media/cache/cc/ab/ccabbd7b57f2e1f83326405068f41bf4.webp|https://cdn2.jacars.net/media/cache/97/a5/97a5528fb8bc5d066a9a32170ebdfe13.webp,JACars Cars,https://www.jacars.net/adv/2518812_toyota-voxy-2-0l-2021/,2026-08-08T16:00:00.000Z,Toyota,Voxy,,2021,used,Automatic,,,"{""sourceDate"":""Yesterday"",""sourcePostedAt"":""2026-08-08T16:00:00.000Z"",""parser"":""jacars"",""sourceCategory"":""JACars Cars"",""appSubcategory"":""vehicles"",""imageIntegrityVersion"":""2026-10-07.1"",""imageVerifiedAt"":""2026-10-10T21:01:33.387Z"",""imageSourceUrl"":""https://www.jacars.net/adv/2518812_toyota-voxy-2-0l-2021/"",""imageRefreshAttemptedAt"":""2026-09-07T16:00:24.048Z"",""imageQuality"":""source_detail_high_resolution"",""imageRefreshSucceededAt"":""2026-09-07T16:00:24.048Z"",""make"":""Toyota"",""model"":""Voxy"",""year"":""2021"",""condition"":""used"",""seats"":""8"",""details"":[{""label"":""Make"",""value"":""Toyota""},{""label"":""Model"",""value"":""Voxy""},{""label"":""Year"",""value"":""2021""},{""label"":""Seats"",""value"":""8""},{""label"":""Condition"",""value"":""used""}],""detailsVersion"":""2026-10-07.3"",""brand"":""Voxy"",""transmission"":""Automatic"",""fuel"":""Petrol"",""bodyType"":""Wagon"",""detailsSourceUrl"":""https://www.jacars.net/adv/2518812_toyota-voxy-2-0l-2021/"",""detailsVerifiedAt"":""2026-10-10T20:45:31.479532+00:00"",""sourceSpecifications"":[{""label"":""Make"",""value"":""Toyota""},{""label"":""Model"",""value"":""Voxy""},{""label"":""Year"",""value"":""2021""},{""label"":""Seats"",""value"":""8""},{""label"":""Condition"",""value"":""used""}],""listingIdentity"":{""version"":""2026-10-07.1"",""sourceUrl"":""https://www.jacars.net/adv/2518812_toyota-voxy-2-0l-2021/"",""title"":""Toyota Voxy 2,0L 2021"",""images"":[""https://cdn2.jacars.net/media/cache/f8/c4/f8c4de9b6692d6fd7432b5e6323858b5.webp"",""https://cdn2.jacars.net/media/cache/d8/69/d869c090d4f71c91e68475be591c1a7d.webp"",""https://cdn2.jacars.net/media/cache/cc/ab/ccabbd7b57f2e1f83326405068f41bf4.webp"",""https://cdn2.jacars.net/media/cache/97/a5/97a5528fb8bc5d066a9a32170ebdfe13.webp""],""phones"":[""+18767904717""],""sellerId"":"""",""city"":""Saint Mary"",""checkedAt"":""2026-10-10T21:01:33.387Z""}}",active,2026-10-10T20:30:43Z,200,Matching listing has an available source offer,2026-10-10T20:30:43Z,https://www.jacars.net/adv/2518812_toyota-voxy-2-0l-2021/,0,,visible,,,
jacars-2518773,published,vehicles,vehicles,vehicles,"BMW 2-Series 1,5L 2021","JA$ 4,500,000 JA$ 4,900,000",45000004900000,JMD,Saint James,Jamaica,JACars Cars,+18764571661,Very clean. Barely driven,https://cdn2.jacars.net/media/cache/f5/f3/f5f322d43a49fa666e5efcd0007abfca.webp|https://cdn2.jacars.net/media/cache/50/ad/50ad59658867afbcd1f32ec581a9a148.webp|https://cdn2.jacars.net/media/cache/0c/8a/0c8a9760aa3b0477275bb2df3e46b956.webp|https://cdn2.jacars.net/media/cache/95/de/95de2a9a1d261c38f05f94b18875bbfb.webp,JACars Cars,https://www.jacars.net/adv/2518773_bmw-2-series-1-5l-2021/,2026-08-08T16:00:00.000Z,BMW,2-Series,,2021,used,,,,"{""sourceDate"":""Yesterday"",""sourcePostedAt"":""2026-08-08T16:00:00.000Z"",""parser"":""jacars"",""sourceCategory"":""JACars Cars"",""appSubcategory"":""vehicles"",""imageQuality"":""source_detail_high_resolution"",""imageRefreshSource"":""jacars_gallery_full_api"",""imageRefreshAttemptedAt"":""2026-08-31T15:42:55.415Z"",""imageIntegrityVersion"":""2026-09-06.1"",""imageVerifiedAt"":""2026-09-07T00:05:03.876Z"",""imageSourceUrl"":""https://www.jacars.net/adv/2518773_bmw-2-series-1-5l-2021/""}",active,2026-10-10T20:30:43Z,200,Matching listing has an available source offer,2026-10-10T20:30:43Z,https://www.jacars.net/adv/2518773_bmw-2-series-1-5l-2021/,0,,visible,,,
jacars-2518105,published,vehicles,vehicles,vehicles,"Toyota Raize 1,2L 2022","JA$ 3,850,000",3850000,JMD,Saint Catherine,Jamaica,JACars Cars,+18765810514,"Newly Imported | Black | Toyota Raize Z | Fully Loaded

📞 Call or WhatsApp 876-581-0514
💰 Price: J$3,850,000

Key Features & Options:

* Fuel-efficient engine
* Automatic transmission
* Black exterior
* 17-inch alloy rims
* Fog lamps
* LED headlights & daytime running lights
* 360° Camera
* Reverse camera
* Proximity/parking sensors
* Lane Departure Warning
* Collision Mitigation System
* Blind-Spot Monitoring
* Front and Rear parking sensors
* Multifunction steering wheel
* Bluetooth hands-free calling
* Push Start / Smart Key
* Keyless entry
* Auto headlights
* Climate Control A/C
* Power windows & mirrors
* Stylish factory aero body kit

BONUS EXTRAS INCLUDED:

✅ Full tank of gas
✅ Free tinting
✅ Free first-time service
✅ Free valuation
✅ Free fitness
✅ FREE 1-year registration",https://cdn2.jacars.net/media/cache/b8/2e/b82ebb9fc989c66b3ebe09cebd535fca.webp|https://cdn2.jacars.net/media/cache/ab/1d/ab1d4aee9cb26ae0a4e3eabeff89e5dd.webp|https://cdn2.jacars.net/media/cache/7a/24/7a24e4cfbad52d887b9a507aa715fb70.webp|https://cdn2.jacars.net/media/cache/b0/ea/b0eaa8e1f3dae8a87899e8b2c2f64c35.webp,JACars Cars,https://www.jacars.net/adv/2518105_toyota-raize-1-2l-2022/,2026-08-08T16:00:00.000Z,Toyota,Raize,,2022,used,Automatic,,39500,"{""sourceDate"":""Yesterday"",""sourcePostedAt"":""2026-08-08T16:00:00.000Z"",""parser"":""jacars"",""sourceCategory"":""JACars Cars"",""appSubcategory"":""vehicles"",""imageIntegrityVersion"":""2026-10-07.1"",""imageVerifiedAt"":""2026-10-10T21:01:33.387Z"",""imageSourceUrl"":""https://www.jacars.net/adv/2518105_toyota-raize-1-2l-2022/"",""imageRefreshAttemptedAt"":""2026-09-07T16:00:24.048Z"",""imageQuality"":""source_detail_high_resolution"",""imageRefreshSucceededAt"":""2026-09-07T16:00:24.048Z"",""make"":""Toyota"",""model"":""Raize"",""year"":""2022"",""condition"":""used"",""details"":[{""label"":""Make"",""value"":""Toyota""},{""label"":""Model"",""value"":""Raize""},{""label"":""Year"",""value"":""2022""},{""label"":""Condition"",""value"":""used""}],""detailsVersion"":""2026-10-07.3"",""brand"":""Raize"",""transmission"":""Automatic"",""fuel"":""Hybrid/Electric"",""bodyType"":""SUV"",""mileageKm"":39500,""detailsSourceUrl"":""https://www.jacars.net/adv/2518105_toyota-raize-1-2l-2022/"",""detailsVerifiedAt"":""2026-10-10T20:45:31.479532+00:00"",""sourceSpecifications"":[{""label"":""Make"",""value"":""Toyota""},{""label"":""Model"",""value"":""Raize""},{""label"":""Year"",""value"":""2022""},{""label"":""Condition"",""value"":""used""}],""listingIdentity"":{""version"":""2026-10-07.1"",""sourceUrl"":""https://www.jacars.net/adv/2518105_toyota-raize-1-2l-2022/"",""title"":""Toyota Raize 1,2L 2022"",""images"":[""https://cdn2.jacars.net/media/cache/b8/2e/b82ebb9fc989c66b3ebe09cebd535fca.webp"",""https://cdn2.jacars.net/media/cache/ab/1d/ab1d4aee9cb26ae0a4e3eabeff89e5dd.webp"",""https://cdn2.jacars.net/media/cache/7a/24/7a24e4cfbad52d887b9a507aa715fb70.webp"",""https://cdn2.jacars.net/media/cache/b0/ea/b0eaa8e1f3dae8a87899e8b2c2f64c35.webp""],""phones"":[""+18765810514""],""sellerId"":"""",""city"":""Saint Catherine"",""checkedAt"":""2026-10-10T21:01:33.387Z""}}",active,2026-10-10T20:30:43Z,200,Matching listing has an available source offer,2026-10-10T20:30:43Z,https://www.jacars.net/adv/2518105_toyota-raize-1-2l-2022/,0,,visible,,,
jacars-2518063,published,vehicles,vehicles,vehicles,"BMW X4 3,0L 2022","JA$ 14,500,000",14500000,JMD,Manchester,Jamaica,Rom-Jan auto sales,+18764128837,X4 M COMPETITION • S58 • Pre Owned • Front Paint Protection Film • New Brake Pads • Stock ECU • 10/10,https://cdn2.jacars.net/media/cache/04/0c/040c4a3119c091a97091ff30b32ff421.webp|https://cdn2.jacars.net/media/cache/54/84/5484ffbf170db3f96f9ddc61dff4a628.webp|https://cdn2.jacars.net/media/cache/45/23/45239074b2afac5bbc9e1c365f9d2440.webp|https://cdn2.jacars.net/media/cache/0c/23/0c23e31e3f0d4da19d517f71379cd27a.webp,JACars Cars,https://www.jacars.net/adv/2518063_bmw-x4-3-0l-2022/,2026-08-08T16:00:00.000Z,BMW,X4,,2022,used,,,,"{""sourceDate"":""Yesterday"",""sourcePostedAt"":""2026-08-08T16:00:00.000Z"",""parser"":""jacars"",""sourceCategory"":""JACars Cars"",""appSubcategory"":""vehicles"",""imageQuality"":""source_detail_high_resolution"",""imageRefreshSource"":""jacars_gallery_full_api"",""imageRefreshAttemptedAt"":""2026-08-31T15:42:55.415Z"",""imageIntegrityVersion"":""2026-09-06.1"",""imageVerifiedAt"":""2026-09-07T00:05:03.876Z"",""imageSourceUrl"":""https://www.jacars.net/adv/2518063_bmw-x4-3-0l-2022/""}",active,2026-10-10T20:30:43Z,200,Matching listing has an available source offer,2026-10-10T20:30:43Z,https://www.jacars.net/adv/2518063_bmw-x4-3-0l-2022/,0,,visible,,,
jacars-2516605,published,vehicles,vehicles,auto_parts,Bmw F30 N20/26 A/C condenser and Compressor,"JA$ 80,000",80000,JMD,Saint Andrew,Jamaica,JACars Other Car Parts,+18768664593,Bmw 328i F30 N20/26 A/C condenser and Compressor,https://cdn2.jacars.net/media/cache/86/83/8683b21497dd882e38bad36f5433d9a6.webp|https://cdn2.jacars.net/media/cache/89/ce/89ce44f1841b77373efcc14ef528ea46.webp,JACars Other Car Parts,https://www.jacars.net/adv/2516605_bmw-f30-n20-26-a-c-condenser-and-compressor/,2026-08-08T16:00:00.000Z,,,,,good,,,,"{""sourceDate"":""Yesterday"",""sourcePostedAt"":""2026-08-08T16:00:00.000Z"",""parser"":""jacars"",""sourceCategory"":""JACars Other Car Parts"",""appSubcategory"":""auto_parts"",""imageQuality"":""source_detail_high_resolution"",""imageRefreshSource"":""jacars_gallery_full_api"",""imageRefreshAttemptedAt"":""2026-08-31T15:42:55.415Z"",""imageIntegrityVersion"":""2026-09-06.1"",""imageVerifiedAt"":""2026-09-07T00:05:03.876Z"",""imageSourceUrl"":""https://www.jacars.net/adv/2516605_bmw-f30-n20-26-a-c-condenser-and-compressor/""}",active,2026-10-10T20:30:43Z,200,Matching listing has an available source offer,2026-10-10T20:30:43Z,https://www.jacars.net/adv/2516605_bmw-f30-n20-26-a-c-condenser-and-compressor/,0,,visible,,,
jacars-2516532,published,vehicles,vehicles,auto_parts,"Bmw F30, F10, F20 Parts N20/N26 engine","JA$ 80,000",80000,JMD,Saint Andrew,Jamaica,JACars Other Car Parts,+18768664593,"Bmw F30, F10, F20 - N20/N26 engine parts and more",https://cdn2.jacars.net/media/cache/71/19/711906357c1c5d2ad75bcc197428179b.webp|https://cdn2.jacars.net/media/cache/6e/b2/6eb2ab426e6a59816c8e43a2bda5718b.webp|https://cdn2.jacars.net/media/cache/e0/ad/e0adb28971d7e8e16c81cd28f888fe9f.webp|https://cdn2.jacars.net/media/cache/6f/80/6f806ab5d7c389753ed03c9f36223e79.webp,JACars Other Car Parts,https://www.jacars.net/adv/2516532_bmw-f30-f10-f20-parts-n20-n26-engine/,2026-08-08T16:00:00.000Z,,,,,good,,,,"{""sourceDate"":""Yesterday"",""sourcePostedAt"":""2026-08-08T16:00:00.000Z"",""parser"":""jacars"",""sourceCategory"":""JACars Other Car Parts"",""appSubcategory"":""auto_parts"",""imageQuality"":""source_detail_high_resolution"",""imageRefreshSource"":""jacars_gallery_full_api"",""imageRefreshAttemptedAt"":""2026-08-31T15:42:55.415Z"",""imageIntegrityVersion"":""2026-09-06.1"",""imageVerifiedAt"":""2026-09-07T00:05:03.876Z"",""imageSourceUrl"":""https://www.jacars.net/adv/2516532_bmw-f30-f10-f20-parts-n20-n26-engine/""}",active,2026-10-10T20:30:43Z,200,Matching listing has an available source offer,2026-10-10T20:30:43Z,https://www.jacars.net/adv/2516532_bmw-f30-f10-f20-parts-n20-n26-engine/,0,,visible,,,
jacars-2515888,rejected,vehicles,vehicles,tires_rims,16 inch Bmw Rim and Tyre run flat - Spare,"JA$ 30,000",30000,JMD,Saint Andrew,Jamaica,JACars Tires and Rims,+187686645XX,225/50/R16 - Lug Pattern 5x120 Fits all F and E Chassis.,https://cdn2.jacars.net/media/cache/01/14/01141700f628f2f010f8c6640922689a.webp|https://cdn2.jacars.net/media/cache/78/a7/78a7221e40f2755caa6abc3a5ca3d516.webp,JACars Tires and Rims,https://www.jacars.net/adv/2515888_16-inch-bmw-rim-and-tyre-run-flat-spare/,2026-08-08T16:00:00.000Z,,,,,good,,,,"{""sourceDate"":""Yesterday"",""sourcePostedAt"":""2026-08-08T16:00:00.000Z"",""parser"":""jacars"",""sourceCategory"":""JACars Tires and Rims"",""appSubcategory"":""tires_rims"",""imageQuality"":""source_detail_high_resolution"",""imageRefreshSource"":""jacars_gallery_full_api"",""imageRefreshAttemptedAt"":""2026-08-31T15:42:55.415Z"",""imageIntegrityVersion"":""2026-09-06.1"",""imageVerifiedAt"":""2026-09-07T00:05:03.876Z"",""imageSourceUrl"":""https://www.jacars.net/adv/2515888_16-inch-bmw-rim-and-tyre-run-flat-spare/""}",active,2026-10-10T20:30:43Z,200,Matching listing has an available source offer,2026-10-10T20:30:43Z,https://www.jacars.net/adv/2515888_16-inch-bmw-rim-and-tyre-run-flat-spare/,0,,no_phone,No usable seller phone number.,,
jacars-2515824,published,vehicles,vehicles,vehicles,"Honda CR-V 1,5L 2021","JA$ 5,500,000 JA$ 5,900,000",55000005900000,JMD,Kingston,Jamaica,JACars Cars,+18764687764,✔️ Push Start Ignition ✔️1.5L Turbo ✔️ Panoramic Sunroof ✔️ Leather Interior ✔️ Reverse Camera ✔️ Parking Sensors ✔️ Cruise Control ✔️ Steering Controls ✔️ Touchscreen Infotainment System ✔️ Bluetooth Connectivity ✔️ Apple car play ✔️ Dual Zone Climate Control ✔️ Alloy Rims ✔️ LED Headlights ✔️ Power Seats ✔️ Power Truck ✔️ All Wheel Drive ✔️ Dealer Bought & Maintained ✔️ All-weather mats,https://cdn2.jacars.net/media/cache/f7/bc/f7bc1918bca2f50323f78ff4e4391189.webp|https://cdn2.jacars.net/media/cache/40/96/40965084714c6c1f03a829633aa12581.webp|https://cdn2.jacars.net/media/cache/77/c0/77c0e3820dbc6109a9271cac2de5b384.webp|https://cdn2.jacars.net/media/cache/fb/d1/fbd1ef1b17a67fabdf4d1cc1b162f66e.webp,JACars Cars,https://www.jacars.net/adv/2515824_honda-cr-v-1-5l-2021/,2026-08-08T16:00:00.000Z,Honda,CR-V,,2021,used,,,,"{""sourceDate"":""Yesterday"",""sourcePostedAt"":""2026-08-08T16:00:00.000Z"",""parser"":""jacars"",""sourceCategory"":""JACars Cars"",""appSubcategory"":""vehicles"",""imageQuality"":""source_detail_high_resolution"",""imageRefreshSource"":""jacars_gallery_full_api"",""imageRefreshAttemptedAt"":""2026-08-31T15:42:55.415Z"",""imageIntegrityVersion"":""2026-09-06.1"",""imageVerifiedAt"":""2026-09-07T00:05:03.876Z"",""imageSourceUrl"":""https://www.jacars.net/adv/2515824_honda-cr-v-1-5l-2021/""}",active,2026-10-10T20:30:43Z,200,Matching listing has an available source offer,2026-10-10T20:30:43Z,https://www.jacars.net/adv/2515824_honda-cr-v-1-5l-2021/,0,,visible,,,
jacars-2515696,published,vehicles,vehicles,vehicles,"Toyota Raize 1,2L 2023","JA$ 3,950,000",3950000,JMD,Saint Catherine,Jamaica,JACars Cars,+18768604480,"2023 Toyota Raize (Newly Imported)
*Tel#: 8768604480
*Asking $3,850,000.00
*2 Wheel Drive
*Automatic Transmission
*Navigation System
*Reverse Camera
*Powered Windows
*Powered Foldable Mirrors
*Lane Departure Assistance
*Push Button Start
*Handgrip Keyless Entry
*Bumper Lamps
*1.2L Petrol Engine
*Odometer Reading 32,600km
*Free Fitness, Evaluation, 1st Service and a Full Tank of Fuel.",https://cdn2.jacars.net/media/cache/ff/47/ff477ac2f14dc46628c0fe4174f9b6f1.webp|https://cdn2.jacars.net/media/cache/8d/df/8ddf53f854adb2ea26c18b955b05ea2e.webp|https://cdn2.jacars.net/media/cache/25/5d/255dbf4ccda25022cfcd96e4cd545328.webp|https://cdn2.jacars.net/media/cache/11/36/11360e1a39ccc2fa23d31f55842eb7cd.webp,JACars Cars,https://www.jacars.net/adv/2515696_toyota-raize-1-2l-2023/,2026-08-08T16:00:00.000Z,Toyota,Raize,,2023,used,Automatic,,32600,"{""sourceDate"":""Yesterday"",""sourcePostedAt"":""2026-08-08T16:00:00.000Z"",""parser"":""jacars"",""sourceCategory"":""JACars Cars"",""appSubcategory"":""vehicles"",""imageIntegrityVersion"":""2026-10-07.1"",""imageVerifiedAt"":""2026-10-10T21:01:33.387Z"",""imageSourceUrl"":""https://www.jacars.net/adv/2515696_toyota-raize-1-2l-2023/"",""imageRefreshAttemptedAt"":""2026-09-07T16:00:24.048Z"",""imageQuality"":""source_detail_high_resolution"",""imageRefreshSucceededAt"":""2026-09-07T16:00:24.048Z"",""make"":""Toyota"",""model"":""Raize"",""year"":""2023"",""condition"":""used"",""details"":[{""label"":""Make"",""value"":""Toyota""},{""label"":""Model"",""value"":""Raize""},{""label"":""Year"",""value"":""2023""},{""label"":""Condition"",""value"":""used""}],""detailsVersion"":""2026-10-07.3"",""brand"":""Raize"",""transmission"":""Automatic"",""fuel"":""Petrol"",""bodyType"":""Wagon"",""mileageKm"":32600,""detailsSourceUrl"":""https://www.jacars.net/adv/2515696_toyota-raize-1-2l-2023/"",""detailsVerifiedAt"":""2026-10-10T20:45:31.479532+00:00"",""sourceSpecifications"":[{""label"":""Make"",""value"":""Toyota""},{""label"":""Model"",""value"":""Raize""},{""label"":""Year"",""value"":""2023""},{""label"":""Condition"",""value"":""used""}],""listingIdentity"":{""version"":""2026-10-07.1"",""sourceUrl"":""https://www.jacars.net/adv/2515696_toyota-raize-1-2l-2023/"",""title"":""Toyota Raize 1,2L 2023"",""images"":[""https://cdn2.jacars.net/media/cache/ff/47/ff477ac2f14dc46628c0fe4174f9b6f1.webp"",""https://cdn2.jacars.net/media/cache/8d/df/8ddf53f854adb2ea26c18b955b05ea2e.webp"",""https://cdn2.jacars.net/media/cache/25/5d/255dbf4ccda25022cfcd96e4cd545328.webp"",""https://cdn2.jacars.net/media/cache/11/36/11360e1a39ccc2fa23d31f55842eb7cd.webp""],""phones"":[""+18768604480""],""sellerId"":"""",""city"":""Saint Catherine"",""checkedAt"":""2026-10-10T21:01:33.387Z""}}",active,2026-10-10T20:30:43Z,200,Matching listing has an available source offer,2026-10-10T20:30:43Z,https://www.jacars.net/adv/2515696_toyota-raize-1-2l-2023/,0,,visible,,,
jacars-2511221,published,vehicles,vehicles,auto_parts,FRONT GRILLS BIG SALE Toyota Honda Nissan Mitsubishi Suzuki Isuzu Mazda,JA$ 500,500,JMD,Manchester,Jamaica,Zig Zag Auto Parts & Car Sales Limited,+18762354486,"🚨 BIG SALE ON NOW‼️
🔥 FRONT GRILLS AVAILABLE 🔥

Toyota • Honda • Nissan • Mitsubishi • Suzuki • Isuzu • Mazda

💰 Prices Starting From ONLY $500-UP‼️
✅ Genuine Quality Parts
✅ Clean Imports
✅ Durable & Affordable
✅ Limited Stock Available

📍 Zig Zag Auto Parts & Car Sales Ltd.
73 Manchester Road, Mandeville

📞 Call / WhatsApp:
876-873-9901 | 876-235-4486",https://cdn2.jacars.net/media/cache/9a/bd/9abd7972a64640a19e1d433433f59e03.webp|https://cdn2.jacars.net/media/cache/39/9a/399a85b7c65d512f230f8d34fd1ba162.webp|https://cdn2.jacars.net/media/cache/00/47/0047681fb67b2e354f4c661d51339754.webp|https://cdn2.jacars.net/media/cache/9c/09/9c0915e571bb20c7b15f22c8d842ad3c.webp,JACars Car Parts,https://www.jacars.net/adv/2511221_front-grills-big-sale-toyota-honda-nissan-mitsubishi-suzuki-isuzu-mazda/,2026-08-08T16:00:00.000Z,,,,,good,,,,"{""sourceDate"":""Yesterday"",""sourcePostedAt"":""2026-08-08T16:00:00.000Z"",""parser"":""jacars"",""sourceCategory"":""JACars Car Parts"",""appSubcategory"":""auto_parts"",""imageIntegrityVersion"":""2026-10-07.1"",""imageVerifiedAt"":""2026-10-10T21:01:33.387Z"",""imageSourceUrl"":""https://www.jacars.net/adv/2511221_front-grills-big-sale-toyota-honda-nissan-mitsubishi-suzuki-isuzu-mazda/"",""imageRefreshAttemptedAt"":""2026-09-07T16:00:24.048Z"",""imageQuality"":""source_detail_high_resolution"",""imageRefreshSucceededAt"":""2026-09-07T16:00:24.048Z"",""condition"":""good"",""details"":[{""label"":""Condition"",""value"":""good""}],""detailsVersion"":""2026-10-07.3"",""brand"":""Other car brands"",""detailsSourceUrl"":""https://www.jacars.net/adv/2511221_front-grills-big-sale-toyota-honda-nissan-mitsubishi-suzuki-isuzu-mazda/"",""detailsVerifiedAt"":""2026-10-10T20:45:31.479532+00:00"",""sourceSpecifications"":[{""label"":""Condition"",""value"":""good""}],""listingIdentity"":{""version"":""2026-10-07.1"",""sourceUrl"":""https://www.jacars.net/adv/2511221_front-grills-big-sale-toyota-honda-nissan-mitsubishi-suzuki-isuzu-mazda/"",""title"":""FRONT GRILLS BIG SALE Toyota Honda Nissan Mitsubishi Suzuki Isuzu Mazda"",""images"":[""https://cdn2.jacars.net/media/cache/9a/bd/9abd7972a64640a19e1d433433f59e03.webp"",""https://cdn2.jacars.net/media/cache/39/9a/399a85b7c65d512f230f8d34fd1ba162.webp"",""https://cdn2.jacars.net/media/cache/00/47/0047681fb67b2e354f4c661d51339754.webp"",""https://cdn2.jacars.net/media/cache/9c/09/9c0915e571bb20c7b15f22c8d842ad3c.webp""],""phones"":[""+18762354486""],""sellerId"":"""",""city"":""Manchester"",""checkedAt"":""2026-10-10T21:01:33.387Z""}}",active,2026-10-10T20:30:43Z,200,Matching listing has an available source offer,2026-10-10T20:30:43Z,https://www.jacars.net/adv/2511221_front-grills-big-sale-toyota-honda-nissan-mitsubishi-suzuki-isuzu-mazda/,0,,visible,,,
jacars-2510211,rejected,vehicles,vehicles,vehicles,"Toyota Hiace 3,0L 2016",Call for price,0,JMD,Saint Mary,Jamaica,North Coast Auto Sales,+18767904717,2016 TOYOTA HIACE Contact 8767904717,https://cdn2.jacars.net/media/cache/3c/a0/3ca04fd7b2cd15eb609fe0559aef9c2a.webp|https://cdn2.jacars.net/media/cache/2d/15/2d151c96e94287665d8ed231f99abcd0.webp|https://cdn2.jacars.net/media/cache/fb/17/fb17dc36199f530c50416435fb24218c.webp|https://cdn2.jacars.net/media/cache/da/87/da876ec3dbc6c9a822409d6311de2378.webp,JACars Cars,https://www.jacars.net/adv/2510211_toyota-hiace-2-0l-2017/,2026-08-08T16:00:00.000Z,Toyota,Hiace,,2016,used,,,,"{""sourceDate"":""Yesterday"",""sourcePostedAt"":""2026-08-08T16:00:00.000Z"",""parser"":""jacars"",""sourceCategory"":""JACars Cars"",""appSubcategory"":""vehicles""}",unknown,2026-10-10T20:30:43Z,200,Source loaded but the listing identity was not confirmed,,https://www.jacars.net/adv/2510211_toyota-hiace-2-0l-2017/,,,source_unavailable,Source advert API returned HTTP 404 and its detail site blocked verification; held until the listing can be verified again.,,
jacars-2508709,published,vehicles,vehicles,vehicles,"Mercedes-Benz GLC-Class 2,0L 2018","JA$ 3,950,000",3950000,JMD,Saint Catherine,Jamaica,JACars Cars,+18768604480,"2018 Mercedes Benz GLC200 (Newly Imported)
Asking $3,800,000.00
Tel#: 8768604480
*2 Wheel Drive
*Automatic Transmission
*Handgrip Keyless Entry
*Navigation System
*DVD Player
*Reverse Camera
*Automatic Emergency Braking System
*360 Degree All Round Camera System
*All Round Anti-Collision Sensors
*Steering Wheel Volume Control
*Lane Departure Assistance System
*Foldable Powered Mirrors
*Push Button Start
*2L Gas Turbo Charged Engine
*Odometer Reading 92,000km
*Free Evaluation, Fitness, Full Tank of Fuel and 1st Service.",https://cdn2.jacars.net/media/cache/37/02/370294962c3d068aa6aaf5f315915ed3.webp|https://cdn2.jacars.net/media/cache/24/c1/24c1c52b30fe76a6770e838dc01d44a4.webp|https://cdn2.jacars.net/media/cache/7a/6d/7a6de31a500770b05dca84108c8da38b.webp|https://cdn2.jacars.net/media/cache/c2/95/c2955900d9db83aed931393b0f233bbd.webp,JACars Cars,https://www.jacars.net/adv/2508709_mercedes-benz-glc-class-2-0l-2018/,2026-08-08T16:00:00.000Z,Mercedes-Benz,GLC-Class,,2018,used,Automatic,,92000,"{""sourceDate"":""Yesterday"",""sourcePostedAt"":""2026-08-08T16:00:00.000Z"",""parser"":""jacars"",""sourceCategory"":""JACars Cars"",""appSubcategory"":""vehicles"",""imageIntegrityVersion"":""2026-10-07.1"",""imageVerifiedAt"":""2026-10-10T21:01:33.387Z"",""imageSourceUrl"":""https://www.jacars.net/adv/2508709_mercedes-benz-glc-class-2-0l-2018/"",""imageRefreshAttemptedAt"":""2026-09-07T16:00:24.048Z"",""imageQuality"":""source_detail_high_resolution"",""imageRefreshSucceededAt"":""2026-09-07T16:00:24.048Z"",""make"":""Mercedes-Benz"",""model"":""GLC-Class"",""year"":""2018"",""condition"":""used"",""details"":[{""label"":""Make"",""value"":""Mercedes-Benz""},{""label"":""Model"",""value"":""GLC-Class""},{""label"":""Year"",""value"":""2018""},{""label"":""Condition"",""value"":""used""}],""detailsVersion"":""2026-10-07.3"",""brand"":""GLC-Class"",""transmission"":""Automatic"",""fuel"":""Petrol"",""bodyType"":""SUV"",""mileageKm"":92000,""detailsSourceUrl"":""https://www.jacars.net/adv/2508709_mercedes-benz-glc-class-2-0l-2018/"",""detailsVerifiedAt"":""2026-10-10T20:45:31.479532+00:00"",""sourceSpecifications"":[{""label"":""Make"",""value"":""Mercedes-Benz""},{""label"":""Model"",""value"":""GLC-Class""},{""label"":""Year"",""value"":""2018""},{""label"":""Condition"",""value"":""used""}],""listingIdentity"":{""version"":""2026-10-07.1"",""sourceUrl"":""https://www.jacars.net/adv/2508709_mercedes-benz-glc-class-2-0l-2018/"",""title"":""Mercedes-Benz GLC-Class 2,0L 2018"",""images"":[""https://cdn2.jacars.net/media/cache/37/02/370294962c3d068aa6aaf5f315915ed3.webp"",""https://cdn2.jacars.net/media/cache/24/c1/24c1c52b30fe76a6770e838dc01d44a4.webp"",""https://cdn2.jacars.net/media/cache/7a/6d/7a6de31a500770b05dca84108c8da38b.webp"",""https://cdn2.jacars.net/media/cache/c2/95/c2955900d9db83aed931393b0f233bbd.webp""],""phones"":[""+18768604480""],""sellerId"":"""",""city"":""Saint Catherine"",""checkedAt"":""2026-10-10T21:01:33.387Z""}}",active,2026-10-10T20:30:43Z,200,Matching listing has an available source offer,2026-10-10T20:30:43Z,https://www.jacars.net/adv/2508709_mercedes-benz-glc-class-2-0l-2018/,0,,visible,,,
jacars-2506934,published,vehicles,vehicles,auto_parts,1998 Mazda Familia BH Nose Cut..Available,JA$ 1,1,JMD,Manchester,Jamaica,Zig Zag Auto Parts & Car Sales Limited,+18762354486,"🚨 1998 Mazda Familia BH NOSE CUT AVAILABLE 🚨

Japanese Import – Complete Front End Ready to Install! 🔥

✔️ Front Bumper
✔️ Grille
✔️ Radiator Support
✔️ Clean & Solid Condition

📍 73 Manchester Road, Mandeville
📞 Call: 876-873-9901
💬 WhatsApp: 876-235-4486

⚡ First come, first served. Serious buyers only.",https://cdn2.jacars.net/media/cache/97/26/9726792891322262622798281961115b.webp|https://cdn2.jacars.net/media/cache/54/3e/543eaf45039e0345c89173e2bbf4944a.webp,JACars Car Parts,https://www.jacars.net/adv/2506934_1998-mazda-familia-bh-nose-cut-available/,2026-08-08T16:00:00.000Z,,,,1998,good,,,,"{""sourceDate"":""Yesterday"",""sourcePostedAt"":""2026-08-08T16:00:00.000Z"",""parser"":""jacars"",""sourceCategory"":""JACars Car Parts"",""appSubcategory"":""auto_parts"",""imageIntegrityVersion"":""2026-10-07.1"",""imageVerifiedAt"":""2026-10-10T21:01:33.387Z"",""imageSourceUrl"":""https://www.jacars.net/adv/2506934_1998-mazda-familia-bh-nose-cut-available/"",""imageRefreshAttemptedAt"":""2026-09-07T16:00:24.048Z"",""imageQuality"":""source_detail_high_resolution"",""imageRefreshSucceededAt"":""2026-09-07T16:00:24.048Z"",""year"":""1998"",""condition"":""good"",""details"":[{""label"":""Year"",""value"":""1998""},{""label"":""Condition"",""value"":""good""}],""detailsVersion"":""2026-10-07.3"",""brand"":""Mazda"",""detailsSourceUrl"":""https://www.jacars.net/adv/2506934_1998-mazda-familia-bh-nose-cut-available/"",""detailsVerifiedAt"":""2026-10-10T20:45:31.479532+00:00"",""sourceSpecifications"":[{""label"":""Year"",""value"":""1998""},{""label"":""Condition"",""value"":""good""}],""listingIdentity"":{""version"":""2026-10-07.1"",""sourceUrl"":""https://www.jacars.net/adv/2506934_1998-mazda-familia-bh-nose-cut-available/"",""title"":""1998 Mazda Familia BH Nose Cut..Available"",""images"":[""https://cdn2.jacars.net/media/cache/97/26/9726792891322262622798281961115b.webp"",""https://cdn2.jacars.net/media/cache/54/3e/543eaf45039e0345c89173e2bbf4944a.webp""],""phones"":[""+18762354486""],""sellerId"":"""",""city"":""Manchester"",""checkedAt"":""2026-10-10T21:01:33.387Z""}}",active,2026-10-10T20:30:43Z,200,Matching listing has an available source offer,2026-10-10T20:30:43Z,https://www.jacars.net/adv/2506934_1998-mazda-familia-bh-nose-cut-available/,0,,visible,,,
jacars-2506933,published,vehicles,vehicles,auto_parts,1995 Toyota Carina Ed ST202 Nose Cut..Available,JA$ 1,1,JMD,Manchester,Jamaica,Zig Zag Auto Parts & Car Sales Limited,+18762354486,"🚨 1995 Toyota Carina Ed (St202) NOSE CUT AVAILABLE 🚨

Japanese Import – Complete Front End Ready to Install! 🔥

✔️ Front Bumper
✔️ Grille
✔️ Radiator Support
✔️ Clean & Solid Condition

📍 73 Manchester Road, Mandeville
📞 Call: 876-873-9901
💬 WhatsApp: 876-235-4486

⚡ First come, first served. Serious buyers only.",https://cdn2.jacars.net/media/cache/1a/a0/1aa05e6b2f998af74fda8e6ac360fc9b.webp|https://cdn2.jacars.net/media/cache/5b/87/5b87b5702e7248b6f5670c987c0ad415.webp,JACars Car Parts,https://www.jacars.net/adv/2506933_1995-toyota-carina-ed-st202-nose-cut-available/,2026-08-08T16:00:00.000Z,,,,1995,good,,,,"{""sourceDate"":""Yesterday"",""sourcePostedAt"":""2026-08-08T16:00:00.000Z"",""parser"":""jacars"",""sourceCategory"":""JACars Car Parts"",""appSubcategory"":""auto_parts"",""imageIntegrityVersion"":""2026-10-07.1"",""imageVerifiedAt"":""2026-10-10T21:01:33.387Z"",""imageSourceUrl"":""https://www.jacars.net/adv/2506933_1995-toyota-carina-ed-st202-nose-cut-available/"",""imageRefreshAttemptedAt"":""2026-09-07T16:00:24.048Z"",""imageQuality"":""source_detail_high_resolution"",""imageRefreshSucceededAt"":""2026-09-07T16:00:24.048Z"",""year"":""1995"",""condition"":""good"",""details"":[{""label"":""Year"",""value"":""1995""},{""label"":""Condition"",""value"":""good""}],""detailsVersion"":""2026-10-07.3"",""brand"":""Toyota"",""detailsSourceUrl"":""https://www.jacars.net/adv/2506933_1995-toyota-carina-ed-st202-nose-cut-available/"",""detailsVerifiedAt"":""2026-10-10T20:45:31.479532+00:00"",""sourceSpecifications"":[{""label"":""Year"",""value"":""1995""},{""label"":""Condition"",""value"":""good""}],""listingIdentity"":{""version"":""2026-10-07.1"",""sourceUrl"":""https://www.jacars.net/adv/2506933_1995-toyota-carina-ed-st202-nose-cut-available/"",""title"":""1995 Toyota Carina Ed ST202 Nose Cut..Available"",""images"":[""https://cdn2.jacars.net/media/cache/1a/a0/1aa05e6b2f998af74fda8e6ac360fc9b.webp"",""https://cdn2.jacars.net/media/cache/5b/87/5b87b5702e7248b6f5670c987c0ad415.webp""],""phones"":[""+18762354486""],""sellerId"":"""",""city"":""Manchester"",""checkedAt"":""2026-10-10T21:01:33.387Z""}}",active,2026-10-10T20:30:43Z,200,Matching listing has an available source offer,2026-10-10T20:30:43Z,https://www.jacars.net/adv/2506933_1995-toyota-carina-ed-st202-nose-cut-available/,0,,visible,,,
jacars-2503548,published,vehicles,vehicles,auto_parts,6 T 40 transmission,"JA$ 150,000",150000,JMD,Saint Andrew,Jamaica,JACars Car Parts,+18762775810,6T40 Transmission. excelente condition. low milage. fits 6T45 also,https://cdn2.jacars.net/media/cache/9c/d0/9cd0c5fde867dbf67f1dceccf5ac1c21.webp|https://cdn2.jacars.net/media/cache/ab/96/ab96f6ec49c1f5f971ed5640ee58e102.webp|https://cdn2.jacars.net/media/cache/81/7f/817fc9cf11f6cbe692fd323859a579ac.webp|https://cdn2.jacars.net/media/cache/48/bb/48bb277d5420f4676a328986ddc3df86.webp|https://cdn2.jacars.net/media/cache/48/b2/48b2366d3d5bac731f4da3a32b004903.webp|https://cdn2.jacars.net/media/cache/29/71/2971a3f48bc1dda4f76bac93d299bb95.webp|https://cdn2.jacars.net/media/cache/90/80/9080ad49d0dbbfd406b7a08b195859bc.webp|https://cdn2.jacars.net/media/cache/a8/a6/a8a6db0c281e0add04a06970384bed00.webp|https://cdn2.jacars.net/media/cache/8b/7e/8b7eb93e6f17fc6d0a5e995ead172d88.webp,JACars Car Parts,https://www.jacars.net/adv/2503548_six-t-40-transmission/,2026-08-08T16:00:00.000Z,,,,,good,,,,"{""sourceDate"":""Yesterday"",""sourcePostedAt"":""2026-08-08T16:00:00.000Z"",""parser"":""jacars"",""sourceCategory"":""JACars Car Parts"",""appSubcategory"":""auto_parts"",""imageQuality"":""source_detail_high_resolution"",""imageRefreshSource"":""jacars_gallery_full_api"",""imageRefreshAttemptedAt"":""2026-08-31T15:42:55.415Z""}",unknown,2026-10-10T20:30:43Z,200,Source loaded but the listing identity was not confirmed,2026-10-08T04:03:03Z,https://www.jacars.net/adv/2503548_six-t-40-transmission/,0,,visible,,,
jacars-2503247,published,vehicles,vehicles,auto_parts,2003 Mazda Demio Nose Cut Available,JA$ 1,1,JMD,Manchester,Jamaica,Zig Zag Auto Parts & Car Sales Limited,+18762354486,"🚨 2003 Mazda Demio NOSE CUT AVAILABLE 🚨

Japanese Import – Complete Front End Ready to Install! 🔥

✔️ Front Bumper
✔️ Grille
✔️ Radiator Support
✔️ Clean & Solid Condition

📍 73 Manchester Road, Mandeville
📞 Call: 876-873-9901
💬 WhatsApp: 876-235-4486

⚡ First come, first served. Serious buyers only.",https://cdn2.jacars.net/media/cache/98/74/987451900023923dfa0239eb918b809e.webp|https://cdn2.jacars.net/media/cache/86/ec/86ec77d5e38f3fb5eff0e0c6a0a8d313.webp|https://cdn2.jacars.net/media/cache/c6/a7/c6a780ec67f16fe9910950c7141524e8.webp,JACars Car Parts,https://www.jacars.net/adv/2503247_2003-mazda-demio-nise-cut-available/,2026-08-08T16:00:00.000Z,,,,2003,good,,,,"{""sourceDate"":""Yesterday"",""sourcePostedAt"":""2026-08-08T16:00:00.000Z"",""parser"":""jacars"",""sourceCategory"":""JACars Car Parts"",""appSubcategory"":""auto_parts"",""imageIntegrityVersion"":""2026-10-07.1"",""imageVerifiedAt"":""2026-10-10T21:01:33.387Z"",""imageSourceUrl"":""https://www.jacars.net/adv/2503247_2003-mazda-demio-nise-cut-available/"",""imageRefreshAttemptedAt"":""2026-09-07T16:00:24.048Z"",""imageQuality"":""source_detail_high_resolution"",""imageRefreshSucceededAt"":""2026-09-07T16:00:24.048Z"",""year"":""2003"",""condition"":""good"",""details"":[{""label"":""Year"",""value"":""2003""},{""label"":""Condition"",""value"":""good""}],""detailsVersion"":""2026-10-07.3"",""brand"":""Mazda"",""detailsSourceUrl"":""https://www.jacars.net/adv/2503247_2003-mazda-demio-nise-cut-available/"",""detailsVerifiedAt"":""2026-10-10T20:45:31.479532+00:00"",""sourceSpecifications"":[{""label"":""Year"",""value"":""2003""},{""label"":""Condition"",""value"":""good""}],""listingIdentity"":{""version"":""2026-10-07.1"",""sourceUrl"":""https://www.jacars.net/adv/2503247_2003-mazda-demio-nise-cut-available/"",""title"":""2003 Mazda Demio Nose Cut Available"",""images"":[""https://cdn2.jacars.net/media/cache/98/74/987451900023923dfa0239eb918b809e.webp"",""https://cdn2.jacars.net/media/cache/86/ec/86ec77d5e38f3fb5eff0e0c6a0a8d313.webp"",""https://cdn2.jacars.net/media/cache/c6/a7/c6a780ec67f16fe9910950c7141524e8.webp""],""phones"":[""+18762354486""],""sellerId"":"""",""city"":""Manchester"",""checkedAt"":""2026-10-10T21:01:33.387Z""}}",active,2026-10-10T20:30:43Z,200,Matching listing has an available source offer,2026-10-10T20:30:43Z,https://www.jacars.net/adv/2503247_2003-mazda-demio-nise-cut-available/,0,,visible,,,
jacars-2503246,published,vehicles,vehicles,auto_parts,2003 Mitsubishi Airtrek Nose Cut Available,JA$ 1,1,JMD,Manchester,Jamaica,Zig Zag Auto Parts & Car Sales Limited,+18762354486,"🚨 2003 Mitsubishi Airtrek NOSE CUT AVAILABLE 🚨

Japanese Import – Complete Front End Ready to Install! 🔥

✔️ Front Bumper
✔️ Grille
✔️ Radiator Support
✔️ Clean & Solid Condition

📍 73 Manchester Road, Mandeville
📞 Call: 876-873-9901
💬 WhatsApp: 876-235-4486

⚡ First come, first served. Serious buyers only.",https://cdn2.jacars.net/media/cache/50/ae/50ae5beb6c839b93ef1f104be2ae63f3.webp|https://cdn2.jacars.net/media/cache/ea/e3/eae308957cd39e680a8aa7c8ab6962c5.webp|https://cdn2.jacars.net/media/cache/e7/8c/e78c9bd0a1a3f7d963f38af94cf2cfbc.webp,JACars Car Parts,https://www.jacars.net/adv/2503246_2003-mitsubishi-airtrek-nose-cut-available/,2026-08-08T16:00:00.000Z,,,,2003,good,,,,"{""sourceDate"":""Yesterday"",""sourcePostedAt"":""2026-08-08T16:00:00.000Z"",""parser"":""jacars"",""sourceCategory"":""JACars Car Parts"",""appSubcategory"":""auto_parts"",""imageIntegrityVersion"":""2026-10-07.1"",""imageVerifiedAt"":""2026-10-10T21:01:33.387Z"",""imageSourceUrl"":""https://www.jacars.net/adv/2503246_2003-mitsubishi-airtrek-nose-cut-available/"",""imageRefreshAttemptedAt"":""2026-09-07T16:00:24.048Z"",""imageQuality"":""source_detail_high_resolution"",""imageRefreshSucceededAt"":""2026-09-07T16:00:24.048Z"",""year"":""2003"",""condition"":""good"",""details"":[{""label"":""Year"",""value"":""2003""},{""label"":""Condition"",""value"":""good""}],""detailsVersion"":""2026-10-07.3"",""brand"":""Mitsubishi"",""detailsSourceUrl"":""https://www.jacars.net/adv/2503246_2003-mitsubishi-airtrek-nose-cut-available/"",""detailsVerifiedAt"":""2026-10-10T20:45:31.479532+00:00"",""sourceSpecifications"":[{""label"":""Year"",""value"":""2003""},{""label"":""Condition"",""value"":""good""}],""listingIdentity"":{""version"":""2026-10-07.1"",""sourceUrl"":""https://www.jacars.net/adv/2503246_2003-mitsubishi-airtrek-nose-cut-available/"",""title"":""2003 Mitsubishi Airtrek Nose Cut Available"",""images"":[""https://cdn2.jacars.net/media/cache/50/ae/50ae5beb6c839b93ef1f104be2ae63f3.webp"",""https://cdn2.jacars.net/media/cache/ea/e3/eae308957cd39e680a8aa7c8ab6962c5.webp"",""https://cdn2.jacars.net/media/cache/e7/8c/e78c9bd0a1a3f7d963f38af94cf2cfbc.webp""],""phones"":[""+18762354486""],""sellerId"":"""",""city"":""Manchester"",""checkedAt"":""2026-10-10T21:01:33.387Z""}}",active,2026-10-10T20:30:43Z,200,Matching listing has an available source offer,2026-10-10T20:30:43Z,https://www.jacars.net/adv/2503246_2003-mitsubishi-airtrek-nose-cut-available/,0,,visible,,,
jacars-2499864,published,vehicles,vehicles,tires_rims,17 Inch Rims and 4 Lugs..Offset 35,"JA$ 85,000",85000,JMD,Manchester,Jamaica,Zig Zag Auto Parts & Car Sales Limited,+18762354486,"🔥 FOR SALE ‼️ IN STOCK NOW ‼️
17” Rims & 4 Lugs 🔥
Price: $85,000
Size: 17x7.5 | Offset: 35 | P.C.D: 4x100 / 114.3
Color: Black
🆕 Condition: Brand New

📍 Location: 73 Manchester Road, Mandeville
📞 Tel: (876) 873-9901
💬 WhatsApp: (876) 235-4486 for more info",https://cdn2.jacars.net/media/cache/83/0a/830a5ec625e4ed58c2f3a82174878dd7.webp|https://cdn2.jacars.net/media/cache/c1/45/c1453d30a630f474edd008db702f40d7.webp|https://cdn2.jacars.net/media/cache/68/96/6896233be0a354ab287682dd91b16525.webp|https://cdn2.jacars.net/media/cache/01/33/01336774a93a5985d8c0a0216a002294.webp,JACars Tires and Rims,https://www.jacars.net/adv/2499864_17-inch-rims-and-4-lugs-offset-35/,2026-08-08T16:00:00.000Z,,,,,good,,Black,,"{""sourceDate"":""Yesterday"",""sourcePostedAt"":""2026-08-08T16:00:00.000Z"",""parser"":""jacars"",""sourceCategory"":""JACars Tires and Rims"",""appSubcategory"":""tires_rims"",""imageIntegrityVersion"":""2026-10-07.1"",""imageVerifiedAt"":""2026-10-10T21:01:33.387Z"",""imageSourceUrl"":""https://www.jacars.net/adv/2499864_17-inch-rims-and-4-lugs-offset-35/"",""imageRefreshAttemptedAt"":""2026-09-07T16:00:24.048Z"",""imageQuality"":""source_detail_high_resolution"",""imageRefreshSucceededAt"":""2026-09-07T16:00:24.048Z"",""condition"":""good"",""details"":[{""label"":""Condition"",""value"":""good""}],""detailsVersion"":""2026-10-07.3"",""detailsSourceUrl"":""https://www.jacars.net/adv/2499864_17-inch-rims-and-4-lugs-offset-35/"",""detailsVerifiedAt"":""2026-10-10T20:45:31.479532+00:00"",""color"":""Black"",""sourceSpecifications"":[{""label"":""Condition"",""value"":""good""}],""listingIdentity"":{""version"":""2026-10-07.1"",""sourceUrl"":""https://www.jacars.net/adv/2499864_17-inch-rims-and-4-lugs-offset-35/"",""title"":""17 Inch Rims and 4 Lugs..Offset 35"",""images"":[""https://cdn2.jacars.net/media/cache/83/0a/830a5ec625e4ed58c2f3a82174878dd7.webp"",""https://cdn2.jacars.net/media/cache/c1/45/c1453d30a630f474edd008db702f40d7.webp"",""https://cdn2.jacars.net/media/cache/68/96/6896233be0a354ab287682dd91b16525.webp"",""https://cdn2.jacars.net/media/cache/01/33/01336774a93a5985d8c0a0216a002294.webp""],""phones"":[""+18762354486""],""sellerId"":"""",""city"":""Manchester"",""checkedAt"":""2026-10-10T21:01:33.387Z""}}",active,2026-10-10T20:30:43Z,200,Matching listing has an available source offer,2026-10-10T20:30:43Z,https://www.jacars.net/adv/2499864_17-inch-rims-and-4-lugs-offset-35/,0,,visible,,,
jacars-2499635,published,vehicles,vehicles,auto_parts,Universal Racing Bucket Seats Pair - Blue,"JA$ 79,000",79000,JMD,Manchester,Jamaica,Zig Zag Auto Parts & Car Sales Limited,+18762354486,"🔥 BLUE RACING BUCKET SEATS — IN STOCK‼️ 🔥

💲 Price: $79,000 for pair
📦 Brand New
Colour: Blue
🔧 Universal Fit – Fits Most Vehicles

✅ Racing Style
✅ Comfortable & Strong
✅ Easy Installation

📍 Mandeville
📞 876-873-9901
💬 WhatsApp 876-235-4486

Serious buyers only — inbox or call now!",https://cdn2.jacars.net/media/cache/7a/7c/7a7c6e8898f4378f83f5c7a9186848b7.webp|https://cdn2.jacars.net/media/cache/52/1e/521e3df955f9199c8efc0d68a77e625f.webp|https://cdn2.jacars.net/media/cache/a7/3c/a73c089f38e01ee2376b752b11a1ed91.webp|https://cdn2.jacars.net/media/cache/55/24/55242fdfd59e847d6e964002adf547de.webp,JACars Car Accessories,https://www.jacars.net/adv/2499635_universal-racing-bucket-seats-blue/,2026-08-08T16:00:00.000Z,,,,,good,,Blue,,"{""sourceDate"":""Yesterday"",""sourcePostedAt"":""2026-08-08T16:00:00.000Z"",""parser"":""jacars"",""sourceCategory"":""JACars Car Accessories"",""appSubcategory"":""auto_parts"",""imageIntegrityVersion"":""2026-10-07.1"",""imageVerifiedAt"":""2026-10-10T21:01:33.387Z"",""imageSourceUrl"":""https://www.jacars.net/adv/2499635_universal-racing-bucket-seats-blue/"",""imageRefreshAttemptedAt"":""2026-09-07T16:00:24.048Z"",""imageQuality"":""source_detail_high_resolution"",""imageRefreshSucceededAt"":""2026-09-07T16:00:24.048Z"",""condition"":""good"",""details"":[{""label"":""Condition"",""value"":""good""}],""detailsVersion"":""2026-10-07.3"",""detailsSourceUrl"":""https://www.jacars.net/adv/2499635_universal-racing-bucket-seats-blue/"",""detailsVerifiedAt"":""2026-10-10T20:45:31.479532+00:00"",""color"":""Blue"",""sourceSpecifications"":[{""label"":""Condition"",""value"":""good""}],""listingIdentity"":{""version"":""2026-10-07.1"",""sourceUrl"":""https://www.jacars.net/adv/2499635_universal-racing-bucket-seats-blue/"",""title"":""Universal Racing Bucket Seats Pair - Blue"",""images"":[""https://cdn2.jacars.net/media/cache/7a/7c/7a7c6e8898f4378f83f5c7a9186848b7.webp"",""https://cdn2.jacars.net/media/cache/52/1e/521e3df955f9199c8efc0d68a77e625f.webp"",""https://cdn2.jacars.net/media/cache/a7/3c/a73c089f38e01ee2376b752b11a1ed91.webp"",""https://cdn2.jacars.net/media/cache/55/24/55242fdfd59e847d6e964002adf547de.webp""],""phones"":[""+18762354486""],""sellerId"":"""",""city"":""Manchester"",""checkedAt"":""2026-10-10T21:01:33.387Z""}}",active,2026-10-10T20:30:43Z,200,Matching listing has an available source offer,2026-10-10T20:30:43Z,https://www.jacars.net/adv/2499635_universal-racing-bucket-seats-blue/,0,,visible,,,
jacars-2493174,published,vehicles,vehicles,auto_parts,Front Control Arms for Toyota Probox,"JA$ 6,500",6500,JMD,Manchester,Jamaica,Zig Zag Auto Parts & Car Sales Limited,+18762354486,"IN STOCK NOW — FOR SALE‼️
Toyota Probox NCP5# Front Control Arms
Price $6500
Condition: New

📍 Location: 73 Manchester Road, Mandeville
📞 Tel: (876) 873-9901
💬 WhatsApp: (876) 235-4486 for more info",https://cdn2.jacars.net/media/cache/47/cd/47cd426cba214dc5710ecfa80f23c373.webp|https://cdn2.jacars.net/media/cache/e8/8a/e88a19677950cf72076b4af04712938d.webp|https://cdn2.jacars.net/media/cache/eb/43/eb438ae870d3e9ca8b002577b6066900.webp|https://cdn2.jacars.net/media/cache/9c/25/9c25bdc083760858e2e7a9df9d945341.webp,JACars Car Accessories,https://www.jacars.net/adv/2493174_front-control-arms-for-toyota-probox/,2026-08-08T16:00:00.000Z,,,,,good,,,,"{""sourceDate"":""Yesterday"",""sourcePostedAt"":""2026-08-08T16:00:00.000Z"",""parser"":""jacars"",""sourceCategory"":""JACars Car Accessories"",""appSubcategory"":""auto_parts"",""imageIntegrityVersion"":""2026-10-07.1"",""imageVerifiedAt"":""2026-10-10T21:01:33.387Z"",""imageSourceUrl"":""https://www.jacars.net/adv/2493174_front-control-arms-for-toyota-probox/"",""imageRefreshAttemptedAt"":""2026-09-07T16:00:24.048Z"",""imageQuality"":""source_detail_high_resolution"",""imageRefreshSucceededAt"":""2026-09-07T16:00:24.048Z"",""condition"":""good"",""details"":[{""label"":""Condition"",""value"":""good""}],""detailsVersion"":""2026-10-07.3"",""detailsSourceUrl"":""https://www.jacars.net/adv/2493174_front-control-arms-for-toyota-probox/"",""detailsVerifiedAt"":""2026-10-10T20:45:31.479532+00:00"",""sourceSpecifications"":[{""label"":""Condition"",""value"":""good""}],""listingIdentity"":{""version"":""2026-10-07.1"",""sourceUrl"":""https://www.jacars.net/adv/2493174_front-control-arms-for-toyota-probox/"",""title"":""Front Control Arms for Toyota Probox"",""images"":[""https://cdn2.jacars.net/media/cache/47/cd/47cd426cba214dc5710ecfa80f23c373.webp"",""https://cdn2.jacars.net/media/cache/e8/8a/e88a19677950cf72076b4af04712938d.webp"",""https://cdn2.jacars.net/media/cache/eb/43/eb438ae870d3e9ca8b002577b6066900.webp"",""https://cdn2.jacars.net/media/cache/9c/25/9c25bdc083760858e2e7a9df9d945341.webp""],""phones"":[""+18762354486""],""sellerId"":"""",""city"":""Manchester"",""checkedAt"":""2026-10-10T21:01:33.387Z""}}",active,2026-10-10T20:30:43Z,200,Matching listing has an available source offer,2026-10-10T20:30:43Z,https://www.jacars.net/adv/2493174_front-control-arms-for-toyota-probox/,0,,visible,,,
jacars-2493171,published,vehicles,vehicles,auto_parts,Universal Cross Bars,"JA$ 9,000",9000,JMD,Manchester,Jamaica,Zig Zag Auto Parts & Car Sales Limited,+18762354486,"🔥 IN STOCK NOW — FOR SALE‼️🔥
Universal Cross Bars - Brand new
💲 Price: $9,000

Type: Universal Fit

✔️ Strong & Durable
✔️ Fits Most Vehicles
✔️ Easy Installation

📍 Location: 73 Manchester Road, Mandeville
📞 Tel: (876) 873-9901
💬 WhatsApp: (876) 235-4486 for more info",https://cdn2.jacars.net/media/cache/36/d6/36d68f0251bde001922788f949a3ad72.webp|https://cdn2.jacars.net/media/cache/de/e7/dee752815dbab9e9e90fe61905c914cf.webp|https://cdn2.jacars.net/media/cache/5d/e9/5de971f5bb9a52400d12b694d93163b7.webp|https://cdn2.jacars.net/media/cache/66/bb/66bbf95af1a076020149552b3c90237c.webp,JACars Car Accessories,https://www.jacars.net/adv/2493171_universal-cross-bars/,2026-08-08T16:00:00.000Z,,,,,good,,,,"{""sourceDate"":""Yesterday"",""sourcePostedAt"":""2026-08-08T16:00:00.000Z"",""parser"":""jacars"",""sourceCategory"":""JACars Car Accessories"",""appSubcategory"":""auto_parts"",""imageIntegrityVersion"":""2026-10-07.1"",""imageVerifiedAt"":""2026-10-10T21:01:33.387Z"",""imageSourceUrl"":""https://www.jacars.net/adv/2493171_universal-cross-bars/"",""imageRefreshAttemptedAt"":""2026-09-07T16:00:24.048Z"",""imageQuality"":""source_detail_high_resolution"",""imageRefreshSucceededAt"":""2026-09-07T16:00:24.048Z"",""condition"":""good"",""details"":[{""label"":""Condition"",""value"":""good""}],""detailsVersion"":""2026-10-07.3"",""detailsSourceUrl"":""https://www.jacars.net/adv/2493171_universal-cross-bars/"",""detailsVerifiedAt"":""2026-10-10T20:45:31.479532+00:00"",""sourceSpecifications"":[{""label"":""Condition"",""value"":""good""}],""listingIdentity"":{""version"":""2026-10-07.1"",""sourceUrl"":""https://www.jacars.net/adv/2493171_universal-cross-bars/"",""title"":""Universal Cross Bars"",""images"":[""https://cdn2.jacars.net/media/cache/36/d6/36d68f0251bde001922788f949a3ad72.webp"",""https://cdn2.jacars.net/media/cache/de/e7/dee752815dbab9e9e90fe61905c914cf.webp"",""https://cdn2.jacars.net/media/cache/5d/e9/5de971f5bb9a52400d12b694d93163b7.webp"",""https://cdn2.jacars.net/media/cache/66/bb/66bbf95af1a076020149552b3c90237c.webp""],""phones"":[""+18762354486""],""sellerId"":"""",""city"":""Manchester"",""checkedAt"":""2026-10-10T21:01:33.387Z""}}",active,2026-10-10T20:30:43Z,200,Matching listing has an available source offer,2026-10-10T20:30:43Z,https://www.jacars.net/adv/2493171_universal-cross-bars/,0,,visible,,,
jacars-2521906,rejected,marketplace,electronics,phones_accessories,Sealed New Samsung GALAXY S26 Ultra 512 Gb,"JA$ 259,000",259000,JMD,Hanover,Jamaica,JACars Other Mobile Phones,+18764124846,Sealed New Samsung GALAXY S26 Ultra 512 Gb Factory Unlocked,https://cdn2.jacars.net/media/cache/90/0c/900c32bd94c4ec63e203184d05abf569.webp|https://cdn2.jacars.net/media/cache/fe/53/fe538a54e598fe56fd763f1335f41533.webp|https://cdn2.jacars.net/media/cache/46/7b/467bc0eca119b605cab84aee34447f25.webp|https://cdn2.jacars.net/media/cache/84/eb/84ebe3feac648435a3f451228386965c.webp,JACars Other Mobile Phones,https://www.jacars.net/adv/2521906_sealed-new-samsung-galaxy-s26-ultra-512-gb/,2026-08-08T05:26:30.708Z,,,,,new,,,,"{""sourceDate"":""1 day ago"",""sourcePostedAt"":""2026-08-08T05:26:30.708Z"",""parser"":""jacars"",""sourceCategory"":""JACars Other Mobile Phones"",""appSubcategory"":""phones_accessories"",""imageQuality"":""source_detail_high_resolution"",""imageRefreshSource"":""jacars_gallery_full_api"",""imageRefreshAttemptedAt"":""2026-08-31T15:42:55.415Z"",""imageIntegrityVersion"":""2026-09-16.1"",""imageVerifiedAt"":""2026-09-16T13:38:36.578Z"",""imageSourceUrl"":""https://www.jacars.net/adv/2521906_sealed-new-samsung-galaxy-s26-ultra-512-gb/""}",gone,2026-10-10T20:30:43Z,404,Exact source URL returned HTTP 404,,https://www.jacars.net/adv/2521906_sealed-new-samsung-galaxy-s26-ultra-512-gb/,20,2026-10-10T20:30:43Z,source_unavailable,Source advert API returned HTTP 404 and its detail site blocked verification; held until the listing can be verified again.,,
jacars-2521908,rejected,marketplace,other,tools_equipment,GASOLINE GENERATOR AND 16 INCH CONCRETE SAW,JA$ 470,470,JMD,Saint Elizabeth,Jamaica,JACars Tools,+18763612264,"WhatsApp number 8768080650 Gasoline Starting Watts: 11,250 Gasoline Running Watts: 9,000 Engine: 4-stroke, 458cc OHV Start Type: Wireless Remote, Electric Outlets: Two (2) 120V 20A GFCI protected duplex household outlets (5-20R), a 120/240V 30A locking outlet (L14-30R) and a 120/240V 37.5A outlet (14-50R Fuel Tank: 7.70 gallons Run Time at Half Load: Up to 10 hours Other .....price $350,000 Electric Concrete Saw, 16 in, 3200 W Motor with Adjustable Cutting Depth up to 6 in, Wet Cutting Circular Saw with Water Line, Pump, and Blade for Stone and Brick PRICE $ 120,000",https://cdn2.jacars.net/media/cache/83/87/8387b11f9ff79078055e9920eb872975.webp|https://cdn2.jacars.net/media/cache/62/2a/622a5861e50d14251b27953d1b0c3b04.webp|https://cdn2.jacars.net/media/cache/de/0a/de0afae26f7c5762157716926c5af9a0.webp|https://cdn2.jacars.net/media/cache/8a/94/8a9478fa2ea9579a871eb969c01ebe0c.webp|https://cdn2.jacars.net/media/cache/4b/8c/4b8c8f47f2b413b6d4e17e34e727b703.webp,JACars Tools,https://www.jacars.net/adv/2521908_gasoline-generator-and-16-inch-concrete-saw/,2026-08-08T05:26:30.698Z,,,,,good,,,,"{""sourceDate"":""1 day ago"",""sourcePostedAt"":""2026-08-08T05:26:30.698Z"",""parser"":""jacars"",""sourceCategory"":""JACars Tools"",""appSubcategory"":""auto_parts"",""imageQuality"":""source_detail_high_resolution"",""imageRefreshSource"":""jacars_gallery_full_api"",""imageRefreshAttemptedAt"":""2026-08-31T15:42:55.415Z""}",gone,2026-10-10T20:30:43Z,404,Exact source URL returned HTTP 404,,https://www.jacars.net/adv/2521908_gasoline-generator-and-16-inch-concrete-saw/,20,2026-10-10T20:30:43Z,source_unavailable,Source advert API returned HTTP 404 and its detail site blocked verification; held until the listing can be verified again.,,
jacars-2521935,rejected,vehicles,vehicles,vehicles,"Honda Fit Shuttle 1,5L 2019","JA$ 1,850,000",1850000,JMD,Saint Catherine,Jamaica,JACars Cars,+187650796XX,Still in a very good condition except for the damages shown. You can contact me if you are serious for further details.,https://cdn2.jacars.net/media/cache/d1/b0/d1b0aed680ff95610bb872c6c264371b.webp|https://cdn2.jacars.net/media/cache/db/64/db64ec575dfd4a5846a6eeed86218731.webp|https://cdn2.jacars.net/media/cache/55/0e/550ece78542d40af2bae3835a4898438.webp|https://cdn2.jacars.net/media/cache/a2/d3/a2d316b939a7bbe820c86521023b72a3.webp,JACars Cars,https://www.jacars.net/adv/2521935_honda-fit-shuttle-1-5l-2019/,2026-08-08T05:26:30.677Z,Honda,Fit Shuttle,,2019,used,,,,"{""sourceDate"":""1 day ago"",""sourcePostedAt"":""2026-08-08T05:26:30.677Z"",""parser"":""jacars"",""sourceCategory"":""JACars Cars"",""appSubcategory"":""vehicles"",""imageQuality"":""source_detail_high_resolution"",""imageRefreshSource"":""jacars_gallery_full_api"",""imageRefreshAttemptedAt"":""2026-08-31T15:42:55.415Z"",""imageIntegrityVersion"":""2026-09-06.1"",""imageVerifiedAt"":""2026-09-07T00:05:03.876Z"",""imageSourceUrl"":""https://www.jacars.net/adv/2521935_honda-fit-shuttle-1-5l-2019/""}",gone,2026-10-10T20:30:43Z,404,Exact source URL returned HTTP 404,,https://www.jacars.net/adv/2521935_honda-fit-shuttle-1-5l-2019/,20,2026-10-10T20:30:43Z,no_phone,No usable seller phone number.,,
jacars-2521902,published,marketplace,clothing,other,FITNESS KLOSET - ONLINE GYM APPAREL STORE,"JA$ 6,000",6000,JMD,Kingston,Jamaica,JACars Other Clothes Footwear Accessories,+18767962726,"💖 NEW ARRIVALS ARE HERE! 💖 Your favorite authentic gym brands are now available at Fitness Kloset! 🔥 From matching sets to sports bras, tops, and leggings, we’ve got everything you need to look good while crushing your fitness goals. ✨ Sets – JMD $6,500 ✨ Tops – JMD $3,500 ✨ Bottoms – JMD $4,000 ✨ Sports Bras – JMD $3,000–$4,000 🏃‍♀️ Authentic brands including Nike, Puma, Adidas & more. ⚠️ Limited pieces available — once they’re gone, they’re gone! 📩 Order via DM @fitnesskloset 📱 WhatsApp: 1 (876) 340-1503 #FitnessKloset #GymWearJamaica #ActivewearJA #JamaicaFitness #GymStyle #NikeJA #PumaJA #AdidasJA #WorkoutReady #ShopLocalJA",https://cdn2.jacars.net/media/cache/4a/23/4a2313c30e21905e814bbefb0df0fe5e.webp|https://cdn2.jacars.net/media/cache/b2/b1/b2b158ee9a54e882c68fa23a0c25c47f.webp|https://cdn2.jacars.net/media/cache/75/72/7572a8336dbf6ef35467262a4d639d56.webp,JACars Other Clothes Footwear Accessories,https://www.jacars.net/adv/2521902_fitness-kloset-online-gym-apparel-store/,2026-08-07T05:26:30.711Z,,,,,good,,,,"{""sourceDate"":""2 days ago"",""sourcePostedAt"":""2026-08-07T05:26:30.711Z"",""parser"":""jacars"",""sourceCategory"":""JACars Other Clothes Footwear Accessories"",""appSubcategory"":""accessories"",""imageQuality"":""source_detail_high_resolution"",""imageRefreshSource"":""jacars_gallery_full_api"",""imageRefreshAttemptedAt"":""2026-08-31T15:42:55.415Z"",""imageIntegrityVersion"":""2026-09-06.1"",""imageVerifiedAt"":""2026-09-07T00:05:03.876Z"",""imageSourceUrl"":""https://www.jacars.net/adv/2521902_fitness-kloset-online-gym-apparel-store/""}",unknown,2026-10-10T20:30:43Z,200,Source loaded but the listing identity was not confirmed,2026-10-07T04:00:45Z,https://www.jacars.net/adv/2521902_fitness-kloset-online-gym-apparel-store/,0,,visible,,,
jacars-2502967,published,vehicles,vehicles,auto_parts,Nissan Lafesta B30 Nose Cuts Available,JA$ 1,1,JMD,Manchester,Jamaica,Zig Zag Auto Parts & Car Sales Limited,+18762354486,"🚨 Nissan Lafesta B30 NOSE CUT AVAILABLE 🚨

Japanese Import – Complete Front End Ready to Install! 🔥

✔️ Front Bumper
✔️ Grille
✔️ Radiator Support
✔️ Clean & Solid Condition

📍 73 Manchester Road, Mandeville
📞 Call: 876-873-9901
💬 WhatsApp: 876-235-4486

⚡ First come, first served. Serious buyers only.",https://cdn2.jacars.net/media/cache/86/6c/866c61b2cf166ab99e8ca104c4bb0348.webp|https://cdn2.jacars.net/media/cache/a9/4e/a94e338e82621c97216f71c64e92078e.webp|https://cdn2.jacars.net/media/cache/36/fc/36fc44d02e7912308e4ae688bf41ee73.webp|https://cdn2.jacars.net/media/cache/2c/02/2c02a4c4b51e16b954b53ab86b77c255.webp,JACars Other Car Parts,https://www.jacars.net/adv/2502967_nissan-lafesta-b30-nose-cut-available/,2026-08-07T05:26:30.696Z,,,,,good,,,,"{""sourceDate"":""2 days ago"",""sourcePostedAt"":""2026-08-07T05:26:30.696Z"",""parser"":""jacars"",""sourceCategory"":""JACars Other Car Parts"",""appSubcategory"":""auto_parts"",""imageIntegrityVersion"":""2026-10-07.1"",""imageVerifiedAt"":""2026-10-10T21:01:33.387Z"",""imageSourceUrl"":""https://www.jacars.net/adv/2502967_nissan-lafesta-b30-nose-cut-available/"",""imageRefreshAttemptedAt"":""2026-09-07T16:00:24.048Z"",""imageQuality"":""source_detail_high_resolution"",""imageRefreshSucceededAt"":""2026-09-07T16:00:24.048Z"",""condition"":""good"",""details"":[{""label"":""Condition"",""value"":""good""}],""detailsVersion"":""2026-10-07.3"",""detailsSourceUrl"":""https://www.jacars.net/adv/2502967_nissan-lafesta-b30-nose-cut-available/"",""detailsVerifiedAt"":""2026-10-10T20:45:31.479532+00:00"",""sourceSpecifications"":[{""label"":""Condition"",""value"":""good""}],""listingIdentity"":{""version"":""2026-10-07.1"",""sourceUrl"":""https://www.jacars.net/adv/2502967_nissan-lafesta-b30-nose-cut-available/"",""title"":""Nissan Lafesta B30 Nose Cuts Available"",""images"":[""https://cdn2.jacars.net/media/cache/86/6c/866c61b2cf166ab99e8ca104c4bb0348.webp"",""https://cdn2.jacars.net/media/cache/a9/4e/a94e338e82621c97216f71c64e92078e.webp"",""https://cdn2.jacars.net/media/cache/36/fc/36fc44d02e7912308e4ae688bf41ee73.webp"",""https://cdn2.jacars.net/media/cache/2c/02/2c02a4c4b51e16b954b53ab86b77c255.webp""],""phones"":[""+18762354486""],""sellerId"":"""",""city"":""Manchester"",""checkedAt"":""2026-10-10T21:01:33.387Z""}}",active,2026-10-10T20:30:43Z,200,Matching listing has an available source offer,2026-10-10T20:30:43Z,https://www.jacars.net/adv/2502967_nissan-lafesta-b30-nose-cut-available/,0,,visible,,,
jacars-2493041,published,vehicles,vehicles,auto_parts,Fender Side Parts - Toyota Nissan Honda BMW Mitsubishi Suzuki,JA$ 1,1,JMD,Manchester,Jamaica,Zig Zag Auto Parts & Car Sales Limited,+18768739901,"🔥 FOR SALE – Fender Side Parts! 🔥

Fits: Toyota, Nissan, Honda, BMW, Mitsubishi, Suzuki
(Genuine - New Import 🇯🇵)

📍 Location: 73 Manchester Road, Mandeville
📞 Tel: (876) 873-9901
💬 WhatsApp: (876) 235-4486

Available now – get yours while stocks last! 🚗",https://cdn2.jacars.net/media/cache/24/5a/245a09059871a5144a60f47f1b86d58c.webp|https://cdn2.jacars.net/media/cache/dc/60/dc60ed63c51ba3d9b3e7d586c0216e3a.webp|https://cdn2.jacars.net/media/cache/65/8b/658bd8d89fc9cfe63221549639d3a94c.webp|https://cdn2.jacars.net/media/cache/7e/eb/7eeb2c532839009e6f0ac1603bb30f5c.webp,JACars Other Car Parts,https://www.jacars.net/adv/2493041_fender-side-parts-toyota-nissan-honda-bmw-mitsubishi-suzuki/,2026-08-07T05:26:30.696Z,,,,,good,,,,"{""sourceDate"":""2 days ago"",""sourcePostedAt"":""2026-08-07T05:26:30.696Z"",""parser"":""jacars"",""sourceCategory"":""JACars Other Car Parts"",""appSubcategory"":""auto_parts"",""imageIntegrityVersion"":""2026-10-07.1"",""imageVerifiedAt"":""2026-10-10T21:01:33.387Z"",""imageSourceUrl"":""https://www.jacars.net/adv/2493041_fender-side-parts-toyota-nissan-honda-bmw-mitsubishi-suzuki/"",""imageRefreshAttemptedAt"":""2026-09-07T16:00:24.048Z"",""imageQuality"":""source_detail_high_resolution"",""imageRefreshSucceededAt"":""2026-09-07T16:00:24.048Z"",""condition"":""good"",""details"":[{""label"":""Condition"",""value"":""good""}],""detailsVersion"":""2026-10-07.3"",""detailsSourceUrl"":""https://www.jacars.net/adv/2493041_fender-side-parts-toyota-nissan-honda-bmw-mitsubishi-suzuki/"",""detailsVerifiedAt"":""2026-10-10T20:45:31.479532+00:00"",""sourceSpecifications"":[{""label"":""Condition"",""value"":""good""}],""listingIdentity"":{""version"":""2026-10-07.1"",""sourceUrl"":""https://www.jacars.net/adv/2493041_fender-side-parts-toyota-nissan-honda-bmw-mitsubishi-suzuki/"",""title"":""Fender Side Parts - Toyota Nissan Honda BMW Mitsubishi Suzuki"",""images"":[""https://cdn2.jacars.net/media/cache/24/5a/245a09059871a5144a60f47f1b86d58c.webp"",""https://cdn2.jacars.net/media/cache/dc/60/dc60ed63c51ba3d9b3e7d586c0216e3a.webp"",""https://cdn2.jacars.net/media/cache/65/8b/658bd8d89fc9cfe63221549639d3a94c.webp"",""https://cdn2.jacars.net/media/cache/7e/eb/7eeb2c532839009e6f0ac1603bb30f5c.webp""],""phones"":[""+18768739901""],""sellerId"":"""",""city"":""Manchester"",""checkedAt"":""2026-10-10T21:01:33.387Z""}}",active,2026-10-10T20:30:43Z,200,Matching listing has an available source offer,2026-10-10T20:30:43Z,https://www.jacars.net/adv/2493041_fender-side-parts-toyota-nissan-honda-bmw-mitsubishi-suzuki/,0,,visible,,,
jacars-2510939,published,vehicles,vehicles,tires_rims,15 Inch Rims and 5 Lugs,"JA$ 55,000",55000,JMD,Manchester,Jamaica,Zig Zag Auto Parts & Car Sales Limited,+18762354486,"DEAL SALE ON NOW‼️

🔥 FOR SALE ‼️ IN STOCK NOW ‼️
15” Rims & 5 Lugs 🔥
Price: $55,000
Size: 15X6.5| Offset: 35 | P.C.D: 5x100 / 114.3
Color: Matt Gun metal
🆕 Condition: Brand New

📍 Location: 73 Manchester Road, Mandeville
📞 Tel: (876) 873-9901
💬 WhatsApp: (876) 235-4486 for more info",https://cdn2.jacars.net/media/cache/79/27/79273d5ef3afba94af4ff7dda51d95e8.webp|https://cdn2.jacars.net/media/cache/71/ac/71ac7a01e5186bf624b9349e07eba17e.webp|https://cdn2.jacars.net/media/cache/e3/3b/e33b1c04338558e907b2f9d3d96d4f57.webp,JACars Tires and Rims,https://www.jacars.net/adv/2510939_15-inch-rims-and-5-lugs/,2026-08-07T05:26:30.689Z,,,,,good,,Matt Gun metal,,"{""sourceDate"":""2 days ago"",""sourcePostedAt"":""2026-08-07T05:26:30.689Z"",""parser"":""jacars"",""sourceCategory"":""JACars Tires and Rims"",""appSubcategory"":""tires_rims"",""imageIntegrityVersion"":""2026-10-07.1"",""imageVerifiedAt"":""2026-10-10T21:01:33.387Z"",""imageSourceUrl"":""https://www.jacars.net/adv/2510939_15-inch-rims-and-5-lugs/"",""imageRefreshAttemptedAt"":""2026-09-07T16:00:24.048Z"",""imageQuality"":""source_detail_high_resolution"",""imageRefreshSucceededAt"":""2026-09-07T16:00:24.048Z"",""condition"":""good"",""details"":[{""label"":""Condition"",""value"":""good""}],""detailsVersion"":""2026-10-07.3"",""detailsSourceUrl"":""https://www.jacars.net/adv/2510939_15-inch-rims-and-5-lugs/"",""detailsVerifiedAt"":""2026-10-10T20:45:31.479532+00:00"",""color"":""Matt Gun metal"",""sourceSpecifications"":[{""label"":""Condition"",""value"":""good""}],""listingIdentity"":{""version"":""2026-10-07.1"",""sourceUrl"":""https://www.jacars.net/adv/2510939_15-inch-rims-and-5-lugs/"",""title"":""15 Inch Rims and 5 Lugs"",""images"":[""https://cdn2.jacars.net/media/cache/79/27/79273d5ef3afba94af4ff7dda51d95e8.webp"",""https://cdn2.jacars.net/media/cache/71/ac/71ac7a01e5186bf624b9349e07eba17e.webp"",""https://cdn2.jacars.net/media/cache/e3/3b/e33b1c04338558e907b2f9d3d96d4f57.webp""],""phones"":[""+18762354486""],""sellerId"":"""",""city"":""Manchester"",""checkedAt"":""2026-10-10T21:01:33.387Z""}}",active,2026-10-10T20:30:43Z,200,Matching listing has an available source offer,2026-10-10T20:30:43Z,https://www.jacars.net/adv/2510939_15-inch-rims-and-5-lugs/,0,,visible,,,
jacars-2510935,rejected,vehicles,vehicles,tires_rims,15 Inch Rims and 4 Lugs..Brand New,"JA$ 55,000",55000,JMD,Manchester,Jamaica,Zig Zag Auto Parts & Car Sales Limited,+18762354486,"DEAL SALE ON NOW‼️ 🔥 FOR SALE ‼️ IN STOCK NOW ‼️ 15” Rims & 4 Lugs 🔥 Price: $55,000 Size: 15X8.25 | Offset: 0mm | P.C.D: 4x100 / 114.3 Color: Gold 🆕 Condition: Brand New 📍 Location: 73 Manchester Road, Mandeville 📞 Tel: (876) 873-9901 💬 WhatsApp: (876) 235-4486 for more info",https://cdn2.jacars.net/media/cache/4f/e8/4fe89552d46f3637b80dbd229c3008c0.webp|https://cdn2.jacars.net/media/cache/e2/8e/e28ef9e35640849b8ccc8204cb6d0d7f.webp,JACars Tires and Rims,https://www.jacars.net/adv/2510935_15-inch-rims-and-4-lugs-brand-new/,2026-08-07T05:26:30.689Z,,,,,new,,,,"{""sourceDate"":""2 days ago"",""sourcePostedAt"":""2026-08-07T05:26:30.689Z"",""parser"":""jacars"",""sourceCategory"":""JACars Tires and Rims"",""appSubcategory"":""tires_rims"",""imageQuality"":""source_detail_high_resolution"",""imageRefreshSource"":""jacars_gallery_full_api"",""imageRefreshAttemptedAt"":""2026-08-31T15:42:55.415Z""}",gone,2026-10-10T20:30:43Z,404,Exact source URL returned HTTP 404,,https://www.jacars.net/adv/2510935_15-inch-rims-and-4-lugs-brand-new/,20,2026-10-10T20:30:43Z,source_unavailable,Source advert API returned HTTP 404 and its detail site blocked verification; held until the listing can be verified again.,,
jacars-2510934,published,vehicles,vehicles,tires_rims,15 Inch Rims and 6 Lugs..Brand New,"JA$ 75,000",75000,JMD,Manchester,Jamaica,Zig Zag Auto Parts & Car Sales Limited,+18762354486,"🚨NEW ARRIVAL🚨
🔥 FOR SALE ‼️ IN STOCK NOW ‼️
15” Rims & 6 Lugs 🔥
Price: $78,000
Size: 15x8 | Offset: 0mm | P.C.D: 6X139.7
Color: Matt black
🆕 Condition: Brand New

📍 Location: 73 Manchester Road, Mandeville
📞 Tel: (876) 873-9901
💬 WhatsApp: (876) 235-4486 for more info",https://cdn2.jacars.net/media/cache/b5/d6/b5d6f167fa493827437e39e3e78811b3.webp|https://cdn2.jacars.net/media/cache/8b/c3/8bc365e362edd94436ba5ab3a8744f28.webp|https://cdn2.jacars.net/media/cache/84/e7/84e73bb28fec0c4886b60972a10c299b.webp,JACars Tires and Rims,https://www.jacars.net/adv/2510934_15-inch-rims-and-6-lugs-brand-new/,2026-08-07T05:26:30.689Z,,,,,new,,Matt black,,"{""sourceDate"":""2 days ago"",""sourcePostedAt"":""2026-08-07T05:26:30.689Z"",""parser"":""jacars"",""sourceCategory"":""JACars Tires and Rims"",""appSubcategory"":""tires_rims"",""imageIntegrityVersion"":""2026-10-07.1"",""imageVerifiedAt"":""2026-10-10T21:01:33.387Z"",""imageSourceUrl"":""https://www.jacars.net/adv/2510934_15-inch-rims-and-6-lugs-brand-new/"",""imageRefreshAttemptedAt"":""2026-09-11T16:00:24.047Z"",""imageQuality"":""source_detail_high_resolution"",""imageRefreshSucceededAt"":""2026-09-11T16:00:24.047Z"",""condition"":""new"",""details"":[{""label"":""Condition"",""value"":""new""}],""detailsVersion"":""2026-10-07.3"",""detailsSourceUrl"":""https://www.jacars.net/adv/2510934_15-inch-rims-and-6-lugs-brand-new/"",""detailsVerifiedAt"":""2026-10-10T20:45:31.479532+00:00"",""color"":""Matt black"",""sourceSpecifications"":[{""label"":""Condition"",""value"":""new""}],""listingIdentity"":{""version"":""2026-10-07.1"",""sourceUrl"":""https://www.jacars.net/adv/2510934_15-inch-rims-and-6-lugs-brand-new/"",""title"":""15 Inch Rims and 6 Lugs..Brand New"",""images"":[""https://cdn2.jacars.net/media/cache/b5/d6/b5d6f167fa493827437e39e3e78811b3.webp"",""https://cdn2.jacars.net/media/cache/8b/c3/8bc365e362edd94436ba5ab3a8744f28.webp"",""https://cdn2.jacars.net/media/cache/84/e7/84e73bb28fec0c4886b60972a10c299b.webp""],""phones"":[""+18762354486""],""sellerId"":"""",""city"":""Manchester"",""checkedAt"":""2026-10-10T21:01:33.387Z""}}",active,2026-10-10T20:30:43Z,200,Matching listing has an available source offer,2026-10-10T20:30:43Z,https://www.jacars.net/adv/2510934_15-inch-rims-and-6-lugs-brand-new/,0,,visible,,,
jacars-2406520,published,vehicles,vehicles,auto_parts,Toyota Wish ZGE20 Genuine Rear Garnish Panel,"JA$ 10,000 JA$ 14,500",1000014500,JMD,Saint Catherine,Jamaica,JACars Car Accessories,+18763509060,2012 Toyota Wish ZGE20 Genuine Rear Garnish Panel,https://cdn2.jacars.net/media/cache/2c/15/2c15f4235de03747ebd4f14038bd30de.webp,JACars Car Accessories,https://www.jacars.net/adv/2406520_2012-toyota-wish-zge20-genuine-rear-garnish-panel/,2026-08-07T05:26:30.686Z,,,,2012,good,,,,"{""sourceDate"":""2 days ago"",""sourcePostedAt"":""2026-08-07T05:26:30.686Z"",""parser"":""jacars"",""sourceCategory"":""JACars Car Accessories"",""appSubcategory"":""auto_parts"",""imageQuality"":""source_detail_high_resolution"",""imageRefreshSource"":""jacars_gallery_full_api"",""imageRefreshAttemptedAt"":""2026-08-31T15:42:55.415Z"",""imageIntegrityVersion"":""2026-09-16.1"",""imageVerifiedAt"":""2026-09-16T13:38:36.578Z"",""imageSourceUrl"":""https://www.jacars.net/adv/2406520_2012-toyota-wish-zge20-genuine-rear-garnish-panel/""}",active,2026-10-10T20:30:43Z,200,Matching listing has an available source offer,2026-10-10T20:30:43Z,https://www.jacars.net/adv/2406520_2012-toyota-wish-zge20-genuine-rear-garnish-panel/,0,,visible,,,
jacars-2403351,published,vehicles,vehicles,auto_parts,Nissan T32 X-Trail Genuine Door Mirror Left and Right Set,JA$ 1,1,JMD,Saint Catherine,Jamaica,JACars Car Parts,+18763509060,New unused item Nissan genuine T32 X-Trail Door mirror with blinker left and right set No camera 2013-2017 pin 9,https://cdn2.jacars.net/media/cache/03/68/0368e257e37da7b4a8b5dae59946e696.webp,JACars Car Parts,https://www.jacars.net/adv/2403351_nissan-t32-x-trail-genuine-door-mirror-left-and-right-set/,2026-08-07T05:26:30.684Z,,,,,good,,,,"{""sourceDate"":""2 days ago"",""sourcePostedAt"":""2026-08-07T05:26:30.684Z"",""parser"":""jacars"",""sourceCategory"":""JACars Car Parts"",""appSubcategory"":""auto_parts"",""imageQuality"":""source_detail_high_resolution"",""imageRefreshSource"":""jacars_gallery_full_api"",""imageRefreshAttemptedAt"":""2026-08-31T15:42:55.415Z"",""imageIntegrityVersion"":""2026-09-06.1"",""imageVerifiedAt"":""2026-09-07T00:05:03.876Z"",""imageSourceUrl"":""https://www.jacars.net/adv/2403351_nissan-t32-x-trail-genuine-door-mirror-left-and-right-set/""}",active,2026-10-10T20:30:43Z,200,Matching listing has an available source offer,2026-10-10T20:30:43Z,https://www.jacars.net/adv/2403351_nissan-t32-x-trail-genuine-door-mirror-left-and-right-set/,0,,visible,,,
jacars-2403348,published,vehicles,vehicles,auto_parts,Honda GP5 Fit Hybrid Genuine Right Door Mirror,JA$ 40,40,JMD,Saint Catherine,Jamaica,JACars Car Parts,+18763509060,Fit Hybrid GP5 Pearl Series genuine right door mirror 9Pin 2013-,https://cdn2.jacars.net/media/cache/1a/62/1a624a76f02338b3eae2ba3176a2e826.webp,JACars Car Parts,https://www.jacars.net/adv/2403348_2015-honda-gp5-fit-hybrid-genuine-right-door-mirror/,2026-08-07T05:26:30.684Z,,,,,good,,,,"{""sourceDate"":""2 days ago"",""sourcePostedAt"":""2026-08-07T05:26:30.684Z"",""parser"":""jacars"",""sourceCategory"":""JACars Car Parts"",""appSubcategory"":""auto_parts"",""imageQuality"":""source_detail_high_resolution"",""imageRefreshSource"":""jacars_gallery_full_api"",""imageRefreshAttemptedAt"":""2026-08-31T15:42:55.415Z"",""imageIntegrityVersion"":""2026-09-06.1"",""imageVerifiedAt"":""2026-09-07T00:05:03.876Z"",""imageSourceUrl"":""https://www.jacars.net/adv/2403348_2015-honda-gp5-fit-hybrid-genuine-right-door-mirror/""}",active,2026-10-10T20:30:43Z,200,Matching listing has an available source offer,2026-10-10T20:30:43Z,https://www.jacars.net/adv/2403348_2015-honda-gp5-fit-hybrid-genuine-right-door-mirror/,0,,visible,,,
jacars-2403345,published,vehicles,vehicles,auto_parts,Honda CR-V Genuine Electric Right Door Mirror,JA$ 1,1,JMD,Saint Catherine,Jamaica,JACars Car Parts,+18763509060,CR-V RM1 genuine electric storage right mirror pin9 2011-2016,https://cdn2.jacars.net/media/cache/0c/87/0c87cad825fe909049b84a72e067cd4d.webp|https://cdn2.jacars.net/media/cache/fb/ab/fbab3e57dd08393c76801d2fc9a4d935.webp,JACars Car Parts,https://www.jacars.net/adv/2403345_honda-cr-v-genuine-electric-right-door-mirror/,2026-08-07T05:26:30.684Z,,,,,good,,,,"{""sourceDate"":""2 days ago"",""sourcePostedAt"":""2026-08-07T05:26:30.684Z"",""parser"":""jacars"",""sourceCategory"":""JACars Car Parts"",""appSubcategory"":""auto_parts"",""imageQuality"":""source_detail_high_resolution"",""imageRefreshSource"":""jacars_gallery_full_api"",""imageRefreshAttemptedAt"":""2026-08-31T15:42:55.415Z"",""imageIntegrityVersion"":""2026-09-06.1"",""imageVerifiedAt"":""2026-09-07T00:05:03.876Z"",""imageSourceUrl"":""https://www.jacars.net/adv/2403345_honda-cr-v-genuine-electric-right-door-mirror/""}",active,2026-10-10T20:30:43Z,200,Matching listing has an available source offer,2026-10-10T20:30:43Z,https://www.jacars.net/adv/2403345_honda-cr-v-genuine-electric-right-door-mirror/,0,,visible,,,
jacars-2396679,published,vehicles,vehicles,auto_parts,Toyota Crown Royal GRS180 Genuine Left Headlight,JA$ 1,1,JMD,Saint Catherine,Jamaica,JACars Car Parts,+18763509060,Crown Royal GRS180 genuine left headlight STANLEY 30-301 2005-2008,https://cdn2.jacars.net/media/cache/62/44/6244c3b267c4b3d90daeadbd4ec8fd9b.webp,JACars Car Parts,https://www.jacars.net/adv/2396679_toyota-crown-royal-grs180-genuine-left-headlight/,2026-08-07T05:26:30.684Z,,,,,good,,,,"{""sourceDate"":""2 days ago"",""sourcePostedAt"":""2026-08-07T05:26:30.684Z"",""parser"":""jacars"",""sourceCategory"":""JACars Car Parts"",""appSubcategory"":""auto_parts"",""imageQuality"":""source_detail_high_resolution"",""imageRefreshSource"":""jacars_gallery_full_api"",""imageRefreshAttemptedAt"":""2026-08-31T15:42:55.415Z"",""imageIntegrityVersion"":""2026-09-06.1"",""imageVerifiedAt"":""2026-09-07T00:05:03.876Z"",""imageSourceUrl"":""https://www.jacars.net/adv/2396679_toyota-crown-royal-grs180-genuine-left-headlight/""}",active,2026-10-10T20:30:43Z,200,Matching listing has an available source offer,2026-10-10T20:30:43Z,https://www.jacars.net/adv/2396679_toyota-crown-royal-grs180-genuine-left-headlight/,0,,visible,,,
jacars-2385279,published,vehicles,vehicles,auto_parts,Toyota Voxy Noah ZRR80 Genuine Right and Left Mirror Cover,"JA$ 12,500",12500,JMD,Saint Catherine,Jamaica,JACars Car Parts,+18763509060,Voxy Noah Esquire ZRR80 genuine right and left mirror covers price for one 2014-All,https://cdn2.jacars.net/media/cache/4f/d7/4fd7298cedc2ddd9b5512e897b74099f.webp|https://cdn2.jacars.net/media/cache/d2/a6/d2a6c55fddd5edf44c3eb0d29d9c2c29.webp,JACars Car Parts,https://www.jacars.net/adv/2385279_toyota-voxy-noah-zrr80-genuine-right-and-left-mirror-cover/,2026-08-07T05:26:30.684Z,,,,,good,,,,"{""sourceDate"":""2 days ago"",""sourcePostedAt"":""2026-08-07T05:26:30.684Z"",""parser"":""jacars"",""sourceCategory"":""JACars Car Parts"",""appSubcategory"":""auto_parts"",""imageQuality"":""source_detail_high_resolution"",""imageRefreshSource"":""jacars_gallery_full_api"",""imageRefreshAttemptedAt"":""2026-08-31T15:42:55.415Z"",""imageIntegrityVersion"":""2026-09-06.1"",""imageVerifiedAt"":""2026-09-07T00:05:03.876Z"",""imageSourceUrl"":""https://www.jacars.net/adv/2385279_toyota-voxy-noah-zrr80-genuine-right-and-left-mirror-cover/""}",active,2026-10-10T20:30:43Z,200,Matching listing has an available source offer,2026-10-10T20:30:43Z,https://www.jacars.net/adv/2385279_toyota-voxy-noah-zrr80-genuine-right-and-left-mirror-cover/,0,,visible,,,
jacars-2382081,published,vehicles,vehicles,auto_parts,Toyota Crown Athlete Royal GRS210/AWS210 Genuine Left Mirror,JA$ 1,1,JMD,Saint Catherine,Jamaica,JACars Car Parts,+18763509060,Crown Hybrid Athlete Royal genuine left mirror 2013-2018,https://cdn2.jacars.net/media/cache/96/b7/96b741d7fd9fa7dbdacbe22afab3c0a2.webp|https://cdn2.jacars.net/media/cache/7b/3f/7b3fbb7b4927f4d56f080c0b391a5a6d.webp|https://cdn2.jacars.net/media/cache/b4/d6/b4d62ae64584d14a9881121b13a0b90a.webp,JACars Car Parts,https://www.jacars.net/adv/2382081_toyota-crown-athlete-genuine-left-mirror/,2026-08-07T05:26:30.684Z,,,,,good,,,,"{""sourceDate"":""2 days ago"",""sourcePostedAt"":""2026-08-07T05:26:30.684Z"",""parser"":""jacars"",""sourceCategory"":""JACars Car Parts"",""appSubcategory"":""auto_parts"",""imageQuality"":""source_detail_high_resolution"",""imageRefreshSource"":""jacars_gallery_full_api"",""imageRefreshAttemptedAt"":""2026-08-31T15:42:55.415Z"",""imageIntegrityVersion"":""2026-09-06.1"",""imageVerifiedAt"":""2026-09-07T00:05:03.876Z"",""imageSourceUrl"":""https://www.jacars.net/adv/2382081_toyota-crown-athlete-genuine-left-mirror/""}",active,2026-10-10T20:30:43Z,200,Matching listing has an available source offer,2026-10-10T20:30:43Z,https://www.jacars.net/adv/2382081_toyota-crown-athlete-genuine-left-mirror/,0,,visible,,,
jacars-2381715,published,vehicles,vehicles,auto_parts,Toyota Probox Genuine Right and Left Headlight available,JA$ 1,1,JMD,Saint Catherine,Jamaica,JACars Car Parts,+18763509060,Probox genuine HID KOITO left headlight 2015-All,https://cdn2.jacars.net/media/cache/33/e6/33e68d39ed2da5ef4086c419195ac215.webp|https://cdn2.jacars.net/media/cache/25/2b/252b60a014a9f768df399ca42b7edcdb.webp,JACars Car Parts,https://www.jacars.net/adv/2381715_toyota-probox-genuine-left-headlight/,2026-08-07T05:26:30.684Z,,,,,good,,,,"{""sourceDate"":""2 days ago"",""sourcePostedAt"":""2026-08-07T05:26:30.684Z"",""parser"":""jacars"",""sourceCategory"":""JACars Car Parts"",""appSubcategory"":""auto_parts"",""imageQuality"":""source_detail_high_resolution"",""imageRefreshSource"":""jacars_gallery_full_api"",""imageRefreshAttemptedAt"":""2026-08-31T15:42:55.415Z"",""imageIntegrityVersion"":""2026-09-06.1"",""imageVerifiedAt"":""2026-09-07T00:05:03.876Z"",""imageSourceUrl"":""https://www.jacars.net/adv/2381715_toyota-probox-genuine-left-headlight/""}",active,2026-10-10T20:30:43Z,200,Matching listing has an available source offer,2026-10-10T20:30:43Z,https://www.jacars.net/adv/2381715_toyota-probox-genuine-left-headlight/,0,,visible,,,
jacars-2513984,rejected,vehicles,vehicles,vehicles,"Toyota Yaris 1,3L 2022","JA$ 1,530,000",1530000,JMD,Kingston,Jamaica,Unknown,18768490377,"2513984 Year: 2022 Alarm: Yes Seats: 5 Airbag: Yes Color: Blue Gearbox: Automatic Body type: HatchBack Fuel type: Petrol Drivetrain: 2WD Engine size: 1,3L Air conditioning: Yes Right hand drive: Right Power windows, doors: Yes Newly imported Excellent condition",https://cdn2.jacars.net/media/cache/21/c4/21c4cda34ea7df8d93e1e978fa6694d0.webp|https://cdn2.jacars.net/media/cache/99/0a/990ab84a93a081751e4543e0804d37f0.webp|https://cdn2.jacars.net/media/cache/af/83/af83ada9e09fed1fdbcf6721cea4c846.webp|https://cdn2.jacars.net/media/cache/13/d8/13d842e4626a30eba790eeed9a018e7f.webp,JACars Cars,https://www.jacars.net/adv/2513984_toyota-yaris-1-3l-2022/,2026-05-30T20:52:10Z,,,,2022,,Automatic,Blue,,"{""parser"":""local_crawl4ai_jacars"",""listUrl"":""https://www.jacars.net/cars/"",""sourceName"":""JACars Cars""}",gone,2026-10-10T20:30:43Z,404,Exact source URL returned HTTP 404,2026-05-30T20:52:10Z,https://www.jacars.net/adv/2513984_toyota-yaris-1-3l-2022/,20,2026-10-10T20:30:43Z,source_unavailable,Source advert API returned HTTP 404 and its detail site blocked verification; held until the listing can be verified again.,,
jacars-2513973,published,vehicles,vehicles,vehicles,"Honda Fit 1,5L 2020","JA$2,050,000",2050000,JMD,Kingston,Jamaica,Unknown,18768254964,"2513973 Year: 2020 Alarm: Yes Seats: 5 Airbag: Yes Color: Silver Gearbox: Automatic Mileage: 57000 km Body type: HatchBack Fuel type: Hybrid/Electric Drivetrain: 2WD Engine size: 1,5L Air conditioning: Yes Right hand drive: Right Power windows, doors: Yes Newly imported. Beautiful car. Free fitness, valuation, servicing!!!!!",https://cdn2.jacars.net/media/cache/da/b3/dab3a8c17c3069d6d8cf87a8b407de9e.webp|https://cdn2.jacars.net/media/cache/59/2e/592e8ea80cba047459362c9d247cbfc3.webp|https://cdn2.jacars.net/media/cache/9b/6a/9b6a416faec6a99aafae88e26c3a60d7.webp|https://cdn2.jacars.net/media/cache/89/b3/89b303180bf85fb1676ae0510fbc451d.webp,JACars Cars,https://www.jacars.net/adv/2513973_honda-fit-1-5l-2020/,2026-05-30T20:52:10Z,,,,2020,,Automatic,Silver,57000,"{""parser"":""local_crawl4ai_jacars"",""listUrl"":""https://www.jacars.net/cars/"",""sourceName"":""JACars Cars"",""imageQuality"":""source_detail_high_resolution"",""imageRefreshSource"":""jacars_gallery_full_api"",""imageRefreshAttemptedAt"":""2026-08-31T15:42:55.415Z"",""imageIntegrityVersion"":""2026-09-06.1"",""imageVerifiedAt"":""2026-09-07T00:05:03.876Z"",""imageSourceUrl"":""https://www.jacars.net/adv/2513973_honda-fit-1-5l-2020/""}",unknown,2026-10-10T20:30:43Z,200,Source loaded but the listing identity was not confirmed,2026-10-03T19:03:23Z,https://www.jacars.net/adv/2513973_honda-fit-1-5l-2020/,0,,visible,,,
jacars-2513965,rejected,vehicles,vehicles,vehicles,"Toyota Wish 1,8L 2015","JA$1,880,000",1880000,JMD,Saint Mary,Jamaica,Unknown,18762334760,"2513965 Year: 2015 Alarm: No Seats: 7 Airbag: Yes Color: Gray Gearbox: Automatic Body type: Wagon Fuel type: Petrol Drivetrain: 2WD Engine size: 1,8L Air conditioning: Yes Right hand drive: Right Power windows, doors: Yes 2015 Toyota Wish",https://cdn2.jacars.net/media/cache/72/b6/72b6984e671236e74c0f71da5ede28cc.webp|https://cdn2.jacars.net/media/cache/35/fc/35fc7dc0229829f4fdbcfe927a7e913e.webp|https://cdn2.jacars.net/media/cache/70/17/7017032e939d81f7d5beaa6c70e4b468.webp|https://cdn2.jacars.net/media/cache/d7/ea/d7ea38b9c7e0a2adc54a4e9a9abbc430.webp,JACars Cars,https://www.jacars.net/adv/2513965_toyota-wish-1-8l-2015/,2026-05-30T20:52:10Z,,,,2015,,Automatic,Gray,,"{""parser"":""local_crawl4ai_jacars"",""listUrl"":""https://www.jacars.net/cars/"",""sourceName"":""JACars Cars""}",gone,2026-10-10T20:30:43Z,404,Exact source URL returned HTTP 404,2026-05-30T20:52:10Z,https://www.jacars.net/adv/2513965_toyota-wish-1-8l-2015/,20,2026-10-10T20:30:43Z,source_unavailable,Source advert API returned HTTP 404 and its detail site blocked verification; held until the listing can be verified again.,,
jacars-2513791,rejected,marketplace,electronics,phones_accessories,iphone 13 128g mint,"JA$50,000",50000,JMD,Manchester,Jamaica,Unknown,18764252512,2513791 Model: iPhone Xr mint iphone 13 128g call 876 425 2512 Views: 10,https://cdn2.jacars.net/media/cache/b2/e6/b2e60b007e94ba38ec1cfaca856a5da3.webp|https://cdn2.jacars.net/media/cache/0d/52/0d527d1e031a95f414b48b4803309a08.webp|https://cdn2.jacars.net/media/cache/8f/7f/8f7fa7921292cd7ca95b99b1bc0b08dd.webp|https://cdn2.jacars.net/media/cache/2f/a5/2fa5786cdbf91ca73ddfc4e1e03d9b6b.webp,JACars Other Mobile Phones,https://www.jacars.net/adv/2513791_iphone-13-128g-mint/,2026-05-30T20:52:10Z,,,,2026,,,,,"{""parser"":""local_crawl4ai_jacars"",""listUrl"":""https://www.jacars.net/other/telephones/"",""sourceName"":""JACars Other Mobile Phones""}",gone,2026-10-10T20:30:43Z,404,Exact source URL returned HTTP 404,2026-05-30T20:52:10Z,https://www.jacars.net/adv/2513791_iphone-13-128g-mint/,20,2026-10-10T20:30:43Z,source_unavailable,Source advert API returned HTTP 404 and its detail site blocked verification; held until the listing can be verified again.,,
jacars-2513665,published,vehicles,vehicles,tires_rims,SAILUN SPORT TIRES 195/50R15,JA$1,1,JMD,Manchester,Jamaica,Unknown,18768739901 | 18762354486,"🔥🏁 SAILUN SPORT TIRES FOR SALE 🏁🔥
💨 High Performance Road & Racing Style Tires‼️

🛞 Size: 195/50R15 82V 🔥 Sailun Atrezzo R01 Sport
🔥Excellent Grip and Cornering
~Sport Tread Pattern
~Perfect for Street and Performance Cars

📍 Location: 73 Manchester Road, Mandeville
📞 Tel: (876) 873-9901
💬 WhatsApp: (876) 235-4486 for more info",https://cdn2.jacars.net/media/cache/b1/ac/b1ace0eb14424cee33d1291170a5f97b.webp|https://cdn2.jacars.net/media/cache/23/95/23959a97b84b2cbc26c9157e4ad23e15.webp|https://cdn2.jacars.net/media/cache/be/16/be167364e608dd23d26757cf54e8cb07.webp|https://cdn2.jacars.net/media/cache/53/76/537663d5582dc32a566a35fb39242ec1.webp,JACars Tires and Rims,https://www.jacars.net/adv/2513665_sailun-sport-tires-195-50r15/,2026-05-30T20:52:10Z,,,,2026,,,,,"{""parser"":""local_crawl4ai_jacars"",""listUrl"":""https://www.jacars.net/car-parts/tyres-and-rims/"",""sourceName"":""JACars Tires and Rims"",""imageRefreshAttemptedAt"":""2026-09-11T16:00:24.047Z"",""imageQuality"":""source_detail_high_resolution"",""imageRefreshSucceededAt"":""2026-09-11T16:00:24.047Z"",""imageVerifiedAt"":""2026-10-10T21:01:33.387Z"",""imageSourceUrl"":""https://www.jacars.net/adv/2513665_sailun-sport-tires-195-50r15/"",""imageIntegrityVersion"":""2026-10-07.1"",""year"":""2026"",""details"":[{""label"":""Year"",""value"":""2026""}],""detailsVersion"":""2026-10-07.3"",""detailsSourceUrl"":""https://www.jacars.net/adv/2513665_sailun-sport-tires-195-50r15/"",""detailsVerifiedAt"":""2026-10-10T20:45:31.479532+00:00"",""sourceSpecifications"":[{""label"":""Year"",""value"":""2026""}],""listingIdentity"":{""version"":""2026-10-07.1"",""sourceUrl"":""https://www.jacars.net/adv/2513665_sailun-sport-tires-195-50r15/"",""title"":""SAILUN SPORT TIRES 195/50R15"",""images"":[""https://cdn2.jacars.net/media/cache/b1/ac/b1ace0eb14424cee33d1291170a5f97b.webp"",""https://cdn2.jacars.net/media/cache/23/95/23959a97b84b2cbc26c9157e4ad23e15.webp"",""https://cdn2.jacars.net/media/cache/be/16/be167364e608dd23d26757cf54e8cb07.webp"",""https://cdn2.jacars.net/media/cache/53/76/537663d5582dc32a566a35fb39242ec1.webp""],""phones"":[""18768739901"",""18762354486""],""sellerId"":"""",""city"":""Manchester"",""checkedAt"":""2026-10-10T21:01:33.387Z""}}",active,2026-10-10T20:30:43Z,200,Matching listing has an available source offer,2026-10-10T20:30:43Z,https://www.jacars.net/adv/2513665_sailun-sport-tires-195-50r15/,0,,visible,,,
jacars-2513664,published,vehicles,vehicles,tires_rims,SPORT RACE TIRES 195/50R15,JA$1,1,JMD,Manchester,Jamaica,Unknown,18768739901 | 18762354486,"🔥🏁 SPORT RACE TIRES FOR SALE 🏁🔥
💨 New Arrival — High Performance Tires‼️

‼️Brand New Stock Available‼️
🛞 Size: 195/50R15
🔥 Excellent Road Grip
💥 Sport Racing Tread Design
🔥Perfect for Modified and Sports Cars

📍 Location: 73 Manchester Road, Mandeville
📞 Tel: (876) 873-9901
💬 WhatsApp: (876) 235-4486 for more info",https://cdn2.jacars.net/media/cache/6d/1d/6d1dfd2e998fbc2f7122f1552b7af30f.webp|https://cdn2.jacars.net/media/cache/e5/dc/e5dc4ab586923a58412a4a0d62aba33e.webp|https://cdn2.jacars.net/media/cache/12/99/1299ddc677ec38cbe40c53b26e64dd4a.webp|https://cdn2.jacars.net/media/cache/15/78/15788b68079acbc71872456534a99dac.webp,JACars Tires and Rims,https://www.jacars.net/adv/2513664_sport-race-tires-195-50r15/,2026-05-30T20:52:10Z,,,,2026,,,,,"{""parser"":""local_crawl4ai_jacars"",""listUrl"":""https://www.jacars.net/car-parts/tyres-and-rims/"",""sourceName"":""JACars Tires and Rims"",""imageRefreshAttemptedAt"":""2026-09-11T16:00:24.047Z"",""imageQuality"":""source_detail_high_resolution"",""imageRefreshSucceededAt"":""2026-09-11T16:00:24.047Z"",""imageVerifiedAt"":""2026-10-10T21:01:33.387Z"",""imageSourceUrl"":""https://www.jacars.net/adv/2513664_sport-race-tires-195-50r15/"",""imageIntegrityVersion"":""2026-10-07.1"",""year"":""2026"",""details"":[{""label"":""Year"",""value"":""2026""}],""detailsVersion"":""2026-10-07.3"",""detailsSourceUrl"":""https://www.jacars.net/adv/2513664_sport-race-tires-195-50r15/"",""detailsVerifiedAt"":""2026-10-10T20:45:31.479532+00:00"",""sourceSpecifications"":[{""label"":""Year"",""value"":""2026""}],""listingIdentity"":{""version"":""2026-10-07.1"",""sourceUrl"":""https://www.jacars.net/adv/2513664_sport-race-tires-195-50r15/"",""title"":""SPORT RACE TIRES 195/50R15"",""images"":[""https://cdn2.jacars.net/media/cache/6d/1d/6d1dfd2e998fbc2f7122f1552b7af30f.webp"",""https://cdn2.jacars.net/media/cache/e5/dc/e5dc4ab586923a58412a4a0d62aba33e.webp"",""https://cdn2.jacars.net/media/cache/12/99/1299ddc677ec38cbe40c53b26e64dd4a.webp"",""https://cdn2.jacars.net/media/cache/15/78/15788b68079acbc71872456534a99dac.webp""],""phones"":[""18768739901"",""18762354486""],""sellerId"":"""",""city"":""Manchester"",""checkedAt"":""2026-10-10T21:01:33.387Z""}}",active,2026-10-10T20:30:43Z,200,Matching listing has an available source offer,2026-10-10T20:30:43Z,https://www.jacars.net/adv/2513664_sport-race-tires-195-50r15/,0,,visible,,,
jacars-2513662,published,vehicles,vehicles,tires_rims,16 Inch Rims and 5 Lugs..Brand New,"JA$75,000",75000,JMD,Manchester,Jamaica,Unknown,18768739901 | 18762354486,"🚨NEW ARRIVAL🚨
🔥 FOR SALE ‼️ IN STOCK NOW ‼️
16” Rims & 5 Lugs 🔥
Price: $75,000
Size: 16x8 | Offset: 35 | P.C.D: 5x114.3
Color: Silver+Chrome
🆕 Condition: Brand New

📍 Location: 73 Manchester Road, Mandeville
📞 Tel: (876) 873-9901
💬 WhatsApp: (876) 235-4486 for more info",https://cdn2.jacars.net/media/cache/7e/4d/7e4db7f96f5ccd2a0d9611bff7dafd7b.webp|https://cdn2.jacars.net/media/cache/d8/48/d848ca45cf33db4d3040e8fe525a1d0a.webp|https://cdn2.jacars.net/media/cache/67/5c/675c812037332c28e793e88403b6ec0a.webp,JACars Tires and Rims,https://www.jacars.net/adv/2513662_16-inch-rims-and-5-lugs-brand-new/,2026-05-30T20:52:10Z,,,,2026,,,Silver+Chrome,,"{""parser"":""local_crawl4ai_jacars"",""listUrl"":""https://www.jacars.net/car-parts/tyres-and-rims/"",""sourceName"":""JACars Tires and Rims"",""imageRefreshAttemptedAt"":""2026-09-11T16:00:24.047Z"",""imageQuality"":""source_detail_high_resolution"",""imageRefreshSucceededAt"":""2026-09-11T16:00:24.047Z"",""imageVerifiedAt"":""2026-10-10T21:01:33.387Z"",""imageSourceUrl"":""https://www.jacars.net/adv/2513662_16-inch-rims-and-5-lugs-brand-new/"",""imageIntegrityVersion"":""2026-10-07.1"",""year"":""2026"",""details"":[{""label"":""Year"",""value"":""2026""}],""detailsVersion"":""2026-10-07.3"",""detailsSourceUrl"":""https://www.jacars.net/adv/2513662_16-inch-rims-and-5-lugs-brand-new/"",""detailsVerifiedAt"":""2026-10-10T20:45:31.479532+00:00"",""color"":""Silver+Chrome"",""sourceSpecifications"":[{""label"":""Year"",""value"":""2026""}],""listingIdentity"":{""version"":""2026-10-07.1"",""sourceUrl"":""https://www.jacars.net/adv/2513662_16-inch-rims-and-5-lugs-brand-new/"",""title"":""16 Inch Rims and 5 Lugs..Brand New"",""images"":[""https://cdn2.jacars.net/media/cache/7e/4d/7e4db7f96f5ccd2a0d9611bff7dafd7b.webp"",""https://cdn2.jacars.net/media/cache/d8/48/d848ca45cf33db4d3040e8fe525a1d0a.webp"",""https://cdn2.jacars.net/media/cache/67/5c/675c812037332c28e793e88403b6ec0a.webp""],""phones"":[""18768739901"",""18762354486""],""sellerId"":"""",""city"":""Manchester"",""checkedAt"":""2026-10-10T21:01:33.387Z""}}",active,2026-10-10T20:30:43Z,200,Matching listing has an available source offer,2026-10-10T20:30:43Z,https://www.jacars.net/adv/2513662_16-inch-rims-and-5-lugs-brand-new/,0,,visible,,,
jacars-2513661,published,vehicles,vehicles,tires_rims,17 Inch Rims and 5 Lugs..Brand New,"JA$89,000",89000,JMD,Manchester,Jamaica,Unknown,18768739901 | 18762354486,"🚨NEW ARRIVAL🚨
🔥 FOR SALE ‼️ IN STOCK NOW ‼️
17” Rims & 5 Lugs 🔥
Price: $85,000
Size: 17x7.5 | Offset: 35 | P.C.D: 5x114.3
Color: Matt Black
🆕 Condition: Brand New

📍 Location: 73 Manchester Road, Mandeville
📞 Tel: (876) 873-9901
💬 WhatsApp: (876) 235-4486 for more info",https://cdn2.jacars.net/media/cache/cd/7c/cd7c2d2d98dc688cdb7f584cd4d8e4aa.webp|https://cdn2.jacars.net/media/cache/47/54/47540b2b4ad47f453928654a45e5ce5a.webp|https://cdn2.jacars.net/media/cache/ec/27/ec27b4c261ae1e2a19d515fdf9250911.webp,JACars Tires and Rims,https://www.jacars.net/adv/2513661_17-inch-rims-and-5-lugs-brand-new/,2026-05-30T20:52:10Z,,,,2026,,,Matt Black,,"{""parser"":""local_crawl4ai_jacars"",""listUrl"":""https://www.jacars.net/car-parts/tyres-and-rims/"",""sourceName"":""JACars Tires and Rims"",""imageRefreshAttemptedAt"":""2026-09-11T16:00:24.047Z"",""imageQuality"":""source_detail_high_resolution"",""imageRefreshSucceededAt"":""2026-09-11T16:00:24.047Z"",""imageVerifiedAt"":""2026-10-10T21:01:33.387Z"",""imageSourceUrl"":""https://www.jacars.net/adv/2513661_17-inch-rims-and-5-lugs-brand-new/"",""imageIntegrityVersion"":""2026-10-07.1"",""year"":""2026"",""details"":[{""label"":""Year"",""value"":""2026""}],""detailsVersion"":""2026-10-07.3"",""detailsSourceUrl"":""https://www.jacars.net/adv/2513661_17-inch-rims-and-5-lugs-brand-new/"",""detailsVerifiedAt"":""2026-10-10T20:45:31.479532+00:00"",""color"":""Matt Black"",""sourceSpecifications"":[{""label"":""Year"",""value"":""2026""}],""listingIdentity"":{""version"":""2026-10-07.1"",""sourceUrl"":""https://www.jacars.net/adv/2513661_17-inch-rims-and-5-lugs-brand-new/"",""title"":""17 Inch Rims and 5 Lugs..Brand New"",""images"":[""https://cdn2.jacars.net/media/cache/cd/7c/cd7c2d2d98dc688cdb7f584cd4d8e4aa.webp"",""https://cdn2.jacars.net/media/cache/47/54/47540b2b4ad47f453928654a45e5ce5a.webp"",""https://cdn2.jacars.net/media/cache/ec/27/ec27b4c261ae1e2a19d515fdf9250911.webp""],""phones"":[""18768739901"",""18762354486""],""sellerId"":"""",""city"":""Manchester"",""checkedAt"":""2026-10-10T21:01:33.387Z""}}",active,2026-10-10T20:30:43Z,200,Matching listing has an available source offer,2026-10-10T20:30:43Z,https://www.jacars.net/adv/2513661_17-inch-rims-and-5-lugs-brand-new/,0,,visible,,,
jacars-2513660,rejected,vehicles,vehicles,tires_rims,18 Inch Rims and 5x114.3..Brand New,"JA$90,000",90000,JMD,Manchester,Jamaica,Unknown,18768739901 | 18762354486,"2513660 Diameter: 18 in Condition: New 🚨NEW ARRIVAL🚨 🔥 FOR SALE ‼️ IN STOCK NOW ‼️ 18” Rims & 5 Lugs 🔥 Price: $90,000 Size: 18x8 | Offset: 50 | P.C.D: 5x114.3 Color: Black+Chrome 🆕 Condition: Brand New 📍 Location: 73 Manchester Road, Mandeville 📞 Tel: (876) 873-9901 💬 WhatsApp: (876) 235-4486 for more info Back Next Views: 2",https://cdn2.jacars.net/media/cache/c1/36/c136559f68c5ab905681f24a961e84d5.webp|https://cdn2.jacars.net/media/cache/33/e5/33e5453cdc10175c020562522369381b.webp|https://cdn2.jacars.net/media/cache/d5/92/d592a1e1408142639e718216c1caa40e.webp|https://cdn2.jacars.net/media/cache/3c/b8/3cb862b22921c9ea16fea6d182e797a9.webp,JACars Tires and Rims,https://www.jacars.net/adv/2513660_18-inch-rims-and-5x114-3-brand-new/,2026-05-30T20:52:10Z,,,,2026,,,,,"{""parser"":""local_crawl4ai_jacars"",""listUrl"":""https://www.jacars.net/car-parts/tyres-and-rims/"",""sourceName"":""JACars Tires and Rims""}",gone,2026-10-10T20:30:43Z,404,Exact source URL returned HTTP 404,2026-05-30T20:52:10Z,https://www.jacars.net/adv/2513660_18-inch-rims-and-5x114-3-brand-new/,20,2026-10-10T20:30:43Z,source_unavailable,Source advert API returned HTTP 404 and its detail site blocked verification; held until the listing can be verified again.,,
jacars-2513659,rejected,vehicles,vehicles,tires_rims,20 Inch Mercedes Benz AMG and 5 Lugs..Brand New,"JA$135,000",135000,JMD,Manchester,Jamaica,Unknown,18768739901 | 18762354486,"2513659 Diameter: 20 in Condition: New 🚨NEW ARRIVAL🚨 🔥 FOR SALE ‼️ IN STOCK NOW ‼️ Mercedes Benz 20” Rims & 5 Lugs 🔥 Price: $135,000 Size: 20X8.5 / 20X9.5 | Offset: 35 / 35 | P.C.D: 5x112 Color: Matt Black 🆕 Condition: Brand New 📍 Location: 73 Manchester Road, Mandeville 📞 Tel: (876) 873-9901 💬 WhatsApp: (876) 235-4486 for more info Back Next Views: 9",https://cdn2.jacars.net/media/cache/28/8e/288e7022a7ce4d83efc636b676eb7d12.webp|https://cdn2.jacars.net/media/cache/42/53/4253c6f926267efcf97d4b2fa6083f78.webp|https://cdn2.jacars.net/media/cache/88/42/8842f6b2df1e9070022d6f98875a9b8b.webp|https://cdn2.jacars.net/media/cache/c0/9d/c09db3ab5457a5ec7fbd4c3f17326c9f.webp,JACars Tires and Rims,https://www.jacars.net/adv/2513659_20-inch-mercedes-benz-amg-and-5-lugs-brand-new/,2026-05-30T20:52:10Z,,,,2026,,,,,"{""parser"":""local_crawl4ai_jacars"",""listUrl"":""https://www.jacars.net/car-parts/tyres-and-rims/"",""sourceName"":""JACars Tires and Rims""}",gone,2026-10-10T20:30:43Z,404,Exact source URL returned HTTP 404,2026-05-30T20:52:10Z,https://www.jacars.net/adv/2513659_20-inch-mercedes-benz-amg-and-5-lugs-brand-new/,20,2026-10-10T20:30:43Z,source_unavailable,Source advert API returned HTTP 404 and its detail site blocked verification; held until the listing can be verified again.,,
jacars-2513349,rejected,marketplace,services,health_beauty,Nails and Hair service,,,,Saint Elizabeth,Jamaica,Unknown,18763621268,"2513349 I offer nails and hair service, braids , crochet and traditional sow-in. Views: 3",,JACars Auto Services,https://www.jacars.net/adv/2513349_nails-and-hair-service/,2026-05-30T20:52:10Z,,,,2026,,,,,"{""parser"":""local_crawl4ai_jacars"",""listUrl"":""https://www.jacars.net/services/"",""sourceName"":""JACars Auto Services""}",gone,2026-10-10T20:30:43Z,404,Exact source URL returned HTTP 404,2026-05-30T20:52:10Z,https://www.jacars.net/adv/2513349_nails-and-hair-service/,20,2026-10-10T20:30:43Z,source_unavailable,Source advert API returned HTTP 404 and its detail site blocked verification; held until the listing can be verified again.,,
jacars-2512959,rejected,vehicles,vehicles,vehicles,"Honda Fit RS 1,5L 2013","JA$1,195,000",1195000,JMD,Manchester,Jamaica,Unknown,18768040038,"2512959 Year: 2013 Alarm: Yes Seats: 5 Airbag: Yes Color: Yellow Gearbox: Automatic Mileage: 137000 km Body type: HatchBack Fuel type: Petrol Drivetrain: 2WD Engine size: 1,5L Air conditioning: Yes Right hand drive: Right Power windows, doors: Yes 2013 HONDA FIT RS FORSALE EXCELLENT CONDITON PADDLE SHIFT 2 WHEEL DRIVE AC COLD🥶 USB RADIO STEERING WHEEL CONTROLS ENGINE SOLID 1500cc TRANSMISSION SOLID EXCELLENT TIRES SPORT RIMS TITLE STAMPED OUT 8768040038 Back Next Views: 1020",https://cdn2.jacars.net/media/cache/2f/9e/2f9ec2402a9ebba069bc425220343723.webp|https://cdn2.jacars.net/media/cache/1e/4c/1e4c7c9d91872913d94f170480e2eb43.webp|https://cdn2.jacars.net/media/cache/c2/fa/c2faab148b3c52d6844008315d496583.webp|https://cdn2.jacars.net/media/cache/b4/ed/b4edefcc8bf41aa772c01ffcbc4b284f.webp,JACars Cars,https://www.jacars.net/adv/2512959_honda-fit-rs-1-5l-2013/,2026-05-30T20:52:10Z,,,,2013,,Automatic,Yellow,137000,"{""parser"":""local_crawl4ai_jacars"",""listUrl"":""https://www.jacars.net/cars/"",""sourceName"":""JACars Cars""}",gone,2026-10-10T20:30:43Z,404,Exact source URL returned HTTP 404,2026-05-30T20:52:10Z,https://www.jacars.net/adv/2512959_honda-fit-rs-1-5l-2013/,20,2026-10-10T20:30:43Z,source_unavailable,Source advert API returned HTTP 404 and its detail site blocked verification; held until the listing can be verified again.,,
jacars-2512581,published,vehicles,vehicles,auto_parts,Universal Racing Bucket Seats Pair - Red,"JA$79,000",79000,JMD,Manchester,Jamaica,Unknown,18768739901 | 18762354486,"2512581 Condition: New 🔥 RED RACING BUCKET SEATS — IN STOCK‼️ 🔥 💲 Price: $79,000 for pair 📦 Brand New Colour: RED 🔧 Universal Fit – Fits Most Vehicles ✅ Racing Style ✅ Comfortable & Strong ✅ Easy Installation 📍 Mandeville 📞 876-873-9901 💬 WhatsApp 876-235-4486 Serious buyers only — inbox or call now! Back Next Views: 34",https://cdn2.jacars.net/media/cache/e5/85/e5852a63f32de0caf64abdab9ea70eb6.webp|https://cdn2.jacars.net/media/cache/0f/66/0f666f36f5df471f32581561ca22a3fe.webp|https://cdn2.jacars.net/media/cache/0e/0c/0e0c4253b780d1427fc8c27c6bf2995e.webp|https://cdn2.jacars.net/media/cache/93/50/9350a69d335d0b5c859427924ff69405.webp,JACars Car Accessories,https://www.jacars.net/adv/2512581_universal-racing-bucket-seats-pair-red/,2026-05-30T20:52:10Z,,,,2026,,,,,"{""parser"":""local_crawl4ai_jacars"",""listUrl"":""https://www.jacars.net/car-parts/car-accessories/"",""sourceName"":""JACars Car Accessories"",""imageQuality"":""source_detail_high_resolution"",""imageRefreshSource"":""jacars_gallery_full_api"",""imageRefreshAttemptedAt"":""2026-08-31T15:42:55.415Z"",""imageIntegrityVersion"":""2026-09-06.1"",""imageVerifiedAt"":""2026-09-07T00:05:03.876Z"",""imageSourceUrl"":""https://www.jacars.net/adv/2512581_universal-racing-bucket-seats-pair-red/""}",unknown,2026-10-10T20:30:43Z,200,Source loaded but the listing identity was not confirmed,2026-05-30T20:52:10Z,https://www.jacars.net/adv/2512581_universal-racing-bucket-seats-pair-red/,0,,visible,,,
jacars-2512546,rejected,marketplace,electronics,gaming_consoles,Xbox Series s,"JA$45,000",45000,JMD,Saint Catherine,Jamaica,Unknown,18768720503,2512546 Portmore TEL# 876-872-0503 Views: 34,https://cdn2.jacars.net/media/cache/46/a9/46a9c986b872c828e56a9a5a0eac7e29.webp,JACars Other Computers Peripherals,https://www.jacars.net/adv/2512546_xbox-series-s/,2026-05-30T20:52:10Z,,,,2026,,,,,"{""parser"":""local_crawl4ai_jacars"",""listUrl"":""https://www.jacars.net/other/computers-and-games/"",""sourceName"":""JACars Other Computers Peripherals""}",gone,2026-10-10T20:30:43Z,404,Exact source URL returned HTTP 404,2026-05-30T20:52:10Z,https://www.jacars.net/adv/2512546_xbox-series-s/,20,2026-10-10T20:30:43Z,source_unavailable,Source advert API returned HTTP 404 and its detail site blocked verification; held until the listing can be verified again.,,
jacars-2512429,rejected,vehicles,vehicles,tires_rims,21 Inch Mercedes Benz AMG Rims and 5 Lugs..Brand New,"JA$175,000",175000,JMD,Manchester,Jamaica,Unknown,18768739901 | 18762354486,"2512429 Diameter: 21 in Condition: New 🚨NEW ARRIVAL🚨 🔥 FOR SALE ‼️ IN STOCK NOW ‼️ 21” Mercedes Benz AMG Rims & 5 Lugs 🔥 Price: $175,000 Size: 21x8.5 / 21x9.5 | Offset: 35 / 45 | P.C.D: 5x112 Color: Matt Black 🆕 Condition: Brand New 📍 Location: 73 Manchester Road, Mandeville 📞 Tel: (876) 873-9901 💬 WhatsApp: (876) 235-4486 for more info Back Next Views: 35",https://cdn2.jacars.net/media/cache/b8/35/b8357e0a3d932a688e918fb7397a9f34.webp|https://cdn2.jacars.net/media/cache/7d/d0/7dd01b18dcf97c22fe90ef6e7f0cf4b3.webp|https://cdn2.jacars.net/media/cache/42/bc/42bcce8a4a2e57019164c2c2ca780a47.webp|https://cdn2.jacars.net/media/cache/43/72/437246babd2d22d587f78b110f8aa1e4.webp,JACars Tires and Rims,https://www.jacars.net/adv/2512429_21-inch-mercedes-benz-amg-rims-and-5-lugs-brand-new/,2026-05-30T20:52:10Z,,,,2026,,,,,"{""parser"":""local_crawl4ai_jacars"",""listUrl"":""https://www.jacars.net/car-parts/tyres-and-rims/"",""sourceName"":""JACars Tires and Rims""}",gone,2026-10-10T20:30:43Z,404,Exact source URL returned HTTP 404,2026-05-30T20:52:10Z,https://www.jacars.net/adv/2512429_21-inch-mercedes-benz-amg-rims-and-5-lugs-brand-new/,20,2026-10-10T20:30:43Z,source_unavailable,Source advert API returned HTTP 404 and its detail site blocked verification; held until the listing can be verified again.,,
jacars-2512355,rejected,vehicles,vehicles,repairs,FOR ALL YOUR DROP DOWN FOOF LINING WE REPLACE NEW ONES.876 3621268,"JA$ 15,000",15000,JMD,Kingston,Jamaica,Unknown,18763621268,2512355 WE UPHOLSTER ROOF LINING FOR CARS.UPHOLSTER AND REPAIRS FOR BUSES AND CARS.876 3621268,https://cdn2.jacars.net/media/cache/84/73/84736f55b2613db23943ee8ccc9373b0.webp|https://cdn2.jacars.net/media/cache/ed/f4/edf4734a72ee2920039bc7d401e31392.webp|https://cdn2.jacars.net/media/cache/a2/fc/a2fca26c5311a8bb9bc9942f395d6600.webp|https://cdn2.jacars.net/media/cache/c5/d9/c5d953c419d07aa72e64cd40d0cafab7.webp,JACars Auto Services,https://www.jacars.net/adv/2512355_for-all-your-drop-down-foof-lining-we-replace-new-ones-876-3621268/,2026-05-30T20:52:10Z,,,,2026,,,,,"{""parser"":""local_crawl4ai_jacars"",""listUrl"":""https://www.jacars.net/services/"",""sourceName"":""JACars Auto Services""}",gone,2026-10-10T20:30:43Z,404,Exact source URL returned HTTP 404,2026-05-30T20:52:10Z,https://www.jacars.net/adv/2512355_for-all-your-drop-down-foof-lining-we-replace-new-ones-876-3621268/,20,2026-10-10T20:30:43Z,source_unavailable,Source advert API returned HTTP 404 and its detail site blocked verification; held until the listing can be verified again.,,
jacars-2512307,published,marketplace,services,skilled_trades,Welding,"JA$ 15,000",15000,JMD,Clarendon,Jamaica,Unknown,18762358063 | 18763621268,2512307 Professional welder available. I am also mobile so I can come to you. Delroy: (876) 235-8063,https://cdn2.jacars.net/media/cache/ee/e4/eee4e30f4e0c886c011fdcb8e245cd82.webp|https://cdn2.jacars.net/media/cache/7c/26/7c2672025cb1f094be2a15728687bd9e.webp|https://cdn2.jacars.net/media/cache/2e/b6/2eb6d866479748f2f0f502e299365d90.webp,JACars Auto Services,https://www.jacars.net/adv/2512307_welding/,2026-05-30T20:52:10Z,,,,2026,,,,,"{""parser"":""local_crawl4ai_jacars"",""listUrl"":""https://www.jacars.net/services/"",""sourceName"":""JACars Auto Services"",""imageQuality"":""source_detail_high_resolution"",""imageRefreshSource"":""jacars_gallery_full_api"",""imageRefreshAttemptedAt"":""2026-08-31T15:42:55.415Z"",""imageIntegrityVersion"":""2026-09-16.1"",""imageVerifiedAt"":""2026-09-16T13:38:36.578Z"",""imageSourceUrl"":""https://www.jacars.net/adv/2512307_welding/"",""categoryReview"":{""sourceUrl"":""https://www.jacars.net/adv/2512307_welding/"",""title"":""Welding"",""category"":""services"",""subcategory"":""skilled_trades"",""checkedAt"":""2026-09-16T13:38:36.578Z""}}",unknown,2026-10-10T20:30:43Z,200,Source loaded but the listing identity was not confirmed,2026-05-30T20:52:10Z,https://www.jacars.net/adv/2512307_welding/,0,,visible,,,reviewed_listing
jacars-2511382,rejected,marketplace,other,furniture_home_decor,Dresser and Drawer,"JA$80,000",80000,JMD,Manchester,Jamaica,Unknown,18763138323,2511382 Brand new dresser and drawer for sale as I am migrating my what’s app is 8763138323 Views: 48,https://cdn2.jacars.net/media/cache/14/40/14407f2461ecdf04ceca295bfee9393e.webp|https://cdn2.jacars.net/media/cache/f6/21/f621fa70a98e2b5a750b3d95c9faf839.webp|https://cdn2.jacars.net/media/cache/22/e5/22e5345d8bb1b6f5d836b43fdce0bdd3.webp|https://cdn2.jacars.net/media/cache/4f/72/4f72eea148ed203eb9889eae65cb372f.webp,JACars Other Kids Stuff,https://www.jacars.net/adv/2511382_dresser-and-drawer/,2026-05-30T20:52:10Z,,,,2026,,,,,"{""parser"":""local_crawl4ai_jacars"",""listUrl"":""https://www.jacars.net/other/children-and-babies/"",""sourceName"":""JACars Other Kids Stuff""}",gone,2026-10-10T20:30:43Z,404,Exact source URL returned HTTP 404,2026-05-30T20:52:10Z,https://www.jacars.net/adv/2511382_dresser-and-drawer/,20,2026-10-10T20:30:43Z,source_unavailable,Source advert API returned HTTP 404 and its detail site blocked verification; held until the listing can be verified again.,,
jacars-2510428,rejected,vehicles,vehicles,vehicles,"Toyota Isis 2,0L 2011","JA$1,180,000",1180000,JMD,Kingston,Jamaica,Unknown,18764953673,"2510428 Year: 2011 Alarm: No Seats: 7 Airbag: Yes Color: Blue Gearbox: Manual Mileage: 88888 km Body type: Vans Fuel type: Petrol Drivetrain: 2WD Engine size: 2,0L Air conditioning: Yes Right hand drive: Right Power windows, doors: Yes 2011 Toyota Isis • Push to start • ⁠keyless entry • ⁠LED headlights • ⁠Foglights • ⁠Android radio • ⁠Reverse camera • 5 Speed Gearbox • ⁠17 inch rims Price:$1,180,000 Neg Call:☎️ 876 495 3673 Back Next Views: 203",https://cdn2.jacars.net/media/cache/78/30/783084a978be47db5a45ee026a63caf6.webp|https://cdn2.jacars.net/media/cache/02/50/0250677b88977de9960cdb10ea1dc9aa.webp|https://cdn2.jacars.net/media/cache/bc/d3/bcd341b7261279681f33ef93077f2aaa.webp|https://cdn2.jacars.net/media/cache/02/03/02034098005ea21129c320fb6892450e.webp,JACars Cars,https://www.jacars.net/adv/2510428_toyota-isis-2-0l-2011/,2026-05-30T20:52:10Z,,,,2011,,Manual,Blue,88888,"{""parser"":""local_crawl4ai_jacars"",""listUrl"":""https://www.jacars.net/cars/"",""sourceName"":""JACars Cars""}",unknown,2026-10-10T20:30:43Z,200,Source loaded but the listing identity was not confirmed,2026-05-30T20:52:10Z,https://www.jacars.net/adv/2510428_toyota-isis-2-0l-2011/,0,,source_unavailable,Source advert API returned HTTP 404 and its detail site blocked verification; held until the listing can be verified again.,,
jacars-2510245,rejected,vehicles,vehicles,vehicles,"Subaru Exiga 2,5L 2017","JA$1,880,000",1880000,JMD,Kingston,Jamaica,Unknown,18768254964,"2510245 Year: 2017 Alarm: Yes Seats: 7 Airbag: Yes Color: Brown Gearbox: Automatic Mileage: 57000 km Body type: SUV Fuel type: Petrol Drivetrain: 4WD Engine size: 2,5L Air conditioning: Yes Right hand drive: Right Power windows, doors: Yes JUST ARRIVED IN JAMAICA. IMMACULATE CONDIDION. 7 SEATER SUV. LOTS OF SPACE",https://cdn2.jacars.net/media/cache/6a/87/6a87e228599de04e7664fab22cd385ff.webp|https://cdn2.jacars.net/media/cache/3b/9a/3b9a8455b2243dbd2bb494b8c3fec165.webp|https://cdn2.jacars.net/media/cache/30/cd/30cd83aeecd93b5390806263563c4ff0.webp|https://cdn2.jacars.net/media/cache/ec/06/ec066ef8f4d6be0aef8416d5cdafcb3d.webp|https://cdn2.jacars.net/media/cache/e0/0b/e00bcd8952c59169722ad797593bd83b.webp|https://cdn2.jacars.net/media/cache/62/8a/628a7bcf5d2da551817e2dbd6fe09c95.webp|https://cdn2.jacars.net/media/cache/ed/7f/ed7f16915cd3c76cd0d9346c6e7d8069.webp|https://cdn2.jacars.net/media/cache/97/75/97752ac83eadc1f002f211cd11cdd0d9.webp|https://cdn2.jacars.net/media/cache/d5/76/d5761566e5fef1b33985b145ba426d5b.webp|https://cdn2.jacars.net/media/cache/5c/5d/5c5d077c4c3521eac7eb738abd07759e.webp|https://cdn2.jacars.net/media/cache/84/74/84744e328731673a95f2d2996674f348.webp|https://cdn2.jacars.net/media/cache/88/0a/880abb408172f2285f06960a126252c5.webp,JACars Cars,https://www.jacars.net/adv/2510245_subaru-exiga-2-5l-2017/,2026-05-30T20:52:10Z,,,,2017,,Automatic,Brown,57000,"{""parser"":""local_crawl4ai_jacars"",""listUrl"":""https://www.jacars.net/cars/"",""sourceName"":""JACars Cars"",""imageQuality"":""source_detail_high_resolution"",""imageRefreshSource"":""jacars_gallery_full_api"",""imageRefreshAttemptedAt"":""2026-08-31T15:42:55.415Z""}",unknown,2026-10-10T20:30:43Z,200,Source loaded but the listing identity was not confirmed,2026-05-30T20:52:10Z,https://www.jacars.net/adv/2510245_subaru-exiga-2-5l-2017/,0,,source_unavailable,Source advert API returned HTTP 404 and its detail site blocked verification; held until the listing can be verified again.,,
jacars-2509989,rejected,marketplace,other,tools_equipment,Small man lift,"JA$ 15,000",15000,JMD,Clarendon,Jamaica,Unknown,18763621268,2509989 Man lift for rental go up to a height of 35 ft diesel power Next Views: 77,https://cdn2.jacars.net/media/cache/0e/b2/0eb22ca85e28976ad9b6711138b71c1a.webp|https://cdn2.jacars.net/media/cache/d1/17/d1174b0e845e49a4182d26042779400f.webp|https://cdn2.jacars.net/media/cache/f8/7e/f87e873d60cf9e9cae563d1a9e95d516.webp|https://cdn2.jacars.net/media/cache/1d/7f/1d7f037d693050dab532d628b0212707.webp,JACars Auto Services,https://www.jacars.net/adv/2509989_small-man-lift/,2026-05-30T20:52:10Z,,,,2026,,,,,"{""parser"":""local_crawl4ai_jacars"",""listUrl"":""https://www.jacars.net/services/"",""sourceName"":""JACars Auto Services""}",gone,2026-10-10T20:30:43Z,404,Exact source URL returned HTTP 404,2026-05-30T20:52:10Z,https://www.jacars.net/adv/2509989_small-man-lift/,20,2026-10-10T20:30:43Z,source_unavailable,Source advert API returned HTTP 404 and its detail site blocked verification; held until the listing can be verified again.,,
jacars-2509678,rejected,vehicles,vehicles,tires_rims,20 Inch Rims and 5 Lugs..Brand New,"JA$135,000",135000,JMD,Manchester,Jamaica,Unknown,18768739901 | 18762354486,"2509678 Diameter: 20 in Condition: New 🚨NEW ARRIVAL🚨 🔥 FOR SALE ‼️ IN STOCK NOW ‼️ 20” Rims & 5 Lugs 🔥 Price: $135,000 Size: 20X8.5 / 20x9.5 | Offset: 38 / 45 Color: Black 🆕 Condition: Brand New 📍 Location: 73 Manchester Road, Mandeville 📞 Tel: (876) 873-9901 💬 WhatsApp: (876) 235-4486 for more info Back Next Views: 77",https://cdn2.jacars.net/media/cache/52/4d/524d1d3dce00999f10a89084fb92f0c3.webp|https://cdn2.jacars.net/media/cache/8b/31/8b319ec75d18cb73dd7e27609eae9cfa.webp|https://cdn2.jacars.net/media/cache/7c/16/7c16b51d474d330e3be09963ee37f862.webp,JACars Tires and Rims,https://www.jacars.net/adv/2509678_20-inch-rims-and-5-lugs-brand-new/,2026-05-30T20:52:10Z,,,,2026,,,,,"{""parser"":""local_crawl4ai_jacars"",""listUrl"":""https://www.jacars.net/car-parts/tyres-and-rims/"",""sourceName"":""JACars Tires and Rims"",""imageQuality"":""source_detail_high_resolution"",""imageRefreshSource"":""jacars_gallery_full_api"",""imageRefreshAttemptedAt"":""2026-08-31T15:42:55.415Z""}",gone,2026-10-10T20:30:43Z,404,Exact source URL returned HTTP 404,2026-05-30T20:52:10Z,https://www.jacars.net/adv/2509678_20-inch-rims-and-5-lugs-brand-new/,20,2026-10-10T20:30:43Z,source_unavailable,Source advert API returned HTTP 404 and its detail site blocked verification; held until the listing can be verified again.,,
jacars-2509676,rejected,vehicles,vehicles,tires_rims,15 Inch Rims and 6 Lugs..Brand New,"JA$78,000",78000,JMD,Manchester,Jamaica,Unknown,18768739901 | 18762354486,"2509676 Diameter: 15 in Condition: New 🚨NEW ARRIVAL🚨 🔥 FOR SALE ‼️ IN STOCK NOW ‼️ 15” Rims & 6 Lugs 🔥 Price: $78,000 Size: 15x8 | Offset: -12 | P.C.D: 6X139.7 Color: Matt Black 🆕 Condition: Brand New 📍 Location: 73 Manchester Road, Mandeville 📞 Tel: (876) 873-9901 💬 WhatsApp: (876) 235-4486 for more info Back Next Views: 38",https://cdn2.jacars.net/media/cache/1d/d5/1dd59bc4d14e56814138fdb575b93f78.webp|https://cdn2.jacars.net/media/cache/3d/8e/3d8ef90dd1ca6f74cc09265750f54015.webp|https://cdn2.jacars.net/media/cache/3d/c6/3dc6be606bd5ae492b0ee65853e67c3b.webp,JACars Tires and Rims,https://www.jacars.net/adv/2509676_15-inch-rims-and-6-lugs-brand-new/,2026-05-30T20:52:10Z,,,,2026,,,,,"{""parser"":""local_crawl4ai_jacars"",""listUrl"":""https://www.jacars.net/car-parts/tyres-and-rims/"",""sourceName"":""JACars Tires and Rims"",""imageQuality"":""source_detail_high_resolution"",""imageRefreshSource"":""jacars_gallery_full_api"",""imageRefreshAttemptedAt"":""2026-08-31T15:42:55.415Z""}",gone,2026-10-10T20:30:43Z,404,Exact source URL returned HTTP 404,2026-05-30T20:52:10Z,https://www.jacars.net/adv/2509676_15-inch-rims-and-6-lugs-brand-new/,20,2026-10-10T20:30:43Z,source_unavailable,Source advert API returned HTTP 404 and its detail site blocked verification; held until the listing can be verified again.,,
jacars-2509072,rejected,vehicles,vehicles,auto_parts,BMW X3 N47 Diesel Engine oil pump,"JA$175,000",175000,JMD,Kingston,Jamaica,Unknown,18762820166,2509072 Condition: New BMW X3 SERIES 2.0 DIESEL ENGINE N47D20 N47 OIL VACUUM PUMP,https://cdn2.jacars.net/media/cache/1f/08/1f08d0568ab4a71981d557e1f2c261ae.webp|https://cdn2.jacars.net/media/cache/39/58/395811868bcdb284b5d4ad361f8443f4.webp|https://cdn2.jacars.net/media/cache/4f/22/4f22b622230ffd4ab9ed67811bc47736.webp|https://cdn2.jacars.net/media/cache/67/e0/67e07bfc2a60db5ce3cf499fde0c0832.webp,JACars Car Parts,https://www.jacars.net/adv/2509072_n47-bmw-engine-oil-pump/,2026-05-30T20:52:10Z,,,,2014,,,,,"{""parser"":""local_crawl4ai_jacars"",""listUrl"":""https://www.jacars.net/car-parts/car-parts/"",""sourceName"":""JACars Car Parts""}",gone,2026-10-10T20:30:43Z,404,Exact source URL returned HTTP 404,2026-05-30T20:52:10Z,https://www.jacars.net/adv/2509072_n47-bmw-engine-oil-pump/,20,2026-10-10T20:30:43Z,source_unavailable,Source advert API returned HTTP 404 and its detail site blocked verification; held until the listing can be verified again.,,
jacars-2508264,published,marketplace,electronics,computers_tablets,Hp loptop brand new,"JA$32,000",32000,JMD,Saint Catherine,Jamaica,Unknown,18768480854,Brand new Hp loptop 32k neg whatsapp 876848-0854,https://cdn2.jacars.net/media/cache/88/6d/886d0dd0f7dd3e6b1e0cdcb2185c2c42.webp|https://cdn2.jacars.net/media/cache/24/90/24909bb3636247ca44dcdb9966b7877a.webp|https://cdn2.jacars.net/media/cache/3c/e0/3ce0d285926eff8c5b7be2f02a5ba5dc.webp|https://cdn2.jacars.net/media/cache/75/41/75416520c2cd984a0b25cd6f09ae660f.webp,JACars Other Computers Peripherals,https://www.jacars.net/adv/2508264_hp-loptop-brand-new/,2026-05-30T20:52:10Z,,,,2026,,,,,"{""parser"":""local_crawl4ai_jacars"",""listUrl"":""https://www.jacars.net/other/computers-and-games/"",""sourceName"":""JACars Other Computers Peripherals"",""imageRefreshAttemptedAt"":""2026-09-12T16:00:24.068Z"",""imageQuality"":""source_detail_high_resolution"",""imageRefreshSucceededAt"":""2026-09-12T16:00:24.068Z"",""imageVerifiedAt"":""2026-10-10T21:01:33.387Z"",""imageSourceUrl"":""https://www.jacars.net/adv/2508264_hp-loptop-brand-new/"",""imageIntegrityVersion"":""2026-10-07.1"",""negotiable"":true,""details"":[{""label"":""Price flexibility"",""value"":""Yes""}],""detailsVersion"":""2026-10-07.3"",""brand"":""Laptops, notebooks"",""detailsSourceUrl"":""https://www.jacars.net/adv/2508264_hp-loptop-brand-new/"",""detailsVerifiedAt"":""2026-10-10T20:45:31.479532+00:00"",""sourceSpecifications"":[{""label"":""Price flexibility"",""value"":""Yes""}],""listingIdentity"":{""version"":""2026-10-07.1"",""sourceUrl"":""https://www.jacars.net/adv/2508264_hp-loptop-brand-new/"",""title"":""Hp loptop brand new"",""images"":[""https://cdn2.jacars.net/media/cache/88/6d/886d0dd0f7dd3e6b1e0cdcb2185c2c42.webp"",""https://cdn2.jacars.net/media/cache/24/90/24909bb3636247ca44dcdb9966b7877a.webp"",""https://cdn2.jacars.net/media/cache/3c/e0/3ce0d285926eff8c5b7be2f02a5ba5dc.webp"",""https://cdn2.jacars.net/media/cache/75/41/75416520c2cd984a0b25cd6f09ae660f.webp""],""phones"":[""18768480854""],""sellerId"":"""",""city"":""Saint Catherine"",""checkedAt"":""2026-10-10T21:01:33.387Z""}}",active,2026-10-10T20:30:43Z,200,Matching listing has an available source offer,2026-10-10T20:30:43Z,https://www.jacars.net/adv/2508264_hp-loptop-brand-new/,0,,visible,,,
jacars-2508215,rejected,vehicles,vehicles,vehicles,"Nissan B14 2,0L 1995","JA$270,000",270000,JMD,Saint Elizabeth,Jamaica,Unknown,18762355202 | 18762166384,"2508215 Year: 1995 Alarm: No Seats: 5 Airbag: Yes Color: Red Gearbox: Manual Body type: Sedan Fuel type: Petrol Drivetrain: 2WD Engine size: 2,0L Air conditioning: Yes Right hand drive: Right Power windows, doors: Yes Must go Call: (876)235-5202 Or WhatsApp 18762166384 Views: 521",https://cdn2.jacars.net/media/cache/bf/aa/bfaafaac43b10671ddf72aaa3fe12096.webp|https://cdn2.jacars.net/media/cache/73/c8/73c819ab4f8783e74a8234a57e9b12eb.webp|https://cdn2.jacars.net/media/cache/17/81/1781e4fb2c5f1cdad0afca4f632babb9.webp|https://cdn2.jacars.net/media/cache/ca/af/caaf90d24245cde5f1446659d1d92466.webp,JACars Cars,https://www.jacars.net/adv/2508215_nissan-b14-2-0l-1995/,2026-05-30T20:52:10Z,,,,1995,,Manual,Red,,"{""parser"":""local_crawl4ai_jacars"",""listUrl"":""https://www.jacars.net/cars/"",""sourceName"":""JACars Cars""}",gone,2026-10-10T20:30:43Z,404,Exact source URL returned HTTP 404,2026-05-30T20:52:10Z,https://www.jacars.net/adv/2508215_nissan-b14-2-0l-1995/,20,2026-10-10T20:30:43Z,source_unavailable,Source advert API returned HTTP 404 and its detail site blocked verification; held until the listing can be verified again.,,
jacars-2508046,rejected,vehicles,vehicles,vehicles,"Isuzu Elf Truck 4,8L 2005","JA$3,450,000",3450000,JMD,Saint Elizabeth,Jamaica,Unknown,18767003359 | 18768370000,"2508046 Year: 2005 Alarm: No Seats: 3 Airbag: Yes Color: White Gearbox: Manual Body type: Truck Fuel type: Diesel Engine size: 4,8L Air conditioning: Yes Right hand drive: Right Power windows, doors: Yes 2005 Isuzu Elf $3,450,000 Newly Imported 📍Tipper 📍3 Tonne 📍Radio 📍Semi Manual 📍Immaculate Condition Also with your purchase we offer: ✅️FREE FITNESS ✅️FREE SERVICE ✅️FREE INSURANCE QUOTATION _________________________________________________________ Contact us at: ☎️876-700-3359 ☎️876-837-0000 _____________________________________________________________________ Visit us at: 📍Main Street Gazeland District, Junction P.O., St.Elizabeth _____________________________________________________________________ Follow us at: Instagram: Global Vision Motor Sales Facebook: Global Vision Motor Sales TikTok: Global Vision Motor Sales ____________________________________________________________________",https://cdn2.jacars.net/media/cache/c1/68/c168c318dd49dd34bd250cde8287a9e2.webp|https://cdn2.jacars.net/media/cache/3a/f1/3af1fa29eafb40d3e8505a4ab293ef76.webp|https://cdn2.jacars.net/media/cache/ad/24/ad24b1865bca45e13a26829a09e3eb35.webp|https://cdn2.jacars.net/media/cache/c6/3f/c63f85c8e162f17cedc2e9e03e2c11a1.webp,JACars Cars,https://www.jacars.net/adv/2508046_isuzu-elf-truck-4-8l-2005/,2026-05-30T20:52:10Z,,,,2005,,Manual,White,,"{""parser"":""local_crawl4ai_jacars"",""listUrl"":""https://www.jacars.net/cars/"",""sourceName"":""JACars Cars""}",gone,2026-10-10T20:30:43Z,404,Exact source URL returned HTTP 404,2026-05-30T20:52:10Z,https://www.jacars.net/adv/2508046_isuzu-elf-truck-4-8l-2005/,20,2026-10-10T20:30:43Z,source_unavailable,Source advert API returned HTTP 404 and its detail site blocked verification; held until the listing can be verified again.,,
jacars-2507686,rejected,vehicles,vehicles,vehicles,"Toyota Noah 2,0L 2021","JA$4,450,000",4450000,JMD,Manchester,Jamaica,Unknown,18768257056,"2507686 Year: 2021 Alarm: Yes Seats: 7 Airbag: Yes Color: White Gearbox: Automatic Mileage: 40000 km Body type: Vans Fuel type: Petrol Drivetrain: 2WD Engine size: 2,0L Air conditioning: Yes Right hand drive: Right Power windows, doors: Yes 2021 Toyota Noah WXB Low mileage 17 inch rims 7 seater Pearl white led package Low mileage Immaculate unit Call now +1 (876) 825-7056",https://cdn2.jacars.net/media/cache/72/4e/724ef4b9ded0cd43d3ef2d6e91e3e15d.webp|https://cdn2.jacars.net/media/cache/c7/78/c778ec56ed466975d7f0961db92bfdc0.webp|https://cdn2.jacars.net/media/cache/1c/0a/1c0a69d9ccf44e06eea6a7450262272b.webp|https://cdn2.jacars.net/media/cache/55/3e/553ed09b3252b7eff9b13ceb75c695e7.webp,JACars Cars,https://www.jacars.net/adv/2507686_toyota-noah-2-0l-2021/,2026-05-30T20:52:10Z,,,,2021,,Automatic,White,40000,"{""parser"":""local_crawl4ai_jacars"",""listUrl"":""https://www.jacars.net/cars/"",""sourceName"":""JACars Cars""}",gone,2026-10-10T20:30:43Z,404,Exact source URL returned HTTP 404,2026-05-30T20:52:10Z,https://www.jacars.net/adv/2507686_toyota-noah-2-0l-2021/,20,2026-10-10T20:30:43Z,source_unavailable,Source advert API returned HTTP 404 and its detail site blocked verification; held until the listing can be verified again.,,
jacars-2507447,rejected,marketplace,services,other,SmartFix IT Services - Fast & Affordable Laptop Repair & IT Support,"JA$ 15,000",15000,JMD,Saint Catherine,Jamaica,Unknown,18763621268,"2507447 Tech problems? Leave it to the experts. SmartFix IT Services provides top-tier technical support and hardware repairs for clients in Spanish Town and surrounding areas. We pride ourselves on being fast, reliable, and affordable. Next Views: 33",https://cdn2.jacars.net/media/cache/da/3a/da3a94311e1f88dc38d9f15e97b6ea21.webp|https://cdn2.jacars.net/media/cache/b2/6c/b26c385d3a8a3585e7dc8add27180b18.webp|https://cdn2.jacars.net/media/cache/33/d3/33d34bc8246de0e7ccca9d5db7c28017.webp|https://cdn2.jacars.net/media/cache/12/12/12125b40d702b927dadd8891b4369636.webp,JACars Auto Services,https://www.jacars.net/adv/2507447_smartfix-it-services-fast-affordable-laptop-repair-it-support/,2026-05-30T20:52:10Z,,,,2026,,,,,"{""parser"":""local_crawl4ai_jacars"",""listUrl"":""https://www.jacars.net/services/"",""sourceName"":""JACars Auto Services""}",gone,2026-10-10T20:30:43Z,404,Exact source URL returned HTTP 404,2026-05-30T20:52:10Z,https://www.jacars.net/adv/2507447_smartfix-it-services-fast-affordable-laptop-repair-it-support/,20,2026-10-10T20:30:43Z,source_unavailable,Source advert API returned HTTP 404 and its detail site blocked verification; held until the listing can be verified again.,,
jacars-2506463,published,marketplace,other,furniture_home_decor,2pc Wine Bottle Wall Clock & Wine Scene Wall Decor,"JA$8,000",8000,JMD,Saint Catherine,Jamaica,Unknown,18768651374,"These wine-themed decorative pieces are perfect for adding a vineyard-inspired touch to a kitchen or dining area.

Wine Bottle Wall Clock

The 16-inch clock is shaped like a red wine bottle with a maroon finish and a classic clock face integrated into the body.

The Hometime Wall Clock - Wine Bottle is a decorative, maroon-colored timepiece shaped like a wine bottle made from durable plastic...

Wine Scene Wall Decor

The square artwork displays a classic still life of wine bottles, glasses, and grapes against a rustic wooden backdrop.

Material: Typically made of durable plastic with a glazed finish.

Features: Some versions include mirror cut-outs for added visual depth...

🤳Call OR #WhatsApp 18768651374

🛍FREE🛍DELIVERY🛍 In
📍""WATERFORD""
📍(Block 5 & Block 4)
& 🛍FREE🛍DELIVERY🛍 At
📍""PORTMORE MALL"" For ORDERS
🇯🇲jmd$2,500 & MORE‼️
▪
NOW ACCEPTING
👇💸👇💰👇💵👇
▪
💳Bank🏧Transfers💳
▪
💰CASH ON DELIVERY💰
▪
🧾Lay💸Away💰Plans🧾",https://cdn2.jacars.net/media/cache/f7/20/f7206c425d1519ce3d3c1d47156f86d2.webp|https://cdn2.jacars.net/media/cache/77/69/77694d8c5b49ee5c1fe19edbfe0bcb1d.webp|https://cdn2.jacars.net/media/cache/3e/fd/3efd2bd5a20f07e7fe98da43c03222f4.webp|https://cdn2.jacars.net/media/cache/e0/e9/e0e948aa57019fd374bdeec4b0c36b7f.webp,JACars Other Vehicle Listings,https://www.jacars.net/adv/2506463_wine-bottle-wall-clock-wine-scene-wall-decor/,2026-05-30T20:52:10Z,,"Accessories, art",,2026,,Manual,,,"{""parser"":""local_crawl4ai_jacars"",""listUrl"":""https://www.jacars.net/other/"",""sourceName"":""JACars Other Vehicle Listings"",""imageRefreshAttemptedAt"":""2026-09-12T16:00:24.068Z"",""imageQuality"":""source_detail_high_resolution"",""imageRefreshSucceededAt"":""2026-09-12T16:00:24.068Z"",""imageVerifiedAt"":""2026-10-10T21:01:33.387Z"",""imageSourceUrl"":""https://www.jacars.net/adv/2506463_wine-bottle-wall-clock-wine-scene-wall-decor/"",""imageIntegrityVersion"":""2026-10-07.1"",""details"":[],""detailsVersion"":""2026-10-07.3"",""brand"":""Home decor, accessories"",""model"":""Accessories, art"",""detailsSourceUrl"":""https://www.jacars.net/adv/2506463_wine-bottle-wall-clock-wine-scene-wall-decor/"",""detailsVerifiedAt"":""2026-10-10T20:45:31.479532+00:00"",""material"":""Typically made of durable plastic with a glazed finish."",""features"":""Some versions include mirror cut-outs for added visual depth..."",""sourceSpecifications"":[],""listingIdentity"":{""version"":""2026-10-07.1"",""sourceUrl"":""https://www.jacars.net/adv/2506463_wine-bottle-wall-clock-wine-scene-wall-decor/"",""title"":""2pc Wine Bottle Wall Clock & Wine Scene Wall Decor"",""images"":[""https://cdn2.jacars.net/media/cache/f7/20/f7206c425d1519ce3d3c1d47156f86d2.webp"",""https://cdn2.jacars.net/media/cache/77/69/77694d8c5b49ee5c1fe19edbfe0bcb1d.webp"",""https://cdn2.jacars.net/media/cache/3e/fd/3efd2bd5a20f07e7fe98da43c03222f4.webp"",""https://cdn2.jacars.net/media/cache/e0/e9/e0e948aa57019fd374bdeec4b0c36b7f.webp""],""phones"":[""18768651374""],""sellerId"":"""",""city"":""Saint Catherine"",""checkedAt"":""2026-10-10T21:01:33.387Z""}}",active,2026-10-10T20:30:43Z,200,Matching listing has an available source offer,2026-10-10T20:30:43Z,https://www.jacars.net/adv/2506463_wine-bottle-wall-clock-wine-scene-wall-decor/,0,,visible,,,
jacars-2506454,published,marketplace,other,furniture_home_decor,2pc Ceramic Hamburger Salt & Pepper Shaker Set,"JA$1,500",1500,JMD,Saint Catherine,Jamaica,Unknown,18768651374,"This item is a Kookee brand ceramic hamburger-shaped salt and pepper shaker set with a serving tray..

includes two individual burger-shaped shakers and a matching oval ceramic..

Product Details:

Material: High-quality porcelain or ceramic with a high-gloss finish.

Design: Each shaker is modeled as a detailed, multi-layered burger featuring a sesame seed bun, lettuce, tomato, cheese, and patty.

Features:

Removable Stoppers: Plastic or cork stoppers at the bottom for easy refilling.

Tray Included: Comes with a small oval tray to hold both shakers, helping keep your dining surface tidy.

Multi-purpose: While designed for salt and pepper, these can also be used for other powdered or granular seasonings like sugar or cornstarch.

🤳Call OR #WhatsApp 18768651374

🛍FREE🛍DELIVERY🛍 In
📍""WATERFORD""
📍(Block 5 & Block 4)
& 🛍FREE🛍DELIVERY🛍 At
📍""PORTMORE MALL"" For ORDERS
🇯🇲jmd$2,500 & MORE‼️
▪
NOW ACCEPTING
👇💸👇💰👇💵👇
▪
💳Bank🏧Transfers💳
▪
💰CASH ON…",https://cdn2.jacars.net/media/cache/7a/b0/7ab0fe74a0f83aca96589a81b88fea25.webp|https://cdn2.jacars.net/media/cache/2b/b5/2bb5cd01afcb8c6dd65ae55c4a400de0.webp|https://cdn2.jacars.net/media/cache/e8/24/e8244e2d6a7c0e7d713cb1e0261d85fa.webp|https://cdn2.jacars.net/media/cache/d4/34/d434ea8b7e212f89c9241e186f8d87cb.webp,JACars Other Vehicle Listings,https://www.jacars.net/adv/2506454_2pc-ceramic-hamburger-salt-pepper-shaker-set/,2026-05-30T20:52:10Z,,,,2026,,Manual,,,"{""parser"":""local_crawl4ai_jacars"",""listUrl"":""https://www.jacars.net/other/"",""sourceName"":""JACars Other Vehicle Listings"",""imageRefreshAttemptedAt"":""2026-09-12T16:00:24.068Z"",""imageQuality"":""source_detail_high_resolution"",""imageRefreshSucceededAt"":""2026-09-12T16:00:24.068Z"",""imageVerifiedAt"":""2026-10-10T21:01:33.387Z"",""imageSourceUrl"":""https://www.jacars.net/adv/2506454_2pc-ceramic-hamburger-salt-pepper-shaker-set/"",""imageIntegrityVersion"":""2026-10-07.1"",""details"":[],""detailsVersion"":""2026-10-07.3"",""brand"":""Kitchenware"",""detailsSourceUrl"":""https://www.jacars.net/adv/2506454_2pc-ceramic-hamburger-salt-pepper-shaker-set/"",""detailsVerifiedAt"":""2026-10-10T20:45:31.479532+00:00"",""material"":""High-quality porcelain or ceramic with a high-gloss finish."",""sourceSpecifications"":[],""listingIdentity"":{""version"":""2026-10-07.1"",""sourceUrl"":""https://www.jacars.net/adv/2506454_2pc-ceramic-hamburger-salt-pepper-shaker-set/"",""title"":""2pc Ceramic Hamburger Salt & Pepper Shaker Set"",""images"":[""https://cdn2.jacars.net/media/cache/7a/b0/7ab0fe74a0f83aca96589a81b88fea25.webp"",""https://cdn2.jacars.net/media/cache/2b/b5/2bb5cd01afcb8c6dd65ae55c4a400de0.webp"",""https://cdn2.jacars.net/media/cache/e8/24/e8244e2d6a7c0e7d713cb1e0261d85fa.webp"",""https://cdn2.jacars.net/media/cache/d4/34/d434ea8b7e212f89c9241e186f8d87cb.webp""],""phones"":[""18768651374""],""sellerId"":"""",""city"":""Saint Catherine"",""checkedAt"":""2026-10-10T21:01:33.387Z""}}",active,2026-10-10T20:30:43Z,200,Matching listing has an available source offer,2026-10-10T20:30:43Z,https://www.jacars.net/adv/2506454_2pc-ceramic-hamburger-salt-pepper-shaker-set/,0,,visible,,,
jacars-2506452,published,marketplace,other,furniture_home_decor,2pc Hotdog & Fries Ceramic Salt & Pepper Set,"JA$2,000",2000,JMD,Saint Catherine,Jamaica,Unknown,18768651374,"This ceramic salt and pepper set features a playful retro design shaped like a serving of french fries and a hot dog on a matching tray. The french fries container is notably detailed with a ""Route 66"" style logo on the front...

This vintage-style ceramic salt and pepper shaker set features iconic fast-food designs shaped like a container of French fries and a hot dog, with ""66"" branding on the fry box.

Material: Ceramic

Design: Retro 1950s diner-inspired fast food icons.

Set Includes: Two shakers and a matching ceramic tray..

🤳Call OR #WhatsApp 18768651374

🛍FREE🛍DELIVERY🛍 In
📍""WATERFORD""
📍(Block 5 & Block 4)
& 🛍FREE🛍DELIVERY🛍 At
📍""PORTMORE MALL"" For ORDERS
🇯🇲jmd$2,500 & MORE‼️
▪
NOW ACCEPTING
👇💸👇💰👇💵👇
▪
💳Bank🏧Transfers💳
▪
💰CASH ON DELIVERY💰
▪
🧾Lay💸Away💰Plans🧾",https://cdn2.jacars.net/media/cache/61/be/61be0858a3c9caba6d22b937324ebe5c.webp|https://cdn2.jacars.net/media/cache/7f/8d/7f8d5a756bd87c9b16b20bc2466c38a8.webp|https://cdn2.jacars.net/media/cache/29/e4/29e4bb5aaf0b2f0507a7700c98bcdb81.webp|https://cdn2.jacars.net/media/cache/b4/39/b4391a6c98ed167564c9644cb272affa.webp,JACars Other Vehicle Listings,https://www.jacars.net/adv/2506452_2pc-hotdog-fries-ceramic-salt-pepper-set/,2026-05-30T20:52:10Z,,,,2026,,Manual,,,"{""parser"":""local_crawl4ai_jacars"",""listUrl"":""https://www.jacars.net/other/"",""sourceName"":""JACars Other Vehicle Listings"",""imageRefreshAttemptedAt"":""2026-09-12T16:00:24.068Z"",""imageQuality"":""source_detail_high_resolution"",""imageRefreshSucceededAt"":""2026-09-12T16:00:24.068Z"",""imageVerifiedAt"":""2026-10-10T21:01:33.387Z"",""imageSourceUrl"":""https://www.jacars.net/adv/2506452_2pc-hotdog-fries-ceramic-salt-pepper-set/"",""imageIntegrityVersion"":""2026-10-07.1"",""details"":[],""detailsVersion"":""2026-10-07.3"",""brand"":""Kitchenware"",""detailsSourceUrl"":""https://www.jacars.net/adv/2506452_2pc-hotdog-fries-ceramic-salt-pepper-set/"",""detailsVerifiedAt"":""2026-10-10T20:45:31.479532+00:00"",""material"":""Ceramic"",""sourceSpecifications"":[],""listingIdentity"":{""version"":""2026-10-07.1"",""sourceUrl"":""https://www.jacars.net/adv/2506452_2pc-hotdog-fries-ceramic-salt-pepper-set/"",""title"":""2pc Hotdog & Fries Ceramic Salt & Pepper Set"",""images"":[""https://cdn2.jacars.net/media/cache/61/be/61be0858a3c9caba6d22b937324ebe5c.webp"",""https://cdn2.jacars.net/media/cache/7f/8d/7f8d5a756bd87c9b16b20bc2466c38a8.webp"",""https://cdn2.jacars.net/media/cache/29/e4/29e4bb5aaf0b2f0507a7700c98bcdb81.webp"",""https://cdn2.jacars.net/media/cache/b4/39/b4391a6c98ed167564c9644cb272affa.webp""],""phones"":[""18768651374""],""sellerId"":"""",""city"":""Saint Catherine"",""checkedAt"":""2026-10-10T21:01:33.387Z""}}",active,2026-10-10T20:30:43Z,200,Matching listing has an available source offer,2026-10-10T20:30:43Z,https://www.jacars.net/adv/2506452_2pc-hotdog-fries-ceramic-salt-pepper-set/,0,,visible,,,
jacars-2506433,published,marketplace,other,furniture_home_decor,4pc QUEEN Size Bed Sheets,"JA$6,000",6000,JMD,Saint Catherine,Jamaica,Unknown,18768651374,"Includes 1 flat sheet (90 in×100in 90 in cross 100 in)

90 in×100 in),

1 fitted sheet (60 in×80 in+75 in60 in cross 80 in plus 75 in..

60 in×80 in+75 in)

and 2 Pillowcases (20 in×30 in20 in cross 30 in..

20 in×30 in).

Care instructions: Machine wash cold, gentle cycle. Do not bleach. Tumble dry low.

🤳Call OR #WhatsApp 18768651374

🛍FREE🛍DELIVERY🛍 In
📍""WATERFORD""
📍(Block 5 & Block 4)
& 🛍FREE🛍DELIVERY🛍 At
📍""PORTMORE MALL"" For ORDERS
🇯🇲jmd$2,500 & MORE‼️
▪
NOW ACCEPTING
👇💸👇💰👇💵👇
▪
💳Bank🏧Transfers💳
▪
💰CASH ON DELIVERY💰
▪
🧾Lay💸Away💰Plans🧾",https://cdn2.jacars.net/media/cache/3d/96/3d961bedcbd43991672e609a5d87d348.webp|https://cdn2.jacars.net/media/cache/ea/6b/ea6b0861e90e7f1a88c9dde3e404a00f.webp|https://cdn2.jacars.net/media/cache/8b/e8/8be8b8ab937ab28de05d2abc962d6dd0.webp|https://cdn2.jacars.net/media/cache/74/cf/74cf5994473247706cb6894ca96db661.webp,JACars Other Vehicle Listings,https://www.jacars.net/adv/2506433_4pc-queen-size-bed-sheets/,2026-05-30T20:52:10Z,,"Accessories, art",,2026,,Manual,,,"{""parser"":""local_crawl4ai_jacars"",""listUrl"":""https://www.jacars.net/other/"",""sourceName"":""JACars Other Vehicle Listings"",""imageRefreshAttemptedAt"":""2026-09-12T16:00:24.068Z"",""imageQuality"":""source_detail_high_resolution"",""imageRefreshSucceededAt"":""2026-09-12T16:00:24.068Z"",""imageVerifiedAt"":""2026-10-10T21:01:33.387Z"",""imageSourceUrl"":""https://www.jacars.net/adv/2506433_4pc-queen-size-bed-sheets/"",""imageIntegrityVersion"":""2026-10-07.1"",""details"":[],""detailsVersion"":""2026-10-07.3"",""brand"":""Home decor, accessories"",""model"":""Accessories, art"",""detailsSourceUrl"":""https://www.jacars.net/adv/2506433_4pc-queen-size-bed-sheets/"",""detailsVerifiedAt"":""2026-10-10T20:45:31.479532+00:00"",""sourceSpecifications"":[],""listingIdentity"":{""version"":""2026-10-07.1"",""sourceUrl"":""https://www.jacars.net/adv/2506433_4pc-queen-size-bed-sheets/"",""title"":""4pc QUEEN Size Bed Sheets"",""images"":[""https://cdn2.jacars.net/media/cache/3d/96/3d961bedcbd43991672e609a5d87d348.webp"",""https://cdn2.jacars.net/media/cache/ea/6b/ea6b0861e90e7f1a88c9dde3e404a00f.webp"",""https://cdn2.jacars.net/media/cache/8b/e8/8be8b8ab937ab28de05d2abc962d6dd0.webp"",""https://cdn2.jacars.net/media/cache/74/cf/74cf5994473247706cb6894ca96db661.webp""],""phones"":[""18768651374""],""sellerId"":"""",""city"":""Saint Catherine"",""checkedAt"":""2026-10-10T21:01:33.387Z""}}",active,2026-10-10T20:30:43Z,200,Matching listing has an available source offer,2026-10-10T20:30:43Z,https://www.jacars.net/adv/2506433_4pc-queen-size-bed-sheets/,0,,visible,,,
jacars-2506421,published,marketplace,other,furniture_home_decor,1pc Gold Ceramic Pineapple Figurine Statue,"JA$20,000",20000,JMD,Saint Catherine,Jamaica,Unknown,18768651374,"This stylish decorative piece is a gold ceramic pineapple, a popular home accent that symbolizes welcome and warmth. These figurines are often used as centerpieces or tabletop ornaments to add a touch of modern glam to a room.

Key Product Details:

Material: Most versions are crafted from 100% ceramic with a high-gloss metallic gold finish.

Sizes: Typically available in heights ranging from 7 inches to 14 inches.

Design: Features a geometric, faceted body with a detailed leafy crown.

Purpose: Table centerpiece, ornamental figurine, or unique gift item.

🤳Call OR #WhatsApp 18768651374

🛍FREE🛍DELIVERY🛍 In
📍""WATERFORD""
📍(Block 5 & Block 4)
& 🛍FREE🛍DELIVERY🛍 At
📍""PORTMORE MALL"" For ORDERS
🇯🇲jmd$2,500 & MORE‼️
▪
NOW ACCEPTING
👇💸👇💰👇💵👇
▪
💳Bank🏧Transfers💳
▪
💰CASH ON DELIVERY💰
▪
🧾Lay💸Away💰Plans🧾",https://cdn2.jacars.net/media/cache/88/73/8873d0fcca6a45abf378f6d888b9d92a.webp|https://cdn2.jacars.net/media/cache/57/24/5724795ec0003b3765c4dacf8af47206.webp|https://cdn2.jacars.net/media/cache/9b/86/9b86b411bda8ffa9944d303944a05580.webp|https://cdn2.jacars.net/media/cache/2d/23/2d2348d558a4ebb0d6c1362a930dc559.webp,JACars Other Vehicle Listings,https://www.jacars.net/adv/2506421_1pc-gold-ceramic-pineapple-figurine-statue/,2026-05-30T20:52:10Z,,"Accessories, art",,2026,,Manual,,,"{""parser"":""local_crawl4ai_jacars"",""listUrl"":""https://www.jacars.net/other/"",""sourceName"":""JACars Other Vehicle Listings"",""imageRefreshAttemptedAt"":""2026-09-15T10:00:24.218Z"",""imageQuality"":""source_detail_high_resolution"",""imageRefreshSucceededAt"":""2026-09-15T10:00:24.218Z"",""imageVerifiedAt"":""2026-10-10T21:01:33.387Z"",""imageSourceUrl"":""https://www.jacars.net/adv/2506421_1pc-gold-ceramic-pineapple-figurine-statue/"",""imageIntegrityVersion"":""2026-10-07.1"",""details"":[],""detailsVersion"":""2026-10-07.3"",""brand"":""Home decor, accessories"",""model"":""Accessories, art"",""detailsSourceUrl"":""https://www.jacars.net/adv/2506421_1pc-gold-ceramic-pineapple-figurine-statue/"",""detailsVerifiedAt"":""2026-10-10T20:45:31.479532+00:00"",""material"":""Most versions are crafted from 100% ceramic with a high-gloss metallic gold finish."",""sourceSpecifications"":[],""listingIdentity"":{""version"":""2026-10-07.1"",""sourceUrl"":""https://www.jacars.net/adv/2506421_1pc-gold-ceramic-pineapple-figurine-statue/"",""title"":""1pc Gold Ceramic Pineapple Figurine Statue"",""images"":[""https://cdn2.jacars.net/media/cache/88/73/8873d0fcca6a45abf378f6d888b9d92a.webp"",""https://cdn2.jacars.net/media/cache/57/24/5724795ec0003b3765c4dacf8af47206.webp"",""https://cdn2.jacars.net/media/cache/9b/86/9b86b411bda8ffa9944d303944a05580.webp"",""https://cdn2.jacars.net/media/cache/2d/23/2d2348d558a4ebb0d6c1362a930dc559.webp""],""phones"":[""18768651374""],""sellerId"":"""",""city"":""Saint Catherine"",""checkedAt"":""2026-10-10T21:01:33.387Z""}}",active,2026-10-10T20:30:43Z,200,Matching listing has an available source offer,2026-10-10T20:30:43Z,https://www.jacars.net/adv/2506421_1pc-gold-ceramic-pineapple-figurine-statue/,0,,visible,,,
jacars-2506414,published,marketplace,other,furniture_home_decor,Magnetic BUTTERFLY Pattern Anti Mosquito Insect Fly Bug Curtains Net Automatic,"JA$3,000",3000,JMD,Saint Catherine,Jamaica,Unknown,18768651374,"*Good workmanship, lightweight, washable.

*Suitable for installation in the living room, bedroom, dining room, kitchen, etc.

*Made of compact ployester fiber material,durable.

*Easy to install and remove. *Can open easily and close automatically with magnets.

*Leave your door open and enjoy fresh cooler air.

*Completely prevent mosquitoes, spiders, moths, flies, bugs and other flying insects go into the room.

SPECIFICATIONS:

Material: Polyester fiber
Color: Black

Product size:
Door screening: 80 x 210cm，90 x 210cm，100 x 210cm，110 x 210cm，120 x 210cm，140 x 240cm，150 x 220cm

SPECIFICATIONS:

High-concerned chemical: None

Fixed Type: Hook & Loop Fastener

Screen Netting Material: Polyester Fiber

Model Number: Anti Mosquito Curtain

Use: DOOR

Type: Door & Window Screens

Size: 80 x 210cm 90 x 210cm 100 x 210cm

Color: Black

Fixed Type: Magnetic Fastener

function 1: Summer Anti Mosquito

function 2: Magnetic Net

function 3: Magnetic Curtains

function 4: Door Screen…",https://cdn2.jacars.net/media/cache/cb/be/cbbe7ba0af7307b232c1384132dc828d.webp|https://cdn2.jacars.net/media/cache/0b/bf/0bbfefe3ad65f53b976f92cafe515bba.webp|https://cdn2.jacars.net/media/cache/db/df/dbdf4985e145f8b261650a51f12ca776.webp|https://cdn2.jacars.net/media/cache/aa/06/aa069bc10801cc0624b4b4b58cb2011e.webp,JACars Other Vehicle Listings,https://www.jacars.net/adv/2506414_magnetic-butterfly-pattern-anti-mosquito-insect-fly-bug-curtains-net-automatic/,2026-05-30T20:52:10Z,,"Curtains, blinds",,2026,,Automatic,Black Fixed,,"{""parser"":""local_crawl4ai_jacars"",""listUrl"":""https://www.jacars.net/other/"",""sourceName"":""JACars Other Vehicle Listings"",""imageRefreshAttemptedAt"":""2026-09-15T10:00:24.218Z"",""imageQuality"":""source_detail_high_resolution"",""imageRefreshSucceededAt"":""2026-09-15T10:00:24.218Z"",""imageVerifiedAt"":""2026-10-10T21:01:33.387Z"",""imageSourceUrl"":""https://www.jacars.net/adv/2506414_magnetic-butterfly-pattern-anti-mosquito-insect-fly-bug-curtains-net-automatic/"",""imageIntegrityVersion"":""2026-10-07.1"",""color"":""Black Fixed"",""details"":[{""label"":""Color"",""value"":""Black Fixed""}],""detailsVersion"":""2026-10-07.3"",""brand"":""Home decor, accessories"",""model"":""Curtains, blinds"",""detailsSourceUrl"":""https://www.jacars.net/adv/2506414_magnetic-butterfly-pattern-anti-mosquito-insect-fly-bug-curtains-net-automatic/"",""detailsVerifiedAt"":""2026-10-10T20:45:31.479532+00:00"",""material"":""Polyester fiber"",""sourceSpecifications"":[{""label"":""Color"",""value"":""Black Fixed""}],""listingIdentity"":{""version"":""2026-10-07.1"",""sourceUrl"":""https://www.jacars.net/adv/2506414_magnetic-butterfly-pattern-anti-mosquito-insect-fly-bug-curtains-net-automatic/"",""title"":""Magnetic BUTTERFLY Pattern Anti Mosquito Insect Fly Bug Curtains Net Automatic"",""images"":[""https://cdn2.jacars.net/media/cache/cb/be/cbbe7ba0af7307b232c1384132dc828d.webp"",""https://cdn2.jacars.net/media/cache/0b/bf/0bbfefe3ad65f53b976f92cafe515bba.webp"",""https://cdn2.jacars.net/media/cache/db/df/dbdf4985e145f8b261650a51f12ca776.webp"",""https://cdn2.jacars.net/media/cache/aa/06/aa069bc10801cc0624b4b4b58cb2011e.webp""],""phones"":[""18768651374""],""sellerId"":"""",""city"":""Saint Catherine"",""checkedAt"":""2026-10-10T21:01:33.387Z""}}",active,2026-10-10T20:30:43Z,200,Matching listing has an available source offer,2026-10-10T20:30:43Z,https://www.jacars.net/adv/2506414_magnetic-butterfly-pattern-anti-mosquito-insect-fly-bug-curtains-net-automatic/,0,,visible,,,
jacars-2506411,published,marketplace,other,furniture_home_decor,3pc 3D Black & Gold Metal Flower Wall Art Floral Wall Art,"JA$6,000",6000,JMD,Saint Catherine,Jamaica,Unknown,18768651374,"This 3D floral wall art is a decorative rose sculpture typically made of resin or PVC. The piece shown features a layered, blooming petal design in a black and gold finish, often used as a sculptural accent for living rooms, bedrooms, or entryways..

Product Details:

Design: A 3D rose with voluminous, textured petals intended to create an elegant or romantic atmosphere.

Material: Often crafted from high-quality PVC or resin.

🤳Call OR #WhatsApp 18768651374

🛍FREE🛍DELIVERY🛍 In
📍""WATERFORD""
📍(Block 5 & Block 4)
& 🛍FREE🛍DELIVERY🛍 At
📍""PORTMORE MALL"" For ORDERS
🇯🇲jmd$2,500 & MORE‼️
▪
NOW ACCEPTING
👇💸👇💰👇💵👇
▪
💳Bank🏧Transfers💳
▪
💰CASH ON DELIVERY💰
▪
🧾Lay💸Away💰Plans🧾",https://cdn2.jacars.net/media/cache/6a/9e/6a9e89c1bba473ef5ee03caed0f92a91.webp|https://cdn2.jacars.net/media/cache/27/f4/27f4de168b469e5d6dee0675045463ba.webp|https://cdn2.jacars.net/media/cache/f7/36/f7365a23d12caeab5724c7255af49ef1.webp,JACars Other Vehicle Listings,https://www.jacars.net/adv/2506411_3pc-3d-black-gold-metal-flower-wall-art-floral-wall-art/,2026-05-30T20:52:10Z,,"Photos, paintings",,2026,,Automatic,,,"{""parser"":""local_crawl4ai_jacars"",""listUrl"":""https://www.jacars.net/other/"",""sourceName"":""JACars Other Vehicle Listings"",""imageRefreshAttemptedAt"":""2026-09-15T10:00:24.218Z"",""imageQuality"":""source_detail_high_resolution"",""imageRefreshSucceededAt"":""2026-09-15T10:00:24.218Z"",""imageVerifiedAt"":""2026-10-10T21:01:33.387Z"",""imageSourceUrl"":""https://www.jacars.net/adv/2506411_3pc-3d-black-gold-metal-flower-wall-art-floral-wall-art/"",""imageIntegrityVersion"":""2026-10-07.1"",""details"":[],""detailsVersion"":""2026-10-07.3"",""brand"":""Home decor, accessories"",""model"":""Photos, paintings"",""detailsSourceUrl"":""https://www.jacars.net/adv/2506411_3pc-3d-black-gold-metal-flower-wall-art-floral-wall-art/"",""detailsVerifiedAt"":""2026-10-10T20:45:31.479532+00:00"",""material"":""Often crafted from high-quality PVC or resin."",""sourceSpecifications"":[],""listingIdentity"":{""version"":""2026-10-07.1"",""sourceUrl"":""https://www.jacars.net/adv/2506411_3pc-3d-black-gold-metal-flower-wall-art-floral-wall-art/"",""title"":""3pc 3D Black & Gold Metal Flower Wall Art Floral Wall Art"",""images"":[""https://cdn2.jacars.net/media/cache/6a/9e/6a9e89c1bba473ef5ee03caed0f92a91.webp"",""https://cdn2.jacars.net/media/cache/27/f4/27f4de168b469e5d6dee0675045463ba.webp"",""https://cdn2.jacars.net/media/cache/f7/36/f7365a23d12caeab5724c7255af49ef1.webp""],""phones"":[""18768651374""],""sellerId"":"""",""city"":""Saint Catherine"",""checkedAt"":""2026-10-10T21:01:33.387Z""}}",active,2026-10-10T20:30:43Z,200,Matching listing has an available source offer,2026-10-10T20:30:43Z,https://www.jacars.net/adv/2506411_3pc-3d-black-gold-metal-flower-wall-art-floral-wall-art/,0,,visible,,,
jacars-2506409,published,marketplace,other,furniture_home_decor,4pc FULL Size Bed Sheets,"JA$6,000",6000,JMD,Saint Catherine,Jamaica,Unknown,18768651374,"🤳Call OR #WhatsApp 18768651374

🛍FREE🛍DELIVERY🛍 In
📍""WATERFORD""
📍(Block 5 & Block 4)
& 🛍FREE🛍DELIVERY🛍 At
📍""PORTMORE MALL"" For ORDERS
🇯🇲jmd$2,500 & MORE‼️
▪
NOW ACCEPTING
👇💸👇💰👇💵👇
▪
💳Bank🏧Transfers💳
▪
💰CASH ON DELIVERY💰
▪
🧾Lay💸Away💰Plans🧾",https://cdn2.jacars.net/media/cache/90/11/90113387413c72ba1269b17140eaf785.webp|https://cdn2.jacars.net/media/cache/8e/30/8e3012759949be008f218a2edf102dc5.webp|https://cdn2.jacars.net/media/cache/d5/61/d561b1c9c83e1be037b5f3cfe4ac5df3.webp|https://cdn2.jacars.net/media/cache/6b/8a/6b8a3d428d2638ab7f563345baf92656.webp,JACars Other Vehicle Listings,https://www.jacars.net/adv/2506409_4pc-full-size-bed-sheets/,2026-05-30T20:52:10Z,,"Curtains, blinds",,2026,,Manual,,,"{""parser"":""local_crawl4ai_jacars"",""listUrl"":""https://www.jacars.net/other/"",""sourceName"":""JACars Other Vehicle Listings"",""imageRefreshAttemptedAt"":""2026-09-15T10:00:24.218Z"",""imageQuality"":""source_detail_high_resolution"",""imageRefreshSucceededAt"":""2026-09-15T10:00:24.218Z"",""imageVerifiedAt"":""2026-10-10T21:01:33.387Z"",""imageSourceUrl"":""https://www.jacars.net/adv/2506409_4pc-full-size-bed-sheets/"",""imageIntegrityVersion"":""2026-10-07.1"",""details"":[],""detailsVersion"":""2026-10-07.3"",""brand"":""Home decor, accessories"",""model"":""Curtains, blinds"",""detailsSourceUrl"":""https://www.jacars.net/adv/2506409_4pc-full-size-bed-sheets/"",""detailsVerifiedAt"":""2026-10-10T20:45:31.479532+00:00"",""sourceSpecifications"":[],""listingIdentity"":{""version"":""2026-10-07.1"",""sourceUrl"":""https://www.jacars.net/adv/2506409_4pc-full-size-bed-sheets/"",""title"":""4pc FULL Size Bed Sheets"",""images"":[""https://cdn2.jacars.net/media/cache/90/11/90113387413c72ba1269b17140eaf785.webp"",""https://cdn2.jacars.net/media/cache/8e/30/8e3012759949be008f218a2edf102dc5.webp"",""https://cdn2.jacars.net/media/cache/d5/61/d561b1c9c83e1be037b5f3cfe4ac5df3.webp"",""https://cdn2.jacars.net/media/cache/6b/8a/6b8a3d428d2638ab7f563345baf92656.webp""],""phones"":[""18768651374""],""sellerId"":"""",""city"":""Saint Catherine"",""checkedAt"":""2026-10-10T21:01:33.387Z""}}",active,2026-10-10T20:30:43Z,200,Matching listing has an available source offer,2026-10-10T20:30:43Z,https://www.jacars.net/adv/2506409_4pc-full-size-bed-sheets/,0,,visible,,,
jacars-2506373,published,marketplace,clothing,accessories,2pc Teeth Grillz Hip Hop 14K Gold Plated Tooth Caps Decor For Men/Women Jewelr,"JA$6,000",6000,JMD,Saint Catherine,Jamaica,Unknown,18768651374,"This product is for entertainment purposes only.
2. Eating, sleeping, please take out the braces.
3. Avoid soaking silicone in hot water at high temperature.
4. Avoid contact with daily chemical products such as skin care products and hair care products.

How to use:

1. Put the white silicone in the slot of the gold tooth.
2, put the gold teeth (silver teeth) together with silicone into 70-80 degrees of hot water for about 15-30 seconds, so that the silicone foam soft.

Note:

Do not use boiling or boiling water, or it will rot the silicone, can not be used)
3. Put the gold teeth (silver teeth) into your mouth and gently bite the gold teeth with your upper and lower teeth. The soft silicone is pressed by the teeth to adjust the shape in the user's mouth and match the shape of the teeth to play a fixed role.
4. If the stereotyping effect is not good, it can be repeated until it is satisfied.
5. After each use of braces, wash them with clean water and dry them in the sun. Keep them…",https://cdn2.jacars.net/media/cache/0d/54/0d54c9a953208427e7386baabe108408.webp|https://cdn2.jacars.net/media/cache/a1/c0/a1c07919a1b73d27c22fd8b0082754d6.webp|https://cdn2.jacars.net/media/cache/de/df/dedffc50a3cd5cf4ddce2d687edba97b.webp|https://cdn2.jacars.net/media/cache/ae/f7/aef728f586fa1ac05a87c6593c637af4.webp,JACars Other Clothes Footwear Accessories,https://www.jacars.net/adv/2506373_2pc-teeth-grillz-hip-hop-14k-gold-plated-tooth-caps-decor-for-men-women-jewelr/,2026-05-30T20:52:10Z,,,,2026,,,,,"{""parser"":""local_crawl4ai_jacars"",""listUrl"":""https://www.jacars.net/other/clothing-shoes-and-accessories/"",""sourceName"":""JACars Other Clothes Footwear Accessories"",""imageRefreshAttemptedAt"":""2026-09-15T10:00:24.218Z"",""imageQuality"":""source_detail_high_resolution"",""imageRefreshSucceededAt"":""2026-09-15T10:00:24.218Z"",""imageVerifiedAt"":""2026-10-10T21:01:33.387Z"",""imageSourceUrl"":""https://www.jacars.net/adv/2506373_2pc-teeth-grillz-hip-hop-14k-gold-plated-tooth-caps-decor-for-men-women-jewelr/"",""imageIntegrityVersion"":""2026-10-07.1"",""details"":[],""detailsVersion"":""2026-10-07.3"",""brand"":""Jewellery"",""detailsSourceUrl"":""https://www.jacars.net/adv/2506373_2pc-teeth-grillz-hip-hop-14k-gold-plated-tooth-caps-decor-for-men-women-jewelr/"",""detailsVerifiedAt"":""2026-10-10T20:45:31.479532+00:00"",""sourceSpecifications"":[],""listingIdentity"":{""version"":""2026-10-07.1"",""sourceUrl"":""https://www.jacars.net/adv/2506373_2pc-teeth-grillz-hip-hop-14k-gold-plated-tooth-caps-decor-for-men-women-jewelr/"",""title"":""2pc Teeth Grillz Hip Hop 14K Gold Plated Tooth Caps Decor For Men/Women Jewelr"",""images"":[""https://cdn2.jacars.net/media/cache/0d/54/0d54c9a953208427e7386baabe108408.webp"",""https://cdn2.jacars.net/media/cache/a1/c0/a1c07919a1b73d27c22fd8b0082754d6.webp"",""https://cdn2.jacars.net/media/cache/de/df/dedffc50a3cd5cf4ddce2d687edba97b.webp"",""https://cdn2.jacars.net/media/cache/ae/f7/aef728f586fa1ac05a87c6593c637af4.webp""],""phones"":[""18768651374""],""sellerId"":"""",""city"":""Saint Catherine"",""checkedAt"":""2026-10-10T21:01:33.387Z""}}",active,2026-10-10T20:30:43Z,200,Matching listing has an available source offer,2026-10-10T20:30:43Z,https://www.jacars.net/adv/2506373_2pc-teeth-grillz-hip-hop-14k-gold-plated-tooth-caps-decor-for-men-women-jewelr/,0,,visible,,,
jacars-2506371,published,marketplace,clothing,accessories,2pc DIAMOND Teeth Grillz Hip Hop 14K Gold Plated Tooth Caps Decor For Men/Women,"JA$8,000",8000,JMD,Saint Catherine,Jamaica,Unknown,18768651374,"This product is for entertainment purposes only.
2. Eating, sleeping, please take out the braces.
3. Avoid soaking silicone in hot water at high temperature.
4. Avoid contact with daily chemical products such as skin care products and hair care products.

How to use:

1. Put the white silicone in the slot of the gold tooth.
2, put the gold teeth (silver teeth) together with silicone into 70-80 degrees of hot water for about 15-30 seconds, so that the silicone foam soft.

Note:

Do not use boiling or boiling water, or it will rot the silicone, can not be used)
3. Put the gold teeth (silver teeth) into your mouth and gently bite the gold teeth with your upper and lower teeth. The soft silicone is pressed by the teeth to adjust the shape in the user's mouth and match the shape of the teeth to play a fixed role.
4. If the stereotyping effect is not good, it can be repeated until it is satisfied.
5. After each use of braces, wash them with clean water and dry them in the sun. Keep them…",https://cdn2.jacars.net/media/cache/32/75/327515e31c6c6d3ec7af934a87841f0a.webp|https://cdn2.jacars.net/media/cache/ff/93/ff9309c3795cacf06161c16b0f1ef1dc.webp|https://cdn2.jacars.net/media/cache/40/eb/40ebd98f59998bff4422b5a8197d3456.webp|https://cdn2.jacars.net/media/cache/48/80/48806b9e82fdfb99faba7fb3daeedcef.webp,JACars Other Clothes Footwear Accessories,https://www.jacars.net/adv/2506371_2pc-diamond-teeth-grillz-hip-hop-14k-gold-plated-tooth-caps-decor-for-men-women/,2026-05-30T20:52:10Z,,,,2026,,,,,"{""parser"":""local_crawl4ai_jacars"",""listUrl"":""https://www.jacars.net/other/clothing-shoes-and-accessories/"",""sourceName"":""JACars Other Clothes Footwear Accessories"",""imageRefreshAttemptedAt"":""2026-09-15T10:00:24.218Z"",""imageQuality"":""source_detail_high_resolution"",""imageRefreshSucceededAt"":""2026-09-15T10:00:24.218Z"",""imageVerifiedAt"":""2026-10-10T21:01:33.387Z"",""imageSourceUrl"":""https://www.jacars.net/adv/2506371_2pc-diamond-teeth-grillz-hip-hop-14k-gold-plated-tooth-caps-decor-for-men-women/"",""imageIntegrityVersion"":""2026-10-07.1"",""details"":[],""detailsVersion"":""2026-10-07.3"",""brand"":""Jewellery"",""detailsSourceUrl"":""https://www.jacars.net/adv/2506371_2pc-diamond-teeth-grillz-hip-hop-14k-gold-plated-tooth-caps-decor-for-men-women/"",""detailsVerifiedAt"":""2026-10-10T20:45:31.479532+00:00"",""sourceSpecifications"":[],""listingIdentity"":{""version"":""2026-10-07.1"",""sourceUrl"":""https://www.jacars.net/adv/2506371_2pc-diamond-teeth-grillz-hip-hop-14k-gold-plated-tooth-caps-decor-for-men-women/"",""title"":""2pc DIAMOND Teeth Grillz Hip Hop 14K Gold Plated Tooth Caps Decor For Men/Women"",""images"":[""https://cdn2.jacars.net/media/cache/32/75/327515e31c6c6d3ec7af934a87841f0a.webp"",""https://cdn2.jacars.net/media/cache/ff/93/ff9309c3795cacf06161c16b0f1ef1dc.webp"",""https://cdn2.jacars.net/media/cache/40/eb/40ebd98f59998bff4422b5a8197d3456.webp"",""https://cdn2.jacars.net/media/cache/48/80/48806b9e82fdfb99faba7fb3daeedcef.webp""],""phones"":[""18768651374""],""sellerId"":"""",""city"":""Saint Catherine"",""checkedAt"":""2026-10-10T21:01:33.387Z""}}",active,2026-10-10T20:30:43Z,200,Matching listing has an available source offer,2026-10-10T20:30:43Z,https://www.jacars.net/adv/2506371_2pc-diamond-teeth-grillz-hip-hop-14k-gold-plated-tooth-caps-decor-for-men-women/,0,,visible,,,
jacars-2506360,published,marketplace,clothing,accessories,1pc Disposable Nose Ear Piercing Gun Kit Sterile Nose Stud Gun with Star Heart,"JA$1,000",1000,JMD,Saint Catherine,Jamaica,Unknown,18768651374,"Metals Type: Stainless steel

High-concerned chemical: None

Style: Classic

Material: Acrylic

Brand Name: HONGTU BOBY JEWELRY

Item Type: Body Jewelry

Fine or Fashion: Fashion

🤳Call OR #WhatsApp 18768651374

🛍FREE🛍DELIVERY🛍 In
📍""WATERFORD""
📍(Block 5 & Block 4)
& 🛍FREE🛍DELIVERY🛍 At
📍""PORTMORE MALL"" For ORDERS
🇯🇲jmd$2,500 & MORE‼️
▪
NOW ACCEPTING
👇💸👇💰👇💵👇
▪
💳Bank🏧Transfers💳
▪
💰CASH ON DELIVERY💰
▪
🧾Lay💸Away💰Plans🧾",https://cdn2.jacars.net/media/cache/21/d2/21d22b8f080eeb07dd4759dbb9fb268b.webp|https://cdn2.jacars.net/media/cache/03/1e/031ed6313654bfcc43c9e985afab5e99.webp|https://cdn2.jacars.net/media/cache/6d/49/6d49928a6c920a3d2bfe85f209c63e32.webp|https://cdn2.jacars.net/media/cache/e0/f0/e0f0ac8799edcf7fb3eef41ae5c94da0.webp,JACars Other Clothes Footwear Accessories,https://www.jacars.net/adv/2506360_1pc-disposable-nose-ear-piercing-gun-kit-sterile-nose-stud-gun-with-star-heart/,2026-05-30T20:52:10Z,,,,2026,,,,,"{""parser"":""local_crawl4ai_jacars"",""listUrl"":""https://www.jacars.net/other/clothing-shoes-and-accessories/"",""sourceName"":""JACars Other Clothes Footwear Accessories"",""imageRefreshAttemptedAt"":""2026-09-15T10:00:24.218Z"",""imageQuality"":""source_detail_high_resolution"",""imageRefreshSucceededAt"":""2026-09-15T10:00:24.218Z"",""imageVerifiedAt"":""2026-10-10T21:01:33.387Z"",""imageSourceUrl"":""https://www.jacars.net/adv/2506360_1pc-disposable-nose-ear-piercing-gun-kit-sterile-nose-stud-gun-with-star-heart/"",""imageIntegrityVersion"":""2026-10-07.1"",""details"":[],""detailsVersion"":""2026-10-07.3"",""brand"":""Jewellery"",""detailsSourceUrl"":""https://www.jacars.net/adv/2506360_1pc-disposable-nose-ear-piercing-gun-kit-sterile-nose-stud-gun-with-star-heart/"",""detailsVerifiedAt"":""2026-10-10T20:45:31.479532+00:00"",""material"":""Acrylic"",""sourceSpecifications"":[],""listingIdentity"":{""version"":""2026-10-07.1"",""sourceUrl"":""https://www.jacars.net/adv/2506360_1pc-disposable-nose-ear-piercing-gun-kit-sterile-nose-stud-gun-with-star-heart/"",""title"":""1pc Disposable Nose Ear Piercing Gun Kit Sterile Nose Stud Gun with Star Heart"",""images"":[""https://cdn2.jacars.net/media/cache/21/d2/21d22b8f080eeb07dd4759dbb9fb268b.webp"",""https://cdn2.jacars.net/media/cache/03/1e/031ed6313654bfcc43c9e985afab5e99.webp"",""https://cdn2.jacars.net/media/cache/6d/49/6d49928a6c920a3d2bfe85f209c63e32.webp"",""https://cdn2.jacars.net/media/cache/e0/f0/e0f0ac8799edcf7fb3eef41ae5c94da0.webp""],""phones"":[""18768651374""],""sellerId"":"""",""city"":""Saint Catherine"",""checkedAt"":""2026-10-10T21:01:33.387Z""}}",active,2026-10-10T20:30:43Z,200,Matching listing has an available source offer,2026-10-10T20:30:43Z,https://www.jacars.net/adv/2506360_1pc-disposable-nose-ear-piercing-gun-kit-sterile-nose-stud-gun-with-star-heart/,0,,visible,,,
jacars-2506354,published,marketplace,clothing,accessories,Cross Pendant Bracelet for Men Women Cuban Chain Punk Hiphop Mal,"JA$2,500",2500,JMD,Saint Catherine,Jamaica,Unknown,18768651374,"Bracelets Type: Chain & Link Bracelets

High-concerned chemical: None

Compatibility: All Compatible

Function: Mood Tracker

Chain Type: Link Chain

Shape\pattern: Cross

Setting Type: None

Material: Metal

Style: TRENDY

Clasp Type: Lobster-claw-clasps

Gender: Unisex

Metals Type: Alloy Steel

Brand Name: MOONBIFFY

Item Type: Bracelets

Fine or Fashion: Fashion

🤳Call OR #WhatsApp 18768651374

🛍FREE🛍DELIVERY🛍 In
📍""WATERFORD""
📍(Block 5 & Block 4)
& 🛍FREE🛍DELIVERY🛍 At
📍""PORTMORE MALL"" For ORDERS
🇯🇲jmd$2,500 & MORE‼️
▪
NOW ACCEPTING
👇💸👇💰👇💵👇
▪
💳Bank🏧Transfers💳
▪
💰CASH ON DELIVERY💰
▪
🧾Lay💸Away💰Plans🧾",https://cdn2.jacars.net/media/cache/eb/05/eb05685027cd505cbeabb1bca4c073b5.webp|https://cdn2.jacars.net/media/cache/c1/a4/c1a4224bd222e2a800f97b97efbdba0e.webp|https://cdn2.jacars.net/media/cache/66/14/66140ee498419e080ec14ca919588dab.webp|https://cdn2.jacars.net/media/cache/b9/07/b907ad331e638c596a5c489c5139c541.webp,JACars Other Clothes Footwear Accessories,https://www.jacars.net/adv/2506354_cross-pendant-bracelet-for-men-women-cuban-chain-punk-hiphop-mal/,2026-05-30T20:52:10Z,,,,2026,,Manual,,,"{""parser"":""local_crawl4ai_jacars"",""listUrl"":""https://www.jacars.net/other/clothing-shoes-and-accessories/"",""sourceName"":""JACars Other Clothes Footwear Accessories"",""imageRefreshAttemptedAt"":""2026-09-15T10:00:24.218Z"",""imageQuality"":""source_detail_high_resolution"",""imageRefreshSucceededAt"":""2026-09-15T10:00:24.218Z"",""imageVerifiedAt"":""2026-10-10T21:01:33.387Z"",""imageSourceUrl"":""https://www.jacars.net/adv/2506354_cross-pendant-bracelet-for-men-women-cuban-chain-punk-hiphop-mal/"",""imageIntegrityVersion"":""2026-10-07.1"",""details"":[],""detailsVersion"":""2026-10-07.3"",""brand"":""Jewellery"",""detailsSourceUrl"":""https://www.jacars.net/adv/2506354_cross-pendant-bracelet-for-men-women-cuban-chain-punk-hiphop-mal/"",""detailsVerifiedAt"":""2026-10-10T20:45:31.479532+00:00"",""material"":""Metal"",""sourceSpecifications"":[],""listingIdentity"":{""version"":""2026-10-07.1"",""sourceUrl"":""https://www.jacars.net/adv/2506354_cross-pendant-bracelet-for-men-women-cuban-chain-punk-hiphop-mal/"",""title"":""Cross Pendant Bracelet for Men Women Cuban Chain Punk Hiphop Mal"",""images"":[""https://cdn2.jacars.net/media/cache/eb/05/eb05685027cd505cbeabb1bca4c073b5.webp"",""https://cdn2.jacars.net/media/cache/c1/a4/c1a4224bd222e2a800f97b97efbdba0e.webp"",""https://cdn2.jacars.net/media/cache/66/14/66140ee498419e080ec14ca919588dab.webp"",""https://cdn2.jacars.net/media/cache/b9/07/b907ad331e638c596a5c489c5139c541.webp""],""phones"":[""18768651374""],""sellerId"":"""",""city"":""Saint Catherine"",""checkedAt"":""2026-10-10T21:01:33.387Z""}}",active,2026-10-10T20:30:43Z,200,Matching listing has an available source offer,2026-10-10T20:30:43Z,https://www.jacars.net/adv/2506354_cross-pendant-bracelet-for-men-women-cuban-chain-punk-hiphop-mal/,0,,visible,,,
jacars-2506353,published,marketplace,clothing,accessories,2pc Glow-In-Dark Blue/Pink Love Heart Luminous Couple Ring for Women Men Vin,"JA$3,000",3000,JMD,Saint Catherine,Jamaica,Unknown,18768651374,"**Elegant Design Meets Functionality**

The Fashion Blue Pink Love Heart Luminous Couple Ring is a testament to the fusion of style and practicality. This ring features a unique vintage design, adorned with a luminous heart motif that glows in the dark, making it a standout accessory for any occasion. The adjustable opening ensures a comfortable fit for various finger sizes, making it a versatile choice for both men and women. The ring's heart shape symbolizes love and affection, making it an ideal gift for those special moments like anniversaries, engagements, or as a thoughtful gesture for a loved one.

**Versatile and Trendy Accessory**

Designed for the fashion-forward individual, this ring transcends traditional jewelry norms. Whether you're dressing up for a party or adding a touch of whimsy to your everyday ensemble, this ring is the perfect accessory. Its luminous feature not only adds a captivating visual element but also serves as a subtle nod to the wearer's personality.…",https://cdn2.jacars.net/media/cache/30/dc/30dc6cc792a9e1a3067a8eb67fa84c0b.webp|https://cdn2.jacars.net/media/cache/34/01/3401c8fa10db9d37f54e1f727d0ef567.webp|https://cdn2.jacars.net/media/cache/f4/be/f4be9947f95622e507fd8cb488d97ba3.webp|https://cdn2.jacars.net/media/cache/3a/86/3a863e72e9cdc7be6c06e0338b813a74.webp,JACars Other Clothes Footwear Accessories,https://www.jacars.net/adv/2506353_2pc-glow-in-dark-blue-pink-love-heart-luminous-couple-ring-for-women-men-vin/,2026-05-30T20:52:10Z,,,,2026,,,,,"{""parser"":""local_crawl4ai_jacars"",""listUrl"":""https://www.jacars.net/other/clothing-shoes-and-accessories/"",""sourceName"":""JACars Other Clothes Footwear Accessories"",""imageRefreshAttemptedAt"":""2026-09-15T10:00:24.218Z"",""imageQuality"":""source_detail_high_resolution"",""imageRefreshSucceededAt"":""2026-09-15T10:00:24.218Z"",""imageVerifiedAt"":""2026-10-10T21:01:33.387Z"",""imageSourceUrl"":""https://www.jacars.net/adv/2506353_2pc-glow-in-dark-blue-pink-love-heart-luminous-couple-ring-for-women-men-vin/"",""imageIntegrityVersion"":""2026-10-07.1"",""details"":[],""detailsVersion"":""2026-10-07.3"",""brand"":""Jewellery"",""detailsSourceUrl"":""https://www.jacars.net/adv/2506353_2pc-glow-in-dark-blue-pink-love-heart-luminous-couple-ring-for-women-men-vin/"",""detailsVerifiedAt"":""2026-10-10T20:45:31.479532+00:00"",""sourceSpecifications"":[],""listingIdentity"":{""version"":""2026-10-07.1"",""sourceUrl"":""https://www.jacars.net/adv/2506353_2pc-glow-in-dark-blue-pink-love-heart-luminous-couple-ring-for-women-men-vin/"",""title"":""2pc Glow-In-Dark Blue/Pink Love Heart Luminous Couple Ring for Women Men Vin"",""images"":[""https://cdn2.jacars.net/media/cache/30/dc/30dc6cc792a9e1a3067a8eb67fa84c0b.webp"",""https://cdn2.jacars.net/media/cache/34/01/3401c8fa10db9d37f54e1f727d0ef567.webp"",""https://cdn2.jacars.net/media/cache/f4/be/f4be9947f95622e507fd8cb488d97ba3.webp"",""https://cdn2.jacars.net/media/cache/3a/86/3a863e72e9cdc7be6c06e0338b813a74.webp""],""phones"":[""18768651374""],""sellerId"":"""",""city"":""Saint Catherine"",""checkedAt"":""2026-10-10T21:01:33.387Z""}}",active,2026-10-10T20:30:43Z,200,Matching listing has an available source offer,2026-10-10T20:30:43Z,https://www.jacars.net/adv/2506353_2pc-glow-in-dark-blue-pink-love-heart-luminous-couple-ring-for-women-men-vin/,0,,visible,,,
jacars-2506338,published,marketplace,electronics,cameras_photography,New E99 Drone Remote Control with Screen Dual Camera Optical Flow Localization,"JA$17,000",17000,JMD,Saint Catherine,Jamaica,Unknown,18768651374,"E99 upgrade with screen control drone

1. Upgrade version, arm with lights, remote control with screen, with 8G memory card set

2. Built-in HD dual camera, front lens can be manually adjusted 90°

3.6 Channel with gyroscope: up/down, forward/backward, left/right, left/right fly, fine adjustment in all directions, stable flight easy to operate

4. Connect WIFI system functions: photo, video and real-time transmission, emergency stop, trajectory flight, one button around, intelligent follow, add music, picture rotation

5. Free speed shift, adjustable headless mode

6. Body with LED night lights

7. Folding arms, folding blades, smaller size, easy to carry out

Noted/Tips:

1. Remote control and drone cannot be paired: If the drone cannot be connected to the remote control, it may be due to excessive frequency. Please reconnect the remote control and drone at least 1 meter apart.

2. Low battery level: When the drone is first received, the battery level is empty. Please fully charge…",https://cdn2.jacars.net/media/cache/93/55/935518497ee8dcd5b243f609405ddfe2.webp|https://cdn2.jacars.net/media/cache/82/f7/82f7fd0bb1a62b7094e1eaf129ab7ef4.webp|https://cdn2.jacars.net/media/cache/a0/0b/a00b3af80d5491e86c04adf9e7f63451.webp|https://cdn2.jacars.net/media/cache/78/c4/78c49843137f2fbe490c06730c876541.webp,JACars Other Electronics Appliances,https://www.jacars.net/adv/2506338_new-e99-drone-remote-control-with-screen-dual-camera-optical-flow-localization/,2026-05-30T20:52:10Z,,"Video, camcorders",,2026,,Manual,,,"{""parser"":""local_crawl4ai_jacars"",""listUrl"":""https://www.jacars.net/other/electronics-and-appliances/"",""sourceName"":""JACars Other Electronics Appliances"",""imageRefreshAttemptedAt"":""2026-09-15T10:00:24.218Z"",""imageQuality"":""source_detail_high_resolution"",""imageRefreshSucceededAt"":""2026-09-15T10:00:24.218Z"",""imageVerifiedAt"":""2026-10-10T21:01:33.387Z"",""imageSourceUrl"":""https://www.jacars.net/adv/2506338_new-e99-drone-remote-control-with-screen-dual-camera-optical-flow-localization/"",""imageIntegrityVersion"":""2026-10-07.1"",""details"":[],""detailsVersion"":""2026-10-07.3"",""brand"":""Cameras, camcorders, telescopes"",""model"":""Video, camcorders"",""detailsSourceUrl"":""https://www.jacars.net/adv/2506338_new-e99-drone-remote-control-with-screen-dual-camera-optical-flow-localization/"",""detailsVerifiedAt"":""2026-10-10T20:45:31.479532+00:00"",""sourceSpecifications"":[],""listingIdentity"":{""version"":""2026-10-07.1"",""sourceUrl"":""https://www.jacars.net/adv/2506338_new-e99-drone-remote-control-with-screen-dual-camera-optical-flow-localization/"",""title"":""New E99 Drone Remote Control with Screen Dual Camera Optical Flow Localization"",""images"":[""https://cdn2.jacars.net/media/cache/93/55/935518497ee8dcd5b243f609405ddfe2.webp"",""https://cdn2.jacars.net/media/cache/82/f7/82f7fd0bb1a62b7094e1eaf129ab7ef4.webp"",""https://cdn2.jacars.net/media/cache/a0/0b/a00b3af80d5491e86c04adf9e7f63451.webp"",""https://cdn2.jacars.net/media/cache/78/c4/78c49843137f2fbe490c06730c876541.webp""],""phones"":[""18768651374""],""sellerId"":"""",""city"":""Saint Catherine"",""checkedAt"":""2026-10-10T21:01:33.387Z""}}",active,2026-10-10T20:30:43Z,200,Matching listing has an available source offer,2026-10-10T20:30:43Z,https://www.jacars.net/adv/2506338_new-e99-drone-remote-control-with-screen-dual-camera-optical-flow-localization/,0,,visible,,,
jacars-2506335,published,marketplace,electronics,cameras_photography,New E99Pro RC Drone 4K Professinal With Wide Angle Dual HD Camera Foldable RC He,"JA$15,000",15000,JMD,Saint Catherine,Jamaica,Unknown,18768651374,"1. The drone must be placed on a level surface before it can begin to prepare for flight. If it is not on the horizontal plane, the engine will lose balance and the wind blades will not be able to rotate;

2. Drones should not be operated by hand. Not only can the engine not balance, but also cause danger!

3. After the initial calibration, gently push up the left lever, and the UAV's wind blade will only rotate but not fly, which means that the standby state is unlocked. Currently, drones have very low engine power. If it does not rotate or rotates very slowly, this is normal; At this point, push the left joystick up again, and the drone will fly normally.

Please note:

Please read the instructions carefully before use.

If you are a beginner, an experienced adult is recommended to help you.

Be careful with the battery: do not overcharge or undercharge it.

Do not place it under high temperature conditions.

Don't throw it in the fire.

Don't throw it in the water.

•4K HD Video…",https://cdn2.jacars.net/media/cache/a4/05/a405de23048b8222f623bbc2e01d18aa.webp|https://cdn2.jacars.net/media/cache/ce/fb/cefb52cd7dbe05a0dc369393a8039de1.webp|https://cdn2.jacars.net/media/cache/32/b1/32b13d4acae2050bea795a431c0d3b0d.webp|https://cdn2.jacars.net/media/cache/ac/9c/ac9c9f414197f9fdf7eb038ca441ebe0.webp,JACars Other Electronics Appliances,https://www.jacars.net/adv/2506335_new-e99pro-rc-drone-4k-professinal-with-wide-angle-dual-hd-camera-foldable-rc-he/,2026-05-30T20:52:10Z,,"Video, camcorders",,2026,,Manual,Black/grey,,"{""parser"":""local_crawl4ai_jacars"",""listUrl"":""https://www.jacars.net/other/electronics-and-appliances/"",""sourceName"":""JACars Other Electronics Appliances"",""imageRefreshAttemptedAt"":""2026-09-15T10:00:24.218Z"",""imageQuality"":""source_detail_high_resolution"",""imageRefreshSucceededAt"":""2026-09-15T10:00:24.218Z"",""imageVerifiedAt"":""2026-10-10T21:01:33.387Z"",""imageSourceUrl"":""https://www.jacars.net/adv/2506335_new-e99pro-rc-drone-4k-professinal-with-wide-angle-dual-hd-camera-foldable-rc-he/"",""imageIntegrityVersion"":""2026-10-07.1"",""details"":[],""detailsVersion"":""2026-10-07.3"",""brand"":""Cameras, camcorders, telescopes"",""model"":""Video, camcorders"",""detailsSourceUrl"":""https://www.jacars.net/adv/2506335_new-e99pro-rc-drone-4k-professinal-with-wide-angle-dual-hd-camera-foldable-rc-he/"",""detailsVerifiedAt"":""2026-10-10T20:45:31.479532+00:00"",""color"":""Black/grey"",""sourceSpecifications"":[],""listingIdentity"":{""version"":""2026-10-07.1"",""sourceUrl"":""https://www.jacars.net/adv/2506335_new-e99pro-rc-drone-4k-professinal-with-wide-angle-dual-hd-camera-foldable-rc-he/"",""title"":""New E99Pro RC Drone 4K Professinal With Wide Angle Dual HD Camera Foldable RC He"",""images"":[""https://cdn2.jacars.net/media/cache/a4/05/a405de23048b8222f623bbc2e01d18aa.webp"",""https://cdn2.jacars.net/media/cache/ce/fb/cefb52cd7dbe05a0dc369393a8039de1.webp"",""https://cdn2.jacars.net/media/cache/32/b1/32b13d4acae2050bea795a431c0d3b0d.webp"",""https://cdn2.jacars.net/media/cache/ac/9c/ac9c9f414197f9fdf7eb038ca441ebe0.webp""],""phones"":[""18768651374""],""sellerId"":"""",""city"":""Saint Catherine"",""checkedAt"":""2026-10-10T21:01:33.387Z""}}",active,2026-10-10T20:30:43Z,200,Matching listing has an available source offer,2026-10-10T20:30:43Z,https://www.jacars.net/adv/2506335_new-e99pro-rc-drone-4k-professinal-with-wide-angle-dual-hd-camera-foldable-rc-he/,0,,visible,,,
jacars-2506331,published,marketplace,clothing,accessories,Balaclava Face Mask Ski Mask for Men Women Full Face Mask Hood Snow Motorcycle R,"JA$2,000",2000,JMD,Saint Catherine,Jamaica,Unknown,18768651374,"ULTIMATE PROTECTION for YOUR FACE and YOUR BODY – balaclava face mask is made from high quality fabric, comfortable and lightweight. Very effective for providing face protection, primarily against the wind, dust, UV while motorcycling or other sports. When winter weather is in full force, this soft mask is quite the treat WARM BREATHABLE & KEEP DRY – ski face masks are tailored to your head and face to ensure that the part to cover the nose not falls down easily. Complete head face neck mask for summer and winter. The balaclava mesh material is breathable, absorbs sweat and will keep you dry. It also fit nicely under your helmet and goggles and keep your face and head warm VERSATILITY & BEST GIFTS – Can be worn as full face mask or hat, open balaclava, sun shield masks, half ski mask , neck gaiter or saharan style & ninja hoodie. Wear your balaclava on its own or under a helmet. People use balaclava for skiing, running, riding, fishing, snowboarding, motorcycling, hiking, Climbing.…",https://cdn2.jacars.net/media/cache/95/a4/95a474ea0d6f36308d1e665e45cd7191.webp|https://cdn2.jacars.net/media/cache/3f/e6/3fe64b78afe2801d7764687dd2ea6855.webp|https://cdn2.jacars.net/media/cache/23/77/2377085660627cbc847c5ff7688ae49b.webp|https://cdn2.jacars.net/media/cache/3a/25/3a257ba10c023d2ca34318ad3cf87227.webp,JACars Other Clothes Footwear Accessories,https://www.jacars.net/adv/2506331_balaclava-face-mask-ski-mask-for-men-women-full-face-mask-hood-snow-motorcycle-r/,2026-05-30T20:52:10Z,,,,2026,,,,,"{""parser"":""local_crawl4ai_jacars"",""listUrl"":""https://www.jacars.net/other/clothing-shoes-and-accessories/"",""sourceName"":""JACars Other Clothes Footwear Accessories"",""imageRefreshAttemptedAt"":""2026-09-15T10:00:24.218Z"",""imageQuality"":""source_detail_high_resolution"",""imageRefreshSucceededAt"":""2026-09-15T10:00:24.218Z"",""imageVerifiedAt"":""2026-10-10T21:01:33.387Z"",""imageSourceUrl"":""https://www.jacars.net/adv/2506331_balaclava-face-mask-ski-mask-for-men-women-full-face-mask-hood-snow-motorcycle-r/"",""imageIntegrityVersion"":""2026-10-07.1"",""details"":[],""detailsVersion"":""2026-10-07.3"",""brand"":""Bags, accessories"",""detailsSourceUrl"":""https://www.jacars.net/adv/2506331_balaclava-face-mask-ski-mask-for-men-women-full-face-mask-hood-snow-motorcycle-r/"",""detailsVerifiedAt"":""2026-10-10T20:45:31.479532+00:00"",""sourceSpecifications"":[],""listingIdentity"":{""version"":""2026-10-07.1"",""sourceUrl"":""https://www.jacars.net/adv/2506331_balaclava-face-mask-ski-mask-for-men-women-full-face-mask-hood-snow-motorcycle-r/"",""title"":""Balaclava Face Mask Ski Mask for Men Women Full Face Mask Hood Snow Motorcycle R"",""images"":[""https://cdn2.jacars.net/media/cache/95/a4/95a474ea0d6f36308d1e665e45cd7191.webp"",""https://cdn2.jacars.net/media/cache/3f/e6/3fe64b78afe2801d7764687dd2ea6855.webp"",""https://cdn2.jacars.net/media/cache/23/77/2377085660627cbc847c5ff7688ae49b.webp"",""https://cdn2.jacars.net/media/cache/3a/25/3a257ba10c023d2ca34318ad3cf87227.webp""],""phones"":[""18768651374""],""sellerId"":"""",""city"":""Saint Catherine"",""checkedAt"":""2026-10-10T21:01:33.387Z""}}",active,2026-10-10T20:30:43Z,200,Matching listing has an available source offer,2026-10-10T20:30:43Z,https://www.jacars.net/adv/2506331_balaclava-face-mask-ski-mask-for-men-women-full-face-mask-hood-snow-motorcycle-r/,0,,visible,,,
jacars-2506310,published,marketplace,other,beauty_personal_care,3pc Electric Massager EMS Neck Massage Machine 8 Modes 19 Levels of Strength V,"JA$8,000",8000,JMD,Saint Catherine,Jamaica,Unknown,18768651374,"Indulge in a complete pain relief experience with the EMS Microcurrent Mini Massager Machine.

This versatile physiotherapy device, which operates at a low frequency, is ideal for individuals seeking muscle relaxation in the comfort of their own home.

Lightweight and user-friendly, weighing just 250g, this portable mini massager can be conveniently used on the go. Equipped with a 150mAh built-in battery, it offers cordless operation, eliminating the hassle of frequent charging. Magnetic and versatile, this device is designed to provide a holistic approach to muscle care.

SPECIFICATIONS:

Hand Instrument: No

Electronic: Yes

Power Supply: Battery Powered

Is Batteries Included: Yes

Voltage: None

Application: BODY

Item Type: Massage & Relaxation

🤳Call OR #WhatsApp 18768651374

🛍FREE🛍DELIVERY🛍 In
📍""WATERFORD""
📍(Block 5 & Block 4)
& 🛍FREE🛍DELIVERY🛍 At
📍""PORTMORE MALL"" For ORDERS
🇯🇲jmd$2,500 & MORE‼️
▪
NOW ACCEPTING
👇💸👇💰👇💵👇
▪
💳Bank🏧Transfers💳
▪
💰CASH ON…",https://cdn2.jacars.net/media/cache/b6/6e/b66e0cb22f024b1775c33d934beada83.webp|https://cdn2.jacars.net/media/cache/23/57/2357a616b02e6f756fa31a53550897e7.webp|https://cdn2.jacars.net/media/cache/86/ab/86ab9e6aade802415844ded0a498b01f.webp|https://cdn2.jacars.net/media/cache/eb/8a/eb8a8fef6afbff9b2ceb447016c75ab4.webp,JACars Other Hobbies Sports Leisure,https://www.jacars.net/adv/2506310_3pc-electric-massager-ems-neck-massage-machine-8-modes-19-levels-of-strength-v/,2026-05-30T20:52:10Z,,Fitness,,2026,,,,,"{""parser"":""local_crawl4ai_jacars"",""listUrl"":""https://www.jacars.net/other/hobbies-sports-leisure-and-travel/"",""sourceName"":""JACars Other Hobbies Sports Leisure"",""imageRefreshAttemptedAt"":""2026-09-15T10:00:24.218Z"",""imageQuality"":""source_detail_high_resolution"",""imageRefreshSucceededAt"":""2026-09-15T10:00:24.218Z"",""imageVerifiedAt"":""2026-10-10T21:01:33.387Z"",""imageSourceUrl"":""https://www.jacars.net/adv/2506310_3pc-electric-massager-ems-neck-massage-machine-8-modes-19-levels-of-strength-v/"",""imageIntegrityVersion"":""2026-10-07.1"",""details"":[],""detailsVersion"":""2026-10-07.3"",""brand"":""Sporting Goods"",""model"":""Fitness"",""detailsSourceUrl"":""https://www.jacars.net/adv/2506310_3pc-electric-massager-ems-neck-massage-machine-8-modes-19-levels-of-strength-v/"",""detailsVerifiedAt"":""2026-10-10T20:45:31.479532+00:00"",""power"":""Battery Powered"",""sourceSpecifications"":[],""listingIdentity"":{""version"":""2026-10-07.1"",""sourceUrl"":""https://www.jacars.net/adv/2506310_3pc-electric-massager-ems-neck-massage-machine-8-modes-19-levels-of-strength-v/"",""title"":""3pc Electric Massager EMS Neck Massage Machine 8 Modes 19 Levels of Strength V"",""images"":[""https://cdn2.jacars.net/media/cache/b6/6e/b66e0cb22f024b1775c33d934beada83.webp"",""https://cdn2.jacars.net/media/cache/23/57/2357a616b02e6f756fa31a53550897e7.webp"",""https://cdn2.jacars.net/media/cache/86/ab/86ab9e6aade802415844ded0a498b01f.webp"",""https://cdn2.jacars.net/media/cache/eb/8a/eb8a8fef6afbff9b2ceb447016c75ab4.webp""],""phones"":[""18768651374""],""sellerId"":"""",""city"":""Saint Catherine"",""checkedAt"":""2026-10-10T21:01:33.387Z""}}",active,2026-10-10T20:30:43Z,200,Matching listing has an available source offer,2026-10-10T20:30:43Z,https://www.jacars.net/adv/2506310_3pc-electric-massager-ems-neck-massage-machine-8-modes-19-levels-of-strength-v/,0,,visible,,,
jacars-2506306,published,marketplace,electronics,cameras_photography,Tripod For Phone Mobile Camera Holder Clip Smartphone Monopod Tripe Stand Octopu,"JA$2,000",2000,JMD,Saint Catherine,Jamaica,Unknown,18768651374,"This unique adapter / holder adds a screw hole to the mobile phone. It allows you to attach your phone to a monopod or tripod for better quality picture. It supports mobile phone with width from 2.0""(5.5cm) ~ 3.5""(8.50cm) All Cameras / Universal (1/4-inch -20 screw) camera link attachment 1. Complete flexibility, made of hard plastic 2. Gray rubberized rings, feet, and link cushion 3. The link attachment screws into most digital camera sizes and is removeable 4. Removable link attachment with lock release button 5. Allowing it to level out a camera on the most uneven surfaces 6. Weight: 60g 7. Size: 150 x 35 x 35mm 8. the item can support max 275g 9. Color: Black/Black/Red..

SPECIFICATIONS:

High-concerned chemical: None

Max Extened Length (mm): 170mm

Folded Length (mm): 170mm

Package: Yes

Model Number: tripod

Use: Smartphones

Type: Flexible Tripod

Material: Plastic

Brand Name: VeFly

Weight (g): 60g

🤳Call OR #WhatsApp 18768651374

🛍FREE🛍DELIVERY🛍…",https://cdn2.jacars.net/media/cache/c2/2b/c22b37a13f4514d67747d6611649a799.webp|https://cdn2.jacars.net/media/cache/5b/c8/5bc81641ac15d8e0009124c50d4bfef8.webp|https://cdn2.jacars.net/media/cache/53/34/5334c149e8c7708708bb33d011e02046.webp|https://cdn2.jacars.net/media/cache/fd/89/fd89ae174d55e15900e081321c86b022.webp,JACars Other Hobbies Sports Leisure,https://www.jacars.net/adv/2506306_tripod-for-phone-mobile-camera-holder-clip-smartphone-monopod-tripe-stand-octopu/,2026-05-30T20:52:10Z,,"Hiking, mountaineering, camping",,2026,,,,,"{""parser"":""local_crawl4ai_jacars"",""listUrl"":""https://www.jacars.net/other/hobbies-sports-leisure-and-travel/"",""sourceName"":""JACars Other Hobbies Sports Leisure"",""imageRefreshAttemptedAt"":""2026-09-15T10:00:24.218Z"",""imageQuality"":""source_detail_high_resolution"",""imageRefreshSucceededAt"":""2026-09-15T10:00:24.218Z"",""imageVerifiedAt"":""2026-10-10T21:01:33.387Z"",""imageSourceUrl"":""https://www.jacars.net/adv/2506306_tripod-for-phone-mobile-camera-holder-clip-smartphone-monopod-tripe-stand-octopu/"",""imageIntegrityVersion"":""2026-10-07.1"",""details"":[],""detailsVersion"":""2026-10-07.3"",""brand"":""Sporting Goods"",""model"":""Hiking, mountaineering, camping"",""detailsSourceUrl"":""https://www.jacars.net/adv/2506306_tripod-for-phone-mobile-camera-holder-clip-smartphone-monopod-tripe-stand-octopu/"",""detailsVerifiedAt"":""2026-10-10T20:45:31.479532+00:00"",""sourceSpecifications"":[],""listingIdentity"":{""version"":""2026-10-07.1"",""sourceUrl"":""https://www.jacars.net/adv/2506306_tripod-for-phone-mobile-camera-holder-clip-smartphone-monopod-tripe-stand-octopu/"",""title"":""Tripod For Phone Mobile Camera Holder Clip Smartphone Monopod Tripe Stand Octopu"",""images"":[""https://cdn2.jacars.net/media/cache/c2/2b/c22b37a13f4514d67747d6611649a799.webp"",""https://cdn2.jacars.net/media/cache/5b/c8/5bc81641ac15d8e0009124c50d4bfef8.webp"",""https://cdn2.jacars.net/media/cache/53/34/5334c149e8c7708708bb33d011e02046.webp"",""https://cdn2.jacars.net/media/cache/fd/89/fd89ae174d55e15900e081321c86b022.webp""],""phones"":[""18768651374""],""sellerId"":"""",""city"":""Saint Catherine"",""checkedAt"":""2026-10-10T21:01:33.387Z""}}",active,2026-10-10T20:30:43Z,200,Matching listing has an available source offer,2026-10-10T20:30:43Z,https://www.jacars.net/adv/2506306_tripod-for-phone-mobile-camera-holder-clip-smartphone-monopod-tripe-stand-octopu/,0,,visible,,,
jacars-2506297,published,marketplace,clothing,accessories,"Waterproof Strap Bag, Adjustable Strap For Outdoor Activities, Travel Running","JA$4,000",4000,JMD,Saint Catherine,Jamaica,Unknown,18768651374,"Material:Nylon Canvas

Product: Men Shoulder Bags

Size:31cm (Length) *17cm (Width)*5cm (Height)

Color:Black/Gray/Blue

Package:1pcs

🤳Call OR #WhatsApp 18768651374

🛍FREE🛍DELIVERY🛍 In
📍""WATERFORD""
📍(Block 5 & Block 4)
& 🛍FREE🛍DELIVERY🛍 At
📍""PORTMORE MALL"" For ORDERS
🇯🇲jmd$2,500 & MORE‼️
▪
NOW ACCEPTING
👇💸👇💰👇💵👇
▪
💳Bank🏧Transfers💳
▪
💰CASH ON DELIVERY💰
▪
🧾Lay💸Away💰Plans🧾",https://cdn2.jacars.net/media/cache/4b/75/4b759b3ce0bb28f7d71f226a75691fa6.webp|https://cdn2.jacars.net/media/cache/29/d1/29d11037aad5d9cccd00eb5630735537.webp|https://cdn2.jacars.net/media/cache/9b/b6/9bb61a0c3a6f3b7beab59e0129e6c87e.webp|https://cdn2.jacars.net/media/cache/1c/60/1c60140b01ac453d2376218a47cfa26f.webp,JACars Other Clothes Footwear Accessories,https://www.jacars.net/adv/2506297_waterproof-strap-bag-adjustable-strap-for-outdoor-activities-travel-running/,2026-05-30T20:52:10Z,,,,2026,,Manual,Black/Gray/Blue,,"{""parser"":""local_crawl4ai_jacars"",""listUrl"":""https://www.jacars.net/other/clothing-shoes-and-accessories/"",""sourceName"":""JACars Other Clothes Footwear Accessories"",""imageRefreshAttemptedAt"":""2026-09-15T10:00:24.218Z"",""imageQuality"":""source_detail_high_resolution"",""imageRefreshSucceededAt"":""2026-09-15T10:00:24.218Z"",""imageVerifiedAt"":""2026-10-10T21:01:33.387Z"",""imageSourceUrl"":""https://www.jacars.net/adv/2506297_waterproof-strap-bag-adjustable-strap-for-outdoor-activities-travel-running/"",""imageIntegrityVersion"":""2026-10-07.1"",""details"":[],""detailsVersion"":""2026-10-07.3"",""brand"":""Bags, accessories"",""detailsSourceUrl"":""https://www.jacars.net/adv/2506297_waterproof-strap-bag-adjustable-strap-for-outdoor-activities-travel-running/"",""detailsVerifiedAt"":""2026-10-10T20:45:31.479532+00:00"",""material"":""Nylon Canvas"",""size"":""31cm (Length) *17cm (Width)*5cm (Height)"",""color"":""Black/Gray/Blue"",""sourceSpecifications"":[],""listingIdentity"":{""version"":""2026-10-07.1"",""sourceUrl"":""https://www.jacars.net/adv/2506297_waterproof-strap-bag-adjustable-strap-for-outdoor-activities-travel-running/"",""title"":""Waterproof Strap Bag, Adjustable Strap For Outdoor Activities, Travel Running"",""images"":[""https://cdn2.jacars.net/media/cache/4b/75/4b759b3ce0bb28f7d71f226a75691fa6.webp"",""https://cdn2.jacars.net/media/cache/29/d1/29d11037aad5d9cccd00eb5630735537.webp"",""https://cdn2.jacars.net/media/cache/9b/b6/9bb61a0c3a6f3b7beab59e0129e6c87e.webp"",""https://cdn2.jacars.net/media/cache/1c/60/1c60140b01ac453d2376218a47cfa26f.webp""],""phones"":[""18768651374""],""sellerId"":"""",""city"":""Saint Catherine"",""checkedAt"":""2026-10-10T21:01:33.387Z""}}",active,2026-10-10T20:30:43Z,200,Matching listing has an available source offer,2026-10-10T20:30:43Z,https://www.jacars.net/adv/2506297_waterproof-strap-bag-adjustable-strap-for-outdoor-activities-travel-running/,0,,visible,,,
jacars-2506295,published,marketplace,electronics,computers_tablets,4 Port USB 2.0 with Cable Mini USB Splitter Hub Use Power Adapter Multiple Socke,"JA$2,000",2000,JMD,Saint Catherine,Jamaica,Unknown,18768651374,"1.Item：4port USB Hub

2. USB Version：2.0

3.Cable Length：0.45m

4.Surpport system: for Mac/Vista/Windows

5.Support Devices: Cellphone/Tablet/USB Driver/OTG/PC/Laptop

6.Size:76*24*24mm

7.Material:ABS

8.Shell manufacturing technique: Polished Alloy,Anti-skip,anti-fingerprint

Parameter:

1. USB binding 2.0 chip, high speed chip.

2. Equipped with four sets of USB jacks with hot plug function

3. Current protection function, support overload voltage and instantaneous current protection function, safe and convenient to use

4. Work output is stable

5. Working humidity: 10% - 90%

6. Working voltage: 5V

7. Working current: 500mA

8. Working temperature: -20C - 75C

9. Storage temperature: -40C - 85C

Package Included:

1 x Mini USB 2.0 Hi-Speed 4-Port Splitter Hub Adapter For PC Computer

High-concerned chemical: None

Length: 45cm

Package: Yes

Certification: CE

Funtion: None

Standard: USB 2.0

Ports: 4

Interface Type: USB 2.0

Brand Name: HXSJ

Ports: 4

Plug Type: None…",https://cdn2.jacars.net/media/cache/57/ec/57ec5bf75810031a68caa6f4a8d9ff0f.webp|https://cdn2.jacars.net/media/cache/18/c5/18c5bc1b564114af68bbf9fac9769381.webp|https://cdn2.jacars.net/media/cache/90/7a/907a01a33b839d15529845428b89aa44.webp|https://cdn2.jacars.net/media/cache/59/24/59242e53175ea9ff5f3fc0107e81eceb.webp,JACars Other Computers Peripherals,https://www.jacars.net/adv/2506295_4-port-usb-2-0-with-cable-mini-usb-splitter-hub-use-power-adapter-multiple-socke/,2026-05-30T20:52:10Z,,,,2026,,,,,"{""parser"":""local_crawl4ai_jacars"",""listUrl"":""https://www.jacars.net/other/computers-and-games/"",""sourceName"":""JACars Other Computers Peripherals"",""imageRefreshAttemptedAt"":""2026-09-15T10:00:24.218Z"",""imageQuality"":""source_detail_high_resolution"",""imageRefreshSucceededAt"":""2026-09-15T10:00:24.218Z"",""imageVerifiedAt"":""2026-10-10T21:01:33.387Z"",""imageSourceUrl"":""https://www.jacars.net/adv/2506295_4-port-usb-2-0-with-cable-mini-usb-splitter-hub-use-power-adapter-multiple-socke/"",""imageIntegrityVersion"":""2026-10-07.1"",""details"":[],""detailsVersion"":""2026-10-07.3"",""brand"":""Computer accessories"",""detailsSourceUrl"":""https://www.jacars.net/adv/2506295_4-port-usb-2-0-with-cable-mini-usb-splitter-hub-use-power-adapter-multiple-socke/"",""detailsVerifiedAt"":""2026-10-10T20:45:31.479532+00:00"",""sourceSpecifications"":[],""listingIdentity"":{""version"":""2026-10-07.1"",""sourceUrl"":""https://www.jacars.net/adv/2506295_4-port-usb-2-0-with-cable-mini-usb-splitter-hub-use-power-adapter-multiple-socke/"",""title"":""4 Port USB 2.0 with Cable Mini USB Splitter Hub Use Power Adapter Multiple Socke"",""images"":[""https://cdn2.jacars.net/media/cache/57/ec/57ec5bf75810031a68caa6f4a8d9ff0f.webp"",""https://cdn2.jacars.net/media/cache/18/c5/18c5bc1b564114af68bbf9fac9769381.webp"",""https://cdn2.jacars.net/media/cache/90/7a/907a01a33b839d15529845428b89aa44.webp"",""https://cdn2.jacars.net/media/cache/59/24/59242e53175ea9ff5f3fc0107e81eceb.webp""],""phones"":[""18768651374""],""sellerId"":"""",""city"":""Saint Catherine"",""checkedAt"":""2026-10-10T21:01:33.387Z""}}",active,2026-10-10T20:30:43Z,200,Matching listing has an available source offer,2026-10-10T20:30:43Z,https://www.jacars.net/adv/2506295_4-port-usb-2-0-with-cable-mini-usb-splitter-hub-use-power-adapter-multiple-socke/,0,,visible,,,
jacars-2506291,published,marketplace,clothing,shoes,2pc Waterproof Silicone Shoe Cover High Elasticity Neutral Rain Boots Reusable,"JA$2,000",2000,JMD,Saint Catherine,Jamaica,Unknown,18768651374,"Model Number: Silicone Shoe Cover

Product category: : Rubber boots

Function: Waterproof

High-concerned chemical: None

🤳Call OR #WhatsApp 18768651374

🛍FREE🛍DELIVERY🛍 In
📍""WATERFORD""
📍(Block 5 & Block 4)
& 🛍FREE🛍DELIVERY🛍 At
📍""PORTMORE MALL"" For ORDERS
🇯🇲jmd$2,500 & MORE‼️
▪
NOW ACCEPTING
👇💸👇💰👇💵👇
▪
💳Bank🏧Transfers💳
▪
💰CASH ON DELIVERY💰
▪
🧾Lay💸Away💰Plans🧾",https://cdn2.jacars.net/media/cache/36/9e/369eb6abb472a24076fea6000276df2f.webp|https://cdn2.jacars.net/media/cache/e4/38/e4385307db64eef213eeabb71cd30810.webp|https://cdn2.jacars.net/media/cache/5f/19/5f19cd3084391e7d30d8f64bcd4c3933.webp|https://cdn2.jacars.net/media/cache/bc/25/bc25e3ff8372a0ce27b5d159dc34e817.webp,JACars Other Clothes Footwear Accessories,https://www.jacars.net/adv/2506291_2pc-waterproof-silicone-shoe-cover-high-elasticity-neutral-rain-boots-reusable/,2026-05-30T20:52:10Z,,Men's shoes,,2026,,Manual,,,"{""parser"":""local_crawl4ai_jacars"",""listUrl"":""https://www.jacars.net/other/clothing-shoes-and-accessories/"",""sourceName"":""JACars Other Clothes Footwear Accessories"",""imageRefreshAttemptedAt"":""2026-09-15T10:00:24.218Z"",""imageQuality"":""source_detail_high_resolution"",""imageRefreshSucceededAt"":""2026-09-15T10:00:24.218Z"",""imageVerifiedAt"":""2026-10-10T21:01:33.387Z"",""imageSourceUrl"":""https://www.jacars.net/adv/2506291_2pc-waterproof-silicone-shoe-cover-high-elasticity-neutral-rain-boots-reusable/"",""imageIntegrityVersion"":""2026-10-07.1"",""details"":[],""detailsVersion"":""2026-10-07.3"",""brand"":""Shoes"",""model"":""Men's shoes"",""detailsSourceUrl"":""https://www.jacars.net/adv/2506291_2pc-waterproof-silicone-shoe-cover-high-elasticity-neutral-rain-boots-reusable/"",""detailsVerifiedAt"":""2026-10-10T20:45:31.479532+00:00"",""sourceSpecifications"":[],""listingIdentity"":{""version"":""2026-10-07.1"",""sourceUrl"":""https://www.jacars.net/adv/2506291_2pc-waterproof-silicone-shoe-cover-high-elasticity-neutral-rain-boots-reusable/"",""title"":""2pc Waterproof Silicone Shoe Cover High Elasticity Neutral Rain Boots Reusable"",""images"":[""https://cdn2.jacars.net/media/cache/36/9e/369eb6abb472a24076fea6000276df2f.webp"",""https://cdn2.jacars.net/media/cache/e4/38/e4385307db64eef213eeabb71cd30810.webp"",""https://cdn2.jacars.net/media/cache/5f/19/5f19cd3084391e7d30d8f64bcd4c3933.webp"",""https://cdn2.jacars.net/media/cache/bc/25/bc25e3ff8372a0ce27b5d159dc34e817.webp""],""phones"":[""18768651374""],""sellerId"":"""",""city"":""Saint Catherine"",""checkedAt"":""2026-10-10T21:01:33.387Z""}}",active,2026-10-10T20:30:43Z,200,Matching listing has an available source offer,2026-10-10T20:30:43Z,https://www.jacars.net/adv/2506291_2pc-waterproof-silicone-shoe-cover-high-elasticity-neutral-rain-boots-reusable/,0,,visible,,,
jacars-2506247,published,marketplace,other,beauty_personal_care,T9 LCD Electric Hairdresser Oil Shaving Head Electric Pusher Carving Electric Pu,"JA$4,000",4000,JMD,Saint Catherine,Jamaica,Unknown,18768651374,"Battery Charging Time: Up to 2 hours

Blade Material: Stainless steel

Battery Life: Over 90 minutes

Is Batteries Included: Yes

Power type: Mains and battery operation

Function: Wet haircut, Dry haircut, Washing knives under water,Fast Charging,Charging indication

Maximum cutting length: 5 - 10 mm

Minimum cutting length: Less than 0.5mm

Length adjustment method: Change of nozzles

Number of nozzles: 5 or more pieces

Purpose: For the bikini area,For beard and mustache,For body,For

Material: Metal+ABS

Commodity Quality Certification: 3C,ce

Brand Name: V-Vimika

Item Type: hair trimmer

Motor: Vibratory

🤳Call OR #WhatsApp 18768651374

🛍FREE🛍DELIVERY🛍 In
📍""WATERFORD""
📍(Block 5 & Block 4)
& 🛍FREE🛍DELIVERY🛍 At
📍""PORTMORE MALL"" For ORDERS
🇯🇲jmd$2,500 & MORE‼️
▪
NOW ACCEPTING
👇💸👇💰👇💵👇
▪
💳Bank🏧Transfers💳
▪
💰CASH ON DELIVERY💰
▪
🧾Lay💸Away💰Plans🧾",https://cdn2.jacars.net/media/cache/be/17/be17e4e04979fa4fac3d7c804d64d6df.webp|https://cdn2.jacars.net/media/cache/be/7b/be7b78174becbf3622ec8db64000ab13.webp|https://cdn2.jacars.net/media/cache/36/5f/365fed9cc8d33eaa0a3ae41616126892.webp|https://cdn2.jacars.net/media/cache/65/d0/65d0b7b8a56fdc58e6895988d6aeac42.webp,JACars Other Health Beauty,https://www.jacars.net/adv/2506247_t9-lcd-electric-hairdresser-oil-shaving-head-electric-pusher-carving-electric-pu/,2026-05-30T20:52:10Z,,,,2026,,,,,"{""parser"":""local_crawl4ai_jacars"",""listUrl"":""https://www.jacars.net/other/beauty-and-health/"",""sourceName"":""JACars Other Health Beauty"",""imageVerifiedAt"":""2026-10-10T21:01:33.387Z"",""imageSourceUrl"":""https://www.jacars.net/adv/2506247_t9-lcd-electric-hairdresser-oil-shaving-head-electric-pusher-carving-electric-pu/"",""imageIntegrityVersion"":""2026-10-07.1"",""imageRefreshAttemptedAt"":""2026-09-20T10:00:24.130Z"",""imageQuality"":""source_detail_high_resolution"",""imageRefreshSucceededAt"":""2026-09-20T10:00:24.130Z"",""details"":[],""detailsVersion"":""2026-10-07.3"",""brand"":""Hair"",""detailsSourceUrl"":""https://www.jacars.net/adv/2506247_t9-lcd-electric-hairdresser-oil-shaving-head-electric-pusher-carving-electric-pu/"",""detailsVerifiedAt"":""2026-10-10T20:45:31.479532+00:00"",""material"":""Metal+ABS"",""sourceSpecifications"":[],""listingIdentity"":{""version"":""2026-10-07.1"",""sourceUrl"":""https://www.jacars.net/adv/2506247_t9-lcd-electric-hairdresser-oil-shaving-head-electric-pusher-carving-electric-pu/"",""title"":""T9 LCD Electric Hairdresser Oil Shaving Head Electric Pusher Carving Electric Pu"",""images"":[""https://cdn2.jacars.net/media/cache/be/17/be17e4e04979fa4fac3d7c804d64d6df.webp"",""https://cdn2.jacars.net/media/cache/be/7b/be7b78174becbf3622ec8db64000ab13.webp"",""https://cdn2.jacars.net/media/cache/36/5f/365fed9cc8d33eaa0a3ae41616126892.webp"",""https://cdn2.jacars.net/media/cache/65/d0/65d0b7b8a56fdc58e6895988d6aeac42.webp""],""phones"":[""18768651374""],""sellerId"":"""",""city"":""Saint Catherine"",""checkedAt"":""2026-10-10T21:01:33.387Z""}}",active,2026-10-10T20:30:43Z,200,Matching listing has an available source offer,2026-10-10T20:30:43Z,https://www.jacars.net/adv/2506247_t9-lcd-electric-hairdresser-oil-shaving-head-electric-pusher-carving-electric-pu/,0,,visible,,,
jacars-2506245,published,marketplace,other,baby_kids,10 Holes Fully automatic bubble blowing handheld electric bubble machine toy o,"JA$15,000",15000,JMD,Saint Catherine,Jamaica,Unknown,18768651374,"Is Electric: No Battery

Gender: Unisex

Material: Plastic

Plastic Type: ABS

High-concerned chemical: None

Brand Name: KNYYSECQ

Recommend Age 6-9Y

🤳Call OR #WhatsApp 18768651374

🛍FREE🛍DELIVERY🛍 In
📍""WATERFORD""
📍(Block 5 & Block 4)
& 🛍FREE🛍DELIVERY🛍 At
📍""PORTMORE MALL"" For ORDERS
🇯🇲jmd$2,500 & MORE‼️
▪
NOW ACCEPTING
👇💸👇💰👇💵👇
▪
💳Bank🏧Transfers💳
▪
💰CASH ON DELIVERY💰
▪
🧾Lay💸Away💰Plans🧾",https://cdn2.jacars.net/media/cache/80/1d/801d051d4952b5292fd95b75682c29eb.webp|https://cdn2.jacars.net/media/cache/c1/62/c16216038fd4f3457dc447c52dae0e6d.webp|https://cdn2.jacars.net/media/cache/e0/e1/e0e15d8b484c479f51e9a10471625b79.webp|https://cdn2.jacars.net/media/cache/20/ca/20ca8b9da49a9958f1f1cdb6ed2e1467.webp,JACars Other Kids Stuff,https://www.jacars.net/adv/2506245_10-holes-fully-automatic-bubble-blowing-handheld-electric-bubble-machine-toy-o/,2026-05-30T20:52:10Z,,Outdoor toys,,2026,,automatic,,,"{""parser"":""local_crawl4ai_jacars"",""listUrl"":""https://www.jacars.net/other/children-and-babies/"",""sourceName"":""JACars Other Kids Stuff"",""imageVerifiedAt"":""2026-10-10T21:01:33.387Z"",""imageSourceUrl"":""https://www.jacars.net/adv/2506245_10-holes-fully-automatic-bubble-blowing-handheld-electric-bubble-machine-toy-o/"",""imageIntegrityVersion"":""2026-10-07.1"",""imageRefreshAttemptedAt"":""2026-09-20T10:00:24.130Z"",""imageQuality"":""source_detail_high_resolution"",""imageRefreshSucceededAt"":""2026-09-20T10:00:24.130Z"",""details"":[],""detailsVersion"":""2026-10-07.3"",""brand"":""Toys"",""model"":""Outdoor toys"",""detailsSourceUrl"":""https://www.jacars.net/adv/2506245_10-holes-fully-automatic-bubble-blowing-handheld-electric-bubble-machine-toy-o/"",""detailsVerifiedAt"":""2026-10-10T20:45:31.479532+00:00"",""material"":""Plastic"",""sourceSpecifications"":[],""listingIdentity"":{""version"":""2026-10-07.1"",""sourceUrl"":""https://www.jacars.net/adv/2506245_10-holes-fully-automatic-bubble-blowing-handheld-electric-bubble-machine-toy-o/"",""title"":""10 Holes Fully automatic bubble blowing handheld electric bubble machine toy o"",""images"":[""https://cdn2.jacars.net/media/cache/80/1d/801d051d4952b5292fd95b75682c29eb.webp"",""https://cdn2.jacars.net/media/cache/c1/62/c16216038fd4f3457dc447c52dae0e6d.webp"",""https://cdn2.jacars.net/media/cache/e0/e1/e0e15d8b484c479f51e9a10471625b79.webp"",""https://cdn2.jacars.net/media/cache/20/ca/20ca8b9da49a9958f1f1cdb6ed2e1467.webp""],""phones"":[""18768651374""],""sellerId"":"""",""city"":""Saint Catherine"",""checkedAt"":""2026-10-10T21:01:33.387Z""}}",active,2026-10-10T20:30:43Z,200,Matching listing has an available source offer,2026-10-10T20:30:43Z,https://www.jacars.net/adv/2506245_10-holes-fully-automatic-bubble-blowing-handheld-electric-bubble-machine-toy-o/,0,,visible,,,
jacars-2506240,published,vehicles,vehicles,auto_parts,Car Emergency Starter forthwith USB Port & Lithium Battery Booster Applicable,"JA$10,000",10000,JMD,Saint Catherine,Jamaica,Unknown,18768651374,"Multi-function Charging: This product is designed to charge or power other devices that use tool batteries.

Simply insert the tool battery into the adapter, then connect the red clip to the positive (+) of the vehicle battery and the black clip to the negative (-) of the vehicle battery..

Product Details:

Name: ForMakita Converter Charger Electric Wrench Grinder Electric Hammer Car Emergency Starter

Note This Product: ForMakita, No Battery Included

Style: Standard, Dual USB

Color: Black and Red

Delivery without Battery:

Battery Not Included: This product is shipped without battery, which means you need to provide your own compatible tool battery to use with the adapter.

Product Included: 1 * Car Emergency Starter

🤳Call OR #WhatsApp 18768651374

🛍FREE🛍DELIVERY🛍 In
📍""WATERFORD""
📍(Block 5 & Block 4)
& 🛍FREE🛍DELIVERY🛍 At
📍""PORTMORE MALL"" For ORDERS
🇯🇲jmd$2,500 & MORE‼️
▪
NOW ACCEPTING
👇💸👇💰👇💵👇
▪
💳Bank🏧Transfers💳
▪
💰CASH ON DELIVERY💰
▪
🧾Lay💸Away💰Plans🧾",https://cdn2.jacars.net/media/cache/de/4d/de4d5e82cb55507a2e658342f3ddb9f2.webp|https://cdn2.jacars.net/media/cache/e0/5e/e05efa53ef80b974593f11784fb90323.webp|https://cdn2.jacars.net/media/cache/32/98/329883714e47dc8b307c79073d802b53.webp|https://cdn2.jacars.net/media/cache/40/d1/40d1ab7197130fa4f5f0d8f2e5a151b2.webp,JACars Tools,https://www.jacars.net/adv/2506240_car-emergency-starter-forthwith-usb-port-lithium-battery-booster-applicable/,2026-05-30T20:52:10Z,,,,2026,,,Black and Red Delivery without,,"{""parser"":""local_crawl4ai_jacars"",""listUrl"":""https://www.jacars.net/car-parts/tools/"",""sourceName"":""JACars Tools"",""imageVerifiedAt"":""2026-10-10T21:01:33.387Z"",""imageSourceUrl"":""https://www.jacars.net/adv/2506240_car-emergency-starter-forthwith-usb-port-lithium-battery-booster-applicable/"",""imageIntegrityVersion"":""2026-10-07.1"",""imageRefreshAttemptedAt"":""2026-09-20T10:00:24.130Z"",""imageQuality"":""source_detail_high_resolution"",""imageRefreshSucceededAt"":""2026-09-20T10:00:24.130Z"",""year"":""2026"",""color"":""Black and Red Delivery without"",""details"":[{""label"":""Year"",""value"":""2026""},{""label"":""Color"",""value"":""Black and Red Delivery without""}],""detailsVersion"":""2026-10-07.3"",""detailsSourceUrl"":""https://www.jacars.net/adv/2506240_car-emergency-starter-forthwith-usb-port-lithium-battery-booster-applicable/"",""detailsVerifiedAt"":""2026-10-10T20:45:31.479532+00:00"",""sourceSpecifications"":[{""label"":""Year"",""value"":""2026""},{""label"":""Color"",""value"":""Black and Red Delivery without""}],""listingIdentity"":{""version"":""2026-10-07.1"",""sourceUrl"":""https://www.jacars.net/adv/2506240_car-emergency-starter-forthwith-usb-port-lithium-battery-booster-applicable/"",""title"":""Car Emergency Starter forthwith USB Port & Lithium Battery Booster Applicable"",""images"":[""https://cdn2.jacars.net/media/cache/de/4d/de4d5e82cb55507a2e658342f3ddb9f2.webp"",""https://cdn2.jacars.net/media/cache/e0/5e/e05efa53ef80b974593f11784fb90323.webp"",""https://cdn2.jacars.net/media/cache/32/98/329883714e47dc8b307c79073d802b53.webp"",""https://cdn2.jacars.net/media/cache/40/d1/40d1ab7197130fa4f5f0d8f2e5a151b2.webp""],""phones"":[""18768651374""],""sellerId"":"""",""city"":""Saint Catherine"",""checkedAt"":""2026-10-10T21:01:33.387Z""}}",active,2026-10-10T20:30:43Z,200,Matching listing has an available source offer,2026-10-10T20:30:43Z,https://www.jacars.net/adv/2506240_car-emergency-starter-forthwith-usb-port-lithium-battery-booster-applicable/,0,,visible,,,
jacars-2506186,published,marketplace,electronics,audio_headphones,1pc Wireless Lavalier Microphone Audio Video Recording Mini Microphone for iPh,"JA$3,500",3500,JMD,Saint Catherine,Jamaica,Unknown,18768651374,"This is only suitable for recording, not intercom.

For example, recording songs, interviewing or live broadcasting, recording.

2 In 1 Wireless Lavalier Microphone Type-C Charging Video Record Microphone Noise Canceling for Interview Video Podcast

Features:

1. Professional Recording Quality: Delivering studio-grade audio output, this wireless lavalier microphone is perfect for professional applications. It offers a plug-and-play experience with no need for additional apps, making it versatile for live streaming, video production, interviews, and educational videos, providing high-quality sound in various settings.

2. Comprehensive Wireless System: This video record microphone system includes a transmitter (TX) and a receiver (RX), configured as two transmitters and one receiver. It comes with a pair of windshields and an adapter, ensuring you have everything needed for seamless audio capture across multiple platforms.

3. Multi-Device Compatibility: Designed to meet diverse…",https://cdn2.jacars.net/media/cache/eb/b3/ebb39665f9a2a0fa7a799b7b831ba66b.webp|https://cdn2.jacars.net/media/cache/c5/fb/c5fb13c4552e8ca93407465010ae2e4f.webp|https://cdn2.jacars.net/media/cache/ab/41/ab414484673846bc32dec4f682356be7.webp|https://cdn2.jacars.net/media/cache/64/d2/64d2e1744ebca4a680e0e946fbf1d73f.webp,JACars Other Mobile Phones,https://www.jacars.net/adv/2506186_1pc-wireless-lavalier-microphone-audio-video-recording-mini-microphone-for-iph/,2026-05-30T20:52:10Z,,K9,,2026,,Manual,,,"{""parser"":""local_crawl4ai_jacars"",""listUrl"":""https://www.jacars.net/other/telephones/"",""sourceName"":""JACars Other Mobile Phones"",""imageVerifiedAt"":""2026-10-10T21:01:33.387Z"",""imageSourceUrl"":""https://www.jacars.net/adv/2506186_1pc-wireless-lavalier-microphone-audio-video-recording-mini-microphone-for-iph/"",""imageIntegrityVersion"":""2026-10-07.1"",""imageRefreshAttemptedAt"":""2026-09-20T10:00:24.130Z"",""imageQuality"":""source_detail_high_resolution"",""imageRefreshSucceededAt"":""2026-09-20T10:00:24.130Z"",""details"":[],""detailsVersion"":""2026-10-07.3"",""brand"":""Accessories"",""detailsSourceUrl"":""https://www.jacars.net/adv/2506186_1pc-wireless-lavalier-microphone-audio-video-recording-mini-microphone-for-iph/"",""detailsVerifiedAt"":""2026-10-10T20:45:31.479532+00:00"",""model"":""K9"",""sourceSpecifications"":[],""listingIdentity"":{""version"":""2026-10-07.1"",""sourceUrl"":""https://www.jacars.net/adv/2506186_1pc-wireless-lavalier-microphone-audio-video-recording-mini-microphone-for-iph/"",""title"":""1pc Wireless Lavalier Microphone Audio Video Recording Mini Microphone for iPh"",""images"":[""https://cdn2.jacars.net/media/cache/eb/b3/ebb39665f9a2a0fa7a799b7b831ba66b.webp"",""https://cdn2.jacars.net/media/cache/c5/fb/c5fb13c4552e8ca93407465010ae2e4f.webp"",""https://cdn2.jacars.net/media/cache/ab/41/ab414484673846bc32dec4f682356be7.webp"",""https://cdn2.jacars.net/media/cache/64/d2/64d2e1744ebca4a680e0e946fbf1d73f.webp""],""phones"":[""18768651374""],""sellerId"":"""",""city"":""Saint Catherine"",""checkedAt"":""2026-10-10T21:01:33.387Z""}}",active,2026-10-10T20:30:43Z,200,Matching listing has an available source offer,2026-10-10T20:30:43Z,https://www.jacars.net/adv/2506186_1pc-wireless-lavalier-microphone-audio-video-recording-mini-microphone-for-iph/,0,,visible,,,
jacars-2506181,published,marketplace,electronics,computers_tablets,1TB SONY SD Memory Card Extreme Micro Mini SD Card 1TB - U3 A2 TF Flash Cards fo,"JA$5,000",5000,JMD,Saint Catherine,Jamaica,Unknown,18768651374,"Capacity: 1TB

High-concerned chemical: None

Video Speed Class: V30

Application:

MOBILE PHONE, Tablet, Robot, others,Monitoring,Laptop,Speakers,Digital Devices,File Storage,High Speed Read and Write,Tachograph,Game Console,Switch,Camera,UAV,Handheld game console

Model Number: SD Memory Card

Compatible Sony Model:

PlayStation Portable,PlayStation Move,playstation2,PlayStation VITA,PLAYSTATION4,playstation3,playstation

Compatible Brand/Model: Sony

Brand Name: Sony

Certification: CE

Feature 1: High Capacity Memory Micro TF SD Flash Card

Feature 2: for KinectXbox360,Xbox Onexbox juegos nintendo switch rg35xx PSvita

Feature 3: For Mobile phone,Camera,Monitoring

Feature 4: memory cards for android phone

Feature 5: for Samsung Memory Card

Feature 6: for sanDisk Micro TF sD Memory CardTF/sDCard

Feature 7: High Speed Flash TF SD Card for samsung

Feature 8: For phone/computer/Camera Gift phone Adapter

Feature 9: For Xiaomi Phone

Feature 10: Micro Tarjeta SD for sandisk…",https://cdn2.jacars.net/media/cache/8f/36/8f36fa14278d6e42f488dd432d7b9894.webp|https://cdn2.jacars.net/media/cache/62/53/62536a8e9b415fe8947e3fed4dc6bdaa.webp|https://cdn2.jacars.net/media/cache/64/01/6401b27f2ba03d1cf8de5254633bd80e.webp|https://cdn2.jacars.net/media/cache/fc/50/fc50495e9067c839ef5f22bd64dae70a.webp,JACars Other Mobile Phones,https://www.jacars.net/adv/2506181_1tb-sony-sd-memory-card-extreme-micro-mini-sd-card-1tb-u3-a2-tf-flash-cards-fo/,2026-05-30T20:52:10Z,,SD Memory Card,,2026,,,,,"{""parser"":""local_crawl4ai_jacars"",""listUrl"":""https://www.jacars.net/other/telephones/"",""sourceName"":""JACars Other Mobile Phones"",""imageVerifiedAt"":""2026-10-10T21:01:33.387Z"",""imageSourceUrl"":""https://www.jacars.net/adv/2506181_1tb-sony-sd-memory-card-extreme-micro-mini-sd-card-1tb-u3-a2-tf-flash-cards-fo/"",""imageIntegrityVersion"":""2026-10-07.1"",""imageRefreshAttemptedAt"":""2026-09-20T10:00:24.130Z"",""imageQuality"":""source_detail_high_resolution"",""imageRefreshSucceededAt"":""2026-09-20T10:00:24.130Z"",""details"":[],""detailsVersion"":""2026-10-07.3"",""brand"":""Accessories"",""detailsSourceUrl"":""https://www.jacars.net/adv/2506181_1tb-sony-sd-memory-card-extreme-micro-mini-sd-card-1tb-u3-a2-tf-flash-cards-fo/"",""detailsVerifiedAt"":""2026-10-10T20:45:31.479532+00:00"",""capacity"":""1TB"",""model"":""SD Memory Card"",""sourceSpecifications"":[],""listingIdentity"":{""version"":""2026-10-07.1"",""sourceUrl"":""https://www.jacars.net/adv/2506181_1tb-sony-sd-memory-card-extreme-micro-mini-sd-card-1tb-u3-a2-tf-flash-cards-fo/"",""title"":""1TB SONY SD Memory Card Extreme Micro Mini SD Card 1TB - U3 A2 TF Flash Cards fo"",""images"":[""https://cdn2.jacars.net/media/cache/8f/36/8f36fa14278d6e42f488dd432d7b9894.webp"",""https://cdn2.jacars.net/media/cache/62/53/62536a8e9b415fe8947e3fed4dc6bdaa.webp"",""https://cdn2.jacars.net/media/cache/64/01/6401b27f2ba03d1cf8de5254633bd80e.webp"",""https://cdn2.jacars.net/media/cache/fc/50/fc50495e9067c839ef5f22bd64dae70a.webp""],""phones"":[""18768651374""],""sellerId"":"""",""city"":""Saint Catherine"",""checkedAt"":""2026-10-10T21:01:33.387Z""}}",active,2026-10-10T20:30:43Z,200,Matching listing has an available source offer,2026-10-10T20:30:43Z,https://www.jacars.net/adv/2506181_1tb-sony-sd-memory-card-extreme-micro-mini-sd-card-1tb-u3-a2-tf-flash-cards-fo/,0,,visible,,,
jacars-2506174,published,marketplace,electronics,cameras_photography,Desktop Tripod Phone/Camera/Video Camcorder,"JA$5,000",5000,JMD,Saint Catherine,Jamaica,Unknown,18768651374,"Portable Design: Our universal tripod stand is lightweight and compact, making it for outdoor photography and travel. With a carrying length of just 35.5 cm, it's easy to take anywhere. 2.Sturdy Build: Made from aluminum, the camera tripod stand holder mount offers reliable stability and supports up to 1.5 kg, ideal for compact and DSLR cameras. 3.Adjustable Height: Featuring an integrated crank, this portable mini tripod allows height adjustments up to 104 cm, providing flexibility in various shooting environments. 4.Versatile Usage: Designed for both cameras and mobiles, the desktop tripod accommodates diverse needs, ensuring you capture the shot every time. 5.Compact Convenience: The portable tripod's foldable design ensures ease of storage and transport, making it a must-have accessory for on-the-go photographers.

FEATURES:

Contraction height: 355 mm
Maximum working height: 1040 mm
The minimum height: 350 mm
Diameter: 16.8 mm
Net weight: 0.38KG
Connection Thread: 1/4"" Material…",https://cdn2.jacars.net/media/cache/ef/07/ef07d2ba77dc0b6257815371a674f041.webp|https://cdn2.jacars.net/media/cache/3c/50/3c50a90a408ab7ce5651b971950caea1.webp|https://cdn2.jacars.net/media/cache/e8/97/e8976606c56c6085e5ec3ef6ec54edc4.webp|https://cdn2.jacars.net/media/cache/2a/67/2a673b7a7fb53e8f2aa69dcb99673521.webp,JACars Other Mobile Phones,https://www.jacars.net/adv/2506174_desktop-tripod-phone-camera-video-camcorder/,2026-05-30T20:52:10Z,,,,2026,,,,,"{""parser"":""local_crawl4ai_jacars"",""listUrl"":""https://www.jacars.net/other/telephones/"",""sourceName"":""JACars Other Mobile Phones"",""imageVerifiedAt"":""2026-10-10T21:01:33.387Z"",""imageSourceUrl"":""https://www.jacars.net/adv/2506174_desktop-tripod-phone-camera-video-camcorder/"",""imageIntegrityVersion"":""2026-10-07.1"",""imageRefreshAttemptedAt"":""2026-09-23T10:00:24.065Z"",""imageQuality"":""source_detail_high_resolution"",""imageRefreshSucceededAt"":""2026-09-23T10:00:24.065Z"",""details"":[],""detailsVersion"":""2026-10-07.3"",""brand"":""Accessories"",""detailsSourceUrl"":""https://www.jacars.net/adv/2506174_desktop-tripod-phone-camera-video-camcorder/"",""detailsVerifiedAt"":""2026-10-10T20:45:31.479532+00:00"",""sourceSpecifications"":[],""listingIdentity"":{""version"":""2026-10-07.1"",""sourceUrl"":""https://www.jacars.net/adv/2506174_desktop-tripod-phone-camera-video-camcorder/"",""title"":""Desktop Tripod Phone/Camera/Video Camcorder"",""images"":[""https://cdn2.jacars.net/media/cache/ef/07/ef07d2ba77dc0b6257815371a674f041.webp"",""https://cdn2.jacars.net/media/cache/3c/50/3c50a90a408ab7ce5651b971950caea1.webp"",""https://cdn2.jacars.net/media/cache/e8/97/e8976606c56c6085e5ec3ef6ec54edc4.webp"",""https://cdn2.jacars.net/media/cache/2a/67/2a673b7a7fb53e8f2aa69dcb99673521.webp""],""phones"":[""18768651374""],""sellerId"":"""",""city"":""Saint Catherine"",""checkedAt"":""2026-10-10T21:01:33.387Z""}}",active,2026-10-10T20:30:43Z,200,Matching listing has an available source offer,2026-10-10T20:30:43Z,https://www.jacars.net/adv/2506174_desktop-tripod-phone-camera-video-camcorder/,0,,visible,,,
jacars-2506167,published,marketplace,other,pet_supplies,2 in 1 Clicker & Whistle Dog\Cat Trainer Key Ring Puppy Flute & Clicker Training,"JA$1,200",1200,JMD,Saint Catherine,Jamaica,Unknown,18768651374,"2-in-1 functional design: It is both a buzzer and a whistle. Pressing the button can make a loud ""click"" sound, and using the mouth can blow a loud and penetrating whistle sound.

2. Durable and sturdy: Made of high-quality materials, it can be used repeatedly for a long time.

3. Convenient to carry: Comes with a keychain that can be hung on the key...

Specification:

Color: As the picture

Size: 3*7.5*2cm

Material: Plastic

Package Includes: 1pcs

🤳Call OR #WhatsApp 18768651374

🛍FREE🛍DELIVERY🛍 In
📍""WATERFORD""
📍(Block 5 & Block 4)
& 🛍FREE🛍DELIVERY🛍 At
📍""PORTMORE MALL"" For ORDERS
🇯🇲jmd$2,500 & MORE‼️
▪
NOW ACCEPTING
👇💸👇💰👇💵👇
▪
💳Bank🏧Transfers💳
▪
💰CASH ON DELIVERY💰
▪
🧾Lay💸Away💰Plans🧾",https://cdn2.jacars.net/media/cache/2b/22/2b229fc684f6b2e0bdc5488a22e4382b.webp|https://cdn2.jacars.net/media/cache/43/cf/43cf3f58b74e08182ca16f78f79bba35.webp|https://cdn2.jacars.net/media/cache/33/3f/333f95d49a766ad2ceebb8434287ca31.webp|https://cdn2.jacars.net/media/cache/2f/08/2f08c6d7d861e05caa695db95cbb1941.webp,JACars Other Animals Pets,https://www.jacars.net/adv/2506167_2-in-1-clicker-whistle-dog-cat-trainer-key-ring-puppy-flute-clicker-training/,2026-05-30T20:52:10Z,,Dogs,,2026,,Manual,As the picture,,"{""parser"":""local_crawl4ai_jacars"",""listUrl"":""https://www.jacars.net/other/animals/"",""sourceName"":""JACars Other Animals Pets"",""imageVerifiedAt"":""2026-10-10T21:01:33.387Z"",""imageSourceUrl"":""https://www.jacars.net/adv/2506167_2-in-1-clicker-whistle-dog-cat-trainer-key-ring-puppy-flute-clicker-training/"",""imageIntegrityVersion"":""2026-10-07.1"",""imageRefreshAttemptedAt"":""2026-09-23T10:00:24.065Z"",""imageQuality"":""source_detail_high_resolution"",""imageRefreshSucceededAt"":""2026-09-23T10:00:24.065Z"",""color"":""As the picture"",""details"":[{""label"":""Color"",""value"":""As the picture""}],""detailsVersion"":""2026-10-07.3"",""brand"":""Equipment, accessories"",""model"":""Dogs"",""detailsSourceUrl"":""https://www.jacars.net/adv/2506167_2-in-1-clicker-whistle-dog-cat-trainer-key-ring-puppy-flute-clicker-training/"",""detailsVerifiedAt"":""2026-10-10T20:45:31.479532+00:00"",""material"":""Plastic"",""sourceSpecifications"":[{""label"":""Color"",""value"":""As the picture""}],""listingIdentity"":{""version"":""2026-10-07.1"",""sourceUrl"":""https://www.jacars.net/adv/2506167_2-in-1-clicker-whistle-dog-cat-trainer-key-ring-puppy-flute-clicker-training/"",""title"":""2 in 1 Clicker & Whistle Dog\\Cat Trainer Key Ring Puppy Flute & Clicker Training"",""images"":[""https://cdn2.jacars.net/media/cache/2b/22/2b229fc684f6b2e0bdc5488a22e4382b.webp"",""https://cdn2.jacars.net/media/cache/43/cf/43cf3f58b74e08182ca16f78f79bba35.webp"",""https://cdn2.jacars.net/media/cache/33/3f/333f95d49a766ad2ceebb8434287ca31.webp"",""https://cdn2.jacars.net/media/cache/2f/08/2f08c6d7d861e05caa695db95cbb1941.webp""],""phones"":[""18768651374""],""sellerId"":"""",""city"":""Saint Catherine"",""checkedAt"":""2026-10-10T21:01:33.387Z""}}",active,2026-10-10T20:30:43Z,200,Matching listing has an available source offer,2026-10-10T20:30:43Z,https://www.jacars.net/adv/2506167_2-in-1-clicker-whistle-dog-cat-trainer-key-ring-puppy-flute-clicker-training/,0,,visible,,,
jacars-2506161,published,marketplace,clothing,accessories,Glasses Chains for Vintage Metal Sunglasses Lanyards Strap Eyewear Cord Holder,"JA$1,500",1500,JMD,Saint Catherine,Jamaica,Unknown,18768651374,"Shape\pattern: Geometric
Hign-concerned Chemical: None
Occasion: Party
Compatibility: All Compatible
Function: Mood Tracker
Model Number: Punk Iron Balls Chain Long Necklace Glasses..
Material: Metal
Chain Type: Glasses Chain
Style: Punk
Gender: Unisex
Metals Type: Alloy Steel
Fine or Fashion: Fashion
Item Type: NECKLACES

🤳Call OR #WhatsApp 18768651374

🛍FREE🛍DELIVERY🛍 In
📍""WATERFORD""
📍(Block 5 & Block 4)
& 🛍FREE🛍DELIVERY🛍 At
📍""PORTMORE MALL"" For ORDERS
🇯🇲jmd$2,500 & MORE‼️
▪
NOW ACCEPTING
👇💸👇💰👇💵👇
▪
💳Bank🏧Transfers💳
▪
💰CASH ON DELIVERY💰
▪
🧾Lay💸Away💰Plans🧾",https://cdn2.jacars.net/media/cache/b8/dc/b8dc343aff99e7ed7e399a54db034d4a.webp|https://cdn2.jacars.net/media/cache/63/d9/63d94f504f3fc29314723dfa18dca442.webp|https://cdn2.jacars.net/media/cache/88/26/8826d9dc8ab6e5230fdb33310a84ab52.webp|https://cdn2.jacars.net/media/cache/27/9c/279cdf90800c4f556e4dc505d72daeb0.webp,JACars Other Clothes Footwear Accessories,https://www.jacars.net/adv/2506161_glasses-chains-for-vintage-metal-sunglasses-lanyards-strap-eyewear-cord-holder/,2026-05-30T20:52:10Z,,,,2026,,Manual,,,"{""parser"":""local_crawl4ai_jacars"",""listUrl"":""https://www.jacars.net/other/clothing-shoes-and-accessories/"",""sourceName"":""JACars Other Clothes Footwear Accessories"",""imageVerifiedAt"":""2026-10-10T21:01:33.387Z"",""imageSourceUrl"":""https://www.jacars.net/adv/2506161_glasses-chains-for-vintage-metal-sunglasses-lanyards-strap-eyewear-cord-holder/"",""imageIntegrityVersion"":""2026-10-07.1"",""imageRefreshAttemptedAt"":""2026-09-23T10:00:24.065Z"",""imageQuality"":""source_detail_high_resolution"",""imageRefreshSucceededAt"":""2026-09-23T10:00:24.065Z"",""details"":[],""detailsVersion"":""2026-10-07.3"",""brand"":""Jewellery"",""detailsSourceUrl"":""https://www.jacars.net/adv/2506161_glasses-chains-for-vintage-metal-sunglasses-lanyards-strap-eyewear-cord-holder/"",""detailsVerifiedAt"":""2026-10-10T20:45:31.479532+00:00"",""material"":""Metal"",""sourceSpecifications"":[],""listingIdentity"":{""version"":""2026-10-07.1"",""sourceUrl"":""https://www.jacars.net/adv/2506161_glasses-chains-for-vintage-metal-sunglasses-lanyards-strap-eyewear-cord-holder/"",""title"":""Glasses Chains for Vintage Metal Sunglasses Lanyards Strap Eyewear Cord Holder"",""images"":[""https://cdn2.jacars.net/media/cache/b8/dc/b8dc343aff99e7ed7e399a54db034d4a.webp"",""https://cdn2.jacars.net/media/cache/63/d9/63d94f504f3fc29314723dfa18dca442.webp"",""https://cdn2.jacars.net/media/cache/88/26/8826d9dc8ab6e5230fdb33310a84ab52.webp"",""https://cdn2.jacars.net/media/cache/27/9c/279cdf90800c4f556e4dc505d72daeb0.webp""],""phones"":[""18768651374""],""sellerId"":"""",""city"":""Saint Catherine"",""checkedAt"":""2026-10-10T21:01:33.387Z""}}",active,2026-10-10T20:30:43Z,200,Matching listing has an available source offer,2026-10-10T20:30:43Z,https://www.jacars.net/adv/2506161_glasses-chains-for-vintage-metal-sunglasses-lanyards-strap-eyewear-cord-holder/,0,,visible,,,
jacars-2506146,published,marketplace,other,beauty_personal_care,6W Mini UV LED Lamp USB Charging Gel Polish Curing Machine Nail Dryer,"JA$6,000",6000,JMD,Saint Catherine,Jamaica,Unknown,18768651374,"Suitable for professional or home use..

Comfortable eye contact,relieve burning sensation.
Egg Shape design,convenient to carry around and store...

Feature:

100% new retail and high quality.
Small and Exquisite.
Double light.
Not Black Hands.
Not Dazzings.
6W Power.
USB Charge.
3 LEDS.

Specification:

Power: 6W(Max)
Product Size: 97mm*34mm/3.8*1.34""
Color: White
Material: PC/ABS
Power supply: USB Cable

Package Content:
1 Pc 6W White LED UV Lamp Nail Dryer (USB Cable Included)

🤳Call OR #WhatsApp 18768651374

🛍FREE🛍DELIVERY🛍 In
📍""WATERFORD""
📍(Block 5 & Block 4)
& 🛍FREE🛍DELIVERY🛍 At
📍""PORTMORE MALL"" For ORDERS
🇯🇲jmd$2,500 & MORE‼️
▪
NOW ACCEPTING
👇💸👇💰👇💵👇
▪
💳Bank🏧Transfers💳
▪
💰CASH ON DELIVERY💰
▪
🧾Lay💸Away💰Plans🧾",https://cdn2.jacars.net/media/cache/47/a3/47a3b2c57b569a271be403e94a2686a4.webp|https://cdn2.jacars.net/media/cache/ff/5c/ff5cd5ed8cd0b08918eb0c376a84e794.webp|https://cdn2.jacars.net/media/cache/4a/c0/4ac0cbcafaf7f0aa075419ad7da2db26.webp|https://cdn2.jacars.net/media/cache/32/2f/322f9628224d40220f2c2fac9afbbf34.webp,JACars Other Health Beauty,https://www.jacars.net/adv/2506146_6w-mini-uv-led-lamp-usb-charging-gel-polish-curing-machine-nail-dryer/,2026-05-30T20:52:10Z,,,,2026,,,White,,"{""parser"":""local_crawl4ai_jacars"",""listUrl"":""https://www.jacars.net/other/beauty-and-health/"",""sourceName"":""JACars Other Health Beauty"",""imageVerifiedAt"":""2026-10-10T21:01:33.387Z"",""imageSourceUrl"":""https://www.jacars.net/adv/2506146_6w-mini-uv-led-lamp-usb-charging-gel-polish-curing-machine-nail-dryer/"",""imageIntegrityVersion"":""2026-10-07.1"",""imageRefreshAttemptedAt"":""2026-09-23T10:00:24.065Z"",""imageQuality"":""source_detail_high_resolution"",""imageRefreshSucceededAt"":""2026-09-23T10:00:24.065Z"",""color"":""White"",""details"":[{""label"":""Color"",""value"":""White""}],""detailsVersion"":""2026-10-07.3"",""brand"":""Nails"",""detailsSourceUrl"":""https://www.jacars.net/adv/2506146_6w-mini-uv-led-lamp-usb-charging-gel-polish-curing-machine-nail-dryer/"",""detailsVerifiedAt"":""2026-10-10T20:45:31.479532+00:00"",""power"":""6W(Max)"",""material"":""PC/ABS"",""sourceSpecifications"":[{""label"":""Color"",""value"":""White""}],""listingIdentity"":{""version"":""2026-10-07.1"",""sourceUrl"":""https://www.jacars.net/adv/2506146_6w-mini-uv-led-lamp-usb-charging-gel-polish-curing-machine-nail-dryer/"",""title"":""6W Mini UV LED Lamp USB Charging Gel Polish Curing Machine Nail Dryer"",""images"":[""https://cdn2.jacars.net/media/cache/47/a3/47a3b2c57b569a271be403e94a2686a4.webp"",""https://cdn2.jacars.net/media/cache/ff/5c/ff5cd5ed8cd0b08918eb0c376a84e794.webp"",""https://cdn2.jacars.net/media/cache/4a/c0/4ac0cbcafaf7f0aa075419ad7da2db26.webp"",""https://cdn2.jacars.net/media/cache/32/2f/322f9628224d40220f2c2fac9afbbf34.webp""],""phones"":[""18768651374""],""sellerId"":"""",""city"":""Saint Catherine"",""checkedAt"":""2026-10-10T21:01:33.387Z""}}",active,2026-10-10T20:30:43Z,200,Matching listing has an available source offer,2026-10-10T20:30:43Z,https://www.jacars.net/adv/2506146_6w-mini-uv-led-lamp-usb-charging-gel-polish-curing-machine-nail-dryer/,0,,visible,,,
jacars-2506145,published,marketplace,electronics,audio_headphones,Magnetic Bluetooth Speaker Wireless Portable Mini Travel Stereo Speaker with RGB,"JA$3,000",3000,JMD,Saint Catherine,Jamaica,Unknown,18768651374,"The bluetooth speaker is portable, durable, easy to use and offers the ultimate listening experience to its users. Its unique design serves several purposes, while its ability to attach to any surface makes it a versatile speaker. The small bluetooth speaker is designed with cool RGB Light.
Impressive volume and bass: The mini bluetooth speaker is conveniently small but able to releasing crystal clear sound with impressive bass through a high-performance driver and a passive subwoofer. The speakers bluetooth wireless can connect your smartphone, iPhone, or other audio device with Bluetooth.

Magnetic wall mountable: The small speakers bluetooth wireless has 9 built-in magnets, which can be attached to any metal surface such as refrigerators. With the metal ring in the package, the mini speakers bluetooth wireless can be installed on any surface such as doors, cabinets, etc.

Cool RGB Light: The small bluetooth speakers wireless has a transparent body with RGB light effects, and an…",https://cdn2.jacars.net/media/cache/bb/43/bb43ba08e2b5cbe0423969a83ccdc383.webp|https://cdn2.jacars.net/media/cache/c1/da/c1daf86fa3e8fefbcef58b84341c63da.webp|https://cdn2.jacars.net/media/cache/7f/e5/7fe51385875d371b2d7664f24e4b10b7.webp|https://cdn2.jacars.net/media/cache/2d/b9/2db9680fc823f7be6d6c821e57000adc.webp,JACars Other Mobile Phones,https://www.jacars.net/adv/2506145_magnetic-bluetooth-speaker-wireless-portable-mini-travel-stereo-speaker-with-rgb/,2026-05-30T20:52:10Z,,,,2026,,,,,"{""parser"":""local_crawl4ai_jacars"",""listUrl"":""https://www.jacars.net/other/telephones/"",""sourceName"":""JACars Other Mobile Phones"",""imageVerifiedAt"":""2026-10-10T21:01:33.387Z"",""imageSourceUrl"":""https://www.jacars.net/adv/2506145_magnetic-bluetooth-speaker-wireless-portable-mini-travel-stereo-speaker-with-rgb/"",""imageIntegrityVersion"":""2026-10-07.1"",""imageRefreshAttemptedAt"":""2026-09-23T10:00:24.065Z"",""imageQuality"":""source_detail_high_resolution"",""imageRefreshSucceededAt"":""2026-09-23T10:00:24.065Z"",""details"":[],""detailsVersion"":""2026-10-07.3"",""brand"":""Accessories"",""detailsSourceUrl"":""https://www.jacars.net/adv/2506145_magnetic-bluetooth-speaker-wireless-portable-mini-travel-stereo-speaker-with-rgb/"",""detailsVerifiedAt"":""2026-10-10T20:45:31.479532+00:00"",""sourceSpecifications"":[],""listingIdentity"":{""version"":""2026-10-07.1"",""sourceUrl"":""https://www.jacars.net/adv/2506145_magnetic-bluetooth-speaker-wireless-portable-mini-travel-stereo-speaker-with-rgb/"",""title"":""Magnetic Bluetooth Speaker Wireless Portable Mini Travel Stereo Speaker with RGB"",""images"":[""https://cdn2.jacars.net/media/cache/bb/43/bb43ba08e2b5cbe0423969a83ccdc383.webp"",""https://cdn2.jacars.net/media/cache/c1/da/c1daf86fa3e8fefbcef58b84341c63da.webp"",""https://cdn2.jacars.net/media/cache/7f/e5/7fe51385875d371b2d7664f24e4b10b7.webp"",""https://cdn2.jacars.net/media/cache/2d/b9/2db9680fc823f7be6d6c821e57000adc.webp""],""phones"":[""18768651374""],""sellerId"":"""",""city"":""Saint Catherine"",""checkedAt"":""2026-10-10T21:01:33.387Z""}}",active,2026-10-10T20:30:43Z,200,Matching listing has an available source offer,2026-10-10T20:30:43Z,https://www.jacars.net/adv/2506145_magnetic-bluetooth-speaker-wireless-portable-mini-travel-stereo-speaker-with-rgb/,0,,visible,,,
jacars-2506138,published,marketplace,electronics,computers_tablets,2 in 1 OTG Type C Card Reader USB SD TF Cardreader for iPad Tablet Type C to Sma,"JA$2,000",2000,JMD,Saint Catherine,Jamaica,Unknown,18768651374,"•High-concerned chemical: None

•Product Type: 2 IN 1 OTG Adapter

🤳Call OR #WhatsApp 18768651374

🛍FREE🛍DELIVERY🛍 In
📍""WATERFORD""
📍(Block 5 & Block 4)
& 🛍FREE🛍DELIVERY🛍 At
📍""PORTMORE MALL"" For ORDERS
🇯🇲jmd$2,500 & MORE‼️
▪
NOW ACCEPTING
👇💸👇💰👇💵👇
▪
💳Bank🏧Transfers💳
▪
💰CASH ON DELIVERY💰
▪
🧾Lay💸Away💰Plans🧾",https://cdn2.jacars.net/media/cache/32/21/32219bd67d5e7a2a7dece34b45c7bebb.webp|https://cdn2.jacars.net/media/cache/79/46/7946694dc7ec7ee712f6bc5c86c57613.webp|https://cdn2.jacars.net/media/cache/7a/97/7a97663ba6f139baa59a75e659d2aea9.webp|https://cdn2.jacars.net/media/cache/0d/d2/0dd241b86c35657d3b58cc41816f262f.webp,JACars Other Mobile Phones,https://www.jacars.net/adv/2506138_2-in-1-otg-type-c-card-reader-usb-sd-tf-cardreader-for-ipad-tablet-type-c-to-sma/,2026-05-30T20:52:10Z,,,,2026,,Manual,,,"{""parser"":""local_crawl4ai_jacars"",""listUrl"":""https://www.jacars.net/other/telephones/"",""sourceName"":""JACars Other Mobile Phones"",""imageVerifiedAt"":""2026-10-10T21:01:33.387Z"",""imageSourceUrl"":""https://www.jacars.net/adv/2506138_2-in-1-otg-type-c-card-reader-usb-sd-tf-cardreader-for-ipad-tablet-type-c-to-sma/"",""imageIntegrityVersion"":""2026-10-07.1"",""imageRefreshAttemptedAt"":""2026-09-23T10:00:24.065Z"",""imageQuality"":""source_detail_high_resolution"",""imageRefreshSucceededAt"":""2026-09-23T10:00:24.065Z"",""details"":[],""detailsVersion"":""2026-10-07.3"",""brand"":""Accessories"",""detailsSourceUrl"":""https://www.jacars.net/adv/2506138_2-in-1-otg-type-c-card-reader-usb-sd-tf-cardreader-for-ipad-tablet-type-c-to-sma/"",""detailsVerifiedAt"":""2026-10-10T20:45:31.479532+00:00"",""sourceSpecifications"":[],""listingIdentity"":{""version"":""2026-10-07.1"",""sourceUrl"":""https://www.jacars.net/adv/2506138_2-in-1-otg-type-c-card-reader-usb-sd-tf-cardreader-for-ipad-tablet-type-c-to-sma/"",""title"":""2 in 1 OTG Type C Card Reader USB SD TF Cardreader for iPad Tablet Type C to Sma"",""images"":[""https://cdn2.jacars.net/media/cache/32/21/32219bd67d5e7a2a7dece34b45c7bebb.webp"",""https://cdn2.jacars.net/media/cache/79/46/7946694dc7ec7ee712f6bc5c86c57613.webp"",""https://cdn2.jacars.net/media/cache/7a/97/7a97663ba6f139baa59a75e659d2aea9.webp"",""https://cdn2.jacars.net/media/cache/0d/d2/0dd241b86c35657d3b58cc41816f262f.webp""],""phones"":[""18768651374""],""sellerId"":"""",""city"":""Saint Catherine"",""checkedAt"":""2026-10-10T21:01:33.387Z""}}",active,2026-10-10T20:30:43Z,200,Matching listing has an available source offer,2026-10-10T20:30:43Z,https://www.jacars.net/adv/2506138_2-in-1-otg-type-c-card-reader-usb-sd-tf-cardreader-for-ipad-tablet-type-c-to-sma/,0,,visible,,,
jacars-2506125,published,marketplace,clothing,accessories,Buckle-Less Elastic Belt,"JA$2,000",2000,JMD,Saint Catherine,Jamaica,Unknown,18768651374,"Belt Width: 3cm

Belts Material: Fabric

Department Name: Adult

Gender: Unisex

Item Type: Belts

🤳Call OR #WhatsApp 18768651374

🛍FREE🛍DELIVERY🛍 In
📍""WATERFORD""
📍(Block 5 & Block 4)
& 🛍FREE🛍DELIVERY🛍 At
📍""PORTMORE MALL"" For ORDERS
🇯🇲jmd$2,500 & MORE‼️
▪
NOW ACCEPTING
👇💸👇💰👇💵👇
▪
💳Bank🏧Transfers💳
▪
💰CASH ON DELIVERY💰
▪
🧾Lay💸Away💰Plans🧾",https://cdn2.jacars.net/media/cache/2b/90/2b9078e62e8037683634926464d19007.webp|https://cdn2.jacars.net/media/cache/43/d1/43d155816a15b07b739e20cf8e792cd5.webp|https://cdn2.jacars.net/media/cache/2e/5f/2e5f2efb0b1a383211e553a5697300d2.webp|https://cdn2.jacars.net/media/cache/ce/56/ce5652754edd0d4af2b818222edc5730.webp,JACars Other Clothes Footwear Accessories,https://www.jacars.net/adv/2506125_buckle-less-elastic-belt/,2026-05-30T20:52:10Z,,,,2026,,Manual,,,"{""parser"":""local_crawl4ai_jacars"",""listUrl"":""https://www.jacars.net/other/clothing-shoes-and-accessories/"",""sourceName"":""JACars Other Clothes Footwear Accessories"",""imageVerifiedAt"":""2026-10-10T21:01:33.387Z"",""imageSourceUrl"":""https://www.jacars.net/adv/2506125_buckle-less-elastic-belt/"",""imageIntegrityVersion"":""2026-10-07.1"",""imageRefreshAttemptedAt"":""2026-09-23T10:00:24.065Z"",""imageQuality"":""source_detail_high_resolution"",""imageRefreshSucceededAt"":""2026-09-23T10:00:24.065Z"",""details"":[],""detailsVersion"":""2026-10-07.3"",""brand"":""Bags, accessories"",""detailsSourceUrl"":""https://www.jacars.net/adv/2506125_buckle-less-elastic-belt/"",""detailsVerifiedAt"":""2026-10-10T20:45:31.479532+00:00"",""sourceSpecifications"":[],""listingIdentity"":{""version"":""2026-10-07.1"",""sourceUrl"":""https://www.jacars.net/adv/2506125_buckle-less-elastic-belt/"",""title"":""Buckle-Less Elastic Belt"",""images"":[""https://cdn2.jacars.net/media/cache/2b/90/2b9078e62e8037683634926464d19007.webp"",""https://cdn2.jacars.net/media/cache/43/d1/43d155816a15b07b739e20cf8e792cd5.webp"",""https://cdn2.jacars.net/media/cache/2e/5f/2e5f2efb0b1a383211e553a5697300d2.webp"",""https://cdn2.jacars.net/media/cache/ce/56/ce5652754edd0d4af2b818222edc5730.webp""],""phones"":[""18768651374""],""sellerId"":"""",""city"":""Saint Catherine"",""checkedAt"":""2026-10-10T21:01:33.387Z""}}",active,2026-10-10T20:30:43Z,200,Matching listing has an available source offer,2026-10-10T20:30:43Z,https://www.jacars.net/adv/2506125_buckle-less-elastic-belt/,0,,visible,,,
jacars-2504779,published,vehicles,vehicles,auto_parts,HONDA ACCORD 1.5L ENGINE ALTERNATOR GENERATOR OEM,"JA$23,500",23500,JMD,Kingston,Jamaica,Unknown,15047792018,"2018-2022 HONDA ACCORD 1.5L ENGINE ALTERNATOR GENERATOR OEM

TAKEN FROM UNIT THAT HAD 79K MILES",https://cdn2.jacars.net/media/cache/c2/6d/c26d569e02b01f21ff513b01db93cf88.webp|https://cdn2.jacars.net/media/cache/e7/9f/e79f2d7093f0c496fa428ce459e2b2a3.webp|https://cdn2.jacars.net/media/cache/8e/ed/8eedb6e0680a857d01ed489b521cadab.webp,JACars Car Parts,https://www.jacars.net/adv/2504779_honda-accord-1-5l-2019/,2026-05-30T20:52:10Z,,,,2026,,,,,"{""parser"":""local_crawl4ai_jacars"",""listUrl"":""https://www.jacars.net/car-parts/car-parts/"",""sourceName"":""JACars Car Parts"",""imageVerifiedAt"":""2026-10-10T21:01:33.387Z"",""imageSourceUrl"":""https://www.jacars.net/adv/2504779_honda-accord-1-5l-2019/"",""imageIntegrityVersion"":""2026-10-07.1"",""imageRefreshAttemptedAt"":""2026-09-23T10:00:24.065Z"",""imageQuality"":""source_detail_high_resolution"",""imageRefreshSucceededAt"":""2026-09-23T10:00:24.065Z"",""year"":""2026"",""details"":[{""label"":""Year"",""value"":""2026""}],""detailsVersion"":""2026-10-07.3"",""brand"":""Other car brands"",""detailsSourceUrl"":""https://www.jacars.net/adv/2504779_honda-accord-1-5l-2019/"",""detailsVerifiedAt"":""2026-10-10T20:45:31.479532+00:00"",""sourceSpecifications"":[{""label"":""Year"",""value"":""2026""}],""listingIdentity"":{""version"":""2026-10-07.1"",""sourceUrl"":""https://www.jacars.net/adv/2504779_honda-accord-1-5l-2019/"",""title"":""HONDA ACCORD 1.5L ENGINE ALTERNATOR GENERATOR OEM"",""images"":[""https://cdn2.jacars.net/media/cache/c2/6d/c26d569e02b01f21ff513b01db93cf88.webp"",""https://cdn2.jacars.net/media/cache/e7/9f/e79f2d7093f0c496fa428ce459e2b2a3.webp"",""https://cdn2.jacars.net/media/cache/8e/ed/8eedb6e0680a857d01ed489b521cadab.webp""],""phones"":[""15047792018""],""sellerId"":"""",""city"":""Kingston"",""checkedAt"":""2026-10-10T21:01:33.387Z""}}",active,2026-10-10T20:30:43Z,200,Matching listing has an available source offer,2026-10-10T20:30:43Z,https://www.jacars.net/adv/2504779_honda-accord-1-5l-2019/,0,,visible,,,
jacars-2502575,rejected,vehicles,vehicles,tires_rims,13 Inch Rims and 4 Lugs..Available Now Brand New,"JA$40,000",40000,JMD,Manchester,Jamaica,Unknown,18768739901 | 18762354486,"2502575 Diameter: 13 in Condition: New 🔥 FOR SALE ‼️ IN STOCK NOW ‼️ 13” Rims & 4 Lugs 🔥 Price: $40,000 🆕 Condition: Brand New 📍 Location: 73 Manchester Road, Mandeville 📞 Tel: (876) 873-9901 💬 WhatsApp: (876) 235-4486 for more info Back Next Views: 115",https://cdn2.jacars.net/media/cache/de/14/de14ab16120e7122508dc45144b5e0ea.webp|https://cdn2.jacars.net/media/cache/ae/74/ae74cf5a1404f1d34dd3e9bcfcf7996f.webp|https://cdn2.jacars.net/media/cache/66/f1/66f1e0c64188ea07ed368dbc2ffaeee4.webp|https://cdn2.jacars.net/media/cache/42/42/4242a4c13c3305a1657ef140df4fe64c.webp,JACars Tires and Rims,https://www.jacars.net/adv/2502575_13-inch-rims-and-4-lugs-available-now-brand-new/,2026-05-30T20:52:10Z,,,,2026,,,,,"{""parser"":""local_crawl4ai_jacars"",""listUrl"":""https://www.jacars.net/car-parts/tyres-and-rims/"",""sourceName"":""JACars Tires and Rims""}",gone,2026-10-10T20:30:43Z,404,Exact source URL returned HTTP 404,2026-05-30T20:52:10Z,https://www.jacars.net/adv/2502575_13-inch-rims-and-4-lugs-available-now-brand-new/,20,2026-10-10T20:30:43Z,source_unavailable,Source advert API returned HTTP 404 and its detail site blocked verification; held until the listing can be verified again.,,
jacars-2502572,rejected,vehicles,vehicles,tires_rims,18 Inch Rims and 5 Lugs..Available Now Brand New,"JA$88,000",88000,JMD,Manchester,Jamaica,Unknown,18768739901 | 18762354486,"2502572 Diameter: 18 in Condition: New 🔥 FOR SALE ‼️ IN STOCK NOW ‼️ 18” Rims & 5 Lugs 🔥 Price: $88,000 Size: 18X8 | Offset: 35 Color: Piano Black with Red / Piano Black / Piano Black with Blue 🆕 Condition: Brand New 📍 Location: 73 Manchester Road, Mandeville 📞 Tel: (876) 873-9901 💬 WhatsApp: (876) 235-4486 for more info Back Next Views: 125",https://cdn2.jacars.net/media/cache/2d/3d/2d3d5d9c852185bf32a53f91a73cbcf4.webp|https://cdn2.jacars.net/media/cache/ac/b3/acb3d96af7aac1d9bf1fe2fca83add01.webp|https://cdn2.jacars.net/media/cache/8c/48/8c48bd4880657e4013257957216e3a73.webp|https://cdn2.jacars.net/media/cache/95/37/95376731852f9a38658be271c5a4cfe0.webp,JACars Tires and Rims,https://www.jacars.net/adv/2502572_18-inch-rims-and-5-lugs-available-now-brand-new/,2026-05-30T20:52:10Z,,,,2026,,,,,"{""parser"":""local_crawl4ai_jacars"",""listUrl"":""https://www.jacars.net/car-parts/tyres-and-rims/"",""sourceName"":""JACars Tires and Rims""}",gone,2026-10-10T20:30:43Z,404,Exact source URL returned HTTP 404,2026-05-30T20:52:10Z,https://www.jacars.net/adv/2502572_18-inch-rims-and-5-lugs-available-now-brand-new/,20,2026-10-10T20:30:43Z,source_unavailable,Source advert API returned HTTP 404 and its detail site blocked verification; held until the listing can be verified again.,,
jacars-2499415,rejected,vehicles,vehicles,vehicles,"BMW X4 2,0L 2015","JA$3,650,000",3650000,JMD,Kingston,Jamaica,Unknown,18768254964,"2499415 Year: 2015 Alarm: Yes Seats: 5 Airbag: Yes Color: White Gearbox: Automatic Mileage: 51900 km Body type: SUV Fuel type: Petrol Drivetrain: 4WD Engine size: 2,0L Air conditioning: Yes Right hand drive: Right Power windows, doors: Yes BMW X4 in immaculate condition. JUST ARRIVED IN JAMAICA. VALUATION, FITNESS AND A FULL TANK OF GAS.",https://cdn2.jacars.net/media/cache/d8/f6/d8f6fdaf11f07ea60305cc515df212d0.webp|https://cdn2.jacars.net/media/cache/08/bb/08bb85d2b7159b0961bae03f82ccf241.webp|https://cdn2.jacars.net/media/cache/52/15/5215e4eb37c512cb58ae3d061df72820.webp|https://cdn2.jacars.net/media/cache/8c/b6/8cb691eee2818632bee910f438423f69.webp,JACars Cars,https://www.jacars.net/adv/2499415_bmw-x4-2-0l-2015/,2026-05-30T20:52:10Z,,,,2015,,Automatic,White,51900,"{""parser"":""local_crawl4ai_jacars"",""listUrl"":""https://www.jacars.net/cars/"",""sourceName"":""JACars Cars""}",unknown,2026-10-10T20:30:43Z,200,Source loaded but the listing identity was not confirmed,2026-05-30T20:52:10Z,https://www.jacars.net/adv/2499415_bmw-x4-2-0l-2015/,0,,source_unavailable,Source advert API returned HTTP 404 and its detail site blocked verification; held until the listing can be verified again.,,
jacars-2496724,published,marketplace,other,miscellaneous,Diaries 2026,"JA$2,000",2000,JMD,Kingston,Jamaica,Unknown,18769903705,"2496724 Diaries 2026 for sale 8""x6""----$2,000. 11""x8"". $2,900. Views: 14 JA$ 2,000 Call +187699037 XX Whatsapp Edwin",https://cdn2.jacars.net/media/cache/ad/65/ad652ddd432958ad8d8a4652461a91e8.webp,JACars Other Hobbies Sports Leisure,https://www.jacars.net/adv/2496724_diaries-2026/,2026-05-30T20:52:10Z,,,,2026,,,,,"{""parser"":""local_crawl4ai_jacars"",""listUrl"":""https://www.jacars.net/other/hobbies-sports-leisure-and-travel/"",""sourceName"":""JACars Other Hobbies Sports Leisure"",""imageQuality"":""source_detail_high_resolution"",""imageRefreshSource"":""jacars_gallery_full_api"",""imageRefreshAttemptedAt"":""2026-08-31T15:42:55.415Z"",""imageIntegrityVersion"":""2026-09-16.1"",""imageVerifiedAt"":""2026-09-16T13:38:36.578Z"",""imageSourceUrl"":""https://www.jacars.net/adv/2496724_diaries-2026/"",""categoryReview"":{""sourceUrl"":""https://www.jacars.net/adv/2496724_diaries-2026/"",""title"":""Diaries 2026"",""category"":""other"",""subcategory"":""miscellaneous"",""checkedAt"":""2026-09-16T13:38:36.578Z""}}",active,2026-10-10T20:30:43Z,200,Matching listing has an available source offer,2026-10-10T20:30:43Z,https://www.jacars.net/adv/2496724_diaries-2026/,0,,visible,,,reviewed_listing
jacars-2496387,published,marketplace,electronics,tv_video_home_theatre,Roku Streaming stick,"JA$8,500",8500,JMD,Saint Catherine,Jamaica,Unknown,18768480854,Roku streaming stick get over 1000 channel voice remote brand new WhatsApp 876848-0854,https://cdn2.jacars.net/media/cache/68/6a/686a8bfcf59b26da8cd9a85a64f13bef.webp|https://cdn2.jacars.net/media/cache/f9/9e/f99e67ec45a76b4f0db2c4875a3b7c97.webp|https://cdn2.jacars.net/media/cache/ea/23/ea2390ef163cc0e84739f8f9e0151fee.webp,JACars Other Electronics Appliances,https://www.jacars.net/adv/2496387_roku-streaming-stick/,2026-05-30T20:52:10Z,,"Other TV, video",,2026,,,,,"{""parser"":""local_crawl4ai_jacars"",""listUrl"":""https://www.jacars.net/other/electronics-and-appliances/"",""sourceName"":""JACars Other Electronics Appliances"",""imageVerifiedAt"":""2026-10-10T21:01:33.387Z"",""imageSourceUrl"":""https://www.jacars.net/adv/2496387_roku-streaming-stick/"",""imageIntegrityVersion"":""2026-10-07.1"",""imageRefreshAttemptedAt"":""2026-09-23T22:00:24.069Z"",""imageQuality"":""source_detail_high_resolution"",""imageRefreshSucceededAt"":""2026-09-23T22:00:24.069Z"",""negotiable"":true,""details"":[{""label"":""Price flexibility"",""value"":""Yes""}],""detailsVersion"":""2026-10-07.3"",""brand"":""TV, DVD, videos"",""model"":""Other TV, video"",""detailsSourceUrl"":""https://www.jacars.net/adv/2496387_roku-streaming-stick/"",""detailsVerifiedAt"":""2026-10-10T20:45:31.479532+00:00"",""sourceSpecifications"":[{""label"":""Price flexibility"",""value"":""Yes""}],""listingIdentity"":{""version"":""2026-10-07.1"",""sourceUrl"":""https://www.jacars.net/adv/2496387_roku-streaming-stick/"",""title"":""Roku Streaming stick"",""images"":[""https://cdn2.jacars.net/media/cache/68/6a/686a8bfcf59b26da8cd9a85a64f13bef.webp"",""https://cdn2.jacars.net/media/cache/f9/9e/f99e67ec45a76b4f0db2c4875a3b7c97.webp"",""https://cdn2.jacars.net/media/cache/ea/23/ea2390ef163cc0e84739f8f9e0151fee.webp""],""phones"":[""18768480854""],""sellerId"":"""",""city"":""Saint Catherine"",""checkedAt"":""2026-10-10T21:01:33.387Z""}}",active,2026-10-10T20:30:43Z,200,Matching listing has an available source offer,2026-10-10T20:30:43Z,https://www.jacars.net/adv/2496387_roku-streaming-stick/,0,,visible,,,
jacars-2494687,published,vehicles,vehicles,auto_parts,Air Freshener,"JA$1,000",1000,JMD,Manchester,Jamaica,Unknown,18768739901 | 18762354486,"🔥 IN STOCK NOW — FOR SALE‼️
Air Freshener Flamingo — All Scents Available 🌸🦩

📍 Location: 73 Manchester Road, Mandeville
📞 Call: (876) 873-9901
💬 WhatsApp: (876) 235-4486

✨ Perfect for your car, home, or office!
🎨 Available in multiple scents and colors
💲 Affordable & high-quality",https://cdn2.jacars.net/media/cache/01/6c/016cb9ad65f65068807f316af73d4e80.webp|https://cdn2.jacars.net/media/cache/83/71/837162538779c4107f2e889ebd25db1f.webp|https://cdn2.jacars.net/media/cache/fc/e7/fce71d13ab17d3d255349bb858f85c5f.webp|https://cdn2.jacars.net/media/cache/99/e9/99e9d1ec17d67e35074765a12f801ac7.webp,JACars Other General Services,https://www.jacars.net/adv/2494687_air-freshener/,2026-05-30T20:52:10Z,,,,2026,,,,,"{""parser"":""local_crawl4ai_jacars"",""listUrl"":""https://www.jacars.net/other/services/"",""sourceName"":""JACars Other General Services"",""categoryReview"":{""sourceUrl"":""https://www.jacars.net/adv/2494687_air-freshener/"",""title"":""Air Freshener"",""category"":""vehicles"",""subcategory"":""auto_parts"",""checkedAt"":""2026-10-10T20:30:43Z""},""imageVerifiedAt"":""2026-10-10T21:01:33.387Z"",""imageSourceUrl"":""https://www.jacars.net/adv/2494687_air-freshener/"",""imageIntegrityVersion"":""2026-10-07.1"",""imageRefreshAttemptedAt"":""2026-09-23T22:00:24.069Z"",""imageQuality"":""source_detail_high_resolution"",""imageRefreshSucceededAt"":""2026-09-23T22:00:24.069Z"",""year"":""2026"",""details"":[{""label"":""Year"",""value"":""2026""}],""detailsVersion"":""2026-10-07.3"",""detailsSourceUrl"":""https://www.jacars.net/adv/2494687_air-freshener/"",""detailsVerifiedAt"":""2026-10-10T20:45:31.479532+00:00"",""sourceSpecifications"":[{""label"":""Year"",""value"":""2026""}],""listingIdentity"":{""version"":""2026-10-07.1"",""sourceUrl"":""https://www.jacars.net/adv/2494687_air-freshener/"",""title"":""Air Freshener"",""images"":[""https://cdn2.jacars.net/media/cache/01/6c/016cb9ad65f65068807f316af73d4e80.webp"",""https://cdn2.jacars.net/media/cache/83/71/837162538779c4107f2e889ebd25db1f.webp"",""https://cdn2.jacars.net/media/cache/fc/e7/fce71d13ab17d3d255349bb858f85c5f.webp"",""https://cdn2.jacars.net/media/cache/99/e9/99e9d1ec17d67e35074765a12f801ac7.webp""],""phones"":[""18768739901"",""18762354486""],""sellerId"":"""",""city"":""Manchester"",""checkedAt"":""2026-10-10T21:01:33.387Z""}}",active,2026-10-10T20:30:43Z,200,Matching listing has an available source offer,2026-10-10T20:30:43Z,https://www.jacars.net/adv/2494687_air-freshener/,0,,visible,,,reviewed_listing
jacars-2494539,published,vehicles,vehicles,auto_parts,Flamingo Tire Shine,"JA$1,000",1000,JMD,Manchester,Jamaica,Unknown,18768739901 | 18762354486,"🔥✨ KEEP YOUR TIRES SHINING! ✨🔥
Flamingo Tire Shine — Only $1,000!

📍 Mandeville — 73 Manchester Road
📞 (876) 873-9901
💬 WhatsApp: (876) 235-4486",https://cdn2.jacars.net/media/cache/17/ef/17ef6026508b8114c50db013590c6d6b.webp|https://cdn2.jacars.net/media/cache/db/ad/dbad124efa586d5444f3d12829beb5f6.webp|https://cdn2.jacars.net/media/cache/4f/0e/4f0eb908bb6239a69d8957c6287a0e13.webp,JACars Tools,https://www.jacars.net/adv/2494539_flamingo-tire-shine/,2026-05-30T20:52:10Z,,,,2026,,,,,"{""parser"":""local_crawl4ai_jacars"",""listUrl"":""https://www.jacars.net/car-parts/tools/"",""sourceName"":""JACars Tools"",""categoryReview"":{""sourceUrl"":""https://www.jacars.net/adv/2494539_flamingo-tire-shine/"",""title"":""Flamingo Tire Shine"",""category"":""vehicles"",""subcategory"":""auto_parts"",""checkedAt"":""2026-10-10T20:30:43Z""},""imageVerifiedAt"":""2026-10-10T21:01:33.387Z"",""imageSourceUrl"":""https://www.jacars.net/adv/2494539_flamingo-tire-shine/"",""imageIntegrityVersion"":""2026-10-07.1"",""imageRefreshAttemptedAt"":""2026-09-23T22:00:24.069Z"",""imageQuality"":""source_detail_high_resolution"",""imageRefreshSucceededAt"":""2026-09-23T22:00:24.069Z"",""year"":""2026"",""details"":[{""label"":""Year"",""value"":""2026""}],""detailsVersion"":""2026-10-07.3"",""detailsSourceUrl"":""https://www.jacars.net/adv/2494539_flamingo-tire-shine/"",""detailsVerifiedAt"":""2026-10-10T20:45:31.479532+00:00"",""sourceSpecifications"":[{""label"":""Year"",""value"":""2026""}],""listingIdentity"":{""version"":""2026-10-07.1"",""sourceUrl"":""https://www.jacars.net/adv/2494539_flamingo-tire-shine/"",""title"":""Flamingo Tire Shine"",""images"":[""https://cdn2.jacars.net/media/cache/17/ef/17ef6026508b8114c50db013590c6d6b.webp"",""https://cdn2.jacars.net/media/cache/db/ad/dbad124efa586d5444f3d12829beb5f6.webp"",""https://cdn2.jacars.net/media/cache/4f/0e/4f0eb908bb6239a69d8957c6287a0e13.webp""],""phones"":[""18768739901"",""18762354486""],""sellerId"":"""",""city"":""Manchester"",""checkedAt"":""2026-10-10T21:01:33.387Z""}}",active,2026-10-10T20:30:43Z,200,Matching listing has an available source offer,2026-10-10T20:30:43Z,https://www.jacars.net/adv/2494539_flamingo-tire-shine/,0,,visible,,,reviewed_listing
jacars-2494523,published,vehicles,vehicles,auto_parts,Universal Rack Roofs,"JA$16,500",16500,JMD,Manchester,Jamaica,Unknown,18768739901 | 18762354486,"🔥 IN STOCK NOW — FOR SALE‼️🔥
Aluminum Rack Roof - Brand new
💲 Price: $16,500

Type: Universal Fit

✔️ Strong & Durable
✔️ Fits Most Vehicles
✔️ Easy Installation

📍 Location: 73 Manchester Road, Mandeville
📞 Tel: (876) 873-9901
💬 WhatsApp: (876) 235-4486 for more info",https://cdn2.jacars.net/media/cache/bd/a8/bda840197248c039ce31f2dbc43be370.webp|https://cdn2.jacars.net/media/cache/bc/ad/bcade616c56fc36a911d55945fbb215a.webp|https://cdn2.jacars.net/media/cache/70/75/707515bf707c6a84bbb2e6ea847a2615.webp|https://cdn2.jacars.net/media/cache/74/9c/749c6ab49e5295ee9a8b1776a858c4c7.webp,JACars Car Accessories,https://www.jacars.net/adv/2494523_rack-roofs/,2026-05-30T20:52:10Z,,,,2026,,,,,"{""parser"":""local_crawl4ai_jacars"",""listUrl"":""https://www.jacars.net/car-parts/car-accessories/"",""sourceName"":""JACars Car Accessories"",""imageVerifiedAt"":""2026-10-10T21:01:33.387Z"",""imageSourceUrl"":""https://www.jacars.net/adv/2494523_rack-roofs/"",""imageIntegrityVersion"":""2026-10-07.1"",""imageRefreshAttemptedAt"":""2026-09-23T22:00:24.069Z"",""imageQuality"":""source_detail_high_resolution"",""imageRefreshSucceededAt"":""2026-09-23T22:00:24.069Z"",""year"":""2026"",""details"":[{""label"":""Year"",""value"":""2026""}],""detailsVersion"":""2026-10-07.3"",""detailsSourceUrl"":""https://www.jacars.net/adv/2494523_rack-roofs/"",""detailsVerifiedAt"":""2026-10-10T20:45:31.479532+00:00"",""sourceSpecifications"":[{""label"":""Year"",""value"":""2026""}],""listingIdentity"":{""version"":""2026-10-07.1"",""sourceUrl"":""https://www.jacars.net/adv/2494523_rack-roofs/"",""title"":""Universal Rack Roofs"",""images"":[""https://cdn2.jacars.net/media/cache/bd/a8/bda840197248c039ce31f2dbc43be370.webp"",""https://cdn2.jacars.net/media/cache/bc/ad/bcade616c56fc36a911d55945fbb215a.webp"",""https://cdn2.jacars.net/media/cache/70/75/707515bf707c6a84bbb2e6ea847a2615.webp"",""https://cdn2.jacars.net/media/cache/74/9c/749c6ab49e5295ee9a8b1776a858c4c7.webp""],""phones"":[""18768739901"",""18762354486""],""sellerId"":"""",""city"":""Manchester"",""checkedAt"":""2026-10-10T21:01:33.387Z""}}",active,2026-10-10T20:30:43Z,200,Matching listing has an available source offer,2026-10-10T20:30:43Z,https://www.jacars.net/adv/2494523_rack-roofs/,0,,visible,,,
jacars-2492573,published,vehicles,vehicles,auto_parts,5 BMW n55 injectors EU5,"JA$80,000",80000,JMD,Trelawny,Jamaica,Unknown,18763306209,brand new BMW N55 injectors call 18763306209,https://cdn2.jacars.net/media/cache/05/32/05326d2b65cbb797118036e8cae2d7ae.webp,JACars Other Car Parts,https://www.jacars.net/adv/2492573_5-bmw-n55-injectors/,2026-05-30T20:52:10Z,,,,2026,,,,190000,"{""parser"":""local_crawl4ai_jacars"",""listUrl"":""https://www.jacars.net/car-parts/other/"",""sourceName"":""JACars Other Car Parts"",""imageSanitizedAt"":""2026-09-05T04:00:24.039Z"",""imageVerifiedAt"":""2026-10-10T21:01:33.387Z"",""imageSourceUrl"":""https://www.jacars.net/adv/2492573_5-bmw-n55-injectors/"",""imageIntegrityVersion"":""2026-10-07.1"",""imageRefreshAttemptedAt"":""2026-09-23T22:00:24.069Z"",""imageQuality"":""source_detail_high_resolution"",""imageRefreshSucceededAt"":""2026-09-23T22:00:24.069Z"",""year"":""2026"",""mileageKm"":""190000"",""details"":[{""label"":""Year"",""value"":""2026""},{""label"":""Mileage"",""value"":""190000 km""}],""detailsVersion"":""2026-10-07.3"",""detailsSourceUrl"":""https://www.jacars.net/adv/2492573_5-bmw-n55-injectors/"",""detailsVerifiedAt"":""2026-10-10T20:45:31.479532+00:00"",""sourceSpecifications"":[{""label"":""Year"",""value"":""2026""},{""label"":""Mileage"",""value"":""190000 km""}],""listingIdentity"":{""version"":""2026-10-07.1"",""sourceUrl"":""https://www.jacars.net/adv/2492573_5-bmw-n55-injectors/"",""title"":""5 BMW n55 injectors EU5"",""images"":[""https://cdn2.jacars.net/media/cache/05/32/05326d2b65cbb797118036e8cae2d7ae.webp""],""phones"":[""18763306209""],""sellerId"":"""",""city"":""Trelawny"",""checkedAt"":""2026-10-10T21:01:33.387Z""}}",active,2026-10-10T20:30:43Z,200,Matching listing has an available source offer,2026-10-10T20:30:43Z,https://www.jacars.net/adv/2492573_5-bmw-n55-injectors/,0,,visible,,,
jacars-2488996,published,vehicles,vehicles,tires_rims,17 Inch Rims and 6 Lugs,"JA$85,000",85000,JMD,Manchester,Jamaica,Unknown,18768739901 | 18762354486,"For Sale‼️ IN STOCK NOW‼️
17” Rims & 6 Lugs 🔥
Price: $85,000
Size: 17x7.5 | Offset: +20 | P.C.D: 6x139.7
Color: Silver
🆕 Condition: Brand New

📍 Location: 73 Manchester Road, Mandeville
📞 Tel: (876) 873-9901
💬 WhatsApp: (876) 235-4486 for more info

🚙 Fitment: Pickups | SUVs | Vans
✅ Toyota: Hiace, Commuter, Hilux, Land Cruiser, Prado, Fortuner, Tundra, Tacoma
✅ Nissan: Caravan, NV350, Urvan, Patrol, Navara, Frontier, Homy Coach
✅ Mitsubishi: L200, Pajero, Challenger, Strada, Triton, Nativa
✅ Mazda: BT-50, Bongo Van/Truck
✅ Isuzu: D-Max
✅ Ford: Ranger",https://cdn2.jacars.net/media/cache/6c/1b/6c1b8c6ad84bd04a8bc715301cbc0c74.webp|https://cdn2.jacars.net/media/cache/ce/f6/cef6722eec986becfe23a8188e924c51.webp|https://cdn2.jacars.net/media/cache/7c/93/7c9379f5db0653eb307505f77e07801a.webp|https://cdn2.jacars.net/media/cache/c9/26/c926adec3902121f4b04f0c4d445fb50.webp,JACars Tires and Rims,https://www.jacars.net/adv/2488996_17-inch-rims-and-6-lugs/,2026-05-30T20:52:10Z,,,,2026,,,Silver,,"{""parser"":""local_crawl4ai_jacars"",""listUrl"":""https://www.jacars.net/car-parts/tyres-and-rims/"",""sourceName"":""JACars Tires and Rims"",""imageVerifiedAt"":""2026-10-10T21:01:33.387Z"",""imageSourceUrl"":""https://www.jacars.net/adv/2488996_17-inch-rims-and-6-lugs/"",""imageIntegrityVersion"":""2026-10-07.1"",""imageRefreshAttemptedAt"":""2026-09-23T22:00:24.069Z"",""imageQuality"":""source_detail_high_resolution"",""imageRefreshSucceededAt"":""2026-09-23T22:00:24.069Z"",""year"":""2026"",""details"":[{""label"":""Year"",""value"":""2026""}],""detailsVersion"":""2026-10-07.3"",""detailsSourceUrl"":""https://www.jacars.net/adv/2488996_17-inch-rims-and-6-lugs/"",""detailsVerifiedAt"":""2026-10-10T20:45:31.479532+00:00"",""color"":""Silver"",""sourceSpecifications"":[{""label"":""Year"",""value"":""2026""}],""listingIdentity"":{""version"":""2026-10-07.1"",""sourceUrl"":""https://www.jacars.net/adv/2488996_17-inch-rims-and-6-lugs/"",""title"":""17 Inch Rims and 6 Lugs"",""images"":[""https://cdn2.jacars.net/media/cache/6c/1b/6c1b8c6ad84bd04a8bc715301cbc0c74.webp"",""https://cdn2.jacars.net/media/cache/ce/f6/cef6722eec986becfe23a8188e924c51.webp"",""https://cdn2.jacars.net/media/cache/7c/93/7c9379f5db0653eb307505f77e07801a.webp"",""https://cdn2.jacars.net/media/cache/c9/26/c926adec3902121f4b04f0c4d445fb50.webp""],""phones"":[""18768739901"",""18762354486""],""sellerId"":"""",""city"":""Manchester"",""checkedAt"":""2026-10-10T21:01:33.387Z""}}",active,2026-10-10T20:30:43Z,200,Matching listing has an available source offer,2026-10-10T20:30:43Z,https://www.jacars.net/adv/2488996_17-inch-rims-and-6-lugs/,0,,visible,,,
jacars-2481586,rejected,marketplace,other,pet_supplies,Rottweiler & Mastiff Adult Dog,"JA$85,000",85000,JMD,Kingston,Jamaica,Unknown,18768692748,"2481586 Name: Chris 📅 Age: 2 Years ♀ Gender: Male (mid-size) 🎯 Breed: Rottweiler mixed with Mastiff 🎀 Features: Short curly coat, friendly, and full of energy 💉 Health: Fully vaccinated by JSPCA – vaccine card included 📍 Location: Washington Gardens, Kingston 20 🚗 Extras: Delivery available within Kingston 💲 Price: JMD $85,000 – Negotiable This playful and loving boy is ready for his forever home! He’s the perfect companion for an active family or anyone seeking a loyal, affectionate pet. 📞 Contact: 876-869-2748 Views: 1067",https://cdn2.jacars.net/media/cache/35/58/3558223e5b78bace9b509d1afd3e2806.webp|https://cdn2.jacars.net/media/cache/9c/8c/9c8ce581bc86cbea933d43b4365a88c0.webp|https://cdn2.jacars.net/media/cache/63/42/6342d2f5c96ae918a3ab34fb417deafd.webp|https://cdn2.jacars.net/media/cache/fe/ce/fece8e7278efdb786d235b2813237036.webp,JACars Other Animals Pets,https://www.jacars.net/adv/2481586_rottweiler-mastiff-adult-dog/,2026-05-30T20:52:10Z,,,,2026,,,,,"{""parser"":""local_crawl4ai_jacars"",""listUrl"":""https://www.jacars.net/other/animals/"",""sourceName"":""JACars Other Animals Pets""}",gone,2026-10-10T20:30:43Z,404,Exact source URL returned HTTP 404,2026-05-30T20:52:10Z,https://www.jacars.net/adv/2481586_rottweiler-mastiff-adult-dog/,20,2026-10-10T20:30:43Z,source_unavailable,Source advert API returned HTTP 404 and its detail site blocked verification; held until the listing can be verified again.,,
jacars-2479639,published,vehicles,vehicles,auto_parts,PERFORMANCE GAS PUMPS BLOX AEM KEMSO AEROMOTIVE,"JA$8,500",8500,JMD,Saint James,Jamaica,Unknown,18768670874,"AS TOPIC STATES HAVE RACE AND OEM GAS PUMPS WITH RACE GAS AND METHANOL COMPATIBLE PLUS FUEL PRESSURE REGULATORS AEM WALBRO GSS342 AEM 340LPH WALBRO 525LPH HELCAT REGULAR PUMP KEMSO
BLOX FUEL PRESSURE REGULATOR $18,000
AEROMOTIVE GOOD FOR 1000HP . LIMITED STOCK AND THESE ITEMS CAN BE OR NOT IN STOCK ...PLEASE CALL AND ENQUIRE. LOCATED SHOP 13 FAMILY COURT RJD PERFORMANCE AND AUTO ACCESSORIES 876 867 0874 WHATS APP",https://cdn2.jacars.net/media/cache/5a/aa/5aaaeb4a0c6b90e802acc7d9b3a135fc.webp|https://cdn2.jacars.net/media/cache/76/b0/76b05d237180cb05e12a429be8accf5e.webp|https://cdn2.jacars.net/media/cache/e0/9d/e09d23c282fb9a6976a19e00f6c143b8.webp|https://cdn2.jacars.net/media/cache/22/07/22074b5f6d72a06bed21cb7377345d26.webp,JACars Other Car Parts,https://www.jacars.net/adv/2479639_performance-gas-pumps-aem-kemso-aeromotive/,2026-05-30T20:52:10Z,,,,2026,,,,,"{""parser"":""local_crawl4ai_jacars"",""listUrl"":""https://www.jacars.net/car-parts/other/"",""sourceName"":""JACars Other Car Parts"",""imageVerifiedAt"":""2026-10-10T21:01:33.387Z"",""imageSourceUrl"":""https://www.jacars.net/adv/2479639_performance-gas-pumps-aem-kemso-aeromotive/"",""imageIntegrityVersion"":""2026-10-07.1"",""imageRefreshAttemptedAt"":""2026-09-23T22:00:24.069Z"",""imageQuality"":""source_detail_high_resolution"",""imageRefreshSucceededAt"":""2026-09-23T22:00:24.069Z"",""year"":""2026"",""details"":[{""label"":""Year"",""value"":""2026""}],""detailsVersion"":""2026-10-07.3"",""detailsSourceUrl"":""https://www.jacars.net/adv/2479639_performance-gas-pumps-aem-kemso-aeromotive/"",""detailsVerifiedAt"":""2026-10-10T20:45:31.479532+00:00"",""sourceSpecifications"":[{""label"":""Year"",""value"":""2026""}],""listingIdentity"":{""version"":""2026-10-07.1"",""sourceUrl"":""https://www.jacars.net/adv/2479639_performance-gas-pumps-aem-kemso-aeromotive/"",""title"":""PERFORMANCE GAS PUMPS BLOX AEM KEMSO AEROMOTIVE"",""images"":[""https://cdn2.jacars.net/media/cache/5a/aa/5aaaeb4a0c6b90e802acc7d9b3a135fc.webp"",""https://cdn2.jacars.net/media/cache/76/b0/76b05d237180cb05e12a429be8accf5e.webp"",""https://cdn2.jacars.net/media/cache/e0/9d/e09d23c282fb9a6976a19e00f6c143b8.webp"",""https://cdn2.jacars.net/media/cache/22/07/22074b5f6d72a06bed21cb7377345d26.webp""],""phones"":[""18768670874""],""sellerId"":"""",""city"":""Saint James"",""checkedAt"":""2026-10-10T21:01:33.387Z""}}",active,2026-10-10T20:30:43Z,200,Matching listing has an available source offer,2026-10-10T20:30:43Z,https://www.jacars.net/adv/2479639_performance-gas-pumps-aem-kemso-aeromotive/,0,,visible,,,
jacars-2475116,published,vehicles,vehicles,auto_parts,Universal Wheel Spacer Fit 4 Lug and 5 Lug,"JA$1,500",1500,JMD,Manchester,Jamaica,Unknown,18762354486,"2475116 Condition: New Universal Wheel Spacer Fit 4 Lug & 5 Lug Thickness : 3MM Fit : 4x100, 4x114.3, 5x100, 5x112, 5x114.3, 5x120, 5x130 Price : $1500 each Back Next Views: 115",https://cdn2.jacars.net/media/cache/9b/b0/9bb02cce34904d53451addde03fa133c.webp|https://cdn2.jacars.net/media/cache/b8/2a/b82a42f2e4b131e4856863f9ac0cfbf1.webp|https://cdn2.jacars.net/media/cache/a4/50/a4503c3e941559cc705c839c006a0d90.webp|https://cdn2.jacars.net/media/cache/bf/46/bf46d05979a572f64c3f2bce23bfc8e2.webp,JACars Car Accessories,https://www.jacars.net/adv/2475116_universal-wheel-spacer-fit-4-lug-and-5-lug/,2026-05-30T20:52:10Z,,,,2026,,,,,"{""parser"":""local_crawl4ai_jacars"",""listUrl"":""https://www.jacars.net/car-parts/car-accessories/"",""sourceName"":""JACars Car Accessories"",""imageQuality"":""source_detail_high_resolution"",""imageRefreshSource"":""jacars_gallery_full_api"",""imageRefreshAttemptedAt"":""2026-08-31T15:42:55.415Z"",""imageIntegrityVersion"":""2026-09-06.1"",""imageVerifiedAt"":""2026-09-07T00:05:03.876Z"",""imageSourceUrl"":""https://www.jacars.net/adv/2475116_universal-wheel-spacer-fit-4-lug-and-5-lug/""}",active,2026-10-10T20:30:43Z,200,Matching listing has an available source offer,2026-10-10T20:30:43Z,https://www.jacars.net/adv/2475116_universal-wheel-spacer-fit-4-lug-and-5-lug/,0,,visible,,,
jacars-2475099,published,vehicles,vehicles,auto_parts,Colored Bolts and Nuts For license Plates,"JA$1,500",1500,JMD,Manchester,Jamaica,Unknown,18762354486,"2475099 Condition: New Colored Bolts and Nuts For license Plates $1,500 each Back Next Views: 122",https://cdn2.jacars.net/media/cache/3b/b5/3bb5c99e97e4fb3a541b971fb3e97555.webp|https://cdn2.jacars.net/media/cache/36/73/3673429b49ec415fe467978d29f5db85.webp|https://cdn2.jacars.net/media/cache/bc/f5/bcf50083b971fb7727ca6fbecdbf5520.webp|https://cdn2.jacars.net/media/cache/96/71/9671148d8f9e3116f2777d171e847e12.webp,JACars Car Accessories,https://www.jacars.net/adv/2475099_colored-bolts-and-nuts-for-license-plates/,2026-05-30T20:52:10Z,,,,2026,,,,,"{""parser"":""local_crawl4ai_jacars"",""listUrl"":""https://www.jacars.net/car-parts/car-accessories/"",""sourceName"":""JACars Car Accessories"",""imageQuality"":""source_detail_high_resolution"",""imageRefreshSource"":""jacars_gallery_full_api"",""imageRefreshAttemptedAt"":""2026-08-31T15:42:55.415Z"",""imageIntegrityVersion"":""2026-09-06.1"",""imageVerifiedAt"":""2026-09-07T00:05:03.876Z"",""imageSourceUrl"":""https://www.jacars.net/adv/2475099_colored-bolts-and-nuts-for-license-plates/""}",active,2026-10-10T20:30:43Z,200,Matching listing has an available source offer,2026-10-10T20:30:43Z,https://www.jacars.net/adv/2475099_colored-bolts-and-nuts-for-license-plates/,0,,visible,,,
jacars-2475093,rejected,vehicles,vehicles,tires_rims,16 inch and 5 lugs,"JA$25,000",25000,JMD,Manchester,Jamaica,Unknown,18768739901 | 18762354486,"2475093 Diameter: 16 in Condition: Used For Sale‼️ IN STOCK‼️ Genuine Factory Toyota 16” Rims & 5 Lugs 🔥 Price: 25,000 Used Good condition…No Damages Location :📍73 Manchester Road, Mandeville Tel : (876) 873-9901 / WhatsApp (876) 235-4486 for more information. Back Next Views: 178",https://cdn2.jacars.net/media/cache/77/e8/77e87505d9bda5673c3f397097142891.webp|https://cdn2.jacars.net/media/cache/40/0a/400acde67314dfe99602b752a2341233.webp|https://cdn2.jacars.net/media/cache/97/51/9751794f86440cea3aaedee1955002eb.webp|https://cdn2.jacars.net/media/cache/25/ca/25ca2af2930b5476dcde0e807224d1b4.webp,JACars Tires and Rims,https://www.jacars.net/adv/2475093_16-inch-and-5-lugs/,2026-05-30T20:52:10Z,,,,2026,,,,,"{""parser"":""local_crawl4ai_jacars"",""listUrl"":""https://www.jacars.net/car-parts/tyres-and-rims/"",""sourceName"":""JACars Tires and Rims""}",gone,2026-10-10T20:30:43Z,404,Exact source URL returned HTTP 404,2026-05-30T20:52:10Z,https://www.jacars.net/adv/2475093_16-inch-and-5-lugs/,20,2026-10-10T20:30:43Z,source_unavailable,Source advert API returned HTTP 404 and its detail site blocked verification; held until the listing can be verified again.,,
jacars-2474902,published,vehicles,vehicles,vehicles,"Datsun Go Plus 1,2L 2019","JA$2,500,000",2500000,JMD,Kingston,Jamaica,Unknown,18764865524,"2474902 Year: 2019 Alarm: No Seats: 7 Airbag: Yes Color: Blue Gearbox: Manual Mileage: 0 km Body type: Wagon Fuel type: Petrol Engine size: 1,2L Air conditioning: Yes Right hand drive: Right Power windows, doors: Yes Need more space without spending more? The 2019 Datsun GO+ (7 seater) is the answer: ✅ Seats 7 comfortably ✅ Compact outside, roomy inside ✅ Great fuel economy ✅ Sleek, smart, and affordable Perfect for families, road trips, or anyone who wants extra space and extra savings. ⁠Message us now to book your test drive 🚗💨 #DatsunGOPlus #7Seater #FamilyCar #FuelSaver #SmartDrive #EcologicMotors #UsedCarsJA Views: 1510",https://cdn2.jacars.net/media/cache/72/92/7292ffea84c57fb7d4cdb3458abe425a.webp|https://cdn2.jacars.net/media/cache/55/af/55af72be3d328720a7a7b17e19be3e38.webp|https://cdn2.jacars.net/media/cache/e9/40/e9401b7145b2d0f9eca5f0034c6588b3.webp|https://cdn2.jacars.net/media/cache/f3/ff/f3ffa1f3184d2768aeede659eb4b70f8.webp,JACars Cars,https://www.jacars.net/adv/2474902_datsun-go-plus-1-2l-2019/,2026-05-30T20:52:10Z,,,,2019,,Manual,Blue,,"{""parser"":""local_crawl4ai_jacars"",""listUrl"":""https://www.jacars.net/cars/"",""sourceName"":""JACars Cars"",""imageQuality"":""source_detail_high_resolution"",""imageRefreshSource"":""jacars_gallery_full_api"",""imageRefreshAttemptedAt"":""2026-08-31T15:42:55.415Z"",""imageIntegrityVersion"":""2026-09-06.1"",""imageVerifiedAt"":""2026-09-07T00:05:03.876Z"",""imageSourceUrl"":""https://www.jacars.net/adv/2474902_datsun-go-plus-1-2l-2019/""}",active,2026-10-10T20:30:43Z,200,Matching listing has an available source offer,2026-10-10T20:30:43Z,https://www.jacars.net/adv/2474902_datsun-go-plus-1-2l-2019/,0,,visible,,,
jacars-2471722,rejected,vehicles,vehicles,tires_rims,16 inch Rims and 5 Lugs,"JA$80,000",80000,JMD,Manchester,Jamaica,Unknown,18768739901 | 18762354486,"2471722 Diameter: 16 in Condition: New For Sale‼️ IN STOCK‼️ 16” Rims & 5 Lugs 🔥 Price: $80,000 Size: 16x7 | ET: 38 | P.C.D: 5x114.3 Brand New🔥.…Flow Form Wheels Color: Chrome + Grey Location :📍73 Manchester Road, Mandeville Tel : (876) 873-9901 / WhatsApp (876) 235-4486 for more information. Back Next Views: 213",https://cdn2.jacars.net/media/cache/cc/85/cc855fc7789769a29b11eef2a8b393bf.webp|https://cdn2.jacars.net/media/cache/79/b5/79b5330fe464bdaa9302057abab4113b.webp|https://cdn2.jacars.net/media/cache/c3/2e/c32e5f0b178e42efeffc794207c1258f.webp|https://cdn2.jacars.net/media/cache/71/0f/710ff65ce774f7937356e82a7236c1ea.webp,JACars Tires and Rims,https://www.jacars.net/adv/2471722_16-inch-rims-and-5-lugs-5x114-3/,2026-05-30T20:52:10Z,,,,2026,,,,,"{""parser"":""local_crawl4ai_jacars"",""listUrl"":""https://www.jacars.net/car-parts/tyres-and-rims/"",""sourceName"":""JACars Tires and Rims""}",gone,2026-10-10T20:30:43Z,404,Exact source URL returned HTTP 404,2026-05-30T20:52:10Z,https://www.jacars.net/adv/2471722_16-inch-rims-and-5-lugs-5x114-3/,20,2026-10-10T20:30:43Z,source_unavailable,Source advert API returned HTTP 404 and its detail site blocked verification; held until the listing can be verified again.,,
jacars-2470319,rejected,marketplace,services,travel,PRIVATE RELIABLE PERSONALIZED PICK UP DROP OFF TRANSPORT SERVICES AVAILABLE.,,,,Kingston,Jamaica,Unknown,18765619964 | 18769903705,"2470319 PRIVATE RELIABLE PERSONALIZED PICK UP DROP OFF TRANSPORT SERVICES AVAILABLE AT LOW COST FOR Kgn 6, 8, 10, 19, Areas. Tel# 876-561-9964. Views: 12 Call for price Call +187699037 XX Edwin",,JACars Auto Services,https://www.jacars.net/adv/2470319_private-reliable-personalized-pick-up-drop-off-transport-services-available/,2026-05-30T20:52:10Z,,,,2026,,,,,"{""parser"":""local_crawl4ai_jacars"",""listUrl"":""https://www.jacars.net/services/"",""sourceName"":""JACars Auto Services""}",gone,2026-10-10T20:30:43Z,404,Exact source URL returned HTTP 404,2026-05-30T20:52:10Z,https://www.jacars.net/adv/2470319_private-reliable-personalized-pick-up-drop-off-transport-services-available/,20,2026-10-10T20:30:43Z,source_unavailable,Source advert API returned HTTP 404 and its detail site blocked verification; held until the listing can be verified again.,,
jacars-2469386,rejected,vehicles,vehicles,repairs,Car Key Repairs,,,,Saint Catherine,Jamaica,Unknown,18763621268,2469386 Car Key Repairs and Programming Back Next Views: 92,https://cdn2.jacars.net/media/cache/3d/30/3d309310d0b1ba3af762c27be3e31330.webp,JACars Auto Services,https://www.jacars.net/adv/2469386_car-key-repairs/,2026-05-30T20:52:10Z,,,,2026,,,,,"{""parser"":""local_crawl4ai_jacars"",""listUrl"":""https://www.jacars.net/services/"",""sourceName"":""JACars Auto Services"",""imageQuality"":""source_detail_high_resolution"",""imageRefreshSource"":""jacars_gallery_full_api"",""imageRefreshAttemptedAt"":""2026-08-31T15:42:55.415Z"",""imageIntegrityVersion"":""2026-09-16.1"",""imageVerifiedAt"":""2026-09-16T13:38:36.578Z"",""imageSourceUrl"":""https://www.jacars.net/adv/2469386_car-key-repairs/""}",active,2026-10-10T20:30:43Z,200,Matching listing has an available source offer,2026-10-10T20:30:43Z,https://www.jacars.net/adv/2469386_car-key-repairs/,0,,source_unavailable,Source advert API returned HTTP 404 and its detail site blocked verification; held until the listing can be verified again.,,
jacars-2469385,rejected,vehicles,vehicles,repairs,Toyota Voxy/Noah Radio Reprogramming,,,,Saint Catherine,Jamaica,Unknown,18763621268,2469385 Toyota Voxy & Noah Radio Unlocking & Programming Back Next Views: 222,https://cdn2.jacars.net/media/cache/6e/94/6e940387446e38b1ffa582a03b98ed41.webp|https://cdn2.jacars.net/media/cache/c7/9c/c79c9accfdb2c0bea2b9fcbfc6badf04.webp|https://cdn2.jacars.net/media/cache/f6/20/f620765262b098a15aa0a1da61e572fa.webp,JACars Auto Services,https://www.jacars.net/adv/2469385_toyota-voxy-noah-radio-reprogrsmming/,2026-05-30T20:52:10Z,,,,2026,,,,,"{""parser"":""local_crawl4ai_jacars"",""listUrl"":""https://www.jacars.net/services/"",""sourceName"":""JACars Auto Services"",""imageQuality"":""source_detail_high_resolution"",""imageRefreshSource"":""jacars_gallery_full_api"",""imageRefreshAttemptedAt"":""2026-08-31T15:42:55.415Z"",""imageIntegrityVersion"":""2026-09-16.1"",""imageVerifiedAt"":""2026-09-16T13:38:36.578Z"",""imageSourceUrl"":""https://www.jacars.net/adv/2469385_toyota-voxy-noah-radio-reprogrsmming/""}",active,2026-10-10T20:30:43Z,200,Matching listing has an available source offer,2026-10-10T20:30:43Z,https://www.jacars.net/adv/2469385_toyota-voxy-noah-radio-reprogrsmming/,0,,source_unavailable,Source advert API returned HTTP 404 and its detail site blocked verification; held until the listing can be verified again.,,
jacars-2464947,published,vehicles,vehicles,rentals,2024 HYUNDAI TUCSON for Short or Long Term Rental.,,,,Kingston,Jamaica,Unknown,14649472024 | 18769903705,2024 HYUNDAI TUCSON Fully equipped Available For Short or Long Term Rental. Tel# 876 9903705,https://cdn2.jacars.net/media/cache/53/34/53344590cdf4e2d26fc5db5eeaa453d1.webp|https://cdn2.jacars.net/media/cache/26/cf/26cf42d5642862016f39a1a935315cca.webp|https://cdn2.jacars.net/media/cache/c6/74/c674f74e6a3e09053e48ce23e52be5b6.webp|https://cdn2.jacars.net/media/cache/0e/9a/0e9af7bd6c72f5376607376a36f7582d.webp,JACars Auto Services,https://www.jacars.net/adv/2464947_2024-hyundai-tucson-for-short-or-long-term-rental/,2026-05-30T20:52:10Z,,,,2024,,,,,"{""parser"":""local_crawl4ai_jacars"",""listUrl"":""https://www.jacars.net/services/"",""sourceName"":""JACars Auto Services"",""categoryReview"":{""sourceUrl"":""https://www.jacars.net/adv/2464947_2024-hyundai-tucson-for-short-or-long-term-rental/"",""title"":""2024 HYUNDAI TUCSON for Short or Long Term Rental."",""category"":""vehicles"",""subcategory"":""rentals"",""checkedAt"":""2026-10-10T20:30:43Z""},""imageVerifiedAt"":""2026-10-10T21:01:33.387Z"",""imageSourceUrl"":""https://www.jacars.net/adv/2464947_2024-hyundai-tucson-for-short-or-long-term-rental/"",""imageIntegrityVersion"":""2026-10-07.1"",""imageRefreshAttemptedAt"":""2026-09-23T22:00:24.069Z"",""imageQuality"":""source_detail_high_resolution"",""imageRefreshSucceededAt"":""2026-09-23T22:00:24.069Z"",""year"":""2024"",""details"":[{""label"":""Year"",""value"":""2024""}],""detailsVersion"":""2026-10-07.3"",""detailsSourceUrl"":""https://www.jacars.net/adv/2464947_2024-hyundai-tucson-for-short-or-long-term-rental/"",""detailsVerifiedAt"":""2026-10-10T20:45:31.479532+00:00"",""sourceSpecifications"":[{""label"":""Year"",""value"":""2024""}],""listingIdentity"":{""version"":""2026-10-07.1"",""sourceUrl"":""https://www.jacars.net/adv/2464947_2024-hyundai-tucson-for-short-or-long-term-rental/"",""title"":""2024 HYUNDAI TUCSON for Short or Long Term Rental."",""images"":[""https://cdn2.jacars.net/media/cache/53/34/53344590cdf4e2d26fc5db5eeaa453d1.webp"",""https://cdn2.jacars.net/media/cache/26/cf/26cf42d5642862016f39a1a935315cca.webp"",""https://cdn2.jacars.net/media/cache/c6/74/c674f74e6a3e09053e48ce23e52be5b6.webp"",""https://cdn2.jacars.net/media/cache/0e/9a/0e9af7bd6c72f5376607376a36f7582d.webp""],""phones"":[""14649472024"",""18769903705""],""sellerId"":"""",""city"":""Kingston"",""checkedAt"":""2026-10-10T21:01:33.387Z""}}",active,2026-10-10T20:30:43Z,200,Matching listing has an available source offer,2026-10-10T20:30:43Z,https://www.jacars.net/adv/2464947_2024-hyundai-tucson-for-short-or-long-term-rental/,0,,visible,,,reviewed_listing
jacars-2461930,rejected,vehicles,vehicles,auto_parts,DAF PARTS,"JA$ 15,000",15000,JMD,Clarendon,Jamaica,Unknown,17961771965 | 18763621268,2461930 Used and new DAF parts coming soon to Clarendon at Very Reasonable Price From A Pin To An Anchor but can be ordered and shipped next day depending upon the size with 50% deposit on each purchase electrical parts would require full payment before shipping for more information please don’t hesitate to contact me 07961771965 Views: 239,https://cdn2.jacars.net/media/cache/45/89/45898ecf0344aba43b2a07fc711e44eb.webp|https://cdn2.jacars.net/media/cache/71/ac/71ac81511bb179ccf828b715b5be4178.webp|https://cdn2.jacars.net/media/cache/a0/b2/a0b21deb88a02936303acb11c9a7d096.webp|https://cdn2.jacars.net/media/cache/8c/48/8c48f392005210892721d9681bc88eef.webp|https://cdn2.jacars.net/media/cache/2a/5b/2a5bfe2aab81a2c6097bde00b3ae9f01.webp|https://cdn2.jacars.net/media/cache/54/3b/543bf56cb982c82b78839efafcec7809.webp|https://cdn2.jacars.net/media/cache/15/00/1500cee7bb9fc5b17ad77c5a896d93d0.webp|https://cdn2.jacars.net/media/cache/d7/7b/d77b54efe96ae05e07eaf4932bab5d41.webp|https://cdn2.jacars.net/media/cache/7f/b4/7fb42b5172201a23f16d3324c1c2125a.webp|https://cdn2.jacars.net/media/cache/d2/a7/d2a71e0f69569ce1e505509c6b98f658.webp|https://cdn2.jacars.net/media/cache/a0/24/a02408793fe52dab89d8c99ec83930c1.webp|https://cdn2.jacars.net/media/cache/84/a3/84a3504e0dd48c6224c61f7efb604734.webp,JACars Auto Services,https://www.jacars.net/adv/2461930_daf-parts/,2026-05-30T20:52:10Z,,,,2026,,,,,"{""parser"":""local_crawl4ai_jacars"",""listUrl"":""https://www.jacars.net/services/"",""sourceName"":""JACars Auto Services"",""imageQuality"":""source_detail_high_resolution"",""imageRefreshSource"":""jacars_gallery_full_api"",""imageRefreshAttemptedAt"":""2026-08-31T15:42:55.415Z""}",unknown,2026-10-10T20:30:43Z,200,Source loaded but the listing identity was not confirmed,2026-05-30T20:52:10Z,https://www.jacars.net/adv/2461930_daf-parts/,0,,source_unavailable,Source advert API returned HTTP 404 and its detail site blocked verification; held until the listing can be verified again.,,
jacars-2435462,published,vehicles,vehicles,auto_parts,"BIG SALE, All Door parts for Toyota, Honda, Nissan",JA$1,1,JMD,Manchester,Jamaica,Unknown,18768739901 | 18762354486,"BIG Sale‼️
TOYOTA, HONDA, NISSAN
☎️ Tell: (876) 873-9901 or (876) 235-4486
Location :📍73 Manchester Road, Mandeville
Parts for older cars or JDM🔰, vans & Buses
Fenders, front & Rear Bumpers, Side Doors, Bonnets, Trunks
Very Cheap Price : $500 - up

Toyota Corolla AE86 - AE115 Doors For $5000 Each

EP82 - EP92

NZE121

AZR60

LH100 - LH125

VSW10

SV20

NCP51

ST215 - ST246

VZV20

EE111

ZZE124

GX100

JZX90

KR42V

RZU100

YY131

SCP90

KSP90

CL3

CF4

CB1

CA1

EK4

EF2

RD1

DC2

DC8

GCZ32

ARME24

KEE24

FN15

B11 - B15

HN14

HR34

FB13 & 14

RNN14",https://cdn2.jacars.net/media/cache/53/b6/53b657407c95e9a655abf722541083f0.webp|https://cdn2.jacars.net/media/cache/10/f6/10f69a6a17daf9ae657e8a4e072143cc.webp|https://cdn2.jacars.net/media/cache/c8/e1/c8e14dec5c696a421593c1a7b9d18a15.webp|https://cdn2.jacars.net/media/cache/b1/d0/b1d028a73163a0aaf2c43c8cf8bce115.webp,JACars Other Car Parts,https://www.jacars.net/adv/2435462_big-sale-all-door-parts-for-toyota-honda-nissan/,2026-05-30T20:52:10Z,,,,2026,,,,,"{""parser"":""local_crawl4ai_jacars"",""listUrl"":""https://www.jacars.net/car-parts/other/"",""sourceName"":""JACars Other Car Parts"",""imageVerifiedAt"":""2026-10-10T21:01:33.387Z"",""imageSourceUrl"":""https://www.jacars.net/adv/2435462_big-sale-all-door-parts-for-toyota-honda-nissan/"",""imageIntegrityVersion"":""2026-10-07.1"",""imageRefreshAttemptedAt"":""2026-09-23T22:00:24.069Z"",""imageQuality"":""source_detail_high_resolution"",""imageRefreshSucceededAt"":""2026-09-23T22:00:24.069Z"",""year"":""2026"",""details"":[{""label"":""Year"",""value"":""2026""}],""detailsVersion"":""2026-10-07.3"",""detailsSourceUrl"":""https://www.jacars.net/adv/2435462_big-sale-all-door-parts-for-toyota-honda-nissan/"",""detailsVerifiedAt"":""2026-10-10T20:45:31.479532+00:00"",""sourceSpecifications"":[{""label"":""Year"",""value"":""2026""}],""listingIdentity"":{""version"":""2026-10-07.1"",""sourceUrl"":""https://www.jacars.net/adv/2435462_big-sale-all-door-parts-for-toyota-honda-nissan/"",""title"":""BIG SALE, All Door parts for Toyota, Honda, Nissan"",""images"":[""https://cdn2.jacars.net/media/cache/53/b6/53b657407c95e9a655abf722541083f0.webp"",""https://cdn2.jacars.net/media/cache/10/f6/10f69a6a17daf9ae657e8a4e072143cc.webp"",""https://cdn2.jacars.net/media/cache/c8/e1/c8e14dec5c696a421593c1a7b9d18a15.webp"",""https://cdn2.jacars.net/media/cache/b1/d0/b1d028a73163a0aaf2c43c8cf8bce115.webp""],""phones"":[""18768739901"",""18762354486""],""sellerId"":"""",""city"":""Manchester"",""checkedAt"":""2026-10-10T21:01:33.387Z""}}",active,2026-10-10T20:30:43Z,200,Matching listing has an available source offer,2026-10-10T20:30:43Z,https://www.jacars.net/adv/2435462_big-sale-all-door-parts-for-toyota-honda-nissan/,0,,visible,,,
jacars-2418611,published,vehicles,vehicles,vehicles,"Mazda Titan 3,0L 2015",,,,Saint Mary,Jamaica,Unknown,18768848692 | 18678848692,"2418611 Year: 2015 Alarm: No Seats: 2 Airbag: Yes Color: White Gearbox: Manual Body type: Truck Fuel type: Diesel Engine size: 3,0L Air conditioning: Yes Right hand drive: Right Power windows, doors: No 2015 MAZDA TITAN, DROP BOX , 2 TON Views: 802",https://cdn2.jacars.net/media/cache/91/3e/913e0a3f431c93db2b81aa92849c4898.webp|https://cdn2.jacars.net/media/cache/b1/9d/b19d95dd28c196c3d1b92d448ee50495.webp|https://cdn2.jacars.net/media/cache/58/54/5854c6c2fa24dde0d32638a786c8ab37.webp|https://cdn2.jacars.net/media/cache/72/10/72109c2211043c3f5bceaea3e08f5782.webp,JACars Cars,https://www.jacars.net/adv/2418611_mazda-titan-3-0l-2015/,2026-05-30T20:52:10Z,,,,2015,,Manual,White,,"{""parser"":""local_crawl4ai_jacars"",""listUrl"":""https://www.jacars.net/cars/"",""sourceName"":""JACars Cars"",""imageQuality"":""source_detail_high_resolution"",""imageRefreshSource"":""jacars_gallery_full_api"",""imageRefreshAttemptedAt"":""2026-08-31T15:42:55.415Z"",""imageIntegrityVersion"":""2026-09-06.1"",""imageVerifiedAt"":""2026-09-07T00:05:03.876Z"",""imageSourceUrl"":""https://www.jacars.net/adv/2418611_mazda-titan-3-0l-2015/""}",active,2026-10-10T20:30:43Z,200,Matching listing has an available source offer,2026-10-10T20:30:43Z,https://www.jacars.net/adv/2418611_mazda-titan-3-0l-2015/,0,,visible,,,
jacars-2410948,published,vehicles,vehicles,auto_parts,DC5 EK3 EG WING SPOILER,"JA$25,000",25000,JMD,Saint James,Jamaica,Unknown,18768670874,DC5 RSX EK3 HATCH M3 STYLE WHAT EVER YOUR LOOKING 876 867 0874 WHATS APP,https://cdn2.jacars.net/media/cache/10/47/10479d04977c187d52e22c6c88300cd0.webp|https://cdn2.jacars.net/media/cache/13/ad/13ad3182982ac5b404062ac8dd4da68c.webp,JACars Other Car Parts,https://www.jacars.net/adv/2410948_wing-spoiler/,2026-05-30T20:52:10Z,,,,2026,,,,,"{""parser"":""local_crawl4ai_jacars"",""listUrl"":""https://www.jacars.net/car-parts/other/"",""sourceName"":""JACars Other Car Parts"",""imageVerifiedAt"":""2026-10-10T21:01:33.387Z"",""imageSourceUrl"":""https://www.jacars.net/adv/2410948_wing-spoiler/"",""imageIntegrityVersion"":""2026-10-07.1"",""imageRefreshAttemptedAt"":""2026-09-23T22:00:24.069Z"",""imageQuality"":""source_detail_high_resolution"",""imageRefreshSucceededAt"":""2026-09-23T22:00:24.069Z"",""year"":""2026"",""details"":[{""label"":""Year"",""value"":""2026""}],""detailsVersion"":""2026-10-07.3"",""detailsSourceUrl"":""https://www.jacars.net/adv/2410948_wing-spoiler/"",""detailsVerifiedAt"":""2026-10-10T20:45:31.479532+00:00"",""sourceSpecifications"":[{""label"":""Year"",""value"":""2026""}],""listingIdentity"":{""version"":""2026-10-07.1"",""sourceUrl"":""https://www.jacars.net/adv/2410948_wing-spoiler/"",""title"":""DC5 EK3 EG WING SPOILER"",""images"":[""https://cdn2.jacars.net/media/cache/10/47/10479d04977c187d52e22c6c88300cd0.webp"",""https://cdn2.jacars.net/media/cache/13/ad/13ad3182982ac5b404062ac8dd4da68c.webp""],""phones"":[""18768670874""],""sellerId"":"""",""city"":""Saint James"",""checkedAt"":""2026-10-10T21:01:33.387Z""}}",active,2026-10-10T20:30:43Z,200,Matching listing has an available source offer,2026-10-10T20:30:43Z,https://www.jacars.net/adv/2410948_wing-spoiler/,0,,visible,,,
jacars-2410947,published,vehicles,vehicles,auto_parts,RJD PERFORMANCE STORE,"JA$1,000",1000,JMD,Saint James,Jamaica,Unknown,18768670874,WHAT EVER YOUR NEEDS CALL OR WHATS APP 876 867 0874 SPECIAL ORDERS WELCOME,https://cdn2.jacars.net/media/cache/09/2d/092dff7950b5a265e78a8b1042005ab3.webp,JACars Other Car Parts,https://www.jacars.net/adv/2410947_performance/,2026-05-30T20:52:10Z,,,,2026,,,,,"{""parser"":""local_crawl4ai_jacars"",""listUrl"":""https://www.jacars.net/car-parts/other/"",""sourceName"":""JACars Other Car Parts"",""imageSanitizedAt"":""2026-09-05T04:00:24.039Z"",""imageVerifiedAt"":""2026-10-10T21:01:33.387Z"",""imageSourceUrl"":""https://www.jacars.net/adv/2410947_performance/"",""imageIntegrityVersion"":""2026-10-07.1"",""imageRefreshAttemptedAt"":""2026-09-23T22:00:24.069Z"",""imageQuality"":""source_detail_high_resolution"",""imageRefreshSucceededAt"":""2026-09-23T22:00:24.069Z"",""year"":""2026"",""details"":[{""label"":""Year"",""value"":""2026""}],""detailsVersion"":""2026-10-07.3"",""detailsSourceUrl"":""https://www.jacars.net/adv/2410947_performance/"",""detailsVerifiedAt"":""2026-10-10T20:45:31.479532+00:00"",""sourceSpecifications"":[{""label"":""Year"",""value"":""2026""}],""listingIdentity"":{""version"":""2026-10-07.1"",""sourceUrl"":""https://www.jacars.net/adv/2410947_performance/"",""title"":""RJD PERFORMANCE STORE"",""images"":[""https://cdn2.jacars.net/media/cache/09/2d/092dff7950b5a265e78a8b1042005ab3.webp""],""phones"":[""18768670874""],""sellerId"":"""",""city"":""Saint James"",""checkedAt"":""2026-10-10T21:01:33.387Z""}}",active,2026-10-10T20:30:43Z,200,Matching listing has an available source offer,2026-10-10T20:30:43Z,https://www.jacars.net/adv/2410947_performance/,0,,visible,,,
jacars-2410946,published,vehicles,vehicles,auto_parts,EK3 DC2 REAR ALUMINIUM SUBFRAME BRACE,"JA$29,000",29000,JMD,Saint James,Jamaica,Unknown,18768670874,"EK3 EG EF DC2 DA RSX EP3 DC5 ES1 NEW
876 867 0874 WHATS APP From 29000 to 35000",https://cdn2.jacars.net/media/cache/7b/22/7b221691e81b9adb5e6ad557edbd524a.webp|https://cdn2.jacars.net/media/cache/43/c6/43c602e90d55caf5c471d2f4389bfd09.webp,JACars Other Car Parts,https://www.jacars.net/adv/2410946_subframe-brace/,2026-05-30T20:52:10Z,,,,2026,,,,,"{""parser"":""local_crawl4ai_jacars"",""listUrl"":""https://www.jacars.net/car-parts/other/"",""sourceName"":""JACars Other Car Parts"",""imageVerifiedAt"":""2026-10-10T21:01:33.387Z"",""imageSourceUrl"":""https://www.jacars.net/adv/2410946_subframe-brace/"",""imageIntegrityVersion"":""2026-10-07.1"",""imageRefreshAttemptedAt"":""2026-09-23T22:00:24.069Z"",""imageQuality"":""source_detail_high_resolution"",""imageRefreshSucceededAt"":""2026-09-23T22:00:24.069Z"",""year"":""2026"",""details"":[{""label"":""Year"",""value"":""2026""}],""detailsVersion"":""2026-10-07.3"",""detailsSourceUrl"":""https://www.jacars.net/adv/2410946_subframe-brace/"",""detailsVerifiedAt"":""2026-10-10T20:45:31.479532+00:00"",""sourceSpecifications"":[{""label"":""Year"",""value"":""2026""}],""listingIdentity"":{""version"":""2026-10-07.1"",""sourceUrl"":""https://www.jacars.net/adv/2410946_subframe-brace/"",""title"":""EK3 DC2 REAR ALUMINIUM SUBFRAME BRACE"",""images"":[""https://cdn2.jacars.net/media/cache/7b/22/7b221691e81b9adb5e6ad557edbd524a.webp"",""https://cdn2.jacars.net/media/cache/43/c6/43c602e90d55caf5c471d2f4389bfd09.webp""],""phones"":[""18768670874""],""sellerId"":"""",""city"":""Saint James"",""checkedAt"":""2026-10-10T21:01:33.387Z""}}",active,2026-10-10T20:30:43Z,200,Matching listing has an available source offer,2026-10-10T20:30:43Z,https://www.jacars.net/adv/2410946_subframe-brace/,0,,visible,,,
jacars-2410945,published,vehicles,vehicles,auto_parts,OBX DC SPORTS VIBRANT ROUND OVAL MUFFLERS,"JA$19,000",19000,JMD,Saint James,Jamaica,Unknown,18768670874,"VIBRANT MUFFLERS 2.5 AND 3INCH...34000
OBX FORZA OVAL 3 INCH 35,000
OBX FORZA OVAL 2.5 INLET $32,700
DC SPORTS ROUND 2.25 INLET...17,000
DC SPORTS 2.5 INLET...24,000
DC SPORTS 3INCH ROUND BURNT TIP INLET...$32,700
DC SPORTS 3INCH INLET....$25,600
PRICES FROM 19000 UP
876 867 0874 WHATS APP",https://cdn2.jacars.net/media/cache/4c/64/4c641c535015d5ffd6e155ae79035f68.webp|https://cdn2.jacars.net/media/cache/33/be/33be7f004041e5b6e67ea93e19d871be.webp|https://cdn2.jacars.net/media/cache/8e/5d/8e5d3593ef456713c3b83293615dc5fe.webp|https://cdn2.jacars.net/media/cache/07/21/0721f4b724977884ec65d94bf90159fd.webp,JACars Other Car Parts,https://www.jacars.net/adv/2410945_mufflers/,2026-05-30T20:52:10Z,,,,2026,,,,,"{""parser"":""local_crawl4ai_jacars"",""listUrl"":""https://www.jacars.net/car-parts/other/"",""sourceName"":""JACars Other Car Parts"",""imageVerifiedAt"":""2026-10-10T21:01:33.387Z"",""imageSourceUrl"":""https://www.jacars.net/adv/2410945_mufflers/"",""imageIntegrityVersion"":""2026-10-07.1"",""imageRefreshAttemptedAt"":""2026-09-23T22:00:24.069Z"",""imageQuality"":""source_detail_high_resolution"",""imageRefreshSucceededAt"":""2026-09-23T22:00:24.069Z"",""year"":""2026"",""details"":[{""label"":""Year"",""value"":""2026""}],""detailsVersion"":""2026-10-07.3"",""detailsSourceUrl"":""https://www.jacars.net/adv/2410945_mufflers/"",""detailsVerifiedAt"":""2026-10-10T20:45:31.479532+00:00"",""sourceSpecifications"":[{""label"":""Year"",""value"":""2026""}],""listingIdentity"":{""version"":""2026-10-07.1"",""sourceUrl"":""https://www.jacars.net/adv/2410945_mufflers/"",""title"":""OBX DC SPORTS VIBRANT ROUND OVAL MUFFLERS"",""images"":[""https://cdn2.jacars.net/media/cache/4c/64/4c641c535015d5ffd6e155ae79035f68.webp"",""https://cdn2.jacars.net/media/cache/33/be/33be7f004041e5b6e67ea93e19d871be.webp"",""https://cdn2.jacars.net/media/cache/8e/5d/8e5d3593ef456713c3b83293615dc5fe.webp"",""https://cdn2.jacars.net/media/cache/07/21/0721f4b724977884ec65d94bf90159fd.webp""],""phones"":[""18768670874""],""sellerId"":"""",""city"":""Saint James"",""checkedAt"":""2026-10-10T21:01:33.387Z""}}",active,2026-10-10T20:30:43Z,200,Matching listing has an available source offer,2026-10-10T20:30:43Z,https://www.jacars.net/adv/2410945_mufflers/,0,,visible,,,
jacars-2410944,published,vehicles,vehicles,auto_parts,EG RSX INTEGRA NOAH AXIO CL7 B13 TIIDA AD WINGROADHEAD LIGHTS,"JA$19,000",19000,JMD,Saint James,Jamaica,Unknown,18768670874,"HONDA CIVIC EK3 96 TO 00

ES1 01 TO 05

DC5

EG CIVIC SEDAN HATCH LIGHTS

COROLLA 100 110 FIELDER 2012 UP

DA INTEGRA 90 TO 93

ACCORD 99 TO 00 ATL SHAPE

EK3 CIVIC SEDAN HATCH

COROLLA 2013

Axio fielder 2008 to 2012 headlights set $38,500

NOAH 2011

TIIDA 08 TO 2010 $43,500 SET

WINGROAD 06 TO 12 Y12 SET $71,000

Voxy 2009 to 2013 set $43,800 each light

AD WAGON Y12 CHASSIS $38,000 SET
ETC
876 867 0874 WHATS APP",https://cdn2.jacars.net/media/cache/23/eb/23ebdf2bf1dd3d2fb7c2f79b1255de04.webp|https://cdn2.jacars.net/media/cache/44/77/447751ac4cf188ee4f43ddd092a7c7e1.webp|https://cdn2.jacars.net/media/cache/ac/81/ac8103c35b6d5543a3b5149e2a72e3cf.webp|https://cdn2.jacars.net/media/cache/46/28/4628f999aae93255fa31bcbd08921585.webp,JACars Other Car Parts,https://www.jacars.net/adv/2410944_head-lights-various/,2026-05-30T20:52:10Z,,,,2026,,,,,"{""parser"":""local_crawl4ai_jacars"",""listUrl"":""https://www.jacars.net/car-parts/other/"",""sourceName"":""JACars Other Car Parts"",""imageVerifiedAt"":""2026-10-10T21:01:33.387Z"",""imageSourceUrl"":""https://www.jacars.net/adv/2410944_head-lights-various/"",""imageIntegrityVersion"":""2026-10-07.1"",""imageRefreshAttemptedAt"":""2026-09-23T22:00:24.069Z"",""imageQuality"":""source_detail_high_resolution"",""imageRefreshSucceededAt"":""2026-09-23T22:00:24.069Z"",""year"":""2026"",""details"":[{""label"":""Year"",""value"":""2026""}],""detailsVersion"":""2026-10-07.3"",""detailsSourceUrl"":""https://www.jacars.net/adv/2410944_head-lights-various/"",""detailsVerifiedAt"":""2026-10-10T20:45:31.479532+00:00"",""sourceSpecifications"":[{""label"":""Year"",""value"":""2026""}],""listingIdentity"":{""version"":""2026-10-07.1"",""sourceUrl"":""https://www.jacars.net/adv/2410944_head-lights-various/"",""title"":""EG RSX INTEGRA NOAH AXIO CL7 B13 TIIDA AD WINGROADHEAD LIGHTS"",""images"":[""https://cdn2.jacars.net/media/cache/23/eb/23ebdf2bf1dd3d2fb7c2f79b1255de04.webp"",""https://cdn2.jacars.net/media/cache/44/77/447751ac4cf188ee4f43ddd092a7c7e1.webp"",""https://cdn2.jacars.net/media/cache/ac/81/ac8103c35b6d5543a3b5149e2a72e3cf.webp"",""https://cdn2.jacars.net/media/cache/46/28/4628f999aae93255fa31bcbd08921585.webp""],""phones"":[""18768670874""],""sellerId"":"""",""city"":""Saint James"",""checkedAt"":""2026-10-10T21:01:33.387Z""}}",active,2026-10-10T20:30:43Z,200,Matching listing has an available source offer,2026-10-10T20:30:43Z,https://www.jacars.net/adv/2410944_head-lights-various/,0,,visible,,,
jacars-2410940,published,vehicles,vehicles,auto_parts,KSWAP SHIFTER AND CABLES,"JA$36,000",36000,JMD,Saint James,Jamaica,Unknown,18768670874,"NEW IN BOX CAN GET SHIFTER ONLY OR CABLES ONLY 876 867 0874 WHATS APP FOR KSWAP INTO 92-00 CIVIC INTEGRA
Cables $28,000
Shifter $ 25,000
Or the combo set $36,000",https://cdn2.jacars.net/media/cache/62/17/6217cae2e0597343f9e9e5d140bade21.webp,JACars Other Car Parts,https://www.jacars.net/adv/2410940_kswap-shifter-and-cables/,2026-05-30T20:52:10Z,,,,2026,,,,,"{""parser"":""local_crawl4ai_jacars"",""listUrl"":""https://www.jacars.net/car-parts/other/"",""sourceName"":""JACars Other Car Parts"",""imageSanitizedAt"":""2026-09-05T04:00:24.039Z"",""imageVerifiedAt"":""2026-10-10T21:01:33.387Z"",""imageSourceUrl"":""https://www.jacars.net/adv/2410940_kswap-shifter-and-cables/"",""imageIntegrityVersion"":""2026-10-07.1"",""imageRefreshAttemptedAt"":""2026-09-23T22:00:24.069Z"",""imageQuality"":""source_detail_high_resolution"",""imageRefreshSucceededAt"":""2026-09-23T22:00:24.069Z"",""year"":""2026"",""details"":[{""label"":""Year"",""value"":""2026""}],""detailsVersion"":""2026-10-07.3"",""detailsSourceUrl"":""https://www.jacars.net/adv/2410940_kswap-shifter-and-cables/"",""detailsVerifiedAt"":""2026-10-10T20:45:31.479532+00:00"",""sourceSpecifications"":[{""label"":""Year"",""value"":""2026""}],""listingIdentity"":{""version"":""2026-10-07.1"",""sourceUrl"":""https://www.jacars.net/adv/2410940_kswap-shifter-and-cables/"",""title"":""KSWAP SHIFTER AND CABLES"",""images"":[""https://cdn2.jacars.net/media/cache/62/17/6217cae2e0597343f9e9e5d140bade21.webp""],""phones"":[""18768670874""],""sellerId"":"""",""city"":""Saint James"",""checkedAt"":""2026-10-10T21:01:33.387Z""}}",active,2026-10-10T20:30:43Z,200,Matching listing has an available source offer,2026-10-10T20:30:43Z,https://www.jacars.net/adv/2410940_kswap-shifter-and-cables/,0,,visible,,,
jacars-2410939,published,vehicles,vehicles,auto_parts,D15B ZC DC5 B16A CL7 TSX H22A K20A K24A KSWAP Headers,"JA$25,000",25000,JMD,Saint James,Jamaica,Unknown,18768670874,"B16A HEADER $
D15B ZC HEADER $35,000
TRI Y HEADER $28,000
KTUNED K20A KSWAP HEADER $80,750
ACCORD TSX CL7 2.4L $39,000
KTUNED K20A K24A HEADER RSX DC5 $45,000 USED
SIDE WINDER K SERIES TURBO MANIFOLD...$68,000
H22A HEADER $25,000

876 867 0874 WHATS APP",https://cdn2.jacars.net/media/cache/8a/d9/8ad9cea2e0f3d690fe255a52f1fdd0fe.webp|https://cdn2.jacars.net/media/cache/2f/cf/2fcff5619a1fd9fc6f5403f0fe064e4b.webp|https://cdn2.jacars.net/media/cache/4b/00/4b006a6d9fbe74b35be2e00a1c0e9248.webp|https://cdn2.jacars.net/media/cache/f0/7c/f07cadd8fc8f22469e8fc4c84e767e7f.webp,JACars Other Car Parts,https://www.jacars.net/adv/2410939_headers/,2026-05-30T20:52:10Z,,,,2026,,,,,"{""parser"":""local_crawl4ai_jacars"",""listUrl"":""https://www.jacars.net/car-parts/other/"",""sourceName"":""JACars Other Car Parts"",""imageVerifiedAt"":""2026-10-10T21:01:33.387Z"",""imageSourceUrl"":""https://www.jacars.net/adv/2410939_headers/"",""imageIntegrityVersion"":""2026-10-07.1"",""imageRefreshAttemptedAt"":""2026-09-23T22:00:24.069Z"",""imageQuality"":""source_detail_high_resolution"",""imageRefreshSucceededAt"":""2026-09-23T22:00:24.069Z"",""year"":""2026"",""details"":[{""label"":""Year"",""value"":""2026""}],""detailsVersion"":""2026-10-07.3"",""detailsSourceUrl"":""https://www.jacars.net/adv/2410939_headers/"",""detailsVerifiedAt"":""2026-10-10T20:45:31.479532+00:00"",""sourceSpecifications"":[{""label"":""Year"",""value"":""2026""}],""listingIdentity"":{""version"":""2026-10-07.1"",""sourceUrl"":""https://www.jacars.net/adv/2410939_headers/"",""title"":""D15B ZC DC5 B16A CL7 TSX H22A K20A K24A KSWAP Headers"",""images"":[""https://cdn2.jacars.net/media/cache/8a/d9/8ad9cea2e0f3d690fe255a52f1fdd0fe.webp"",""https://cdn2.jacars.net/media/cache/2f/cf/2fcff5619a1fd9fc6f5403f0fe064e4b.webp"",""https://cdn2.jacars.net/media/cache/4b/00/4b006a6d9fbe74b35be2e00a1c0e9248.webp"",""https://cdn2.jacars.net/media/cache/f0/7c/f07cadd8fc8f22469e8fc4c84e767e7f.webp""],""phones"":[""18768670874""],""sellerId"":"""",""city"":""Saint James"",""checkedAt"":""2026-10-10T21:01:33.387Z""}}",active,2026-10-10T20:30:43Z,200,Matching listing has an available source offer,2026-10-10T20:30:43Z,https://www.jacars.net/adv/2410939_headers/,0,,visible,,,
jacars-2398333,published,marketplace,other,tools_equipment,Block Machine,"JA$850,000",850000,JMD,Manchester,Jamaica,Unknown,18768739901 | 18762354486,"Block Making Machine

Location :📍73 Manchester Road, Mandeville

Call us : (876) 873-9901/ (876) 235-4486 WhatsApp for more information",https://cdn2.jacars.net/media/cache/61/20/612030b378d5784321003da606510019.webp|https://cdn2.jacars.net/media/cache/c2/33/c233a0823048329b93d6a3c6853cd3d0.webp|https://cdn2.jacars.net/media/cache/c2/62/c262836bb24bac88dcf928d1d7354e60.webp|https://cdn2.jacars.net/media/cache/76/bb/76bb93210b2297503e247f634deb7269.webp,JACars Other General Services,https://www.jacars.net/adv/2398333_block-machine/,2026-05-30T20:52:10Z,,,,2026,,Automatic,,,"{""parser"":""local_crawl4ai_jacars"",""listUrl"":""https://www.jacars.net/other/services/"",""sourceName"":""JACars Other General Services"",""imageVerifiedAt"":""2026-10-10T21:01:33.387Z"",""imageSourceUrl"":""https://www.jacars.net/adv/2398333_block-machine/"",""imageIntegrityVersion"":""2026-10-07.1"",""imageRefreshAttemptedAt"":""2026-09-23T22:00:24.069Z"",""imageQuality"":""source_detail_high_resolution"",""imageRefreshSucceededAt"":""2026-09-23T22:00:24.069Z"",""details"":[],""detailsVersion"":""2026-10-07.3"",""detailsSourceUrl"":""https://www.jacars.net/adv/2398333_block-machine/"",""detailsVerifiedAt"":""2026-10-10T20:45:31.479532+00:00"",""sourceSpecifications"":[],""listingIdentity"":{""version"":""2026-10-07.1"",""sourceUrl"":""https://www.jacars.net/adv/2398333_block-machine/"",""title"":""Block Machine"",""images"":[""https://cdn2.jacars.net/media/cache/61/20/612030b378d5784321003da606510019.webp"",""https://cdn2.jacars.net/media/cache/c2/33/c233a0823048329b93d6a3c6853cd3d0.webp"",""https://cdn2.jacars.net/media/cache/c2/62/c262836bb24bac88dcf928d1d7354e60.webp"",""https://cdn2.jacars.net/media/cache/76/bb/76bb93210b2297503e247f634deb7269.webp""],""phones"":[""18768739901"",""18762354486""],""sellerId"":"""",""city"":""Manchester"",""checkedAt"":""2026-10-10T21:01:33.387Z""}}",active,2026-10-10T20:30:43Z,200,Matching listing has an available source offer,2026-10-10T20:30:43Z,https://www.jacars.net/adv/2398333_block-machine/,0,,visible,,,
jacars-2373830,published,vehicles,vehicles,auto_parts,"2013-2019 Nissan Sylphy Headlights, Rear light, Side Mirrors & Front Grill",JA$1,1,JMD,Manchester,Jamaica,Unknown,18768739901 | 18762354486,"INSTOCK NOW‼️
Location :📍73 Manchester Road, Mandeville
Call us : (876) 873-9901/ 961-8938 or (876) 235-4486 WhatsApp for more information",https://cdn2.jacars.net/media/cache/1e/db/1edb3a60ec2e228ba7f95ba970e13672.webp|https://cdn2.jacars.net/media/cache/a9/28/a9280956b52aad83c6d316bce8caad23.webp|https://cdn2.jacars.net/media/cache/1b/28/1b2879e8978c45c042c18712389d1ab0.webp|https://cdn2.jacars.net/media/cache/5b/76/5b76d0dbde9b63ced8839637f9e4a6fd.webp,JACars Car Parts,https://www.jacars.net/adv/2373830_2013-2019-nissan-sylphy-headlights-rear-light-side-mirrors-front-grill/,2026-05-30T20:52:10Z,,,,2013,,,,,"{""parser"":""local_crawl4ai_jacars"",""listUrl"":""https://www.jacars.net/car-parts/car-parts/"",""sourceName"":""JACars Car Parts"",""imageVerifiedAt"":""2026-10-10T21:01:33.387Z"",""imageSourceUrl"":""https://www.jacars.net/adv/2373830_2013-2019-nissan-sylphy-headlights-rear-light-side-mirrors-front-grill/"",""imageIntegrityVersion"":""2026-10-07.1"",""imageRefreshAttemptedAt"":""2026-09-23T22:00:24.069Z"",""imageQuality"":""source_detail_high_resolution"",""imageRefreshSucceededAt"":""2026-09-23T22:00:24.069Z"",""year"":""2013"",""details"":[{""label"":""Year"",""value"":""2013""}],""detailsVersion"":""2026-10-07.3"",""brand"":""Nissan"",""detailsSourceUrl"":""https://www.jacars.net/adv/2373830_2013-2019-nissan-sylphy-headlights-rear-light-side-mirrors-front-grill/"",""detailsVerifiedAt"":""2026-10-10T20:45:31.479532+00:00"",""sourceSpecifications"":[{""label"":""Year"",""value"":""2013""}],""listingIdentity"":{""version"":""2026-10-07.1"",""sourceUrl"":""https://www.jacars.net/adv/2373830_2013-2019-nissan-sylphy-headlights-rear-light-side-mirrors-front-grill/"",""title"":""2013-2019 Nissan Sylphy Headlights, Rear light, Side Mirrors & Front Grill"",""images"":[""https://cdn2.jacars.net/media/cache/1e/db/1edb3a60ec2e228ba7f95ba970e13672.webp"",""https://cdn2.jacars.net/media/cache/a9/28/a9280956b52aad83c6d316bce8caad23.webp"",""https://cdn2.jacars.net/media/cache/1b/28/1b2879e8978c45c042c18712389d1ab0.webp"",""https://cdn2.jacars.net/media/cache/5b/76/5b76d0dbde9b63ced8839637f9e4a6fd.webp""],""phones"":[""18768739901"",""18762354486""],""sellerId"":"""",""city"":""Manchester"",""checkedAt"":""2026-10-10T21:01:33.387Z""}}",active,2026-10-10T20:30:43Z,200,Matching listing has an available source offer,2026-10-10T20:30:43Z,https://www.jacars.net/adv/2373830_2013-2019-nissan-sylphy-headlights-rear-light-side-mirrors-front-grill/,0,,visible,,,
jacars-2373825,published,vehicles,vehicles,auto_parts,"Toyota Hiace/ReguisAce Headlights, Rear lights & Side Mirrors",JA$1,1,JMD,Manchester,Jamaica,Unknown,18768739901 | 18762354486,"INSTOCK NOW‼️
Location :📍73 Manchester Road, Mandeville
Call us : (876) 873-9901/ 961-8938 or (876) 235-4486 WhatsApp for more information",https://cdn2.jacars.net/media/cache/13/c5/13c5348e5b6389f28a611ad4dbd9682a.webp|https://cdn2.jacars.net/media/cache/a2/b2/a2b23a2b78e3725ab9827c7c7f4ccc78.webp|https://cdn2.jacars.net/media/cache/94/0b/940be45f83f480f6dcd0d3b4e18c9962.webp|https://cdn2.jacars.net/media/cache/98/00/98003e69dc11258296a4e0078f2aaf2b.webp,JACars Car Parts,https://www.jacars.net/adv/2373825_toyota-hiace-reguisace-headlights-rear-lights-side-mirrors/,2026-05-30T20:52:10Z,,,,2026,,,,,"{""parser"":""local_crawl4ai_jacars"",""listUrl"":""https://www.jacars.net/car-parts/car-parts/"",""sourceName"":""JACars Car Parts"",""imageVerifiedAt"":""2026-10-10T21:01:33.387Z"",""imageSourceUrl"":""https://www.jacars.net/adv/2373825_toyota-hiace-reguisace-headlights-rear-lights-side-mirrors/"",""imageIntegrityVersion"":""2026-10-07.1"",""imageRefreshAttemptedAt"":""2026-09-23T22:00:24.069Z"",""imageQuality"":""source_detail_high_resolution"",""imageRefreshSucceededAt"":""2026-09-23T22:00:24.069Z"",""year"":""2026"",""details"":[{""label"":""Year"",""value"":""2026""}],""detailsVersion"":""2026-10-07.3"",""brand"":""Toyota"",""detailsSourceUrl"":""https://www.jacars.net/adv/2373825_toyota-hiace-reguisace-headlights-rear-lights-side-mirrors/"",""detailsVerifiedAt"":""2026-10-10T20:45:31.479532+00:00"",""sourceSpecifications"":[{""label"":""Year"",""value"":""2026""}],""listingIdentity"":{""version"":""2026-10-07.1"",""sourceUrl"":""https://www.jacars.net/adv/2373825_toyota-hiace-reguisace-headlights-rear-lights-side-mirrors/"",""title"":""Toyota Hiace/ReguisAce Headlights, Rear lights & Side Mirrors"",""images"":[""https://cdn2.jacars.net/media/cache/13/c5/13c5348e5b6389f28a611ad4dbd9682a.webp"",""https://cdn2.jacars.net/media/cache/a2/b2/a2b23a2b78e3725ab9827c7c7f4ccc78.webp"",""https://cdn2.jacars.net/media/cache/94/0b/940be45f83f480f6dcd0d3b4e18c9962.webp"",""https://cdn2.jacars.net/media/cache/98/00/98003e69dc11258296a4e0078f2aaf2b.webp""],""phones"":[""18768739901"",""18762354486""],""sellerId"":"""",""city"":""Manchester"",""checkedAt"":""2026-10-10T21:01:33.387Z""}}",active,2026-10-10T20:30:43Z,200,Matching listing has an available source offer,2026-10-10T20:30:43Z,https://www.jacars.net/adv/2373825_toyota-hiace-reguisace-headlights-rear-lights-side-mirrors/,0,,visible,,,
jacars-2373824,published,vehicles,vehicles,auto_parts,Toyota Voxy/Noah Headlights & Rear lights,JA$1,1,JMD,Manchester,Jamaica,Unknown,18768739901 | 18762354486,"INSTOCK NOW‼️
Location :📍73 Manchester Road, Mandeville
Call us : (876) 873-9901/ 961-8938 or (876) 235-4486 WhatsApp for more information",https://cdn2.jacars.net/media/cache/44/9f/449fba5cca944f5a756db4e14820d747.webp|https://cdn2.jacars.net/media/cache/87/41/8741b77c325b2dd7b5c41246251b19f2.webp|https://cdn2.jacars.net/media/cache/4c/6f/4c6ffa9d0133b83b65c38c29e0d64c90.webp|https://cdn2.jacars.net/media/cache/33/5c/335c05d1012667cffb9ec2d847d4f2d5.webp,JACars Car Parts,https://www.jacars.net/adv/2373824_toyota-voxy-noah-headlights-rear-lights/,2026-05-30T20:52:10Z,,,,2026,,,,,"{""parser"":""local_crawl4ai_jacars"",""listUrl"":""https://www.jacars.net/car-parts/car-parts/"",""sourceName"":""JACars Car Parts"",""imageVerifiedAt"":""2026-10-10T21:01:33.387Z"",""imageSourceUrl"":""https://www.jacars.net/adv/2373824_toyota-voxy-noah-headlights-rear-lights/"",""imageIntegrityVersion"":""2026-10-07.1"",""imageRefreshAttemptedAt"":""2026-09-23T22:00:24.069Z"",""imageQuality"":""source_detail_high_resolution"",""imageRefreshSucceededAt"":""2026-09-23T22:00:24.069Z"",""year"":""2026"",""details"":[{""label"":""Year"",""value"":""2026""}],""detailsVersion"":""2026-10-07.3"",""brand"":""Toyota"",""detailsSourceUrl"":""https://www.jacars.net/adv/2373824_toyota-voxy-noah-headlights-rear-lights/"",""detailsVerifiedAt"":""2026-10-10T20:45:31.479532+00:00"",""sourceSpecifications"":[{""label"":""Year"",""value"":""2026""}],""listingIdentity"":{""version"":""2026-10-07.1"",""sourceUrl"":""https://www.jacars.net/adv/2373824_toyota-voxy-noah-headlights-rear-lights/"",""title"":""Toyota Voxy/Noah Headlights & Rear lights"",""images"":[""https://cdn2.jacars.net/media/cache/44/9f/449fba5cca944f5a756db4e14820d747.webp"",""https://cdn2.jacars.net/media/cache/87/41/8741b77c325b2dd7b5c41246251b19f2.webp"",""https://cdn2.jacars.net/media/cache/4c/6f/4c6ffa9d0133b83b65c38c29e0d64c90.webp"",""https://cdn2.jacars.net/media/cache/33/5c/335c05d1012667cffb9ec2d847d4f2d5.webp""],""phones"":[""18768739901"",""18762354486""],""sellerId"":"""",""city"":""Manchester"",""checkedAt"":""2026-10-10T21:01:33.387Z""}}",active,2026-10-10T20:30:43Z,200,Matching listing has an available source offer,2026-10-10T20:30:43Z,https://www.jacars.net/adv/2373824_toyota-voxy-noah-headlights-rear-lights/,0,,visible,,,
jacars-2373823,published,vehicles,vehicles,auto_parts,"Toyota Axio/Fielder Headlights, Rear lights & Side Mirrors",JA$1,1,JMD,Manchester,Jamaica,Unknown,18768739901 | 18762354486,"INSTOCK NOW‼️
Location :📍73 Manchester Road, Mandeville
Call us : (876) 873-9901/ 961-8938 or (876) 235-4486 WhatsApp for more information",https://cdn2.jacars.net/media/cache/4d/72/4d72ffe2b9491bb0b27279cddcaec54a.webp|https://cdn2.jacars.net/media/cache/0b/2d/0b2d170e463ca3a43e91d0c620ebf8c0.webp|https://cdn2.jacars.net/media/cache/ff/a8/ffa8a77ca1bf92aba418afb1c8ad399b.webp|https://cdn2.jacars.net/media/cache/15/d4/15d46809c151f95b42b765d07d62d752.webp,JACars Car Parts,https://www.jacars.net/adv/2373823_toyota-axio-fielder-headlights-rear-lights-side-mirrors/,2026-05-30T20:52:10Z,,,,2026,,,,,"{""parser"":""local_crawl4ai_jacars"",""listUrl"":""https://www.jacars.net/car-parts/car-parts/"",""sourceName"":""JACars Car Parts"",""imageVerifiedAt"":""2026-10-10T21:01:33.387Z"",""imageSourceUrl"":""https://www.jacars.net/adv/2373823_toyota-axio-fielder-headlights-rear-lights-side-mirrors/"",""imageIntegrityVersion"":""2026-10-07.1"",""imageRefreshAttemptedAt"":""2026-09-23T22:00:24.069Z"",""imageQuality"":""source_detail_high_resolution"",""imageRefreshSucceededAt"":""2026-09-23T22:00:24.069Z"",""year"":""2026"",""details"":[{""label"":""Year"",""value"":""2026""}],""detailsVersion"":""2026-10-07.3"",""brand"":""Toyota"",""detailsSourceUrl"":""https://www.jacars.net/adv/2373823_toyota-axio-fielder-headlights-rear-lights-side-mirrors/"",""detailsVerifiedAt"":""2026-10-10T20:45:31.479532+00:00"",""sourceSpecifications"":[{""label"":""Year"",""value"":""2026""}],""listingIdentity"":{""version"":""2026-10-07.1"",""sourceUrl"":""https://www.jacars.net/adv/2373823_toyota-axio-fielder-headlights-rear-lights-side-mirrors/"",""title"":""Toyota Axio/Fielder Headlights, Rear lights & Side Mirrors"",""images"":[""https://cdn2.jacars.net/media/cache/4d/72/4d72ffe2b9491bb0b27279cddcaec54a.webp"",""https://cdn2.jacars.net/media/cache/0b/2d/0b2d170e463ca3a43e91d0c620ebf8c0.webp"",""https://cdn2.jacars.net/media/cache/ff/a8/ffa8a77ca1bf92aba418afb1c8ad399b.webp"",""https://cdn2.jacars.net/media/cache/15/d4/15d46809c151f95b42b765d07d62d752.webp""],""phones"":[""18768739901"",""18762354486""],""sellerId"":"""",""city"":""Manchester"",""checkedAt"":""2026-10-10T21:01:33.387Z""}}",active,2026-10-10T20:30:43Z,200,Matching listing has an available source offer,2026-10-10T20:30:43Z,https://www.jacars.net/adv/2373823_toyota-axio-fielder-headlights-rear-lights-side-mirrors/,0,,visible,,,
jacars-2373822,published,vehicles,vehicles,auto_parts,"Toyota Vitz Headlights, Rear lights & Side Mirrors",JA$1,1,JMD,Manchester,Jamaica,Unknown,18768739901 | 18762354486,"INSTOCK NOW‼️
Location :📍73 Manchester Road, Mandeville
Call us : (876) 873-9901 or (876) 235-4486 WhatsApp for more information",https://cdn2.jacars.net/media/cache/d1/1c/d11c4a1a1b6cc5a34f022cf431d48df1.webp|https://cdn2.jacars.net/media/cache/f9/55/f95533cfd7f3d0bcd4a0fb1ac7b4fc95.webp|https://cdn2.jacars.net/media/cache/89/ca/89ca8154551d95b3eea02fea977f6f78.webp|https://cdn2.jacars.net/media/cache/9b/d3/9bd3bc550d37465b2372875b8b5c2524.webp,JACars Car Parts,https://www.jacars.net/adv/2373822_toyota-vitz-headlights-rear-lights-side-mirrors/,2026-05-30T20:52:10Z,,,,2026,,,,,"{""parser"":""local_crawl4ai_jacars"",""listUrl"":""https://www.jacars.net/car-parts/car-parts/"",""sourceName"":""JACars Car Parts"",""imageVerifiedAt"":""2026-10-10T21:01:33.387Z"",""imageSourceUrl"":""https://www.jacars.net/adv/2373822_toyota-vitz-headlights-rear-lights-side-mirrors/"",""imageIntegrityVersion"":""2026-10-07.1"",""imageRefreshAttemptedAt"":""2026-09-23T22:00:24.069Z"",""imageQuality"":""source_detail_high_resolution"",""imageRefreshSucceededAt"":""2026-09-23T22:00:24.069Z"",""year"":""2026"",""details"":[{""label"":""Year"",""value"":""2026""}],""detailsVersion"":""2026-10-07.3"",""brand"":""Toyota"",""detailsSourceUrl"":""https://www.jacars.net/adv/2373822_toyota-vitz-headlights-rear-lights-side-mirrors/"",""detailsVerifiedAt"":""2026-10-10T20:45:31.479532+00:00"",""sourceSpecifications"":[{""label"":""Year"",""value"":""2026""}],""listingIdentity"":{""version"":""2026-10-07.1"",""sourceUrl"":""https://www.jacars.net/adv/2373822_toyota-vitz-headlights-rear-lights-side-mirrors/"",""title"":""Toyota Vitz Headlights, Rear lights & Side Mirrors"",""images"":[""https://cdn2.jacars.net/media/cache/d1/1c/d11c4a1a1b6cc5a34f022cf431d48df1.webp"",""https://cdn2.jacars.net/media/cache/f9/55/f95533cfd7f3d0bcd4a0fb1ac7b4fc95.webp"",""https://cdn2.jacars.net/media/cache/89/ca/89ca8154551d95b3eea02fea977f6f78.webp"",""https://cdn2.jacars.net/media/cache/9b/d3/9bd3bc550d37465b2372875b8b5c2524.webp""],""phones"":[""18768739901"",""18762354486""],""sellerId"":"""",""city"":""Manchester"",""checkedAt"":""2026-10-10T21:01:33.387Z""}}",active,2026-10-10T20:30:43Z,200,Matching listing has an available source offer,2026-10-10T20:30:43Z,https://www.jacars.net/adv/2373822_toyota-vitz-headlights-rear-lights-side-mirrors/,0,,visible,,,
jacars-2373767,published,vehicles,vehicles,auto_parts,2002 UP Toyota Probox/NCP51/160 Mud Guard,"JA$4,000",4000,JMD,Manchester,Jamaica,Unknown,18768739901 | 18762354486,"INSTOCK NOW!!
Location :📍73 Manchester Road, Mandeville
Call us : (876) 873-9901/ 961-8938 or (876) 235-4486 WhatsApp for more information",https://cdn2.jacars.net/media/cache/4a/91/4a919e4d65cbe7deb78f16f22b3f0526.webp,JACars Car Accessories,https://www.jacars.net/adv/2373767_toyota-probox-ncp55-mud-guard/,2026-05-30T20:52:10Z,,,,2002,,,,,"{""parser"":""local_crawl4ai_jacars"",""listUrl"":""https://www.jacars.net/car-parts/car-accessories/"",""sourceName"":""JACars Car Accessories"",""imageSanitizedAt"":""2026-09-05T04:00:24.039Z"",""imageVerifiedAt"":""2026-10-10T21:01:33.387Z"",""imageSourceUrl"":""https://www.jacars.net/adv/2373767_toyota-probox-ncp55-mud-guard/"",""imageIntegrityVersion"":""2026-10-07.1"",""imageRefreshAttemptedAt"":""2026-09-23T22:00:24.069Z"",""imageQuality"":""source_detail_high_resolution"",""imageRefreshSucceededAt"":""2026-09-23T22:00:24.069Z"",""year"":""2002"",""details"":[{""label"":""Year"",""value"":""2002""}],""detailsVersion"":""2026-10-07.3"",""detailsSourceUrl"":""https://www.jacars.net/adv/2373767_toyota-probox-ncp55-mud-guard/"",""detailsVerifiedAt"":""2026-10-10T20:45:31.479532+00:00"",""sourceSpecifications"":[{""label"":""Year"",""value"":""2002""}],""listingIdentity"":{""version"":""2026-10-07.1"",""sourceUrl"":""https://www.jacars.net/adv/2373767_toyota-probox-ncp55-mud-guard/"",""title"":""2002 UP Toyota Probox/NCP51/160 Mud Guard"",""images"":[""https://cdn2.jacars.net/media/cache/4a/91/4a919e4d65cbe7deb78f16f22b3f0526.webp""],""phones"":[""18768739901"",""18762354486""],""sellerId"":"""",""city"":""Manchester"",""checkedAt"":""2026-10-10T21:01:33.387Z""}}",active,2026-10-10T20:30:43Z,200,Matching listing has an available source offer,2026-10-10T20:30:43Z,https://www.jacars.net/adv/2373767_toyota-probox-ncp55-mud-guard/,0,,visible,,,
jacars-2373496,published,vehicles,vehicles,auto_parts,Wheel Nuts,JA$1,1,JMD,Manchester,Jamaica,Unknown,18768739901 | 18762354486,"READY STOCK‼️
Toyota/Nissan Wheel Nuts - $300 Each
1.25 / 1.5 Wheel Nuts -$300 Each
1.25 / 1.5 Wheel Locks - $2000 Each
Extended Wheel Nuts - $4,500
Rays Wheel Nuts - $4,500
Spike wheel Nuts - $3,500
Super Lock Nuts - $2650
Location :📍73 Manchester Road, Mandeville
Call us : (876) 873-9901 / (876) 235-4486 WhatsApp for more information",https://cdn2.jacars.net/media/cache/2b/e1/2be1f442794e6db32f84d4878a4147a1.webp|https://cdn2.jacars.net/media/cache/23/2f/232f982fef52b0545c83b656294bafe4.webp|https://cdn2.jacars.net/media/cache/97/89/97892cd85c5356bdc89b9fff884288ae.webp|https://cdn2.jacars.net/media/cache/9d/43/9d4373eed432f4c124b105c9ccacccec.webp,JACars Car Accessories,https://www.jacars.net/adv/2373496_1-25-1-5-wheel-nuts/,2026-05-30T20:52:10Z,,,,2026,,,,,"{""parser"":""local_crawl4ai_jacars"",""listUrl"":""https://www.jacars.net/car-parts/car-accessories/"",""sourceName"":""JACars Car Accessories"",""imageVerifiedAt"":""2026-10-10T21:01:33.387Z"",""imageSourceUrl"":""https://www.jacars.net/adv/2373496_1-25-1-5-wheel-nuts/"",""imageIntegrityVersion"":""2026-10-07.1"",""imageRefreshAttemptedAt"":""2026-09-23T22:00:24.069Z"",""imageQuality"":""source_detail_high_resolution"",""imageRefreshSucceededAt"":""2026-09-23T22:00:24.069Z"",""year"":""2026"",""details"":[{""label"":""Year"",""value"":""2026""}],""detailsVersion"":""2026-10-07.3"",""detailsSourceUrl"":""https://www.jacars.net/adv/2373496_1-25-1-5-wheel-nuts/"",""detailsVerifiedAt"":""2026-10-10T20:45:31.479532+00:00"",""sourceSpecifications"":[{""label"":""Year"",""value"":""2026""}],""listingIdentity"":{""version"":""2026-10-07.1"",""sourceUrl"":""https://www.jacars.net/adv/2373496_1-25-1-5-wheel-nuts/"",""title"":""Wheel Nuts"",""images"":[""https://cdn2.jacars.net/media/cache/2b/e1/2be1f442794e6db32f84d4878a4147a1.webp"",""https://cdn2.jacars.net/media/cache/23/2f/232f982fef52b0545c83b656294bafe4.webp"",""https://cdn2.jacars.net/media/cache/97/89/97892cd85c5356bdc89b9fff884288ae.webp"",""https://cdn2.jacars.net/media/cache/9d/43/9d4373eed432f4c124b105c9ccacccec.webp""],""phones"":[""18768739901"",""18762354486""],""sellerId"":"""",""city"":""Manchester"",""checkedAt"":""2026-10-10T21:01:33.387Z""}}",active,2026-10-10T20:30:43Z,200,Matching listing has an available source offer,2026-10-10T20:30:43Z,https://www.jacars.net/adv/2373496_1-25-1-5-wheel-nuts/,0,,visible,,,
jacars-2367255,published,vehicles,vehicles,auto_parts,Dash Cam Front 1080P Full HD,"JA$15,000",15000,JMD,Manchester,Jamaica,Unknown,18768739901 | 18762354486,"READY STOCK‼️
Location :📍73 Manchester Road, Mandeville
Call us : (876) 873-9901 or (876) 235-4486 WhatsApp for more information",https://cdn2.jacars.net/media/cache/6b/cd/6bcdfd5e5da02c2a8437e02df9249f4e.webp|https://cdn2.jacars.net/media/cache/6f/42/6f42d0955866f79af74aad2c4cb2fcb6.webp,JACars Audio Visual Electronics,https://www.jacars.net/adv/2367255_dash-cam-front-1080p-full-hd/,2026-05-30T20:52:10Z,,,,2026,,,,,"{""parser"":""local_crawl4ai_jacars"",""listUrl"":""https://www.jacars.net/car-parts/car-audio-and-visual/"",""sourceName"":""JACars Audio Visual Electronics"",""imageVerifiedAt"":""2026-10-10T21:01:33.387Z"",""imageSourceUrl"":""https://www.jacars.net/adv/2367255_dash-cam-front-1080p-full-hd/"",""imageIntegrityVersion"":""2026-10-07.1"",""imageRefreshAttemptedAt"":""2026-09-23T22:00:24.069Z"",""imageQuality"":""source_detail_high_resolution"",""imageRefreshSucceededAt"":""2026-09-23T22:00:24.069Z"",""year"":""2026"",""details"":[{""label"":""Year"",""value"":""2026""}],""detailsVersion"":""2026-10-07.3"",""detailsSourceUrl"":""https://www.jacars.net/adv/2367255_dash-cam-front-1080p-full-hd/"",""detailsVerifiedAt"":""2026-10-10T20:45:31.479532+00:00"",""sourceSpecifications"":[{""label"":""Year"",""value"":""2026""}],""listingIdentity"":{""version"":""2026-10-07.1"",""sourceUrl"":""https://www.jacars.net/adv/2367255_dash-cam-front-1080p-full-hd/"",""title"":""Dash Cam Front 1080P Full HD"",""images"":[""https://cdn2.jacars.net/media/cache/6b/cd/6bcdfd5e5da02c2a8437e02df9249f4e.webp"",""https://cdn2.jacars.net/media/cache/6f/42/6f42d0955866f79af74aad2c4cb2fcb6.webp""],""phones"":[""18768739901"",""18762354486""],""sellerId"":"""",""city"":""Manchester"",""checkedAt"":""2026-10-10T21:01:33.387Z""}}",active,2026-10-10T20:30:43Z,200,Matching listing has an available source offer,2026-10-10T20:30:43Z,https://www.jacars.net/adv/2367255_dash-cam-front-1080p-full-hd/,0,,visible,,,
jacars-2367254,published,vehicles,vehicles,auto_parts,"Car Backup Camera, LED Night Vision, Waterproof Reverse","JA$3,500",3500,JMD,Manchester,Jamaica,Unknown,18768739901 | 18762354486,"READY STOCK‼️
Location :📍73 Manchester Road, Mandeville
Call us : (876) 873-9901 or (876) 235-4486 WhatsApp for more information",https://cdn2.jacars.net/media/cache/90/07/9007082cd1b377d027949ca5983bf702.webp,JACars Audio Visual Electronics,https://www.jacars.net/adv/2367254_car-backup-camera-led-night-vision-waterproof-reverse/,2026-05-30T20:52:10Z,,,,2026,,,,,"{""parser"":""local_crawl4ai_jacars"",""listUrl"":""https://www.jacars.net/car-parts/car-audio-and-visual/"",""sourceName"":""JACars Audio Visual Electronics"",""imageSanitizedAt"":""2026-09-05T04:00:24.039Z"",""imageVerifiedAt"":""2026-10-10T21:01:33.387Z"",""imageSourceUrl"":""https://www.jacars.net/adv/2367254_car-backup-camera-led-night-vision-waterproof-reverse/"",""imageIntegrityVersion"":""2026-10-07.1"",""imageRefreshAttemptedAt"":""2026-09-23T22:00:24.069Z"",""imageQuality"":""source_detail_high_resolution"",""imageRefreshSucceededAt"":""2026-09-23T22:00:24.069Z"",""year"":""2026"",""details"":[{""label"":""Year"",""value"":""2026""}],""detailsVersion"":""2026-10-07.3"",""detailsSourceUrl"":""https://www.jacars.net/adv/2367254_car-backup-camera-led-night-vision-waterproof-reverse/"",""detailsVerifiedAt"":""2026-10-10T20:45:31.479532+00:00"",""sourceSpecifications"":[{""label"":""Year"",""value"":""2026""}],""listingIdentity"":{""version"":""2026-10-07.1"",""sourceUrl"":""https://www.jacars.net/adv/2367254_car-backup-camera-led-night-vision-waterproof-reverse/"",""title"":""Car Backup Camera, LED Night Vision, Waterproof Reverse"",""images"":[""https://cdn2.jacars.net/media/cache/90/07/9007082cd1b377d027949ca5983bf702.webp""],""phones"":[""18768739901"",""18762354486""],""sellerId"":"""",""city"":""Manchester"",""checkedAt"":""2026-10-10T21:01:33.387Z""}}",active,2026-10-10T20:30:43Z,200,Matching listing has an available source offer,2026-10-10T20:30:43Z,https://www.jacars.net/adv/2367254_car-backup-camera-led-night-vision-waterproof-reverse/,0,,visible,,,
jacars-2367249,published,vehicles,vehicles,auto_parts,wheel covers 13/14/15 and 16 inch,"JA$6,500",6500,JMD,Manchester,Jamaica,Unknown,18768739901 | 18762354486,"READY STOCK‼️
Location :📍73 Manchester Road, Mandeville
Call us : (876) 873-9901 or (876) 235-4486 WhatsApp for more information",https://cdn2.jacars.net/media/cache/a5/8c/a58cf9898bf34d8840693917f27a7447.webp|https://cdn2.jacars.net/media/cache/58/a1/58a128a9acf76a5a5cd502660c5cacdf.webp|https://cdn2.jacars.net/media/cache/da/76/da7678f7ff5a8afc40e1097506be280f.webp|https://cdn2.jacars.net/media/cache/93/8d/938dd5d5e8fbd8456d3c2052453b5f5d.webp,JACars Car Accessories,https://www.jacars.net/adv/2367249_wheel-covers-13-14-and-15-inch/,2026-05-30T20:52:10Z,,,,2026,,,,,"{""parser"":""local_crawl4ai_jacars"",""listUrl"":""https://www.jacars.net/car-parts/car-accessories/"",""sourceName"":""JACars Car Accessories"",""imageVerifiedAt"":""2026-10-10T21:01:33.387Z"",""imageSourceUrl"":""https://www.jacars.net/adv/2367249_wheel-covers-13-14-and-15-inch/"",""imageIntegrityVersion"":""2026-10-07.1"",""imageRefreshAttemptedAt"":""2026-09-23T22:00:24.069Z"",""imageQuality"":""source_detail_high_resolution"",""imageRefreshSucceededAt"":""2026-09-23T22:00:24.069Z"",""year"":""2026"",""details"":[{""label"":""Year"",""value"":""2026""}],""detailsVersion"":""2026-10-07.3"",""detailsSourceUrl"":""https://www.jacars.net/adv/2367249_wheel-covers-13-14-and-15-inch/"",""detailsVerifiedAt"":""2026-10-10T20:45:31.479532+00:00"",""sourceSpecifications"":[{""label"":""Year"",""value"":""2026""}],""listingIdentity"":{""version"":""2026-10-07.1"",""sourceUrl"":""https://www.jacars.net/adv/2367249_wheel-covers-13-14-and-15-inch/"",""title"":""wheel covers 13/14/15 and 16 inch"",""images"":[""https://cdn2.jacars.net/media/cache/a5/8c/a58cf9898bf34d8840693917f27a7447.webp"",""https://cdn2.jacars.net/media/cache/58/a1/58a128a9acf76a5a5cd502660c5cacdf.webp"",""https://cdn2.jacars.net/media/cache/da/76/da7678f7ff5a8afc40e1097506be280f.webp"",""https://cdn2.jacars.net/media/cache/93/8d/938dd5d5e8fbd8456d3c2052453b5f5d.webp""],""phones"":[""18768739901"",""18762354486""],""sellerId"":"""",""city"":""Manchester"",""checkedAt"":""2026-10-10T21:01:33.387Z""}}",active,2026-10-10T20:30:43Z,200,Matching listing has an available source offer,2026-10-10T20:30:43Z,https://www.jacars.net/adv/2367249_wheel-covers-13-14-and-15-inch/,0,,visible,,,
jacars-2365721,published,vehicles,vehicles,auto_parts,Car Mats,"JA$3,500",3500,JMD,Manchester,Jamaica,Unknown,18768739901 | 18762354486,"READY STOCK‼️
Rubber Car Mats All Weather Protection for Cars, Trucks, Vans and SUVs
Car Mats 3-piece
Car Mats 4-piece 7 seater
Bucket Car Mats 3-piece
Location :📍73 Manchester Road, Mandeville
Call us : (876) 873-9901/ 961-8938 or (876) 235-4486 WhatsApp for more information",https://cdn2.jacars.net/media/cache/07/41/07413cda0e85b9d4b67fa4e9d3d36b63.webp|https://cdn2.jacars.net/media/cache/c1/2a/c12a06cbac572b00f0e73d1dfcaf4de7.webp|https://cdn2.jacars.net/media/cache/1f/f1/1ff1dcd3645c404d20f1f6954e3ff223.webp|https://cdn2.jacars.net/media/cache/18/ca/18ca600134b39c6537696657c0fb152f.webp,JACars Car Accessories,https://www.jacars.net/adv/2365721_car-mats/,2026-05-30T20:52:10Z,,,,2026,,,,,"{""parser"":""local_crawl4ai_jacars"",""listUrl"":""https://www.jacars.net/car-parts/car-accessories/"",""sourceName"":""JACars Car Accessories"",""imageVerifiedAt"":""2026-10-10T21:01:33.387Z"",""imageSourceUrl"":""https://www.jacars.net/adv/2365721_car-mats/"",""imageIntegrityVersion"":""2026-10-07.1"",""imageRefreshAttemptedAt"":""2026-09-23T22:00:24.069Z"",""imageQuality"":""source_detail_high_resolution"",""imageRefreshSucceededAt"":""2026-09-23T22:00:24.069Z"",""year"":""2026"",""seats"":""7"",""details"":[{""label"":""Year"",""value"":""2026""},{""label"":""Seats"",""value"":""7""}],""detailsVersion"":""2026-10-07.3"",""detailsSourceUrl"":""https://www.jacars.net/adv/2365721_car-mats/"",""detailsVerifiedAt"":""2026-10-10T20:45:31.479532+00:00"",""sourceSpecifications"":[{""label"":""Year"",""value"":""2026""},{""label"":""Seats"",""value"":""7""}],""listingIdentity"":{""version"":""2026-10-07.1"",""sourceUrl"":""https://www.jacars.net/adv/2365721_car-mats/"",""title"":""Car Mats"",""images"":[""https://cdn2.jacars.net/media/cache/07/41/07413cda0e85b9d4b67fa4e9d3d36b63.webp"",""https://cdn2.jacars.net/media/cache/c1/2a/c12a06cbac572b00f0e73d1dfcaf4de7.webp"",""https://cdn2.jacars.net/media/cache/1f/f1/1ff1dcd3645c404d20f1f6954e3ff223.webp"",""https://cdn2.jacars.net/media/cache/18/ca/18ca600134b39c6537696657c0fb152f.webp""],""phones"":[""18768739901"",""18762354486""],""sellerId"":"""",""city"":""Manchester"",""checkedAt"":""2026-10-10T21:01:33.387Z""}}",active,2026-10-10T20:30:43Z,200,Matching listing has an available source offer,2026-10-10T20:30:43Z,https://www.jacars.net/adv/2365721_car-mats/,0,,visible,,,
jacars-2365715,published,vehicles,vehicles,auto_parts,2014 - 2019 Toyota Hiace Communter Front Grill,"JA$30,000",30000,JMD,Manchester,Jamaica,Unknown,18768739901 | 18762354486,"IN STOCK‼️
Price $30,000

2014-2019 Toyota Hilace Communter / Hiace Wagon Front Grill / Wide/ Chrome

Location :📍73 Manchester Road, Mandeville
Call us : (876) 873-9901/ 961-8938 or (876) 235-4486 WhatsApp for more information",https://cdn2.jacars.net/media/cache/a0/fc/a0fcf54f0b7d20a909e891d3395fb76f.webp|https://cdn2.jacars.net/media/cache/f3/34/f3343b88b6896549991667c760777842.webp|https://cdn2.jacars.net/media/cache/b7/8c/b78c3c29de6663801436343c2aa2ec6d.webp,JACars Car Accessories,https://www.jacars.net/adv/2365715_2014-to-2019-toyota-hilace-communter-front-grill/,2026-05-30T20:52:10Z,,,,2014,,,,,"{""parser"":""local_crawl4ai_jacars"",""listUrl"":""https://www.jacars.net/car-parts/car-accessories/"",""sourceName"":""JACars Car Accessories"",""imageVerifiedAt"":""2026-10-10T21:01:33.387Z"",""imageSourceUrl"":""https://www.jacars.net/adv/2365715_2014-to-2019-toyota-hilace-communter-front-grill/"",""imageIntegrityVersion"":""2026-10-07.1"",""imageRefreshAttemptedAt"":""2026-09-23T22:00:24.069Z"",""imageQuality"":""source_detail_high_resolution"",""imageRefreshSucceededAt"":""2026-09-23T22:00:24.069Z"",""year"":""2014"",""details"":[{""label"":""Year"",""value"":""2014""}],""detailsVersion"":""2026-10-07.3"",""detailsSourceUrl"":""https://www.jacars.net/adv/2365715_2014-to-2019-toyota-hilace-communter-front-grill/"",""detailsVerifiedAt"":""2026-10-10T20:45:31.479532+00:00"",""sourceSpecifications"":[{""label"":""Year"",""value"":""2014""}],""listingIdentity"":{""version"":""2026-10-07.1"",""sourceUrl"":""https://www.jacars.net/adv/2365715_2014-to-2019-toyota-hilace-communter-front-grill/"",""title"":""2014 - 2019 Toyota Hiace Communter Front Grill"",""images"":[""https://cdn2.jacars.net/media/cache/a0/fc/a0fcf54f0b7d20a909e891d3395fb76f.webp"",""https://cdn2.jacars.net/media/cache/f3/34/f3343b88b6896549991667c760777842.webp"",""https://cdn2.jacars.net/media/cache/b7/8c/b78c3c29de6663801436343c2aa2ec6d.webp""],""phones"":[""18768739901"",""18762354486""],""sellerId"":"""",""city"":""Manchester"",""checkedAt"":""2026-10-10T21:01:33.387Z""}}",active,2026-10-10T20:30:43Z,200,Matching listing has an available source offer,2026-10-10T20:30:43Z,https://www.jacars.net/adv/2365715_2014-to-2019-toyota-hilace-communter-front-grill/,0,,visible,,,
jacars-2363917,published,vehicles,vehicles,auto_parts,"Intercooler, OEM & Aluminium Radiators Toyota Honda","JA$5,000",5000,JMD,Saint James,Jamaica,Unknown,18768670874,"Intercooler small , medium big from 2.5inlet to 3inch inlets , 2 ports on each side for K series 2.5 and 3inch , lips universals ones from Hondas to universal and intakes
Corolla Axio Corolla 100 110 111
Toyota Voxy NOAH ESQUIRE
Honda CRV RD1 1995
HONDA ACCORD TORNEO 2 CORE
CL7 Honda accord
EK3 2 Cores and 3 cores
DC5 RSX manual & Auto
DC2 Integra 876 867 0874 what's app",https://cdn2.jacars.net/media/cache/50/fa/50fa14edf253d78ab8fc41a723ce7b6a.webp|https://cdn2.jacars.net/media/cache/81/d4/81d4b010a837c85a2b4dfd010e45f532.webp|https://cdn2.jacars.net/media/cache/e3/f1/e3f196b0cb1525a1b8e3c148539fe0da.webp|https://cdn2.jacars.net/media/cache/c9/dc/c9dc59e68c443c33543c1efa2b642677.webp,JACars Other Car Parts,https://www.jacars.net/adv/2363917_intercooler/,2026-05-30T20:52:10Z,,,,2026,,manual,,,"{""parser"":""local_crawl4ai_jacars"",""listUrl"":""https://www.jacars.net/car-parts/other/"",""sourceName"":""JACars Other Car Parts"",""imageVerifiedAt"":""2026-10-10T21:01:33.387Z"",""imageSourceUrl"":""https://www.jacars.net/adv/2363917_intercooler/"",""imageIntegrityVersion"":""2026-10-07.1"",""imageRefreshAttemptedAt"":""2026-09-23T22:00:24.069Z"",""imageQuality"":""source_detail_high_resolution"",""imageRefreshSucceededAt"":""2026-09-23T22:00:24.069Z"",""year"":""2026"",""transmission"":""manual"",""details"":[{""label"":""Year"",""value"":""2026""},{""label"":""Transmission"",""value"":""manual""}],""detailsVersion"":""2026-10-07.3"",""detailsSourceUrl"":""https://www.jacars.net/adv/2363917_intercooler/"",""detailsVerifiedAt"":""2026-10-10T20:45:31.479532+00:00"",""sourceSpecifications"":[{""label"":""Year"",""value"":""2026""},{""label"":""Transmission"",""value"":""manual""}],""listingIdentity"":{""version"":""2026-10-07.1"",""sourceUrl"":""https://www.jacars.net/adv/2363917_intercooler/"",""title"":""Intercooler, OEM & Aluminium Radiators Toyota Honda"",""images"":[""https://cdn2.jacars.net/media/cache/50/fa/50fa14edf253d78ab8fc41a723ce7b6a.webp"",""https://cdn2.jacars.net/media/cache/81/d4/81d4b010a837c85a2b4dfd010e45f532.webp"",""https://cdn2.jacars.net/media/cache/e3/f1/e3f196b0cb1525a1b8e3c148539fe0da.webp"",""https://cdn2.jacars.net/media/cache/c9/dc/c9dc59e68c443c33543c1efa2b642677.webp""],""phones"":[""18768670874""],""sellerId"":"""",""city"":""Saint James"",""checkedAt"":""2026-10-10T21:01:33.387Z""}}",active,2026-10-10T20:30:43Z,200,Matching listing has an available source offer,2026-10-10T20:30:43Z,https://www.jacars.net/adv/2363917_intercooler/,0,,visible,,,
jacars-2363915,published,vehicles,vehicles,auto_parts,T3/T4 GT30 GT35 GT45 Turbos,"JA$35,000",35000,JMD,Saint James,Jamaica,Unknown,18768670874,"Turbos for sale
GT30 .......$45,000 500 UP
GT35...$44,500 600HP
GT45...$45,000 600HP
T3/T4.....$37,500 450HP
BORG WARNER $150,000 700HP SOLD
876 867 0874 WHATS APP",https://cdn2.jacars.net/media/cache/b4/e2/b4e2c1733ca9d1eba7f720af0b9d93b7.webp|https://cdn2.jacars.net/media/cache/00/61/0061f6e2a430901850a43b1d0240c14b.webp|https://cdn2.jacars.net/media/cache/71/b0/71b0ce2f981a78f1f4e2e47dd74d2d98.webp|https://cdn2.jacars.net/media/cache/03/8b/038b71a6225df562f60c77bd5dcfd67d.webp,JACars Other Car Parts,https://www.jacars.net/adv/2363915_turbos/,2026-05-30T20:52:10Z,,,,2026,,,,,"{""parser"":""local_crawl4ai_jacars"",""listUrl"":""https://www.jacars.net/car-parts/other/"",""sourceName"":""JACars Other Car Parts"",""imageVerifiedAt"":""2026-10-10T21:01:33.387Z"",""imageSourceUrl"":""https://www.jacars.net/adv/2363915_turbos/"",""imageIntegrityVersion"":""2026-10-07.1"",""imageRefreshAttemptedAt"":""2026-09-23T22:00:24.069Z"",""imageQuality"":""source_detail_high_resolution"",""imageRefreshSucceededAt"":""2026-09-23T22:00:24.069Z"",""year"":""2026"",""details"":[{""label"":""Year"",""value"":""2026""}],""detailsVersion"":""2026-10-07.3"",""detailsSourceUrl"":""https://www.jacars.net/adv/2363915_turbos/"",""detailsVerifiedAt"":""2026-10-10T20:45:31.479532+00:00"",""sourceSpecifications"":[{""label"":""Year"",""value"":""2026""}],""listingIdentity"":{""version"":""2026-10-07.1"",""sourceUrl"":""https://www.jacars.net/adv/2363915_turbos/"",""title"":""T3/T4 GT30 GT35 GT45 Turbos"",""images"":[""https://cdn2.jacars.net/media/cache/b4/e2/b4e2c1733ca9d1eba7f720af0b9d93b7.webp"",""https://cdn2.jacars.net/media/cache/00/61/0061f6e2a430901850a43b1d0240c14b.webp"",""https://cdn2.jacars.net/media/cache/71/b0/71b0ce2f981a78f1f4e2e47dd74d2d98.webp"",""https://cdn2.jacars.net/media/cache/03/8b/038b71a6225df562f60c77bd5dcfd67d.webp""],""phones"":[""18768670874""],""sellerId"":"""",""city"":""Saint James"",""checkedAt"":""2026-10-10T21:01:33.387Z""}}",active,2026-10-10T20:30:43Z,200,Matching listing has an available source offer,2026-10-10T20:30:43Z,https://www.jacars.net/adv/2363915_turbos/,0,,visible,,,
jacars-2323687,published,vehicles,vehicles,auto_parts,AXIO VOXY WISH HONDA NISSAN VARIOUS LOWERING SPRINGS,"JA$28,000",28000,JMD,Saint James,Jamaica,Unknown,18768670874,"WE CARRY A VARIETY OF LOWERING SPRINGS FOR
09 UP WISH ZGE20 ZGE22 Espillier $60,000

08 to 13 UP VOXY ZRR70 TEINS ..$80,000

2014 VOXY NOAH RS-R LOWERING SPRINGS $48,500.....SOLD

AD WAGON WINGROAD VY12 $39,000

01 UP FIELDER RUNX COROLLA 100 , AXIO FIELDER 08 UP ,from 28,000 to 44,000

07 UP HONDA CIVIC FD1/FD2 LOWERING SPRINGS , 29000

MARKX GRX130 09 UP REAR WHEEL DRIVE LOWERING SPRINGS/ COILOVERS $ 48,000

HONDA STREAM 07 RH6 RN8 UP,

CL7 ACCORD 07 UP , 2012 TO 2019 $28,000

COROLLA AXIO FIELDER SPRINGS $72,000 brand Espillier

PRICES ARE DIFFER BASED ON BRANDS WE CARRY LOWERING AND FULL COILOVERS FOR SOME MODELS, ANY ITEM NOT SHOWN WE CAN GET IT FOR U..WHATS APP OR CALL US 876 867 0874 . LOCATION MONTEGO BAY WE DO ISLAND WIDE DELIVERY THROUGH KNUSTFORD EXPRESS MONDAY TO SATURDAY.",https://cdn2.jacars.net/media/cache/0e/5e/0e5e61e866b549c994b6a91672697d1d.webp|https://cdn2.jacars.net/media/cache/c5/fe/c5fedf587a1379cfc4982a81a95abeaf.webp|https://cdn2.jacars.net/media/cache/0b/c1/0bc1b77a5d94bfaaa97b5b1c9502a495.webp|https://cdn2.jacars.net/media/cache/fb/bf/fbbf17c0a1d9f02dbd9b146459a5a2f8.webp,JACars Other Car Parts,https://www.jacars.net/adv/2323687_toyota-honda-nissan-various-lowering-springs/,2026-05-30T20:52:10Z,,,,2026,,,,,"{""parser"":""local_crawl4ai_jacars"",""listUrl"":""https://www.jacars.net/car-parts/other/"",""sourceName"":""JACars Other Car Parts"",""imageVerifiedAt"":""2026-10-10T21:01:33.387Z"",""imageSourceUrl"":""https://www.jacars.net/adv/2323687_toyota-honda-nissan-various-lowering-springs/"",""imageIntegrityVersion"":""2026-10-07.1"",""imageRefreshAttemptedAt"":""2026-09-23T22:00:24.069Z"",""imageQuality"":""source_detail_high_resolution"",""imageRefreshSucceededAt"":""2026-09-23T22:00:24.069Z"",""year"":""2026"",""details"":[{""label"":""Year"",""value"":""2026""}],""detailsVersion"":""2026-10-07.3"",""detailsSourceUrl"":""https://www.jacars.net/adv/2323687_toyota-honda-nissan-various-lowering-springs/"",""detailsVerifiedAt"":""2026-10-10T20:45:31.479532+00:00"",""sourceSpecifications"":[{""label"":""Year"",""value"":""2026""}],""listingIdentity"":{""version"":""2026-10-07.1"",""sourceUrl"":""https://www.jacars.net/adv/2323687_toyota-honda-nissan-various-lowering-springs/"",""title"":""AXIO VOXY WISH HONDA NISSAN VARIOUS LOWERING SPRINGS"",""images"":[""https://cdn2.jacars.net/media/cache/0e/5e/0e5e61e866b549c994b6a91672697d1d.webp"",""https://cdn2.jacars.net/media/cache/c5/fe/c5fedf587a1379cfc4982a81a95abeaf.webp"",""https://cdn2.jacars.net/media/cache/0b/c1/0bc1b77a5d94bfaaa97b5b1c9502a495.webp"",""https://cdn2.jacars.net/media/cache/fb/bf/fbbf17c0a1d9f02dbd9b146459a5a2f8.webp""],""phones"":[""18768670874""],""sellerId"":"""",""city"":""Saint James"",""checkedAt"":""2026-10-10T21:01:33.387Z""}}",active,2026-10-10T20:30:43Z,200,Matching listing has an available source offer,2026-10-10T20:30:43Z,https://www.jacars.net/adv/2323687_toyota-honda-nissan-various-lowering-springs/,0,,visible,,,
jacars-2219944,published,vehicles,vehicles,repairs,AUTO GSM GPS tracker and monitoring system Inclusive of installation,"JA$15,000",15000,JMD,Kingston,Jamaica,Unknown,18763621268,2219944 Real time tracking and monitoring SMS/GPRS App monitoring Over-speed alarm Geo-fence alarm Door monitoring Shutdown Automobile anytime And many more features can be programmed Next Views: 665,https://cdn2.jacars.net/media/cache/da/0f/da0f9cd08ea702f1e8e4c02a9028278b.webp,JACars Auto Services,https://www.jacars.net/adv/2219944_auto-gsm-gps-tracking-and-monitoring-system-inclusive-of-installation/,2026-05-30T20:52:10Z,,,,2026,,,,,"{""parser"":""local_crawl4ai_jacars"",""listUrl"":""https://www.jacars.net/services/"",""sourceName"":""JACars Auto Services"",""imageQuality"":""source_detail_high_resolution"",""imageRefreshSource"":""jacars_gallery_full_api"",""imageRefreshAttemptedAt"":""2026-08-31T15:42:55.415Z"",""imageIntegrityVersion"":""2026-09-06.1"",""imageVerifiedAt"":""2026-09-07T00:05:03.876Z"",""imageSourceUrl"":""https://www.jacars.net/adv/2219944_auto-gsm-gps-tracking-and-monitoring-system-inclusive-of-installation/""}",active,2026-10-10T20:30:43Z,200,Matching listing has an available source offer,2026-10-10T20:30:43Z,https://www.jacars.net/adv/2219944_auto-gsm-gps-tracking-and-monitoring-system-inclusive-of-installation/,0,,visible,,,
jacars-2498654,published,marketplace,other,tools_equipment,Gate Operators,"JA$ 120,000",120000,JMD,Manchester,Jamaica,JACars Other Home Garden Pool,18765570266,"Gate Operators - JA$ 120,000 - Manchester - Today",https://cdn2.jacars.net/media/cache/1a/cf/1acf56b060d7d7b711216176e798ac0e.webp|https://cdn2.jacars.net/media/cache/1b/c3/1bc3501b3fe20a6ebf97195d6a6c08c9.webp|https://cdn2.jacars.net/media/cache/8b/06/8b06ccacb641613da7ffaef97d9644e5.webp|https://cdn2.jacars.net/media/cache/99/84/99841d26dfca74f309e02adba85c631a.webp,JACars Other Home Garden Pool,https://www.jacars.net/adv/2498654_gate-operators/,2026-05-05T21:47:45.743Z,,,,,good,,,,"{""sourceDate"":""Today"",""sourcePostedAt"":""2026-05-05T21:47:45.743Z"",""parser"":""jacars"",""sourceCategory"":""JACars Other Home Garden Pool"",""appSubcategory"":""home_garden"",""imageQuality"":""source_detail_high_resolution"",""imageRefreshSource"":""jacars_gallery_full_api"",""imageRefreshAttemptedAt"":""2026-08-31T15:42:55.415Z"",""imageIntegrityVersion"":""2026-09-06.1"",""imageVerifiedAt"":""2026-09-07T00:05:03.876Z"",""imageSourceUrl"":""https://www.jacars.net/adv/2498654_gate-operators/""}",active,2026-10-10T20:30:43Z,200,Matching listing has an available source offer,2026-10-10T20:30:43Z,https://www.jacars.net/adv/2498654_gate-operators/,0,,visible,,,
jacars-2482384,rejected,marketplace,other,furniture_home_decor,Evolution Generator,"JA$ 150,000 JA$ 250,000",150000250000,JMD,Clarendon,Jamaica,JACars Other Home Garden Pool,18764985234,"Evolution Generator - JA$ 150,000 JA$ 250,000 - Clarendon - Today",https://cdn2.jacars.net/media/cache/e3/8a/e38ac95507dbff88021526f10a9a1aff.webp,JACars Other Home Garden Pool,https://www.jacars.net/adv/2482384_generator-and-pressure-washer/,2026-05-05T21:47:45.743Z,,,,,good,,,,"{""sourceDate"":""Today"",""sourcePostedAt"":""2026-05-05T21:47:45.743Z"",""parser"":""jacars"",""sourceCategory"":""JACars Other Home Garden Pool"",""appSubcategory"":""home_garden"",""imageQuality"":""source_detail_high_resolution"",""imageRefreshSource"":""jacars_gallery_full_api"",""imageRefreshAttemptedAt"":""2026-08-31T15:42:55.415Z""}",unknown,2026-10-10T20:30:43Z,200,Source loaded but the listing identity was not confirmed,,https://www.jacars.net/adv/2482384_generator-and-pressure-washer/,,,source_unavailable,Source advert API returned HTTP 404 and its detail site blocked verification; held until the listing can be verified again.,,
jacars-2498421,published,marketplace,other,tools_equipment,Slide Gate Openers,"JA$ 120,000",120000,JMD,Manchester,Jamaica,JACars Importers Dealers,18765570266,"Slide Gate Openers - JA$ 120,000 - Manchester - Today",https://cdn2.jacars.net/media/cache/d3/a7/d3a78ad537956ed05d7c6b382841b338.webp|https://cdn2.jacars.net/media/cache/c2/e0/c2e0266005f1a85d0250953ccb10c370.webp|https://cdn2.jacars.net/media/cache/3b/7c/3b7c7238270b17f20ff5e11991ea2786.webp|https://cdn2.jacars.net/media/cache/61/8c/618c88ff43699e03521010a32d1d0f80.webp,JACars Importers Dealers,https://www.jacars.net/adv/2498421_slide-gate-openers/,2026-05-05T21:47:03.161Z,,,,,good,,,,"{""sourceDate"":""Today"",""sourcePostedAt"":""2026-05-05T21:47:03.161Z"",""parser"":""jacars"",""sourceCategory"":""JACars Importers Dealers"",""appSubcategory"":""other"",""imageQuality"":""source_detail_high_resolution"",""imageRefreshSource"":""jacars_gallery_full_api"",""imageRefreshAttemptedAt"":""2026-08-31T15:42:55.415Z"",""imageIntegrityVersion"":""2026-09-06.1"",""imageVerifiedAt"":""2026-09-07T00:05:03.876Z"",""imageSourceUrl"":""https://www.jacars.net/adv/2498421_slide-gate-openers/""}",active,2026-10-10T20:30:43Z,200,Matching listing has an available source offer,2026-10-10T20:30:43Z,https://www.jacars.net/adv/2498421_slide-gate-openers/,0,,visible,,,
jacars-2510936,rejected,vehicles,vehicles,auto_parts,15 inch Rims and 4 lugs,"JA$ 55,000",55000,JMD,Manchester,Jamaica,Zig Zag Auto Parts & Car Sales Limited,18762354486,"15 inch Rims and 4 lugs - JA$ 55,000 - Manchester - Today",https://cdn2.jacars.net/media/cache/5b/93/5b93ccf0923fb33b6bbdfe0a4a23cdbb.webp|https://cdn2.jacars.net/media/cache/6d/35/6d35ccdfaf45a6f19626e558370e682c.webp|https://cdn2.jacars.net/media/cache/5d/dc/5ddcf1f1a5e57d983310a9d08781e8ee.webp|https://cdn2.jacars.net/media/cache/7c/45/7c4504adf9ecdaa92463a0bfbc782218.webp,JACars Other Car Parts,https://www.jacars.net/adv/2510936_15-inch-rims-and-4-lugs/,2026-05-05T21:46:43.824Z,,,,,good,,,,"{""sourceDate"":""Today"",""sourcePostedAt"":""2026-05-05T21:46:43.824Z"",""parser"":""jacars"",""sourceCategory"":""JACars Other Car Parts"",""appSubcategory"":""auto_parts""}",gone,2026-10-10T20:30:43Z,404,Exact source URL returned HTTP 404,,https://www.jacars.net/adv/2510936_15-inch-rims-and-4-lugs/,20,2026-10-10T20:30:43Z,source_unavailable,Source advert API returned HTTP 404 and its detail site blocked verification; held until the listing can be verified again.,,
jacars-2506758,published,vehicles,vehicles,auto_parts,BMW Right Headlight LCI - f30,"JA$ 100,000 JA$ 110,000",100000110000,JMD,Kingston,Jamaica,JACars Car Parts,18768020252,"BMW Right Headlight LCI - f30 - JA$ 100,000 JA$ 110,000 - Kingston - Today",https://cdn2.jacars.net/media/cache/fb/dd/fbddf2b09497863b11ca598a7d03cbb0.webp|https://cdn2.jacars.net/media/cache/38/ec/38ecdd73435ee55720af236adc0a1090.webp|https://cdn2.jacars.net/media/cache/14/fd/14fdecdaef1c0b9aa34ab016a6572e87.webp,JACars Car Parts,https://www.jacars.net/adv/2506758_bmw-right-headlight-lci-f30/,2026-05-05T21:46:16.271Z,,,,,good,,,,"{""sourceDate"":""Today"",""sourcePostedAt"":""2026-05-05T21:46:16.271Z"",""parser"":""jacars"",""sourceCategory"":""JACars Car Parts"",""appSubcategory"":""auto_parts"",""imageQuality"":""source_detail_high_resolution"",""imageRefreshSource"":""jacars_gallery_full_api"",""imageRefreshAttemptedAt"":""2026-08-31T15:42:55.415Z"",""imageIntegrityVersion"":""2026-09-06.1"",""imageVerifiedAt"":""2026-09-07T00:05:03.876Z"",""imageSourceUrl"":""https://www.jacars.net/adv/2506758_bmw-right-headlight-lci-f30/""}",active,2026-10-10T20:30:43Z,200,Matching listing has an available source offer,2026-10-10T20:30:43Z,https://www.jacars.net/adv/2506758_bmw-right-headlight-lci-f30/,0,,visible,,,
jacars-2494959,published,vehicles,vehicles,auto_parts,Rear Spoiler,JA$ 1,1,JMD,Saint Catherine,Jamaica,Auto Alternative & Trading Ltd,18765413595,Rear Spoiler - JA$ 1 - Saint Catherine - Today,https://cdn2.jacars.net/media/cache/73/d5/73d5fbaf0ccfb5d909650c478abdd48c.webp|https://cdn2.jacars.net/media/cache/0b/72/0b72a9df8ac7f68bdf812e2caca9a27a.webp|https://cdn2.jacars.net/media/cache/ca/81/ca8131daba96dc075bbb5b8cc0e7bba9.webp|https://cdn2.jacars.net/media/cache/b0/f0/b0f0a991bfab54cd6d3a1781b6130825.webp,JACars Car Parts,https://www.jacars.net/adv/2494959_rear-spoiler/,2026-05-05T21:46:16.270Z,,,,,good,,,,"{""sourceDate"":""Today"",""sourcePostedAt"":""2026-05-05T21:46:16.270Z"",""parser"":""jacars"",""sourceCategory"":""JACars Car Parts"",""appSubcategory"":""auto_parts"",""imageQuality"":""source_detail_high_resolution"",""imageRefreshSource"":""jacars_gallery_full_api"",""imageRefreshAttemptedAt"":""2026-08-31T15:42:55.415Z"",""imageIntegrityVersion"":""2026-09-06.1"",""imageVerifiedAt"":""2026-09-07T00:05:03.876Z"",""imageSourceUrl"":""https://www.jacars.net/adv/2494959_rear-spoiler/""}",active,2026-10-10T20:30:43Z,200,Matching listing has an available source offer,2026-10-10T20:30:43Z,https://www.jacars.net/adv/2494959_rear-spoiler/,0,,visible,,,
jacars-2487137,rejected,vehicles,vehicles,auto_parts,H&R Lowering Springs For BMW 6 & 5 Series,"JA$ 20,000 JA$ 40,000",2000040000,JMD,Kingston,Jamaica,JACars Car Parts,18763191957,"H&R Lowering Springs For BMW 6 & 5 Series - JA$ 20,000 JA$ 40,000 - Kingston - Today",https://cdn2.jacars.net/media/cache/97/e7/97e7ca3bf63cc6a72e710ffcf6ec4697.webp|https://cdn2.jacars.net/media/cache/15/61/15616edd789815336f7f4dbe7957bcec.webp,JACars Car Parts,https://www.jacars.net/adv/2487137_h-r-lowering-springs-for-6-5-series-bmw/,2026-05-05T21:46:16.270Z,,,,,good,,,,"{""sourceDate"":""Today"",""sourcePostedAt"":""2026-05-05T21:46:16.270Z"",""parser"":""jacars"",""sourceCategory"":""JACars Car Parts"",""appSubcategory"":""auto_parts""}",unknown,2026-10-10T20:30:43Z,200,Source loaded but the listing identity was not confirmed,,https://www.jacars.net/adv/2487137_h-r-lowering-springs-for-6-5-series-bmw/,,,source_unavailable,Source advert API returned HTTP 404 and its detail site blocked verification; held until the listing can be verified again.,,
jacars-2510930,rejected,vehicles,vehicles,vehicles,"Mazda Premacy 2,0L 2013","JA$ 800,000",800000,JMD,Kingston,Jamaica,JACars Cars,18768577756,"Mazda Premacy 2,0L 2013 - JA$ 800,000 - Kingston - Today",https://cdn2.jacars.net/media/cache/80/aa/80aa5def48d94c66a5dee5d96b687f52.webp|https://cdn2.jacars.net/media/cache/9a/3a/9a3af2f456c153aea668fd2aaeeb7e7c.webp|https://cdn2.jacars.net/media/cache/87/b8/87b8be59c991d3c7c21a49a3baa760b0.webp|https://cdn2.jacars.net/media/cache/7e/4f/7e4f993f405f1f4d669fff9046992a59.webp,JACars Cars,https://www.jacars.net/adv/2510930_mazda-premacy-2-0l-2013/,2026-05-05T21:46:11.512Z,Mazda,Premacy,,2013,used,,,,"{""sourceDate"":""Today"",""sourcePostedAt"":""2026-05-05T21:46:11.512Z"",""parser"":""jacars"",""sourceCategory"":""JACars Cars"",""appSubcategory"":""vehicles""}",unknown,2026-10-10T20:30:43Z,200,Source loaded but the listing identity was not confirmed,,https://www.jacars.net/adv/2510930_mazda-premacy-2-0l-2013/,,,source_unavailable,Source advert API returned HTTP 404 and its detail site blocked verification; held until the listing can be verified again.,,
jacars-2495810,published,vehicles,vehicles,vehicles,"Honda Vezel RS 1,5L 2020","JA$ 3,690,000",3690000,JMD,Manchester,Jamaica,TOP RATED AUTOMOTIVE LTD,18765122128,"Newly imported 2020 Honda Vezel RS hybrid/Gas
Fully loaded..Excellent condition Mileage:88,402
💰Price:3,490,000..(Negotiable)Willing to trade 🤝

✨FEATURES ✨

✅Smart key with push start
✅keyless entry
✅Rearview / 360° Camera
✅Adaptive Cruise Control
✅Lane Keeping Assist System
✅Climate Control
✅multifunction steering control
✅Infotainment Bluetooth Touchscreen system
✅bumper lights
✅Power Windows & Mirrors
✅Vehicle Stability Assist
✅Electronic Stability Control
✅Hill Start Assist
✅Collision Mitigation Braking System
✅Road Departure Mitigation
✅Anti-lock Braking System
✅LED projector headlights
✅daytime running lights
✅Roof Spoiler
✅18-inch Alloy Wheels
✅Hybrid system: 1.5 L i-VTEC petrol engine paired with an electric motor (Sport Hybrid powertrain).

🛠️engine & transmission in perfect condition
Documents 📄 intact/ custom cleared
🔧No hidden issues

📍LOCATION MANDEVILLE SPUR TREE
📲 call/whatsapp 876-512-2128.. for more info
𝗙𝗿𝗲𝗲 𝗳𝗶𝘁𝗻𝗲𝘀𝘀📍𝗳𝗿𝗲𝗲 𝘁𝗶𝗻𝘁𝗶𝗻𝗴…",https://cdn2.jacars.net/media/cache/d9/71/d971d53fabf0c93e288d12ba66d00e46.webp|https://cdn2.jacars.net/media/cache/e9/48/e94867ac9c3a7817ff8da7d1d3642b8f.webp|https://cdn2.jacars.net/media/cache/02/e9/02e9abe5f1acd3a4b56511f585287fbd.webp|https://cdn2.jacars.net/media/cache/e2/70/e2704bd38da946d284f6b4410bb2826c.webp,JACars Cars,https://www.jacars.net/adv/2495810_honda-vezel-rs-1-5l-2020/,2026-05-05T21:46:11.512Z,Honda,Vezel RS,,2020,used,Automatic,,88402,"{""sourceDate"":""Today"",""sourcePostedAt"":""2026-05-05T21:46:11.512Z"",""parser"":""jacars"",""sourceCategory"":""JACars Cars"",""appSubcategory"":""vehicles"",""imageQuality"":""source_detail_high_resolution"",""imageRefreshSource"":""jacars_gallery_full_api"",""imageRefreshAttemptedAt"":""2026-08-31T15:42:55.415Z"",""imageIntegrityVersion"":""2026-10-07.1"",""imageVerifiedAt"":""2026-10-10T21:01:33.387Z"",""imageSourceUrl"":""https://www.jacars.net/adv/2495810_honda-vezel-rs-1-5l-2020/"",""brand"":""Vezel RS"",""transmission"":""Automatic"",""fuel"":""Petrol"",""bodyType"":""SUV"",""mileageKm"":88402,""details"":[],""detailsSourceUrl"":""https://www.jacars.net/adv/2495810_honda-vezel-rs-1-5l-2020/"",""detailsVerifiedAt"":""2026-10-10T20:45:31.479532+00:00"",""make"":""Honda"",""model"":""Vezel RS"",""year"":""2020"",""condition"":""used"",""sourceSpecifications"":[],""listingIdentity"":{""version"":""2026-10-07.1"",""sourceUrl"":""https://www.jacars.net/adv/2495810_honda-vezel-rs-1-5l-2020/"",""title"":""Honda Vezel RS 1,5L 2020"",""images"":[""https://cdn2.jacars.net/media/cache/d9/71/d971d53fabf0c93e288d12ba66d00e46.webp"",""https://cdn2.jacars.net/media/cache/e9/48/e94867ac9c3a7817ff8da7d1d3642b8f.webp"",""https://cdn2.jacars.net/media/cache/02/e9/02e9abe5f1acd3a4b56511f585287fbd.webp"",""https://cdn2.jacars.net/media/cache/e2/70/e2704bd38da946d284f6b4410bb2826c.webp""],""phones"":[""18765122128""],""sellerId"":"""",""city"":""Manchester"",""checkedAt"":""2026-10-10T21:01:33.387Z""}}",active,2026-10-10T20:30:43Z,200,Matching listing has an available source offer,2026-10-10T20:30:43Z,https://www.jacars.net/adv/2495810_honda-vezel-rs-1-5l-2020/,0,,visible,,,
jacars-2510942,rejected,vehicles,vehicles,vehicles,"Toyota Voxy 2,0L 2016","JA$ 2,999,999",2999999,JMD,Manchester,Jamaica,White Line Auto Hub,18768316636,"Toyota Voxy 2,0L 2016 - JA$ 2,999,999 - Manchester - Today",https://cdn2.jacars.net/media/cache/30/ea/30eadb40cb1067c3109de8af422489cf.webp|https://cdn2.jacars.net/media/cache/a5/00/a50008970ff2f2b649fb852e281addf8.webp|https://cdn2.jacars.net/media/cache/89/c3/89c37b5f76d25cca89b42b4af2a10a7c.webp|https://cdn2.jacars.net/media/cache/af/73/af73a7bcf1bde12b93c3ce5a250484f1.webp,JACars Cars,https://www.jacars.net/adv/2510942_toyota-voxy-2-0l-2016/,2026-05-05T21:46:11.511Z,Toyota,Voxy,,2016,used,,,,"{""sourceDate"":""Today"",""sourcePostedAt"":""2026-05-05T21:46:11.511Z"",""parser"":""jacars"",""sourceCategory"":""JACars Cars"",""appSubcategory"":""vehicles""}",gone,2026-10-10T20:30:43Z,404,Exact source URL returned HTTP 404,,https://www.jacars.net/adv/2510942_toyota-voxy-2-0l-2016/,20,2026-10-10T20:30:43Z,source_unavailable,Source advert API returned HTTP 404 and its detail site blocked verification; held until the listing can be verified again.,,
jacars-2505195,rejected,vehicles,vehicles,vehicles,"BMW X6 3,0L 2017","JA$ 6,200,000",6200000,JMD,Saint Andrew,Jamaica,Jam One Auto Sales Company Ltd,18764721047,"BMW X6 3,0L 2017 - JA$ 6,200,000 - Saint Andrew - Today",https://cdn2.jacars.net/media/cache/18/c4/18c4e16ea240728227654df500717c78.webp|https://cdn2.jacars.net/media/cache/51/59/5159cf713ec7dad9177bc5333def689e.webp|https://cdn2.jacars.net/media/cache/ce/22/ce229820208eb6fac3f039ac45565e9d.webp|https://cdn2.jacars.net/media/cache/94/27/9427a9d3923c844056c2c5b99b1ab280.webp,JACars Cars,https://www.jacars.net/adv/2505195_bmw-x6-3-0l-2017/,2026-05-05T21:46:11.511Z,BMW,X6,,2017,used,,,,"{""sourceDate"":""Today"",""sourcePostedAt"":""2026-05-05T21:46:11.511Z"",""parser"":""jacars"",""sourceCategory"":""JACars Cars"",""appSubcategory"":""vehicles""}",gone,2026-10-10T20:30:43Z,404,Exact source URL returned HTTP 404,,https://www.jacars.net/adv/2505195_bmw-x6-3-0l-2017/,20,2026-10-10T20:30:43Z,source_unavailable,Source advert API returned HTTP 404 and its detail site blocked verification; held until the listing can be verified again.,,
jacars-2510957,rejected,vehicles,vehicles,vehicles,"Mitsubishi Evolution 2,0L 1998","JA$ 3,800,000",3800000,JMD,Saint Ann,Jamaica,JACars Cars,18764408225,"Mitsubishi Evolution 2,0L 1998 - JA$ 3,800,000 - Saint Ann - Today",https://cdn2.jacars.net/media/cache/f3/01/f301006a3bce5da97ab0b8d2c2c00255.webp|https://cdn2.jacars.net/media/cache/be/3e/be3e568560fa1065f10726acae77c971.webp|https://cdn2.jacars.net/media/cache/9b/95/9b9520a44d82df548fe95d1d9325a544.webp|https://cdn2.jacars.net/media/cache/a4/b7/a4b7cdbe77dde1a944a7109a5ca86427.webp,JACars Cars,https://www.jacars.net/adv/2510957_mitsubishi-evolution-2-0l-1998/,2026-05-05T21:46:11.510Z,Mitsubishi,Evolution,,1998,used,,,,"{""sourceDate"":""Today"",""sourcePostedAt"":""2026-05-05T21:46:11.510Z"",""parser"":""jacars"",""sourceCategory"":""JACars Cars"",""appSubcategory"":""vehicles""}",gone,2026-10-10T20:30:43Z,404,Exact source URL returned HTTP 404,,https://www.jacars.net/adv/2510957_mitsubishi-evolution-2-0l-1998/,20,2026-10-10T20:30:43Z,source_unavailable,Source advert API returned HTTP 404 and its detail site blocked verification; held until the listing can be verified again.,,
jacars-2510945,rejected,vehicles,vehicles,vehicles,"BMW X3 3,0L 2024","JA$ 6,999,000",6999000,JMD,Kingston,Jamaica,JACars Cars,18768690995,"BMW X3 3,0L 2024 - JA$ 6,999,000 - Kingston - Today",https://cdn2.jacars.net/media/cache/0f/7e/0f7e8f8ce6404fb2a9601772f77c1d23.webp|https://cdn2.jacars.net/media/cache/91/ed/91ed60b37282369a44b74b96281a96ec.webp|https://cdn2.jacars.net/media/cache/0e/b2/0eb29187a5386b664c8d934f6241d732.webp|https://cdn2.jacars.net/media/cache/d4/91/d491b8dada2251fc0ac8413712f74799.webp,JACars Cars,https://www.jacars.net/adv/2510945_bmw-x3-3-0l-2024/,2026-05-05T21:46:11.510Z,BMW,X3,,2024,used,,,,"{""sourceDate"":""Today"",""sourcePostedAt"":""2026-05-05T21:46:11.510Z"",""parser"":""jacars"",""sourceCategory"":""JACars Cars"",""appSubcategory"":""vehicles""}",gone,2026-10-10T20:30:43Z,404,Exact source URL returned HTTP 404,,https://www.jacars.net/adv/2510945_bmw-x3-3-0l-2024/,20,2026-10-10T20:30:43Z,source_unavailable,Source advert API returned HTTP 404 and its detail site blocked verification; held until the listing can be verified again.,,
jacars-2510961,rejected,vehicles,vehicles,vehicles,"BMW X6 3,0L 2022","JA$ 14,000,000",14000000,JMD,Saint James,Jamaica,JACars Cars,2184679711,"BMW X6 3,0L 2022 - JA$ 14,000,000 - Saint James - Today",https://cdn2.jacars.net/media/cache/90/f4/90f4915cc7d1c972f41158c1f4d7cd02.webp|https://cdn2.jacars.net/media/cache/89/58/895827f59b1c6396c2bedb155a1b5e46.webp|https://cdn2.jacars.net/media/cache/cb/cc/cbccf405ebbcfca29acc0c4b2a2de909.webp|https://cdn2.jacars.net/media/cache/92/ea/92ea4f179bcc74fb35863d40f59243b2.webp,JACars Cars,https://www.jacars.net/adv/2510961_bmw-x6-3-0l-2022/,2026-05-05T21:46:11.508Z,BMW,X6,,2022,used,,,,"{""sourceDate"":""Today"",""sourcePostedAt"":""2026-05-05T21:46:11.508Z"",""parser"":""jacars"",""sourceCategory"":""JACars Cars"",""appSubcategory"":""vehicles""}",gone,2026-10-10T20:30:43Z,404,Exact source URL returned HTTP 404,,https://www.jacars.net/adv/2510961_bmw-x6-3-0l-2022/,20,2026-10-10T20:30:43Z,source_unavailable,Source advert API returned HTTP 404 and its detail site blocked verification; held until the listing can be verified again.,,
jacars-2510899,rejected,vehicles,vehicles,vehicles,"Honda CR-V 2,0L 2019","JA$ 5,050,000",5050000,JMD,Manchester,Jamaica,DL Automotives,18764382253,"Honda CR-V 2,0L 2019 - JA$ 5,050,000 - Manchester - Today",https://cdn2.jacars.net/media/cache/41/50/4150b895e9d065034f3fcfb91050d473.webp|https://cdn2.jacars.net/media/cache/d5/0b/d50b7be4e0be677cf36be4e1c25cab2f.webp|https://cdn2.jacars.net/media/cache/cb/f5/cbf5fe21ebdeea98f7927ca271597feb.webp|https://cdn2.jacars.net/media/cache/a2/bb/a2bbd245d000e87f27e379a0f8492770.webp|https://cdn2.jacars.net/media/cache/17/32/1732ecdacfb6ed85615ed5d54e78b4cf.webp|https://cdn2.jacars.net/media/cache/46/97/4697646c5b7fe7e9db94862994682cdf.webp|https://cdn2.jacars.net/media/cache/1f/f8/1ff820acb6a8a462d8b44b996d31de47.webp|https://cdn2.jacars.net/media/cache/59/45/59452de922eb2c9d7b802cfcb85031df.webp|https://cdn2.jacars.net/media/cache/e0/fb/e0fb562e3893f492bc2c9f5bed2838fd.webp,JACars Cars,https://www.jacars.net/adv/2510899_honda-cr-v-2-0l-2019/,2026-05-05T21:46:11.507Z,Honda,CR-V,,2019,used,,,,"{""sourceDate"":""Today"",""sourcePostedAt"":""2026-05-05T21:46:11.507Z"",""parser"":""jacars"",""sourceCategory"":""JACars Cars"",""appSubcategory"":""vehicles"",""imageQuality"":""source_detail_high_resolution"",""imageRefreshSource"":""jacars_gallery_full_api"",""imageRefreshAttemptedAt"":""2026-08-31T15:42:55.415Z""}",gone,2026-10-10T20:30:43Z,404,Exact source URL returned HTTP 404,,https://www.jacars.net/adv/2510899_honda-cr-v-2-0l-2019/,20,2026-10-10T20:30:43Z,source_unavailable,Source advert API returned HTTP 404 and its detail site blocked verification; held until the listing can be verified again.,,
jacars-2510902,rejected,vehicles,vehicles,vehicles,"Toyota Mark X 2,5L 2016","JA$ 3,600,000",3600000,JMD,Manchester,Jamaica,DL Automotives,18764382253,"Toyota Mark X 2,5L 2016 - JA$ 3,600,000 - Manchester - Today",https://cdn2.jacars.net/media/cache/76/bb/76bb9a1363aa781976bf36d375fa0fd5.webp|https://cdn2.jacars.net/media/cache/82/72/82722008c1dfaa8b6c859ee9fc9d8136.webp|https://cdn2.jacars.net/media/cache/e6/87/e687b696c8b6a05723cfb02930433dd2.webp|https://cdn2.jacars.net/media/cache/9f/76/9f76832a8961172ed217047f977cbbaf.webp,JACars Cars,https://www.jacars.net/adv/2510902_toyota-mark-x-2-5l-2016/,2026-05-05T21:46:11.506Z,Toyota,Mark X,,2016,used,,,,"{""sourceDate"":""Today"",""sourcePostedAt"":""2026-05-05T21:46:11.506Z"",""parser"":""jacars"",""sourceCategory"":""JACars Cars"",""appSubcategory"":""vehicles""}",gone,2026-10-10T20:30:43Z,404,Exact source URL returned HTTP 404,,https://www.jacars.net/adv/2510902_toyota-mark-x-2-5l-2016/,20,2026-10-10T20:30:43Z,source_unavailable,Source advert API returned HTTP 404 and its detail site blocked verification; held until the listing can be verified again.,,
jacars-2510901,rejected,vehicles,vehicles,vehicles,"BMW 3-Series 2,0L 2017","JA$ 3,050,000",3050000,JMD,Manchester,Jamaica,DL Automotives,18764382253,"BMW 3-Series 2,0L 2017 - JA$ 3,050,000 - Manchester - Today",https://cdn2.jacars.net/media/cache/03/bd/03bdc4ceb57f0915921d45494908299d.webp|https://cdn2.jacars.net/media/cache/6f/06/6f068a05f849ec5e5f405d49b9b8697c.webp|https://cdn2.jacars.net/media/cache/58/4c/584c7b9b624fd5088241c234014224eb.webp|https://cdn2.jacars.net/media/cache/d8/a0/d8a0d80268f75b4dbe811954edbffaca.webp,JACars Cars,https://www.jacars.net/adv/2510901_bmw-3-series-2-0l-2017/,2026-05-05T21:46:11.506Z,BMW,3-Series,,2017,used,,,,"{""sourceDate"":""Today"",""sourcePostedAt"":""2026-05-05T21:46:11.506Z"",""parser"":""jacars"",""sourceCategory"":""JACars Cars"",""appSubcategory"":""vehicles""}",gone,2026-10-10T20:30:43Z,404,Exact source URL returned HTTP 404,,https://www.jacars.net/adv/2510901_bmw-3-series-2-0l-2017/,20,2026-10-10T20:30:43Z,source_unavailable,Source advert API returned HTTP 404 and its detail site blocked verification; held until the listing can be verified again.,,
jacars-2510180,rejected,vehicles,vehicles,vehicles,"Suzuki Swift 1,2L 2018","JA$ 1,480,000",1480000,JMD,Kingston,Jamaica,Andre,18762820166,"Suzuki Swift 1,2L 2018 - JA$ 1,480,000 - Kingston - Today",https://cdn2.jacars.net/media/cache/c0/e7/c0e70619d9e87271bff740c04b6c5b17.webp|https://cdn2.jacars.net/media/cache/59/ac/59ac68bb7eb73def1d174bf0b4f8fd98.webp|https://cdn2.jacars.net/media/cache/9f/af/9faf069697694ca63707a8e2037b18c4.webp|https://cdn2.jacars.net/media/cache/55/82/5582ef73e255b415fd46f291243a0a7a.webp,JACars Cars,https://www.jacars.net/adv/2510180_suzuki-swift-1-2l-2018/,2026-05-05T21:46:11.505Z,Suzuki,Swift,,2018,used,,,,"{""sourceDate"":""Today"",""sourcePostedAt"":""2026-05-05T21:46:11.505Z"",""parser"":""jacars"",""sourceCategory"":""JACars Cars"",""appSubcategory"":""vehicles""}",gone,2026-10-10T20:30:43Z,404,Exact source URL returned HTTP 404,,https://www.jacars.net/adv/2510180_suzuki-swift-1-2l-2018/,20,2026-10-10T20:30:43Z,source_unavailable,Source advert API returned HTTP 404 and its detail site blocked verification; held until the listing can be verified again.,,
jacars-2506515,rejected,vehicles,vehicles,vehicles,"BMW 3-Series 2,0L 2015","JA$ 2,330,000",2330000,JMD,Manchester,Jamaica,JACars Cars,18763995692,"BMW 3-Series 2,0L 2015 - JA$ 2,330,000 - Manchester - Today",https://cdn2.jacars.net/media/cache/09/10/091011f8c73f7041e6e7f8add7143277.webp|https://cdn2.jacars.net/media/cache/ea/87/ea87ce36bb85e4e371ad8adb5e4e77ad.webp|https://cdn2.jacars.net/media/cache/96/4b/964b4bbd8c8aa82c5db0f7995c298991.webp|https://cdn2.jacars.net/media/cache/04/9a/049ab386a340f8fa79ac6a372ebfab34.webp,JACars Cars,https://www.jacars.net/adv/2506515_bmw-3-series-2-0l-2015/,2026-05-05T21:46:11.505Z,BMW,3-Series,,2015,used,,,,"{""sourceDate"":""Today"",""sourcePostedAt"":""2026-05-05T21:46:11.505Z"",""parser"":""jacars"",""sourceCategory"":""JACars Cars"",""appSubcategory"":""vehicles""}",gone,2026-10-10T20:30:43Z,404,Exact source URL returned HTTP 404,,https://www.jacars.net/adv/2506515_bmw-3-series-2-0l-2015/,20,2026-10-10T20:30:43Z,source_unavailable,Source advert API returned HTTP 404 and its detail site blocked verification; held until the listing can be verified again.,,
jacars-2510134,rejected,vehicles,vehicles,vehicles,"Honda Insight 1,4L 2020","JA$ 3,400,000 JA$ 3,650,000",34000003650000,JMD,Kingston,Jamaica,JACars Cars,18768530894,"Honda Insight 1,4L 2020 - JA$ 3,400,000 JA$ 3,650,000 - Kingston - Today",https://cdn2.jacars.net/media/cache/47/0b/470b400dadfea65dbb13ac852b760ae5.webp|https://cdn2.jacars.net/media/cache/d0/9e/d09ed94e1e192841b585e0746d854da2.webp|https://cdn2.jacars.net/media/cache/57/b6/57b69e9a0da01c91a36bcbbfe5fde08c.webp|https://cdn2.jacars.net/media/cache/87/0b/870bf4c8a33232a9bdd0972fc6a0b59c.webp,JACars Cars,https://www.jacars.net/adv/2510134_honda-insight-1-4l-2020/,2026-05-05T21:46:11.504Z,Honda,Insight,,2020,used,,,,"{""sourceDate"":""Today"",""sourcePostedAt"":""2026-05-05T21:46:11.504Z"",""parser"":""jacars"",""sourceCategory"":""JACars Cars"",""appSubcategory"":""vehicles""}",gone,2026-10-10T20:30:43Z,404,Exact source URL returned HTTP 404,,https://www.jacars.net/adv/2510134_honda-insight-1-4l-2020/,20,2026-10-10T20:30:43Z,source_unavailable,Source advert API returned HTTP 404 and its detail site blocked verification; held until the listing can be verified again.,,
jacars-2510989,rejected,vehicles,vehicles,vehicles,"Toyota Mark X 2,5L 2015","JA$ 3,290,000",3290000,JMD,Saint James,Jamaica,Sanari Auto,18763502741,"Toyota Mark X 2,5L 2015 - JA$ 3,290,000 - Saint James - Today",https://cdn2.jacars.net/media/cache/a3/9e/a39eed39929a263ca45de7d6073c0bac.webp|https://cdn2.jacars.net/media/cache/f0/72/f0720123d88bf6230516bd9ac61207eb.webp|https://cdn2.jacars.net/media/cache/b8/bf/b8bf02c47d07756758b31a1e4b6d5682.webp|https://cdn2.jacars.net/media/cache/6a/d0/6ad060e7f77f3d33198bc4c98fa4cbc6.webp,JACars Cars,https://www.jacars.net/adv/2510989_toyota-mark-x-2-5l-2015/,2026-05-05T21:46:11.503Z,Toyota,Mark X,,2015,used,,,,"{""sourceDate"":""Today"",""sourcePostedAt"":""2026-05-05T21:46:11.503Z"",""parser"":""jacars"",""sourceCategory"":""JACars Cars"",""appSubcategory"":""vehicles""}",gone,2026-10-10T20:30:43Z,404,Exact source URL returned HTTP 404,,https://www.jacars.net/adv/2510989_toyota-mark-x-2-5l-2015/,20,2026-10-10T20:30:43Z,source_unavailable,Source advert API returned HTTP 404 and its detail site blocked verification; held until the listing can be verified again.,,
jacars-2509473,rejected,vehicles,vehicles,vehicles,"Honda CR-V 1,5L 2017","JA$ 3,250,000",3250000,JMD,Kingston,Jamaica,JACars Cars,18768336693,"Honda CR-V 1,5L 2017 - JA$ 3,250,000 - Kingston - Today",https://cdn2.jacars.net/media/cache/1c/ec/1cecdd7ba0d93036a8da3dd4b1b972bf.webp|https://cdn2.jacars.net/media/cache/25/b6/25b672dff651e7c06882f810df18cf23.webp|https://cdn2.jacars.net/media/cache/6b/c9/6bc9fff6b5f1ae4bf5159672e3a95b49.webp|https://cdn2.jacars.net/media/cache/e5/34/e534cda89005bfb56c136fd9c8070947.webp,JACars Cars,https://www.jacars.net/adv/2509473_honda-cr-v-1-5l-2017/,2026-05-05T21:46:11.500Z,Honda,CR-V,,2017,used,,,,"{""sourceDate"":""Today"",""sourcePostedAt"":""2026-05-05T21:46:11.500Z"",""parser"":""jacars"",""sourceCategory"":""JACars Cars"",""appSubcategory"":""vehicles""}",gone,2026-10-10T20:30:43Z,404,Exact source URL returned HTTP 404,,https://www.jacars.net/adv/2509473_honda-cr-v-1-5l-2017/,20,2026-10-10T20:30:43Z,source_unavailable,Source advert API returned HTTP 404 and its detail site blocked verification; held until the listing can be verified again.,,
jacars-2511033,rejected,vehicles,vehicles,vehicles,"Toyota Prado 3,0L 2012","Swap, Negotiable",0,JMD,Saint Elizabeth,Jamaica,Mile West Auto,18764533692,"Toyota Prado 3,0L 2012 - Swap, Negotiable - Saint Elizabeth - 1 hour ago",https://cdn2.jacars.net/media/cache/b9/92/b99253438c93d45a0ce555884dd6dece.webp|https://cdn2.jacars.net/media/cache/88/11/8811863cff26149f31a1d319e36c1eea.webp|https://cdn2.jacars.net/media/cache/2d/05/2d05ae57165a917d688fb717b53f6845.webp|https://cdn2.jacars.net/media/cache/fb/99/fb99097bdea2e3685fbee4f8ec60bc09.webp,JACars Cars,https://www.jacars.net/adv/2511033_toyota-prado-3-0l-2012/,2026-05-05T20:46:11.497Z,Toyota,Prado,,2012,used,,,,"{""sourceDate"":""1 hour ago"",""sourcePostedAt"":""2026-05-05T20:46:11.497Z"",""parser"":""jacars"",""sourceCategory"":""JACars Cars"",""appSubcategory"":""vehicles""}",gone,2026-10-10T20:30:43Z,404,Exact source URL returned HTTP 404,,https://www.jacars.net/adv/2511033_toyota-prado-3-0l-2012/,20,2026-10-10T20:30:43Z,source_unavailable,Source advert API returned HTTP 404 and its detail site blocked verification; held until the listing can be verified again.,,
jacars-2510430,rejected,vehicles,vehicles,vehicles,"Nissan Sylphy 1,6L 2017","JA$ 1,400,000",1400000,JMD,Saint Catherine,Jamaica,JACars Vehicles,18765208790,"Nissan Sylphy 1,6L 2017 - JA$ 1,400,000 - Saint Catherine - 4 days ago",https://cdn2.jacars.net/media/cache/5b/23/5b2300fc993b6370640c23755ec2e3bb.webp|https://cdn2.jacars.net/media/cache/55/1f/551f61b422ddb0c969d7c2e84633fe30.webp|https://cdn2.jacars.net/media/cache/b7/e8/b7e877fb25c753024c856ce5fff86e3a.webp|https://cdn2.jacars.net/media/cache/6f/93/6f93399db2704742b6456fbfe15d8bde.webp,JACars Vehicles,https://www.jacars.net/adv/2510430_nissan-sylphy-1-6l-2017/,2026-05-05T19:59:25.497Z,Nissan,Sylphy,,2017,used,,,,"{""sourceDate"":""4 days ago"",""parser"":""jacars""}",gone,2026-10-10T20:30:43Z,404,Exact source URL returned HTTP 404,,https://www.jacars.net/adv/2510430_nissan-sylphy-1-6l-2017/,20,2026-10-10T20:30:43Z,source_unavailable,Source advert API returned HTTP 404 and its detail site blocked verification; held until the listing can be verified again.,,
jacars-2504354,rejected,vehicles,vehicles,vehicles,"BMW 5-Series 2,0L 2014","JA$ 2,000,000 JA$ 2,400,000",20000002400000,JMD,Kingston,Jamaica,JACars Vehicles,2184679711,"BMW 5-Series 2,0L 2014 - JA$ 2,000,000 JA$ 2,400,000 - Kingston - 4 days ago",https://cdn2.jacars.net/media/cache/61/05/6105b902e369228578759915b68eeb5b.webp|https://cdn2.jacars.net/media/cache/6f/02/6f0283e6d97cf0010f153c28022c9aeb.webp|https://cdn2.jacars.net/media/cache/b1/25/b12583a27e0a16d04542ce6a819c9798.webp|https://cdn2.jacars.net/media/cache/1c/d1/1cd1ea3eeb8861bc448ca8813e0e9df0.webp,JACars Vehicles,https://www.jacars.net/adv/2504354_bmw-5-series-2-0l-2005/,2026-05-05T19:59:25.497Z,BMW,5-Series,,2014,used,,,,"{""sourceDate"":""4 days ago"",""parser"":""jacars""}",unknown,2026-10-10T20:30:43Z,200,Source loaded but the listing identity was not confirmed,,https://www.jacars.net/adv/2504354_bmw-5-series-2-0l-2005/,,,source_unavailable,Source advert API returned HTTP 404 and its detail site blocked verification; held until the listing can be verified again.,,
jacars-2510622,rejected,vehicles,vehicles,vehicles,"Toyota Noah 2,0L 2016","JA$ 2,780,000",2780000,JMD,Saint Catherine,Jamaica,JACars Vehicles,18763780359,"Toyota Noah 2,0L 2016 - JA$ 2,780,000 - Saint Catherine - 4 days ago",https://cdn2.jacars.net/media/cache/50/26/50267a7642543324798ac62ffe2fa11d.webp|https://cdn2.jacars.net/media/cache/d5/4a/d54ae2d593bf10fab0380da29d0eb6e6.webp|https://cdn2.jacars.net/media/cache/7f/2c/7f2cb35ac3783ae6fd4bc27e2ccc0c06.webp|https://cdn2.jacars.net/media/cache/f9/66/f966c840eb7efa15032c13364e54e9b1.webp|https://cdn2.jacars.net/media/cache/1b/7a/1b7a3df84fd2790c67d351dcadf087aa.webp|https://cdn2.jacars.net/media/cache/a5/fc/a5fc8035f46fdc4eb2420e7e606cf60b.webp|https://cdn2.jacars.net/media/cache/e3/20/e32005ba136031d45aba11d81535d9f0.webp|https://cdn2.jacars.net/media/cache/7e/e3/7ee323fe093264e0afa1345079f775c9.webp|https://cdn2.jacars.net/media/cache/a0/63/a0632d6ac0454fdcc077c00926ed52ef.webp|https://cdn2.jacars.net/media/cache/05/3f/053fc960527597ec00a5d1e273fa3d02.webp|https://cdn2.jacars.net/media/cache/77/5d/775db72da43d7c42a30df74f9d259159.webp|https://cdn2.jacars.net/media/cache/ff/b5/ffb5253d3e3ac0f93c89e9f05f1c439a.webp,JACars Vehicles,https://www.jacars.net/adv/2510622_toyota-noah-2-0l-2016/,2026-05-05T19:59:25.496Z,Toyota,Noah,,2016,used,,,,"{""sourceDate"":""4 days ago"",""parser"":""jacars"",""imageQuality"":""source_detail_high_resolution"",""imageRefreshSource"":""jacars_gallery_full_api"",""imageRefreshAttemptedAt"":""2026-08-31T15:42:55.415Z""}",gone,2026-10-10T20:30:43Z,404,Exact source URL returned HTTP 404,,https://www.jacars.net/adv/2510622_toyota-noah-2-0l-2016/,20,2026-10-10T20:30:43Z,source_unavailable,Source advert API returned HTTP 404 and its detail site blocked verification; held until the listing can be verified again.,,
jacars-2510631,rejected,vehicles,vehicles,vehicles,"Honda Civic 1,5L 2016","JA$ 2,000,000",2000000,JMD,Kingston,Jamaica,JACars Vehicles,18768413431,"Honda Civic 1,5L 2016 - JA$ 2,000,000 - Kingston - 4 days ago",https://cdn2.jacars.net/media/cache/b4/a9/b4a9b7be9d47ef7cbbba9ecdf78de2db.webp|https://cdn2.jacars.net/media/cache/0b/e5/0be5b2acd91c8eb4196d5f7bee5b260d.webp|https://cdn2.jacars.net/media/cache/9b/2f/9b2fd4a4e1d8af4e54b9ec32f99df4f8.webp|https://cdn2.jacars.net/media/cache/78/fd/78fd12b1bb415d4986173d857f2dab59.webp,JACars Vehicles,https://www.jacars.net/adv/2510631_honda-civic-1-5l-2016/,2026-05-05T19:59:25.495Z,Honda,Civic,,2016,used,,,,"{""sourceDate"":""4 days ago"",""parser"":""jacars""}",gone,2026-10-10T20:30:43Z,404,Exact source URL returned HTTP 404,,https://www.jacars.net/adv/2510631_honda-civic-1-5l-2016/,20,2026-10-10T20:30:43Z,source_unavailable,Source advert API returned HTTP 404 and its detail site blocked verification; held until the listing can be verified again.,,
jacars-2507918,rejected,vehicles,vehicles,vehicles,"Mercedes-Benz GLE-Class 3,0L 2016","JA$ 5,780,000",5780000,JMD,Kingston,Jamaica,Andre,18762820166,"Mercedes-Benz GLE-Class 3,0L 2016 - JA$ 5,780,000 - Kingston - 4 days ago",https://cdn2.jacars.net/media/cache/18/91/1891abf961794586cfbdbfc5dfc0a9a1.webp|https://cdn2.jacars.net/media/cache/0d/ae/0dae8f93f726b85efbe602755c529ef4.webp|https://cdn2.jacars.net/media/cache/d8/62/d86256aa0b15446caf4e2a6a8b68e111.webp|https://cdn2.jacars.net/media/cache/c0/52/c052936bf6b61dfd8f630cdc0ef6c4c6.webp,JACars Vehicles,https://www.jacars.net/adv/2507918_mercedes-benz-gle-class-3-0l-2016/,2026-05-05T19:59:25.495Z,Mercedes-Benz,GLE-Class,,2016,used,,,,"{""sourceDate"":""4 days ago"",""parser"":""jacars""}",gone,2026-10-10T20:30:43Z,404,Exact source URL returned HTTP 404,,https://www.jacars.net/adv/2507918_mercedes-benz-gle-class-3-0l-2016/,20,2026-10-10T20:30:43Z,source_unavailable,Source advert API returned HTTP 404 and its detail site blocked verification; held until the listing can be verified again.,,
jacars-2510670,rejected,vehicles,vehicles,vehicles,"Toyota Mark X 2,5L 2015","JA$ 2,300,000",2300000,JMD,Saint Catherine,Jamaica,JACars Vehicles,2184679711,"Toyota Mark X 2,5L 2015 - JA$ 2,300,000 - Saint Catherine - 3 days ago",https://cdn2.jacars.net/media/cache/04/e8/04e8897e2a53f033cb12594958b81713.webp|https://cdn2.jacars.net/media/cache/94/75/94758556155fd68c94412459a09517ec.webp|https://cdn2.jacars.net/media/cache/97/e4/97e41700747597c8e1cae1414aa62da1.webp|https://cdn2.jacars.net/media/cache/db/84/db846827e1e6d06f303e1e914e07cb3b.webp,JACars Vehicles,https://www.jacars.net/adv/2510670_toyota-mark-x-2-5l-2015/,2026-05-05T19:59:25.494Z,Toyota,Mark X,,2015,used,,,,"{""sourceDate"":""3 days ago"",""parser"":""jacars""}",unknown,2026-10-10T20:30:43Z,200,Source loaded but the listing identity was not confirmed,,https://www.jacars.net/adv/2510670_toyota-mark-x-2-5l-2015/,,,source_unavailable,Source advert API returned HTTP 404 and its detail site blocked verification; held until the listing can be verified again.,,
jacars-2510634,published,vehicles,vehicles,vehicles,"Toyota Prado 3,0L 2024","JA$ 17,000,000",17000000,JMD,Kingston,Jamaica,Latoya,18768490377,"Toyota Paseo 3,0L 2024 - JA$ 17,000,000 - Kingston - 4 days ago",https://cdn2.jacars.net/media/cache/2e/9d/2e9d425dca18931bc7f02f36403c9b4c.webp|https://cdn2.jacars.net/media/cache/68/dc/68dc770157c83c5e4814451e656ecb10.webp|https://cdn2.jacars.net/media/cache/6c/f7/6cf7091ea69bba49c17be17a6a8e125b.webp|https://cdn2.jacars.net/media/cache/84/6e/846e170f8b8ff673dfee653685506a5f.webp,JACars Vehicles,https://www.jacars.net/adv/2510634_toyota-paseo-3-0l-2024/,2026-05-05T19:59:25.494Z,Toyota,Paseo,,2024,used,,,,"{""sourceDate"":""4 days ago"",""parser"":""jacars"",""imageQuality"":""source_detail_high_resolution"",""imageRefreshSource"":""jacars_gallery_full_api"",""imageRefreshAttemptedAt"":""2026-08-31T15:42:55.415Z"",""imageIntegrityVersion"":""2026-09-16.1"",""imageVerifiedAt"":""2026-09-16T13:38:36.578Z"",""imageSourceUrl"":""https://www.jacars.net/adv/2510634_toyota-paseo-3-0l-2024/""}",unknown,2026-10-10T20:30:43Z,200,Source loaded but the listing identity was not confirmed,,https://www.jacars.net/adv/2510634_toyota-paseo-3-0l-2024/,,,visible,,,
jacars-2510155,rejected,vehicles,vehicles,vehicles,"Toyota RAV4 2,5L 2015","JA$ 2,500,000",2500000,JMD,Saint Ann,Jamaica,JACars Vehicles,18765532245,"Toyota RAV4 2,5L 2015 - JA$ 2,500,000 - Saint Ann - 4 days ago",https://cdn2.jacars.net/media/cache/41/be/41be67fdb670f97c9d8b2b45de4b6a22.webp|https://cdn2.jacars.net/media/cache/c3/99/c3996a37f2bdfdf53551c7eb78c5197a.webp|https://cdn2.jacars.net/media/cache/c0/1f/c01f72e916fac8cf164b0cea4ab35d6b.webp|https://cdn2.jacars.net/media/cache/ee/31/ee3156ab488dfdb8d93549129fb63a3a.webp,JACars Vehicles,https://www.jacars.net/adv/2510155_toyota-rav4-2-5l-2015/,2026-05-05T19:59:25.494Z,Toyota,RAV4,,2015,used,,,,"{""sourceDate"":""4 days ago"",""parser"":""jacars""}",gone,2026-10-10T20:30:43Z,404,Exact source URL returned HTTP 404,,https://www.jacars.net/adv/2510155_toyota-rav4-2-5l-2015/,20,2026-10-10T20:30:43Z,source_unavailable,Source advert API returned HTTP 404 and its detail site blocked verification; held until the listing can be verified again.,,
jacars-2508967,rejected,vehicles,vehicles,vehicles,"Toyota Voxy 2,0L 2020","JA$ 3,899,000",3899000,JMD,Saint James,Jamaica,Gates Auto,18768507950,"Toyota Voxy 2,0L 2020 - JA$ 3,899,000 - Saint James - 3 days ago",https://cdn2.jacars.net/media/cache/95/2e/952e5e63e2c638f0cc025c662802ffdc.webp|https://cdn2.jacars.net/media/cache/b6/93/b6939458944fbb593a4fb027bf124f04.webp|https://cdn2.jacars.net/media/cache/05/69/0569a77e16be3ff8621ed3ccc30d86fc.webp|https://cdn2.jacars.net/media/cache/05/88/0588768ea8286a99db114a86f9e3b020.webp,JACars Vehicles,https://www.jacars.net/adv/2508967_toyota-voxy-2-0l-2020/,2026-05-05T19:59:25.494Z,Toyota,Voxy,,2020,used,,,,"{""sourceDate"":""3 days ago"",""parser"":""jacars""}",gone,2026-10-10T20:30:43Z,404,Exact source URL returned HTTP 404,,https://www.jacars.net/adv/2508967_toyota-voxy-2-0l-2020/,20,2026-10-10T20:30:43Z,source_unavailable,Source advert API returned HTTP 404 and its detail site blocked verification; held until the listing can be verified again.,,
jacars-2507093,rejected,vehicles,vehicles,vehicles,"KIA Seltos 1,5L 2024","JA$ 4,890,000",4890000,JMD,Kingston,Jamaica,Andre,18762820166,"KIA Seltos 1,5L 2024 - JA$ 4,890,000 - Kingston - 3 days ago",https://cdn2.jacars.net/media/cache/71/3c/713c3b4bc19c6d13315f74cd9fca86ea.webp|https://cdn2.jacars.net/media/cache/ae/69/ae69502ca1b52ce77170bd2bbba3db27.webp|https://cdn2.jacars.net/media/cache/86/3f/863f252e9bd3c07724f0959782b44fe8.webp|https://cdn2.jacars.net/media/cache/b9/1c/b91cbc65678436a60051630a02e830d0.webp,JACars Vehicles,https://www.jacars.net/adv/2507093_kia-seltos-2-0l-2024/,2026-05-05T19:59:25.494Z,KIA,Seltos,,2024,used,,,,"{""sourceDate"":""3 days ago"",""parser"":""jacars""}",gone,2026-10-10T20:30:43Z,404,Exact source URL returned HTTP 404,,https://www.jacars.net/adv/2507093_kia-seltos-2-0l-2024/,20,2026-10-10T20:30:43Z,source_unavailable,Source advert API returned HTTP 404 and its detail site blocked verification; held until the listing can be verified again.,,
jacars-2510715,rejected,vehicles,vehicles,vehicles,"Hyundai Tucson 2,0L 2013","JA$ 1,200,000",1200000,JMD,Kingston,Jamaica,JACars Vehicles,18763142610,"Hyundai Tucson 2,0L 2013 - JA$ 1,200,000 - Kingston - 3 days ago",https://cdn2.jacars.net/media/cache/60/13/6013e094c2d0f3dbb29c18e91f7a8175.webp|https://cdn2.jacars.net/media/cache/ef/27/ef27a8aafd9bb3d53c30028e3ce26fc7.webp|https://cdn2.jacars.net/media/cache/21/2b/212b32bc51439f39eab231a1b512be8f.webp|https://cdn2.jacars.net/media/cache/11/af/11af44bd05d322df8b215ad5a42ba515.webp,JACars Vehicles,https://www.jacars.net/adv/2510715_hyundai-tucson-2-0l-2013/,2026-05-05T19:59:25.493Z,Hyundai,Tucson,,2013,used,,,,"{""sourceDate"":""3 days ago"",""parser"":""jacars""}",gone,2026-10-10T20:30:43Z,404,Exact source URL returned HTTP 404,,https://www.jacars.net/adv/2510715_hyundai-tucson-2-0l-2013/,20,2026-10-10T20:30:43Z,source_unavailable,Source advert API returned HTTP 404 and its detail site blocked verification; held until the listing can be verified again.,,
jacars-2510714,rejected,vehicles,vehicles,vehicles,"Subaru Impreza 1,6L 2017","JA$ 1,090,000",1090000,JMD,Kingston,Jamaica,MOTORSOURCE,18764834888,"Subaru Impreza 1,6L 2017 - JA$ 1,090,000 - Kingston - 3 days ago",https://cdn2.jacars.net/media/cache/8d/a9/8da937e4bcfd53884d0d35f8a57b0362.webp|https://cdn2.jacars.net/media/cache/50/aa/50aae67efe0f7ca0722a8c1d9bf7797f.webp|https://cdn2.jacars.net/media/cache/dc/20/dc2083a9deba1acca64ebbfa9f782974.webp|https://cdn2.jacars.net/media/cache/1f/47/1f47f4845b72d216e9b37c57aa0b9621.webp,JACars Vehicles,https://www.jacars.net/adv/2510714_subaru-impreza-1-6l-2017/,2026-05-05T19:59:25.493Z,Subaru,Impreza,,2017,used,,,,"{""sourceDate"":""3 days ago"",""parser"":""jacars""}",gone,2026-10-10T20:30:43Z,404,Exact source URL returned HTTP 404,,https://www.jacars.net/adv/2510714_subaru-impreza-1-6l-2017/,20,2026-10-10T20:30:43Z,source_unavailable,Source advert API returned HTTP 404 and its detail site blocked verification; held until the listing can be verified again.,,
jacars-2510613,rejected,vehicles,vehicles,vehicles,"BMW 4-Series 2,0L 2018","JA$ 3,500,000",3500000,JMD,Kingston,Jamaica,JACars Vehicles,18764642849,"BMW 4-Series 2,0L 2018 - JA$ 3,500,000 - Kingston - 3 days ago",https://cdn2.jacars.net/media/cache/8d/4f/8d4f5e128d3cf9fa17d4d07e99bba9ec.webp|https://cdn2.jacars.net/media/cache/d4/19/d419029105ca423d7eda6c9cc31684b9.webp|https://cdn2.jacars.net/media/cache/37/63/3763c6a8e748cc25f6b1fff47334bba1.webp|https://cdn2.jacars.net/media/cache/5a/de/5aded7b6c132930cbb91ea779eee0a8d.webp,JACars Vehicles,https://www.jacars.net/adv/2510613_bmw-4-series-2-0l-2018/,2026-05-05T19:59:25.493Z,BMW,4-Series,,2018,used,,,,"{""sourceDate"":""3 days ago"",""parser"":""jacars""}",gone,2026-10-10T20:30:43Z,404,Exact source URL returned HTTP 404,,https://www.jacars.net/adv/2510613_bmw-4-series-2-0l-2018/,20,2026-10-10T20:30:43Z,source_unavailable,Source advert API returned HTTP 404 and its detail site blocked verification; held until the listing can be verified again.,,
jacars-2505834,published,vehicles,vehicles,vehicles,"Honda Stepwgn Spada 2,0L 2018","JA$ 3,350,000",3350000,JMD,Saint Andrew,Jamaica,Andre,18762820166,"Honda Stepwgn Spada 2,0L 2018 - JA$ 3,350,000 - Saint Andrew - 3 days ago",https://cdn2.jacars.net/media/cache/0d/26/0d263418f3c0bc40f038c00cc7a77052.webp|https://cdn2.jacars.net/media/cache/aa/30/aa30cc2f7bf4bc7262286ca1115dfe51.webp|https://cdn2.jacars.net/media/cache/c0/c6/c0c614da112830ea789f8ae14c4c7401.webp|https://cdn2.jacars.net/media/cache/96/1b/961b1c096e1691495cc77c9c6cb6b6f3.webp,JACars Vehicles,https://www.jacars.net/adv/2505834_honda-stepwgn-spada-2-0l-2018/,2026-05-05T19:59:25.493Z,Honda,Stepwgn Spada,,2018,used,,,,"{""sourceDate"":""3 days ago"",""parser"":""jacars"",""imageQuality"":""source_detail_high_resolution"",""imageRefreshSource"":""jacars_gallery_full_api"",""imageRefreshAttemptedAt"":""2026-08-31T15:42:55.415Z"",""imageIntegrityVersion"":""2026-09-06.1"",""imageVerifiedAt"":""2026-09-07T00:05:03.876Z"",""imageSourceUrl"":""https://www.jacars.net/adv/2505834_honda-stepwgn-spada-2-0l-2018/""}",active,2026-10-10T20:30:43Z,200,Matching listing has an available source offer,2026-10-10T20:30:43Z,https://www.jacars.net/adv/2505834_honda-stepwgn-spada-2-0l-2018/,0,,visible,,,
jacars-2504118,rejected,vehicles,vehicles,vehicles,"Toyota Noah 2,0L 2019",Call for price,0,JMD,Saint Ann,Jamaica,Steel Wheel Auto Limited,18764706672,"Toyota Noah 2,0L 2019 - Call for price - Saint Ann - 3 days ago",https://cdn2.jacars.net/media/cache/cb/f0/cbf06382673bf22d8c86afea74693f1b.webp|https://cdn2.jacars.net/media/cache/bd/63/bd63295cbd01b422edf14b0a574d7e48.webp|https://cdn2.jacars.net/media/cache/90/0a/900a0dcf7d61a932c1a13dcd5d06c09d.webp|https://cdn2.jacars.net/media/cache/f6/bb/f6bb299bdcc8dec8a7258cfda00daeb3.webp,JACars Vehicles,https://www.jacars.net/adv/2504118_toyota-noah-2-0l-2019/,2026-05-05T19:59:25.493Z,Toyota,Noah,,2019,used,,,,"{""sourceDate"":""3 days ago"",""parser"":""jacars""}",gone,2026-10-10T20:30:43Z,404,Exact source URL returned HTTP 404,,https://www.jacars.net/adv/2504118_toyota-noah-2-0l-2019/,20,2026-10-10T20:30:43Z,source_unavailable,Source advert API returned HTTP 404 and its detail site blocked verification; held until the listing can be verified again.,,
jacars-2510738,rejected,vehicles,vehicles,vehicles,"Honda Vezel 1,5L 2015","JA$ 1,780,000",1780000,JMD,Kingston,Jamaica,Morris & Wright Auto Ltd,18768531657,"Honda Vezel 1,5L 2015 - JA$ 1,780,000 - Kingston - 2 days ago",https://cdn2.jacars.net/media/cache/50/8f/508f07cc32ea7060400379c4cbc6635d.webp|https://cdn2.jacars.net/media/cache/eb/66/eb66376a0698dd1dc4710cbda71dce9f.webp|https://cdn2.jacars.net/media/cache/2c/7e/2c7e505d185a25fa7705e9ec348ae736.webp|https://cdn2.jacars.net/media/cache/df/9d/df9d8b564144eabecd97855a06494742.webp,JACars Vehicles,https://www.jacars.net/adv/2510738_honda-vezel-1-5l-2015/,2026-05-05T19:59:25.492Z,Honda,Vezel,,2015,used,,,,"{""sourceDate"":""2 days ago"",""parser"":""jacars""}",unknown,2026-10-10T20:30:43Z,200,Source loaded but the listing identity was not confirmed,,https://www.jacars.net/adv/2510738_honda-vezel-1-5l-2015/,,,source_unavailable,Source advert API returned HTTP 404 and its detail site blocked verification; held until the listing can be verified again.,,
jacars-2509108,rejected,vehicles,vehicles,vehicles,"Toyota Crown Athlete 2,5L 2016","JA$ 3,300,000",3300000,JMD,Saint Elizabeth,Jamaica,Swabys Auto Sales & Import,18764955642,"Toyota Crown Athlete 2,5L 2016 - JA$ 3,300,000 - Saint Elizabeth - 3 days ago",https://cdn2.jacars.net/media/cache/22/95/229547022d27598f86a3b32c83a091ff.webp|https://cdn2.jacars.net/media/cache/e7/8a/e78a27a08b6787401b2ea00ff7339a4d.webp|https://cdn2.jacars.net/media/cache/87/61/8761145c452955a3e1656c31f579ad0d.webp|https://cdn2.jacars.net/media/cache/67/33/67330626cff6b9cd557da986e8754cea.webp,JACars Vehicles,https://www.jacars.net/adv/2509108_toyota-crown-athlete-2-5l-2016/,2026-05-05T19:59:25.492Z,Toyota,Crown Athlete,,2016,used,,,,"{""sourceDate"":""3 days ago"",""parser"":""jacars"",""imageQuality"":""source_detail_high_resolution"",""imageRefreshSource"":""jacars_gallery_full_api"",""imageRefreshAttemptedAt"":""2026-08-31T15:42:55.415Z"",""imageIntegrityVersion"":""2026-09-16.1"",""imageVerifiedAt"":""2026-09-16T13:38:36.578Z"",""imageSourceUrl"":""https://www.jacars.net/adv/2509108_toyota-crown-athlete-2-5l-2016/""}",gone,2026-10-10T20:30:43Z,404,Exact source URL returned HTTP 404,,https://www.jacars.net/adv/2509108_toyota-crown-athlete-2-5l-2016/,17,2026-10-10T20:30:43Z,source_unavailable,Source advert API returned HTTP 404 and its detail site blocked verification; held until the listing can be verified again.,,
jacars-2503524,published,vehicles,vehicles,vehicles,"BMW X4 3,0L 2019","JA$ 10,800,000 JA$ 11,450,000",1080000011450000,JMD,Saint Ann,Jamaica,JACars Vehicles,18764313304,"2019 X4M Competition
Power over 500HP stock
Fully Loaded
Push Start
Multifunction Steering Wheel
Paddle shifters
Ambient Lighting
Apple and Android auto
Heads Up Display
Power/Tilt Steering
Turbo Charger
360 Degree Camera
Lane Assist
Collision Assist
Black Leather Seats
Reverse Camera
Alloy Rims
Free Fitness
Free Servicing

Contact: 876-431-3304",https://cdn2.jacars.net/media/cache/de/f4/def43bc76ea8228b055f7389b1a41eee.webp|https://cdn2.jacars.net/media/cache/05/b9/05b94dab7dc2cf4f5c97efe3be31fb9f.webp|https://cdn2.jacars.net/media/cache/ff/f8/fff892894a80b0b3f517d2d7cf176c5e.webp|https://cdn2.jacars.net/media/cache/5e/51/5e510829f4e20e68aaa1d7f0306bf7f0.webp,JACars Vehicles,https://www.jacars.net/adv/2503524_bmw-x4-3-0l-2019/,2026-05-05T19:59:25.492Z,BMW,X4,,2019,used,Automatic,,56658,"{""sourceDate"":""2 days ago"",""parser"":""jacars"",""imageQuality"":""source_detail_high_resolution"",""imageRefreshSource"":""jacars_gallery_full_api"",""imageRefreshAttemptedAt"":""2026-08-31T15:42:55.415Z"",""imageIntegrityVersion"":""2026-10-07.1"",""imageVerifiedAt"":""2026-10-10T21:01:33.387Z"",""imageSourceUrl"":""https://www.jacars.net/adv/2503524_bmw-x4-3-0l-2019/"",""brand"":""X4"",""transmission"":""Automatic"",""fuel"":""Petrol"",""bodyType"":""SUV"",""mileageKm"":56658,""details"":[],""detailsSourceUrl"":""https://www.jacars.net/adv/2503524_bmw-x4-3-0l-2019/"",""detailsVerifiedAt"":""2026-10-10T20:45:31.479532+00:00"",""make"":""BMW"",""model"":""X4"",""year"":""2019"",""condition"":""used"",""sourceSpecifications"":[],""listingIdentity"":{""version"":""2026-10-07.1"",""sourceUrl"":""https://www.jacars.net/adv/2503524_bmw-x4-3-0l-2019/"",""title"":""BMW X4 3,0L 2019"",""images"":[""https://cdn2.jacars.net/media/cache/de/f4/def43bc76ea8228b055f7389b1a41eee.webp"",""https://cdn2.jacars.net/media/cache/05/b9/05b94dab7dc2cf4f5c97efe3be31fb9f.webp"",""https://cdn2.jacars.net/media/cache/ff/f8/fff892894a80b0b3f517d2d7cf176c5e.webp"",""https://cdn2.jacars.net/media/cache/5e/51/5e510829f4e20e68aaa1d7f0306bf7f0.webp""],""phones"":[""18764313304""],""sellerId"":"""",""city"":""Saint Ann"",""checkedAt"":""2026-10-10T21:01:33.387Z""}}",active,2026-10-10T20:30:43Z,200,Matching listing has an available source offer,2026-10-10T20:30:43Z,https://www.jacars.net/adv/2503524_bmw-x4-3-0l-2019/,0,,visible,,,
jacars-2510739,rejected,vehicles,vehicles,vehicles,"Toyota RAV4 1,6L 2014","JA$ 2,290,000",2290000,JMD,Kingston,Jamaica,Morris & Wright Auto Ltd,18768531657,"Toyota RAV4 1,6L 2014 - JA$ 2,290,000 - Kingston - 2 days ago",https://cdn2.jacars.net/media/cache/a3/87/a3876961a3796d1b5a9d8573eba25162.webp|https://cdn2.jacars.net/media/cache/17/6a/176aae747e890db0e3b800352b32a8aa.webp|https://cdn2.jacars.net/media/cache/66/25/6625276be22aeb8cecaed9e90c9125ef.webp|https://cdn2.jacars.net/media/cache/2e/1e/2e1ed72984b7229d2aa525d60cae6548.webp,JACars Vehicles,https://www.jacars.net/adv/2510739_toyota-rav4-1-6l-2014/,2026-05-05T19:59:25.491Z,Toyota,RAV4,,2014,used,,,,"{""sourceDate"":""2 days ago"",""parser"":""jacars""}",gone,2026-10-10T20:30:43Z,404,Exact source URL returned HTTP 404,,https://www.jacars.net/adv/2510739_toyota-rav4-1-6l-2014/,20,2026-10-10T20:30:43Z,source_unavailable,Source advert API returned HTTP 404 and its detail site blocked verification; held until the listing can be verified again.,,
jacars-2504932,rejected,vehicles,vehicles,vehicles,"Toyota Corolla Cross 1,8L 2022","JA$ 4,600,000",4600000,JMD,Saint Elizabeth,Jamaica,JACars Vehicles,18764859169,"Toyota Corolla Cross 1,8L 2022 - JA$ 4,600,000 - Saint Elizabeth - 2 days ago",https://cdn2.jacars.net/media/cache/d0/19/d01933ccb481df366875bb0b4b6baa9f.webp|https://cdn2.jacars.net/media/cache/93/63/9363b840e43dffd0db75ccd1c39324df.webp|https://cdn2.jacars.net/media/cache/0b/38/0b384768c5a1581248b942cce90fd1dc.webp|https://cdn2.jacars.net/media/cache/ab/3c/ab3c79b2499acf4e56b8f3dd49508eac.webp,JACars Vehicles,https://www.jacars.net/adv/2504932_toyota-corolla-cross-1-8l-2022/,2026-05-05T19:59:25.491Z,Toyota,Corolla Cross,,2022,used,,,,"{""sourceDate"":""2 days ago"",""parser"":""jacars""}",gone,2026-10-10T20:30:43Z,404,Exact source URL returned HTTP 404,,https://www.jacars.net/adv/2504932_toyota-corolla-cross-1-8l-2022/,20,2026-10-10T20:30:43Z,source_unavailable,Source advert API returned HTTP 404 and its detail site blocked verification; held until the listing can be verified again.,,
jacars-2499647,rejected,vehicles,vehicles,vehicles,"Hyundai Palisade 2,2L 2022","JA$ 7,900,000 JA$ 9,000,000",79000009000000,JMD,Saint Ann,Jamaica,JACars Vehicles,18768156674,"Hyundai Palisade 2,2L 2022 - JA$ 7,900,000 JA$ 9,000,000 - Saint Ann - 2 days ago",https://cdn2.jacars.net/media/cache/1e/c8/1ec8bea063f1c7ffbc4dabd25b49d358.webp|https://cdn2.jacars.net/media/cache/65/74/6574645db7404e06114ecddb27e9970e.webp|https://cdn2.jacars.net/media/cache/46/e6/46e6719495ef2286593fe978549e7eea.webp|https://cdn2.jacars.net/media/cache/77/67/7767a7f27d8d5e07249a0fed12acf21d.webp,JACars Vehicles,https://www.jacars.net/adv/2499647_hyundai-palisade-2-2l-2022/,2026-05-05T19:59:25.491Z,Hyundai,Palisade,,2022,used,,,,"{""sourceDate"":""2 days ago"",""parser"":""jacars""}",unknown,2026-10-10T20:30:43Z,200,Source loaded but the listing identity was not confirmed,,https://www.jacars.net/adv/2499647_hyundai-palisade-2-2l-2022/,,,source_unavailable,Source advert API returned HTTP 404 and its detail site blocked verification; held until the listing can be verified again.,,
jacars-2510786,rejected,vehicles,vehicles,vehicles,"Toyota Axio 1,6L 2019","JA$ 2,100,000",2100000,JMD,Saint Catherine,Jamaica,JACars Vehicles,18763685552,"Toyota Axio 1,6L 2019 - JA$ 2,100,000 - Saint Catherine - Yesterday",https://cdn2.jacars.net/media/cache/3b/17/3b177e6a0f4a8bcac8825167a2cde5f6.webp|https://cdn2.jacars.net/media/cache/22/11/22111ff5905b93889c0dde9884ef5a53.webp|https://cdn2.jacars.net/media/cache/68/e1/68e166633fb08c5a4302af95a5b3036b.webp|https://cdn2.jacars.net/media/cache/3b/d0/3bd0c33178664d31a7a45a270fa26c04.webp,JACars Vehicles,https://www.jacars.net/adv/2510786_toyota-axio-1-6l-2019/,2026-05-05T19:59:25.490Z,Toyota,Axio,,2019,used,,,,"{""sourceDate"":""Yesterday"",""parser"":""jacars""}",gone,2026-10-10T20:30:43Z,404,Exact source URL returned HTTP 404,,https://www.jacars.net/adv/2510786_toyota-axio-1-6l-2019/,20,2026-10-10T20:30:43Z,source_unavailable,Source advert API returned HTTP 404 and its detail site blocked verification; held until the listing can be verified again.,,
jacars-2510775,rejected,vehicles,vehicles,vehicles,"Mitsubishi Lancer 2,0L 2016","JA$ 850,000",850000,JMD,Saint Catherine,Jamaica,JACars Vehicles,18765219086,"Mitsubishi Lancer 2,0L 2016 - JA$ 850,000 - Saint Catherine - 2 days ago",https://cdn2.jacars.net/media/cache/94/9b/949b99a17d0485746205ce858352eb63.webp|https://cdn2.jacars.net/media/cache/9f/7d/9f7d99c5813ba9550317c182f06a2ead.webp|https://cdn2.jacars.net/media/cache/d6/57/d657893cf34e738e86a964576a3098df.webp|https://cdn2.jacars.net/media/cache/45/02/45023f7ce0329448630814f92586d969.webp,JACars Vehicles,https://www.jacars.net/adv/2510775_mitsubishi-lancer-2-0l-2016/,2026-05-05T19:59:25.490Z,Mitsubishi,Lancer,,2016,used,,,,"{""sourceDate"":""2 days ago"",""parser"":""jacars""}",unknown,2026-10-10T20:30:43Z,200,Source loaded but the listing identity was not confirmed,,https://www.jacars.net/adv/2510775_mitsubishi-lancer-2-0l-2016/,,,source_unavailable,Source advert API returned HTTP 404 and its detail site blocked verification; held until the listing can be verified again.,,
jacars-2510770,rejected,vehicles,vehicles,vehicles,"Honda Fit 1,3L 2012","JA$ 965,000",965000,JMD,Manchester,Jamaica,Starr,18768040038,"Honda Fit 1,3L 2012 - JA$ 965,000 - Manchester - 2 days ago",https://cdn2.jacars.net/media/cache/78/4d/784dd1d4ef546110147dc60112295021.webp|https://cdn2.jacars.net/media/cache/9c/6e/9c6e51c297965ddf7dc74380a325d237.webp|https://cdn2.jacars.net/media/cache/fe/9e/fe9ebcf05a3d53623b4dc16bd0781e5c.webp|https://cdn2.jacars.net/media/cache/88/09/8809c1dffd42669b8c62305d61ba2917.webp,JACars Vehicles,https://www.jacars.net/adv/2510770_honda-fit-1-3l-2012/,2026-05-05T19:59:25.490Z,Honda,Fit,,2012,used,,,,"{""sourceDate"":""2 days ago"",""parser"":""jacars""}",unknown,2026-10-10T20:30:43Z,200,Source loaded but the listing identity was not confirmed,,https://www.jacars.net/adv/2510770_honda-fit-1-3l-2012/,,,source_unavailable,Source advert API returned HTTP 404 and its detail site blocked verification; held until the listing can be verified again.,,
jacars-2510797,rejected,vehicles,vehicles,vehicles,"BMW X6 3,0L 2016","JA$ 6,000,000",6000000,JMD,Saint Catherine,Jamaica,JACars Vehicles,18764593467,"BMW X6 3,0L 2016 - JA$ 6,000,000 - Saint Catherine - Yesterday",https://cdn2.jacars.net/media/cache/59/92/599242c25971107cadd891899df57783.webp|https://cdn2.jacars.net/media/cache/3d/c1/3dc1e6624fa1e1c0fe201a509d9fd62f.webp|https://cdn2.jacars.net/media/cache/40/12/4012cba9c6d696820e23138cf7d044cf.webp|https://cdn2.jacars.net/media/cache/1b/7f/1b7fdfd06eb6a6dde88843c9bda16a23.webp,JACars Vehicles,https://www.jacars.net/adv/2510797_bmw-x6-3-0l-2016/,2026-05-05T19:59:25.489Z,BMW,X6,,2016,used,,,,"{""sourceDate"":""Yesterday"",""parser"":""jacars""}",gone,2026-10-10T20:30:43Z,404,Exact source URL returned HTTP 404,,https://www.jacars.net/adv/2510797_bmw-x6-3-0l-2016/,20,2026-10-10T20:30:43Z,source_unavailable,Source advert API returned HTTP 404 and its detail site blocked verification; held until the listing can be verified again.,,
jacars-2506649,rejected,vehicles,vehicles,vehicles,"BMW 3-Series 2,0L 2017","JA$ 3,290,000",3290000,JMD,Manchester,Jamaica,AMD Auto Sales Ltd,18764480040,"BMW 3-Series 2,0L 2017 - JA$ 3,290,000 - Manchester - Yesterday",https://cdn2.jacars.net/media/cache/3e/ab/3eab70449f1488b5534b3df95077e2f4.webp|https://cdn2.jacars.net/media/cache/f3/65/f365c1e0a2aecaa7777312c7b14608b2.webp|https://cdn2.jacars.net/media/cache/b1/81/b1813b46dc5a493a8e92c70f3eb7437d.webp|https://cdn2.jacars.net/media/cache/f3/5d/f35df8e9fa97c6deb01135f68ac63850.webp,JACars Vehicles,https://www.jacars.net/adv/2506649_bmw-3-series-2-0l-2017/,2026-05-05T19:59:25.489Z,BMW,3-Series,,2017,used,,,,"{""sourceDate"":""Yesterday"",""parser"":""jacars""}",gone,2026-10-10T20:30:43Z,404,Exact source URL returned HTTP 404,,https://www.jacars.net/adv/2506649_bmw-3-series-2-0l-2017/,20,2026-10-10T20:30:43Z,source_unavailable,Source advert API returned HTTP 404 and its detail site blocked verification; held until the listing can be verified again.,,
jacars-2502864,rejected,vehicles,vehicles,vehicles,"Toyota Probox 1,3L 2020","JA$ 1,930,000",1930000,JMD,Kingston,Jamaica,Karmanjahni Company Ltd,18763566266,"Toyota Probox 1,3L 2020 - JA$ 1,930,000 - Kingston - Yesterday",https://cdn2.jacars.net/media/cache/66/a3/66a347d0d84c9a93ea217311dd003707.webp|https://cdn2.jacars.net/media/cache/5e/70/5e7010d0402afb15b17c6961179a3cbc.webp|https://cdn2.jacars.net/media/cache/b5/01/b501053c8dd0c5e1a991eeaee629c264.webp|https://cdn2.jacars.net/media/cache/d4/c4/d4c48d823b07cbf5c6ec8a56bf165b15.webp,JACars Vehicles,https://www.jacars.net/adv/2502864_toyota-probox-1-5l-2020/,2026-05-05T19:59:25.489Z,Toyota,Probox,,2020,used,,,,"{""sourceDate"":""Yesterday"",""parser"":""jacars""}",gone,2026-10-10T20:30:43Z,404,Exact source URL returned HTTP 404,,https://www.jacars.net/adv/2502864_toyota-probox-1-5l-2020/,20,2026-10-10T20:30:43Z,source_unavailable,Source advert API returned HTTP 404 and its detail site blocked verification; held until the listing can be verified again.,,
jacars-2510815,rejected,vehicles,vehicles,vehicles,"Toyota Noah 2,0L 2014","JA$ 2,490,000",2490000,JMD,Manchester,Jamaica,TOP RATED AUTOMOTIVE LTD,18765122128,"Toyota Noah 2,0L 2014 - JA$ 2,490,000 - Manchester - Yesterday",https://cdn2.jacars.net/media/cache/d5/ee/d5eee99c57b5ef6adcf39f9fcfe94c16.webp|https://cdn2.jacars.net/media/cache/c0/0b/c00b9e20abc32237214d1acff9b3ad82.webp|https://cdn2.jacars.net/media/cache/20/80/208093b62f28ecf2ba0af9939e1c54ba.webp|https://cdn2.jacars.net/media/cache/2f/14/2f1488bf69888bcf0fdb2ee1b1278849.webp,JACars Vehicles,https://www.jacars.net/adv/2510815_toyota-noah-2-0l-2014/,2026-05-05T19:59:25.488Z,Toyota,Noah,,2014,used,,,,"{""sourceDate"":""Yesterday"",""parser"":""jacars""}",gone,2026-10-10T20:30:43Z,404,Exact source URL returned HTTP 404,,https://www.jacars.net/adv/2510815_toyota-noah-2-0l-2014/,20,2026-10-10T20:30:43Z,source_unavailable,Source advert API returned HTTP 404 and its detail site blocked verification; held until the listing can be verified again.,,
jacars-2510814,rejected,vehicles,vehicles,vehicles,"Toyota Fielder 1,5L 2013","JA$ 1,350,000",1350000,JMD,Manchester,Jamaica,TOP RATED AUTOMOTIVE LTD,18765122128,"Toyota Fielder 1,5L 2013 - JA$ 1,350,000 - Manchester - Yesterday",https://cdn2.jacars.net/media/cache/e6/12/e61201141f4e15e7a2c2b3f500787930.webp|https://cdn2.jacars.net/media/cache/3b/2d/3b2dc82ab105673b679a6646b44b00ca.webp|https://cdn2.jacars.net/media/cache/f2/2d/f22d8327c8cccabf514c04c22280a785.webp|https://cdn2.jacars.net/media/cache/ac/a0/aca020946b8d4161649d7a60fccc6c45.webp,JACars Vehicles,https://www.jacars.net/adv/2510814_toyota-fielder-1-5l-2013/,2026-05-05T19:59:25.488Z,Toyota,Fielder,,2013,used,,,,"{""sourceDate"":""Yesterday"",""parser"":""jacars""}",gone,2026-10-10T20:30:43Z,404,Exact source URL returned HTTP 404,,https://www.jacars.net/adv/2510814_toyota-fielder-1-5l-2013/,20,2026-10-10T20:30:43Z,source_unavailable,Source advert API returned HTTP 404 and its detail site blocked verification; held until the listing can be verified again.,,
jacars-2508795,rejected,vehicles,vehicles,vehicles,"Toyota Voxy 2,0L 2016","JA$ 2,990,000",2990000,JMD,Saint Elizabeth,Jamaica,EZO Auto World,18762154643,"Toyota Voxy 2,0L 2016 - JA$ 2,990,000 - Saint Elizabeth - Yesterday",https://cdn2.jacars.net/media/cache/f1/1a/f11ac39b27e04925f2eadfde8f0a02cc.webp|https://cdn2.jacars.net/media/cache/33/a0/33a09c28d7710119c1d3898fcc09e182.webp|https://cdn2.jacars.net/media/cache/85/95/859596b26d7864c371a4b3396e72c076.webp|https://cdn2.jacars.net/media/cache/d2/57/d25743b4add5783bb3444155966a0134.webp,JACars Vehicles,https://www.jacars.net/adv/2508795_toyota-voxy-2-0l-2016/,2026-05-05T19:59:25.488Z,Toyota,Voxy,,2016,used,,,,"{""sourceDate"":""Yesterday"",""parser"":""jacars""}",gone,2026-10-10T20:30:43Z,404,Exact source URL returned HTTP 404,,https://www.jacars.net/adv/2508795_toyota-voxy-2-0l-2016/,20,2026-10-10T20:30:43Z,source_unavailable,Source advert API returned HTTP 404 and its detail site blocked verification; held until the listing can be verified again.,,
jacars-2505467,rejected,vehicles,vehicles,vehicles,"Honda Vezel 1,5L 2022","JA$ 4,690,000",4690000,JMD,Saint Mary,Jamaica,North Coast Auto Sales,18767904717,"Honda Vezel 1,5L 2022 - JA$ 4,690,000 - Saint Mary - Yesterday",https://cdn2.jacars.net/media/cache/e8/8b/e88b49aa65ccf4dc89ff5e753a94b626.webp|https://cdn2.jacars.net/media/cache/6c/a0/6ca06529a8439c394c4faf37bc43ada2.webp|https://cdn2.jacars.net/media/cache/7d/4e/7d4e1969072e367c82f7909974abcdbb.webp|https://cdn2.jacars.net/media/cache/97/54/97549bc8aca0e9b7c9d6a013241a3aa6.webp,JACars Vehicles,https://www.jacars.net/adv/2505467_honda-vezel-1-5l-2022/,2026-05-05T19:59:25.488Z,Honda,Vezel,,2022,used,,,,"{""sourceDate"":""Yesterday"",""parser"":""jacars""}",gone,2026-10-10T20:30:43Z,404,Exact source URL returned HTTP 404,,https://www.jacars.net/adv/2505467_honda-vezel-1-5l-2022/,20,2026-10-10T20:30:43Z,source_unavailable,Source advert API returned HTTP 404 and its detail site blocked verification; held until the listing can be verified again.,,
jacars-2510817,rejected,vehicles,vehicles,vehicles,"Toyota Axio 1,5L 2014","JA$ 1,290,000",1290000,JMD,Manchester,Jamaica,TOP RATED AUTOMOTIVE LTD,18765122128,"Toyota Axio 1,5L 2014 - JA$ 1,290,000 - Manchester - Yesterday",https://cdn2.jacars.net/media/cache/2b/25/2b259d13e0e7d4c5dcd038b274144838.webp|https://cdn2.jacars.net/media/cache/c1/40/c140a948571e6f84830297e76978345a.webp|https://cdn2.jacars.net/media/cache/85/c5/85c504759253358f5d6f395afd778692.webp|https://cdn2.jacars.net/media/cache/e4/d0/e4d03252aaccfbf0e6aacb0a4c02636b.webp,JACars Vehicles,https://www.jacars.net/adv/2510817_toyota-axio-1-5l-2014/,2026-05-05T19:59:25.487Z,Toyota,Axio,,2014,used,,,,"{""sourceDate"":""Yesterday"",""parser"":""jacars""}",gone,2026-10-10T20:30:43Z,404,Exact source URL returned HTTP 404,,https://www.jacars.net/adv/2510817_toyota-axio-1-5l-2014/,20,2026-10-10T20:30:43Z,source_unavailable,Source advert API returned HTTP 404 and its detail site blocked verification; held until the listing can be verified again.,,
jacars-2509631,rejected,vehicles,vehicles,vehicles,"Honda Accord 2,0L 2022","JA$ 5,600,000 JA$ 5,950,000",56000005950000,JMD,Saint Catherine,Jamaica,JACars Vehicles,18765068153,"Honda Accord 2,0L 2022 - JA$ 5,600,000 JA$ 5,950,000 - Saint Catherine - Yesterday",https://cdn2.jacars.net/media/cache/11/7d/117d162334a355395caa82afba0b8189.webp|https://cdn2.jacars.net/media/cache/6e/5c/6e5ce5eadacad06501d867303e93d3b3.webp|https://cdn2.jacars.net/media/cache/09/6f/096f0f203f4afee1cdda12975d65f675.webp|https://cdn2.jacars.net/media/cache/16/c7/16c705723e52da2c4fafcb3ffe408eaa.webp,JACars Vehicles,https://www.jacars.net/adv/2509631_honda-accord-2-0l-2022/,2026-05-05T19:59:25.487Z,Honda,Accord,,2022,used,,,,"{""sourceDate"":""Yesterday"",""parser"":""jacars""}",gone,2026-10-10T20:30:43Z,404,Exact source URL returned HTTP 404,,https://www.jacars.net/adv/2509631_honda-accord-2-0l-2022/,20,2026-10-10T20:30:43Z,source_unavailable,Source advert API returned HTTP 404 and its detail site blocked verification; held until the listing can be verified again.,,
jacars-2507059,rejected,vehicles,vehicles,vehicles,"Audi A3 1,4L 2019",Call for price,0,JMD,Kingston,Jamaica,JACars Vehicles,2184679711,"Audi A3 1,4L 2019 - Call for price - Kingston - Yesterday",https://cdn2.jacars.net/media/cache/b7/90/b790d4390a730838b84f1bc8e0fb3a83.webp|https://cdn2.jacars.net/media/cache/0d/f3/0df3d5f4b9ff66bed14f16cbfc64bfd4.webp|https://cdn2.jacars.net/media/cache/f4/9d/f49d8e0cd17a95abebcec52f190c73d5.webp|https://cdn2.jacars.net/media/cache/70/63/7063f25a2eefbded54e5df92c4182ee3.webp,JACars Vehicles,https://www.jacars.net/adv/2507059_audi-a3-1-4l-2019/,2026-05-05T19:59:25.487Z,Audi,A3,,2019,used,,,,"{""sourceDate"":""Yesterday"",""parser"":""jacars""}",unknown,2026-10-10T20:30:43Z,200,Source loaded but the listing identity was not confirmed,,https://www.jacars.net/adv/2507059_audi-a3-1-4l-2019/,,,source_unavailable,Source advert API returned HTTP 404 and its detail site blocked verification; held until the listing can be verified again.,,
jacars-2504293,rejected,vehicles,vehicles,vehicles,"KIA Carnival 2,0L 2020","JA$ 3,500,000",3500000,JMD,Kingston,Jamaica,JACars Vehicles,2184679711,"KIA Carnival 2,0L 2020 - JA$ 3,500,000 - Kingston - Yesterday",https://cdn2.jacars.net/media/cache/3d/01/3d01523d823db7c8605f0a44baf454d0.webp|https://cdn2.jacars.net/media/cache/8e/9e/8e9eb1c16bbf01afa58b3524da7763da.webp|https://cdn2.jacars.net/media/cache/8f/3b/8f3b7849d230de57d43cb5111146dc6e.webp|https://cdn2.jacars.net/media/cache/aa/4b/aa4bb25dc92ee44843fca7706c9dbafa.webp,JACars Vehicles,https://www.jacars.net/adv/2504293_kia-carnival/,2026-05-05T19:59:25.486Z,KIA,Carnival,,2020,used,,,,"{""sourceDate"":""Yesterday"",""parser"":""jacars""}",gone,2026-10-10T20:30:43Z,404,Exact source URL returned HTTP 404,,https://www.jacars.net/adv/2504293_kia-carnival/,20,2026-10-10T20:30:43Z,source_unavailable,Source advert API returned HTTP 404 and its detail site blocked verification; held until the listing can be verified again.,,
jacars-2503991,rejected,vehicles,vehicles,vehicles,"Porsche Cayenne 3,0L 2013","JA$ 4,500,000",4500000,JMD,Kingston,Jamaica,JACars Vehicles,2184679711,"Porsche Cayenne 3,0L 2013 - JA$ 4,500,000 - Kingston - Yesterday",https://cdn2.jacars.net/media/cache/82/44/82440bf5eebe2cfea9ca9d13c3c2dbd1.webp|https://cdn2.jacars.net/media/cache/52/15/52158ebfb90f2114f2e8e3ab55364bdf.webp|https://cdn2.jacars.net/media/cache/41/f0/41f06aa775815f01b8cdc09c72e399f7.webp|https://cdn2.jacars.net/media/cache/12/21/122125ed262e6eef7ae0f52e4e984235.webp,JACars Vehicles,https://www.jacars.net/adv/2503991_porsche-cayenne-3-0l-2013/,2026-05-05T19:59:25.486Z,Porsche,Cayenne,,2013,used,,,,"{""sourceDate"":""Yesterday"",""parser"":""jacars""}",gone,2026-10-10T20:30:43Z,404,Exact source URL returned HTTP 404,,https://www.jacars.net/adv/2503991_porsche-cayenne-3-0l-2013/,20,2026-10-10T20:30:43Z,source_unavailable,Source advert API returned HTTP 404 and its detail site blocked verification; held until the listing can be verified again.,,
jacars-2489175,rejected,vehicles,vehicles,vehicles,"Honda Grace 1,5L 2019","JA$ 2,150,000",2150000,JMD,Kingston,Jamaica,LLM&M Auto,18763581835,"Honda Grace 1,5L 2019 - JA$ 2,150,000 - Kingston - Yesterday",https://cdn2.jacars.net/media/cache/fc/a3/fca3c5d983b6befdccc9a3e759dcf239.webp|https://cdn2.jacars.net/media/cache/53/ac/53ac9d831e23189363cc87d3df3fc892.webp|https://cdn2.jacars.net/media/cache/43/f3/43f3924572f33dcfa08701f13ebd7798.webp|https://cdn2.jacars.net/media/cache/a0/18/a018353a919442ef573edf4035153115.webp,JACars Vehicles,https://www.jacars.net/adv/2489175_honda-shuttle-1-5l-2019/,2026-05-05T19:59:25.486Z,Honda,Grace,,2019,used,,,,"{""sourceDate"":""Yesterday"",""parser"":""jacars""}",unknown,2026-10-10T20:30:43Z,200,Source loaded but the listing identity was not confirmed,,https://www.jacars.net/adv/2489175_honda-shuttle-1-5l-2019/,,,source_unavailable,Source advert API returned HTTP 404 and its detail site blocked verification; held until the listing can be verified again.,,
jacars-2507644,rejected,vehicles,vehicles,vehicles,"Toyota Corolla Touring 1,5L 2020","JA$ 2,950,000",2950000,JMD,Saint Catherine,Jamaica,Mars Trading,18765827360,"Toyota Corolla Touring 1,5L 2020 - JA$ 2,950,000 - Saint Catherine - Yesterday",https://cdn2.jacars.net/media/cache/59/df/59df29e45f73a3c8ac8822d9fd5759da.webp|https://cdn2.jacars.net/media/cache/a0/09/a009ff490ee4d2c9eb5f2e8f39261654.webp|https://cdn2.jacars.net/media/cache/8a/ec/8aecd0204bfb1c9f30f8b96ec494edec.webp|https://cdn2.jacars.net/media/cache/e5/af/e5af5c1f3aa852796787af4617d50f6c.webp,JACars Vehicles,https://www.jacars.net/adv/2507644_toyota-corolla-touring-1-5l-2020/,2026-05-05T19:59:25.485Z,Toyota,Corolla Touring,,2020,used,,,,"{""sourceDate"":""Yesterday"",""parser"":""jacars""}",gone,2026-10-10T20:30:43Z,404,Exact source URL returned HTTP 404,,https://www.jacars.net/adv/2507644_toyota-corolla-touring-1-5l-2020/,20,2026-10-10T20:30:43Z,source_unavailable,Source advert API returned HTTP 404 and its detail site blocked verification; held until the listing can be verified again.,,
jacars-2499585,published,vehicles,vehicles,vehicles,"Mini Cooper 2,0L 2018","JA$ 2,890,000",2890000,JMD,Saint Catherine,Jamaica,Mars Trading,18765827360,"Mini Cooper 2,0L 2018 - JA$ 2,890,000 - Saint Catherine - Yesterday",https://cdn2.jacars.net/media/cache/b5/3d/b53d6e1cc7d91d3aedba9be05dc24652.webp|https://cdn2.jacars.net/media/cache/21/6e/216e1d688080bfa5124f3bedfe79caf2.webp|https://cdn2.jacars.net/media/cache/70/57/70570a52143e149a8eaa310cbf6873c5.webp|https://cdn2.jacars.net/media/cache/b5/92/b592cba363533e9f86039f3b867590ca.webp,JACars Vehicles,https://www.jacars.net/adv/2499585_mini-cooper-2-0l-2017/,2026-05-05T19:59:25.485Z,Mini,Cooper,,2018,used,,,,"{""sourceDate"":""Yesterday"",""parser"":""jacars"",""imageQuality"":""source_detail_high_resolution"",""imageRefreshSource"":""jacars_gallery_full_api"",""imageRefreshAttemptedAt"":""2026-08-31T15:42:55.415Z"",""imageIntegrityVersion"":""2026-09-06.1"",""imageVerifiedAt"":""2026-09-07T00:05:03.876Z"",""imageSourceUrl"":""https://www.jacars.net/adv/2499585_mini-cooper-2-0l-2017/""}",unknown,2026-10-10T20:30:43Z,200,Source loaded but the listing identity was not confirmed,2026-09-30T21:59:05Z,https://www.jacars.net/adv/2499585_mini-cooper-2-0l-2017/,0,,visible,,,
jacars-2499462,published,vehicles,vehicles,vehicles,"BMW X1 2,0L 2020","JA$ 3,980,000 JA$ 4,190,000",39800004190000,JMD,Saint Catherine,Jamaica,Mars Trading,18765827360,"BMW X1 2,0L 2020 - JA$ 3,980,000 JA$ 4,190,000 - Saint Catherine - Yesterday",https://cdn2.jacars.net/media/cache/ef/4f/ef4f6ff3ba553826042f4a773ab153e6.webp|https://cdn2.jacars.net/media/cache/62/80/6280e1d43f690e7cf07d7c864a4d1f65.webp|https://cdn2.jacars.net/media/cache/11/42/1142dd19a6f72fc7dda690e9b43cd0d0.webp|https://cdn2.jacars.net/media/cache/65/06/6506b8fb835548186fd44cb4d19b88e3.webp,JACars Vehicles,https://www.jacars.net/adv/2499462_bmw-x1-2-0l-2020/,2026-05-05T19:59:25.485Z,BMW,X1,,2020,used,,,,"{""sourceDate"":""Yesterday"",""parser"":""jacars"",""imageQuality"":""source_detail_high_resolution"",""imageRefreshSource"":""jacars_gallery_full_api"",""imageRefreshAttemptedAt"":""2026-08-31T15:42:55.415Z"",""imageIntegrityVersion"":""2026-09-06.1"",""imageVerifiedAt"":""2026-09-07T00:05:03.876Z"",""imageSourceUrl"":""https://www.jacars.net/adv/2499462_bmw-x1-2-0l-2020/""}",active,2026-10-10T20:30:43Z,200,Matching listing has an available source offer,2026-10-10T20:30:43Z,https://www.jacars.net/adv/2499462_bmw-x1-2-0l-2020/,0,,visible,,,
jacars-2469641,published,vehicles,vehicles,vehicles,"Toyota GT86 2,0L 2019","JA$ 3,550,000 JA$ 3,920,000",35500003920000,JMD,Saint Catherine,Jamaica,Mars Trading,18765827360,"Toyota GT86 2,0L 2019 - JA$ 3,550,000 JA$ 3,920,000 - Saint Catherine - Yesterday",https://cdn2.jacars.net/media/cache/6a/19/6a190813d1edde6169e0a009158057e4.webp|https://cdn2.jacars.net/media/cache/fb/c3/fbc3ac6272aea5dd1e28b173882105aa.webp|https://cdn2.jacars.net/media/cache/58/ae/58aeb133c3ca6bc69de970b1f501fc5e.webp|https://cdn2.jacars.net/media/cache/41/c8/41c83cc4dfacab5d985b773e1458e37e.webp,JACars Vehicles,https://www.jacars.net/adv/2469641_toyota-gt86-2-0l-2019/,2026-05-05T19:59:25.485Z,Toyota,GT86,,2019,used,,,,"{""sourceDate"":""Yesterday"",""parser"":""jacars"",""imageQuality"":""source_detail_high_resolution"",""imageRefreshSource"":""jacars_gallery_full_api"",""imageRefreshAttemptedAt"":""2026-08-31T15:42:55.415Z"",""imageIntegrityVersion"":""2026-09-06.1"",""imageVerifiedAt"":""2026-09-07T00:05:03.876Z"",""imageSourceUrl"":""https://www.jacars.net/adv/2469641_toyota-gt86-2-0l-2019/""}",unknown,2026-10-10T20:30:43Z,200,Source loaded but the listing identity was not confirmed,2026-09-30T21:59:05Z,https://www.jacars.net/adv/2469641_toyota-gt86-2-0l-2019/,0,,visible,,,
jacars-2504220,rejected,vehicles,vehicles,auto_parts,2014 BMW 328i Engine N20,"JA$ 600,000",600000,JMD,Westmoreland,Jamaica,JACars Car Parts,18768558493,"2014 BMW 328i Engine N20 - JA$ 600,000 - Westmoreland - 2 hours ago",https://cdn2.jacars.net/media/cache/01/d7/01d71da86c5cc80844537a4134724c5a.webp|https://cdn2.jacars.net/media/cache/09/e0/09e0706d434b94c746f9719bfd036118.webp|https://cdn2.jacars.net/media/cache/47/c4/47c4edddacf8ea11aa9069000ec491b1.webp|https://cdn2.jacars.net/media/cache/d3/e3/d3e3957f2ce37288d7f91ac66f76e940.webp,JACars Car Parts,https://www.jacars.net/adv/2504220_bmw-3-series-2-4l-2015/,2026-05-05T19:46:16.270Z,,,,2014,good,,,,"{""sourceDate"":""2 hours ago"",""sourcePostedAt"":""2026-05-05T19:46:16.270Z"",""parser"":""jacars"",""sourceCategory"":""JACars Car Parts"",""appSubcategory"":""auto_parts""}",gone,2026-10-10T20:30:43Z,404,Exact source URL returned HTTP 404,,https://www.jacars.net/adv/2504220_bmw-3-series-2-4l-2015/,20,2026-10-10T20:30:43Z,source_unavailable,Source advert API returned HTTP 404 and its detail site blocked verification; held until the listing can be verified again.,,
jacars-2510914,rejected,vehicles,vehicles,vehicles,"Subaru G4 2,0L 2018","JA$ 1,850,000",1850000,JMD,Saint Ann,Jamaica,JACars Cars,18763632020,"Subaru G4 2,0L 2018 - JA$ 1,850,000 - Saint Ann - Yesterday",https://cdn2.jacars.net/media/cache/5d/91/5d919fd33887a4e07a675289ee020498.webp|https://cdn2.jacars.net/media/cache/d1/35/d13557521a9825927a423bc27fd72c48.webp|https://cdn2.jacars.net/media/cache/54/bd/54bd15560b1f7df33f28bcc32ce6bef1.webp|https://cdn2.jacars.net/media/cache/cc/2a/cc2a3bab6b6e538e968107a20570de45.webp,JACars Cars,https://www.jacars.net/adv/2510914_subaru-g4-2-0l-2018/,2026-05-04T12:00:00.000Z,Subaru,G4,,2018,used,,,,"{""sourceDate"":""Yesterday"",""sourcePostedAt"":""2026-05-04T12:00:00.000Z"",""parser"":""jacars"",""sourceCategory"":""JACars Cars"",""appSubcategory"":""vehicles""}",gone,2026-10-10T20:30:43Z,404,Exact source URL returned HTTP 404,,https://www.jacars.net/adv/2510914_subaru-g4-2-0l-2018/,20,2026-10-10T20:30:43Z,source_unavailable,Source advert API returned HTTP 404 and its detail site blocked verification; held until the listing can be verified again.,,
jacars-2510909,rejected,vehicles,vehicles,other,Kings Production and Designs,Call for price,0,JMD,Trelawny,Jamaica,JACars Other Services,18765242314,Kings Production and Designs - Call for price - Trelawny - Yesterday,https://cdn2.jacars.net/media/cache/56/7b/567b88ce8fd97ab24b9ddea248432540.webp,JACars Other Services,https://www.jacars.net/adv/2510909_kings-production-and-designs/,2026-05-04T12:00:00.000Z,,,,,good,,,,"{""sourceDate"":""Yesterday"",""sourcePostedAt"":""2026-05-04T12:00:00.000Z"",""parser"":""jacars"",""sourceCategory"":""JACars Other Services"",""appSubcategory"":""other""}",gone,2026-10-10T20:30:43Z,404,Exact source URL returned HTTP 404,,https://www.jacars.net/adv/2510909_kings-production-and-designs/,20,2026-10-10T20:30:43Z,source_unavailable,Source advert API returned HTTP 404 and its detail site blocked verification; held until the listing can be verified again.,,
jacars-2510906,rejected,vehicles,vehicles,vehicles,"BMW 4-Series 2,0L 2016","JA$ 2,200,000",2200000,JMD,Saint James,Jamaica,JACars Cars,2184679711,"BMW 4-Series 2,0L 2016 - JA$ 2,200,000 - Saint James - Yesterday",https://cdn2.jacars.net/media/cache/1c/d6/1cd688c406a874f97177a0a43d0d129a.webp|https://cdn2.jacars.net/media/cache/0b/7d/0b7de6c400a7abd6fc50eaef53bf0beb.webp|https://cdn2.jacars.net/media/cache/e7/84/e784a243595ebdc44975936e6ae9e2fb.webp|https://cdn2.jacars.net/media/cache/a2/5b/a25ba54f8efbe67fac2ec99d4324d2a1.webp,JACars Cars,https://www.jacars.net/adv/2510906_bmw-4-series-2-0l-2016/,2026-05-04T12:00:00.000Z,BMW,4-Series,,2016,used,,,,"{""sourceDate"":""Yesterday"",""sourcePostedAt"":""2026-05-04T12:00:00.000Z"",""parser"":""jacars"",""sourceCategory"":""JACars Cars"",""appSubcategory"":""vehicles"",""imageQuality"":""source_detail_high_resolution"",""imageRefreshSource"":""jacars_gallery_full_api"",""imageRefreshAttemptedAt"":""2026-08-31T15:42:55.415Z"",""imageIntegrityVersion"":""2026-09-16.1"",""imageVerifiedAt"":""2026-09-16T13:38:36.578Z"",""imageSourceUrl"":""https://www.jacars.net/adv/2510906_bmw-4-series-2-0l-2016/""}",unknown,2026-10-10T20:30:43Z,200,Source loaded but the listing identity was not confirmed,,https://www.jacars.net/adv/2510906_bmw-4-series-2-0l-2016/,,,source_unavailable,Source advert API returned HTTP 404 and its detail site blocked verification; held until the listing can be verified again.,,
jacars-2510889,rejected,vehicles,vehicles,tires_rims,20 Inch Rims and 5x120..brand New,"JA$ 135,000",135000,JMD,Manchester,Jamaica,Zig Zag Auto Parts & Car Sales Limited,18762354486,"20 Inch Rims and 5x120..brand New - JA$ 135,000 - Manchester - Yesterday",https://cdn2.jacars.net/media/cache/da/79/da79932d09e9d4ebe6d1fb15022658dc.webp|https://cdn2.jacars.net/media/cache/5a/67/5a67d546318bf13f7d00b8b4fdb4da51.webp|https://cdn2.jacars.net/media/cache/35/9a/359a1e10a39abe5a43d5183dbf1147e4.webp|https://cdn2.jacars.net/media/cache/29/04/290467412672db76b9a1ba96c6c99877.webp,JACars Tires and Rims,https://www.jacars.net/adv/2510889_20-inch-rims-and-5x120-brand-new/,2026-05-04T12:00:00.000Z,,,,,new,,,,"{""sourceDate"":""Yesterday"",""sourcePostedAt"":""2026-05-04T12:00:00.000Z"",""parser"":""jacars"",""sourceCategory"":""JACars Tires and Rims"",""appSubcategory"":""tires_rims""}",gone,2026-10-10T20:30:43Z,404,Exact source URL returned HTTP 404,,https://www.jacars.net/adv/2510889_20-inch-rims-and-5x120-brand-new/,20,2026-10-10T20:30:43Z,source_unavailable,Source advert API returned HTTP 404 and its detail site blocked verification; held until the listing can be verified again.,,
jacars-2510886,rejected,vehicles,vehicles,tires_rims,20 Inch Rims and 5 Lugs..Brand New,"JA$ 135,000",135000,JMD,Manchester,Jamaica,Zig Zag Auto Parts & Car Sales Limited,18762354486,"20 Inch Rims and 5 Lugs..Brand New - JA$ 135,000 - Manchester - Yesterday",https://cdn2.jacars.net/media/cache/f8/3b/f83bb648e9cb84207b8a4c36b95e1416.webp|https://cdn2.jacars.net/media/cache/9e/9a/9e9a02ccfc41b27f2b83a60d41681938.webp|https://cdn2.jacars.net/media/cache/c4/ef/c4efc9fc89ac31bb9fe403b016eba305.webp|https://cdn2.jacars.net/media/cache/29/04/290467412672db76b9a1ba96c6c99877.webp,JACars Tires and Rims,https://www.jacars.net/adv/2510886_20-inch-rims-and-5-lugs-brand-new/,2026-05-04T12:00:00.000Z,,,,,new,,,,"{""sourceDate"":""Yesterday"",""sourcePostedAt"":""2026-05-04T12:00:00.000Z"",""parser"":""jacars"",""sourceCategory"":""JACars Tires and Rims"",""appSubcategory"":""tires_rims""}",gone,2026-10-10T20:30:43Z,404,Exact source URL returned HTTP 404,,https://www.jacars.net/adv/2510886_20-inch-rims-and-5-lugs-brand-new/,20,2026-10-10T20:30:43Z,source_unavailable,Source advert API returned HTTP 404 and its detail site blocked verification; held until the listing can be verified again.,,
jacars-2510885,rejected,vehicles,vehicles,tires_rims,19 Inch Rims and 5 Lugs..Brand New,"JA$ 125,000",125000,JMD,Manchester,Jamaica,Zig Zag Auto Parts & Car Sales Limited,18762354486,"19 Inch Rims and 5 Lugs..Brand New - JA$ 125,000 - Manchester - Yesterday",https://cdn2.jacars.net/media/cache/c4/97/c497a2bc9b1a42420d94b5ee57ebecbf.webp|https://cdn2.jacars.net/media/cache/db/4e/db4ec196ba7be4495f94073b59f2be61.webp|https://cdn2.jacars.net/media/cache/7e/a5/7ea515eed66fdfaa59ebfc6f749d09cf.webp|https://cdn2.jacars.net/media/cache/29/04/290467412672db76b9a1ba96c6c99877.webp,JACars Tires and Rims,https://www.jacars.net/adv/2510885_19-inch-rims-and-5-lugs-brand-new/,2026-05-04T12:00:00.000Z,,,,,new,,,,"{""sourceDate"":""Yesterday"",""sourcePostedAt"":""2026-05-04T12:00:00.000Z"",""parser"":""jacars"",""sourceCategory"":""JACars Tires and Rims"",""appSubcategory"":""tires_rims""}",gone,2026-10-10T20:30:43Z,404,Exact source URL returned HTTP 404,,https://www.jacars.net/adv/2510885_19-inch-rims-and-5-lugs-brand-new/,20,2026-10-10T20:30:43Z,source_unavailable,Source advert API returned HTTP 404 and its detail site blocked verification; held until the listing can be verified again.,,
jacars-2510866,published,vehicles,vehicles,vehicles,"Audi Q3 1,4L 2017","JA$ 3,000,000",3000000,JMD,Kingston,Jamaica,JACars Cars,18765795149,"Audi Q3 1,4L 2017 - JA$ 3,000,000 - Kingston - Yesterday",https://cdn2.jacars.net/media/cache/29/d8/29d843740f8be442603887f1e1d94a68.webp|https://cdn2.jacars.net/media/cache/39/48/394841870b9c48ebb57fa44bfdf1cf88.webp|https://cdn2.jacars.net/media/cache/67/5b/675b0ceeec37134dad13f8eb8a71f8f3.webp|https://cdn2.jacars.net/media/cache/38/10/3810cc003d2b5339fb9aa9e92c4911db.webp,JACars Cars,https://www.jacars.net/adv/2510866_audi-q3-1-4l-2017/,2026-05-04T12:00:00.000Z,Audi,Q3,,2017,used,,,,"{""sourceDate"":""Yesterday"",""sourcePostedAt"":""2026-05-04T12:00:00.000Z"",""parser"":""jacars"",""sourceCategory"":""JACars Cars"",""appSubcategory"":""vehicles"",""imageQuality"":""source_detail_high_resolution"",""imageRefreshSource"":""jacars_gallery_full_api"",""imageRefreshAttemptedAt"":""2026-08-31T15:42:55.415Z"",""imageIntegrityVersion"":""2026-09-06.1"",""imageVerifiedAt"":""2026-09-07T00:05:03.876Z"",""imageSourceUrl"":""https://www.jacars.net/adv/2510866_audi-q3-1-4l-2017/""}",active,2026-10-10T20:30:43Z,200,Matching listing has an available source offer,2026-10-10T20:30:43Z,https://www.jacars.net/adv/2510866_audi-q3-1-4l-2017/,0,,visible,,,
jacars-2510809,rejected,marketplace,real_estate,for_sale,"VERY NEGOTIABLE Modern 5-Bedroom Estate in Top Hill, St. Elizabeth","JA$ 45,000,000",45000000,JMD,Saint Elizabeth,Jamaica,JACars Other Real Estate,2184679711,"VERY NEGOTIABLE Modern 5-Bedroom Estate in Top Hill, St. Elizabeth - JA$ 45,000,000 - Saint Elizabeth - Yesterday",https://cdn2.jacars.net/media/cache/ff/f2/fff2731eee8daa358b10d6f09002fbfa.webp|https://cdn2.jacars.net/media/cache/d3/e2/d3e2e02129abff0cdd9a72277dc7fb82.webp|https://cdn2.jacars.net/media/cache/17/7b/177b70c7106ab16f954b043ddd690250.webp|https://cdn2.jacars.net/media/cache/5a/0f/5a0f7675f0536fc763625ae5c5a0501a.webp,JACars Other Real Estate,https://www.jacars.net/adv/2510809_5-bedroom/,2026-05-04T12:00:00.000Z,,,,,good,,,,"{""sourceDate"":""Yesterday"",""sourcePostedAt"":""2026-05-04T12:00:00.000Z"",""parser"":""jacars"",""sourceCategory"":""JACars Other Real Estate"",""appSubcategory"":""for_sale""}",gone,2026-10-10T20:30:43Z,404,Exact source URL returned HTTP 404,,https://www.jacars.net/adv/2510809_5-bedroom/,20,2026-10-10T20:30:43Z,source_unavailable,Source advert API returned HTTP 404 and its detail site blocked verification; held until the listing can be verified again.,,
jacars-2510799,rejected,vehicles,vehicles,auto_parts,B Series Shift Linkage,"JA$ 18,000",18000,JMD,Saint Andrew,Jamaica,JACars Car Parts,18768374651,"B Series Shift Linkage - JA$ 18,000 - Saint Andrew - Yesterday",https://cdn2.jacars.net/media/cache/80/36/80366fbdb91e736dde25c282da3bddaf.webp|https://cdn2.jacars.net/media/cache/ee/0f/ee0ffa7f3be6293738ea7310d0c79b0a.webp|https://cdn2.jacars.net/media/cache/d9/81/d981d21086bf11758d79cf668b26b7f7.webp|https://cdn2.jacars.net/media/cache/8a/07/8a071529ddaf8f06e169bea668c82cb8.webp,JACars Car Parts,https://www.jacars.net/adv/2510799_b-series-shift-linkage/,2026-05-04T12:00:00.000Z,,,,,good,,,,"{""sourceDate"":""Yesterday"",""sourcePostedAt"":""2026-05-04T12:00:00.000Z"",""parser"":""jacars"",""sourceCategory"":""JACars Car Parts"",""appSubcategory"":""auto_parts""}",gone,2026-10-10T20:30:43Z,404,Exact source URL returned HTTP 404,,https://www.jacars.net/adv/2510799_b-series-shift-linkage/,20,2026-10-10T20:30:43Z,source_unavailable,Source advert API returned HTTP 404 and its detail site blocked verification; held until the listing can be verified again.,,
jacars-2510796,rejected,marketplace,other,sports_outdoors,New exercise equipment,"JA$ 55,000",55000,JMD,Saint James,Jamaica,JACars Other Health Beauty,18769900502,"New exercise equipment - JA$ 55,000 - Saint James - Yesterday",https://cdn2.jacars.net/media/cache/ea/91/ea9125317f84ce613e574266c0282bb3.webp,JACars Other Health Beauty,https://www.jacars.net/adv/2510796_new-exercise-equipment/,2026-05-04T12:00:00.000Z,,,,,new,,,,"{""sourceDate"":""Yesterday"",""sourcePostedAt"":""2026-05-04T12:00:00.000Z"",""parser"":""jacars"",""sourceCategory"":""JACars Other Health Beauty"",""appSubcategory"":""health_beauty""}",gone,2026-10-10T20:30:43Z,404,Exact source URL returned HTTP 404,,https://www.jacars.net/adv/2510796_new-exercise-equipment/,20,2026-10-10T20:30:43Z,source_unavailable,Source advert API returned HTTP 404 and its detail site blocked verification; held until the listing can be verified again.,,
jacars-2510792,rejected,marketplace,electronics,tv_video_home_theatre,"43 inches Blue sonic tv , excellent conditions,comes with remote","JA$ 14,000",14000,JMD,Kingston,Jamaica,JACars Other Electronics Appliances,2184679711,"43 inches Blue sonic tv , excellent conditions,comes with remote - JA$ 14,000 - Kingston - Yesterday",https://cdn2.jacars.net/media/cache/27/f7/27f76f803053b25354358b197a75f5bb.webp,JACars Other Electronics Appliances,https://www.jacars.net/adv/2510792_43-inches-blue-sonic-tv-excellent-conditions-comes-with-remote/,2026-05-04T12:00:00.000Z,,,,,excellent,,,,"{""sourceDate"":""Yesterday"",""sourcePostedAt"":""2026-05-04T12:00:00.000Z"",""parser"":""jacars"",""sourceCategory"":""JACars Other Electronics Appliances"",""appSubcategory"":""other""}",gone,2026-10-10T20:30:43Z,404,Exact source URL returned HTTP 404,,https://www.jacars.net/adv/2510792_43-inches-blue-sonic-tv-excellent-conditions-comes-with-remote/,20,2026-10-10T20:30:43Z,source_unavailable,Source advert API returned HTTP 404 and its detail site blocked verification; held until the listing can be verified again.,,
jacars-2510782,rejected,vehicles,vehicles,tires_rims,215/60R16 Rim and Tyre -Off Mark X,"JA$ 55,000",55000,JMD,Westmoreland,Jamaica,JACars Tires and Rims,18762967484,"215/60R16 Rim and Tyre -Off Mark X - JA$ 55,000 - Westmoreland - Yesterday",https://cdn2.jacars.net/media/cache/83/cf/83cfff675dc8e40505efe4b2cb6b7aac.webp|https://cdn2.jacars.net/media/cache/83/bd/83bda511eeafd367faebda0c28b2e3bf.webp,JACars Tires and Rims,https://www.jacars.net/adv/2510782_215-60r16-rim-and-tyre-off-mark-x/,2026-05-04T12:00:00.000Z,,,,,good,,,,"{""sourceDate"":""Yesterday"",""sourcePostedAt"":""2026-05-04T12:00:00.000Z"",""parser"":""jacars"",""sourceCategory"":""JACars Tires and Rims"",""appSubcategory"":""tires_rims""}",gone,2026-10-10T20:30:43Z,404,Exact source URL returned HTTP 404,,https://www.jacars.net/adv/2510782_215-60r16-rim-and-tyre-off-mark-x/,20,2026-10-10T20:30:43Z,source_unavailable,Source advert API returned HTTP 404 and its detail site blocked verification; held until the listing can be verified again.,,
jacars-2510743,rejected,vehicles,vehicles,vehicles,"Mazda Biante 1,8L 2013","JA$ 1,280,000",1280000,JMD,Kingston,Jamaica,Morris & Wright Auto Ltd,18768531657,"Mazda Biante 1,8L 2013 - JA$ 1,280,000 - Kingston - Yesterday",https://cdn2.jacars.net/media/cache/3d/5e/3d5e8df3b2602ef98e4d10d7d53af0c9.webp|https://cdn2.jacars.net/media/cache/f2/52/f25226b8562e7d3892ed13219ef336b3.webp|https://cdn2.jacars.net/media/cache/59/98/5998fb7da689c07fb38747e4ae3d3a92.webp|https://cdn2.jacars.net/media/cache/5c/4f/5c4f45525ba2dffe24318e78d0f4ff1e.webp,JACars Cars,https://www.jacars.net/adv/2510743_2013-mazda-biante/,2026-05-04T12:00:00.000Z,Mazda,Biante,,2013,used,,,,"{""sourceDate"":""Yesterday"",""sourcePostedAt"":""2026-05-04T12:00:00.000Z"",""parser"":""jacars"",""sourceCategory"":""JACars Cars"",""appSubcategory"":""vehicles""}",gone,2026-10-10T20:30:43Z,404,Exact source URL returned HTTP 404,,https://www.jacars.net/adv/2510743_2013-mazda-biante/,20,2026-10-10T20:30:43Z,source_unavailable,Source advert API returned HTTP 404 and its detail site blocked verification; held until the listing can be verified again.,,
jacars-2499557,rejected,vehicles,vehicles,auto_parts,GSC Standard 36mm Intake Valve Set,"JA$ 30,000",30000,JMD,Saint Ann,Jamaica,JACars Car Parts,18768912184,"GSC Standard 36mm Intake Valve Set - JA$ 30,000 - Saint Ann - Yesterday",https://cdn2.jacars.net/media/cache/e8/a5/e8a511f6da396c99d2cb3318fb0e2311.webp|https://cdn2.jacars.net/media/cache/5a/e2/5ae261ddbd1f146016ac1863a491a2a5.webp|https://cdn2.jacars.net/media/cache/60/e2/60e2103704482f7980db2247bf772474.webp|https://cdn2.jacars.net/media/cache/28/76/28765dd310ca83979d665f0ae47493c8.webp,JACars Car Parts,https://www.jacars.net/adv/2499557_gsc-standard-36mm-intake-valve-set/,2026-05-04T12:00:00.000Z,,,,,good,,,,"{""sourceDate"":""Yesterday"",""sourcePostedAt"":""2026-05-04T12:00:00.000Z"",""parser"":""jacars"",""sourceCategory"":""JACars Car Parts"",""appSubcategory"":""auto_parts""}",gone,2026-10-10T20:30:43Z,404,Exact source URL returned HTTP 404,,https://www.jacars.net/adv/2499557_gsc-standard-36mm-intake-valve-set/,20,2026-10-10T20:30:43Z,source_unavailable,Source advert API returned HTTP 404 and its detail site blocked verification; held until the listing can be verified again.,,
jacars-2499556,rejected,vehicles,vehicles,auto_parts,IAG oil Pickup v2 with windage tray,"JA$ 30,000",30000,JMD,Saint Ann,Jamaica,JACars Car Parts,18768912184,"IAG oil Pickup v2 with windage tray - JA$ 30,000 - Saint Ann - Yesterday",https://cdn2.jacars.net/media/cache/90/0e/900ea9b380ae16481196058286acfee0.webp|https://cdn2.jacars.net/media/cache/c2/83/c283ad0e6f103338bcece0e735dc83c3.webp|https://cdn2.jacars.net/media/cache/26/6c/266cf7d2c3fcd6f0e9c170296b4864c8.webp,JACars Car Parts,https://www.jacars.net/adv/2499556_iag-oil-pickup-v2-with-windage-tray/,2026-05-04T12:00:00.000Z,,,,,good,,,,"{""sourceDate"":""Yesterday"",""sourcePostedAt"":""2026-05-04T12:00:00.000Z"",""parser"":""jacars"",""sourceCategory"":""JACars Car Parts"",""appSubcategory"":""auto_parts""}",gone,2026-10-10T20:30:43Z,404,Exact source URL returned HTTP 404,,https://www.jacars.net/adv/2499556_iag-oil-pickup-v2-with-windage-tray/,20,2026-10-10T20:30:43Z,source_unavailable,Source advert API returned HTTP 404 and its detail site blocked verification; held until the listing can be verified again.,,
jacars-2499555,published,vehicles,vehicles,auto_parts,FIC 1000cc injectors,"JA$ 70,000",70000,JMD,Saint Ann,Jamaica,JACars Car Parts,18768912184,"FIC 1000cc injectors - JA$ 70,000 - Saint Ann - Yesterday",https://cdn2.jacars.net/media/cache/2b/0c/2b0c9690a9dd5eee6c751930e8fee498.webp,JACars Car Parts,https://www.jacars.net/adv/2499555_fic-1000cc-injectors/,2026-05-04T12:00:00.000Z,,,,,good,,,,"{""sourceDate"":""Yesterday"",""sourcePostedAt"":""2026-05-04T12:00:00.000Z"",""parser"":""jacars"",""sourceCategory"":""JACars Car Parts"",""appSubcategory"":""auto_parts"",""imageQuality"":""source_detail_high_resolution"",""imageRefreshSource"":""jacars_gallery_full_api"",""imageRefreshAttemptedAt"":""2026-08-31T15:42:55.415Z"",""imageIntegrityVersion"":""2026-09-06.1"",""imageVerifiedAt"":""2026-09-07T00:05:03.876Z"",""imageSourceUrl"":""https://www.jacars.net/adv/2499555_fic-1000cc-injectors/""}",active,2026-10-10T20:30:43Z,200,Matching listing has an available source offer,2026-10-10T20:30:43Z,https://www.jacars.net/adv/2499555_fic-1000cc-injectors/,0,,visible,,,
jacars-2409927,published,vehicles,vehicles,auto_parts,Modelista 1 Body Kit Rear Bumper Spoiler - Fits 2014-2020 Toyota Harrier,"JA$ 140,000",140000,JMD,Manchester,Jamaica,JACars Other Car Parts,18764536019,"Modelista 1 Body Kit Rear Bumper Spoiler - Fits 2014-2020 Toyota Harrier - JA$ 140,000 - Manchester - 2 days ago",https://cdn2.jacars.net/media/cache/58/10/58100cb80830add9f233ca509cd42f86.webp|https://cdn2.jacars.net/media/cache/f3/6d/f36dc6137b609154bb077d86550f2081.webp|https://cdn2.jacars.net/media/cache/57/3f/573f3e2423ee562621b85e6f8edbabff.webp|https://cdn2.jacars.net/media/cache/06/c2/06c2e2206beee9c907f16394085fbb2e.webp,JACars Other Car Parts,https://www.jacars.net/adv/2409927_2017-toyota-harrier-modelista-1-body-kit/,2026-05-03T21:46:43.824Z,,,,2014,good,,,,"{""sourceDate"":""2 days ago"",""sourcePostedAt"":""2026-05-03T21:46:43.824Z"",""parser"":""jacars"",""sourceCategory"":""JACars Other Car Parts"",""appSubcategory"":""auto_parts"",""imageQuality"":""source_detail_high_resolution"",""imageRefreshSource"":""jacars_gallery_full_api"",""imageRefreshAttemptedAt"":""2026-08-31T15:42:55.415Z"",""imageIntegrityVersion"":""2026-09-06.1"",""imageVerifiedAt"":""2026-09-07T00:05:03.876Z"",""imageSourceUrl"":""https://www.jacars.net/adv/2409927_2017-toyota-harrier-modelista-1-body-kit/""}",active,2026-10-10T20:30:43Z,200,Matching listing has an available source offer,2026-10-10T20:30:43Z,https://www.jacars.net/adv/2409927_2017-toyota-harrier-modelista-1-body-kit/,0,,visible,,,
jacars-2510761,rejected,vehicles,vehicles,tires_rims,20 INCH RIMS & TYRES BLACK RHINO STYLE DESIGN,"JA$ 150,000",150000,JMD,Saint Catherine,Jamaica,JACars Tires and Rims,8768724875,"20 INCH RIMS & TYRES BLACK RHINO STYLE DESIGN - JA$ 150,000 - Saint Catherine - 2 days ago",https://cdn2.jacars.net/media/cache/3d/57/3d57e44ac4af8b297df81c9f1fae6449.webp|https://cdn2.jacars.net/media/cache/f3/1d/f31d8c0ce8a46751b2db94427164cfa8.webp|https://cdn2.jacars.net/media/cache/3a/73/3a737a82d639a40bc1f34f84798f7181.webp|https://cdn2.jacars.net/media/cache/81/f7/81f7b949b7bb1e1f15828a6a4f8eac40.webp,JACars Tires and Rims,https://www.jacars.net/adv/2510761_20-inch-rims-tyres-black-rhino-style-design/,2026-05-03T21:46:24.849Z,,,,,good,,,,"{""sourceDate"":""2 days ago"",""sourcePostedAt"":""2026-05-03T21:46:24.849Z"",""parser"":""jacars"",""sourceCategory"":""JACars Tires and Rims"",""appSubcategory"":""tires_rims""}",gone,2026-10-10T20:30:43Z,404,Exact source URL returned HTTP 404,,https://www.jacars.net/adv/2510761_20-inch-rims-tyres-black-rhino-style-design/,20,2026-10-10T20:30:43Z,source_unavailable,Source advert API returned HTTP 404 and its detail site blocked verification; held until the listing can be verified again.,,
jacars-2510748,rejected,vehicles,vehicles,auto_parts,Subaru b4 legacy,JA$ 80,80,JMD,Manchester,Jamaica,JACars Car Parts,3758676381,Subaru b4 legacy - JA$ 80 - Manchester - 2 days ago,https://cdn2.jacars.net/media/cache/4a/61/4a613866b5f579cb81c94899ba15c3e2.webp|https://cdn2.jacars.net/media/cache/82/7f/827f2b4b0cf8f5cf72b08c5bd1c74828.webp|https://cdn2.jacars.net/media/cache/89/20/8920936fdc1f8093eda7237f6b95c25e.webp|https://cdn2.jacars.net/media/cache/87/e6/87e640e903648ece697a1b14b37b944b.webp,JACars Car Parts,https://www.jacars.net/adv/2510748_subaru-b4-legacy/,2026-05-03T21:46:16.271Z,,,,,good,,,,"{""sourceDate"":""2 days ago"",""sourcePostedAt"":""2026-05-03T21:46:16.271Z"",""parser"":""jacars"",""sourceCategory"":""JACars Car Parts"",""appSubcategory"":""auto_parts""}",gone,2026-10-10T20:30:43Z,404,Exact source URL returned HTTP 404,,https://www.jacars.net/adv/2510748_subaru-b4-legacy/,20,2026-10-10T20:30:43Z,source_unavailable,Source advert API returned HTTP 404 and its detail site blocked verification; held until the listing can be verified again.,,
jacars-2422157,published,vehicles,vehicles,auto_parts,Toyota Harrier 2013-2020 Turn Signal Rearview Mirror Indicator blinker lamp,"JA$ 10,000",10000,JMD,Manchester,Jamaica,JACars Car Parts,18764536019,"Toyota Harrier 2013-2020 Turn Signal Rearview Mirror Indicator blinker lamp - JA$ 10,000 - Manchester - 2 days ago",https://cdn2.jacars.net/media/cache/f1/ce/f1cee0aa54f0fa2a763ce49d26ebd962.webp|https://cdn2.jacars.net/media/cache/89/7f/897f06d00110b53c160b221beec475e9.webp|https://cdn2.jacars.net/media/cache/56/02/560224a099dd1aa6a7e39e971ad182e7.webp,JACars Car Parts,https://www.jacars.net/adv/2422157_toyota-harrier-2013-2020-turn-signal-left-rearview-mirror-indicator-blinker-lamp/,2026-05-03T21:46:16.271Z,,,,2013,good,,,,"{""sourceDate"":""2 days ago"",""sourcePostedAt"":""2026-05-03T21:46:16.271Z"",""parser"":""jacars"",""sourceCategory"":""JACars Car Parts"",""appSubcategory"":""auto_parts"",""imageQuality"":""source_detail_high_resolution"",""imageRefreshSource"":""jacars_gallery_full_api"",""imageRefreshAttemptedAt"":""2026-08-31T15:42:55.415Z"",""imageIntegrityVersion"":""2026-09-06.1"",""imageVerifiedAt"":""2026-09-07T00:05:03.876Z"",""imageSourceUrl"":""https://www.jacars.net/adv/2422157_toyota-harrier-2013-2020-turn-signal-left-rearview-mirror-indicator-blinker-lamp/""}",active,2026-10-10T20:30:43Z,200,Matching listing has an available source offer,2026-10-10T20:30:43Z,https://www.jacars.net/adv/2422157_toyota-harrier-2013-2020-turn-signal-left-rearview-mirror-indicator-blinker-lamp/,0,,visible,,,
jacars-2409931,published,vehicles,vehicles,auto_parts,2009-2012 Accord/Acura TSX radiator fan,"JA$ 18,000",18000,JMD,Manchester,Jamaica,JACars Car Parts,18764536019,"2009-2012 Accord/Acura TSX radiator fan - JA$ 18,000 - Manchester - 2 days ago",https://cdn2.jacars.net/media/cache/ce/f6/cef6fe238c8f596578d9220395569e64.webp,JACars Car Parts,https://www.jacars.net/adv/2409931_2009-2012-accord-acura-tsx-radiator-fan/,2026-05-03T21:46:16.271Z,,,,2009,good,,,,"{""sourceDate"":""2 days ago"",""sourcePostedAt"":""2026-05-03T21:46:16.271Z"",""parser"":""jacars"",""sourceCategory"":""JACars Car Parts"",""appSubcategory"":""auto_parts"",""imageQuality"":""source_detail_high_resolution"",""imageRefreshSource"":""jacars_gallery_full_api"",""imageRefreshAttemptedAt"":""2026-08-31T15:42:55.415Z"",""imageIntegrityVersion"":""2026-09-06.1"",""imageVerifiedAt"":""2026-09-07T00:05:03.876Z"",""imageSourceUrl"":""https://www.jacars.net/adv/2409931_2009-2012-accord-acura-tsx-radiator-fan/""}",active,2026-10-10T20:30:43Z,200,Matching listing has an available source offer,2026-10-10T20:30:43Z,https://www.jacars.net/adv/2409931_2009-2012-accord-acura-tsx-radiator-fan/,0,,visible,,,
jacars-2507168,rejected,vehicles,vehicles,tires_rims,17 Sport Rims and Types,"JA$ 80,000",80000,JMD,Kingston,Jamaica,JACars Tires and Rims,18768806987,"17 Sport Rims and Types - JA$ 80,000 - Kingston - 3 days ago",https://cdn2.jacars.net/media/cache/72/a9/72a94077749928821d55fe805671bf2b.webp|https://cdn2.jacars.net/media/cache/c6/98/c6983d9432123500d26825a1d25e5ca9.webp|https://cdn2.jacars.net/media/cache/09/45/0945259b706111589b8db6f4e9c4bbb2.webp|https://cdn2.jacars.net/media/cache/3b/db/3bdb05a75cfc35d5b364632be2d7204d.webp,JACars Tires and Rims,https://www.jacars.net/adv/2507168_17-rim-and-type/,2026-05-02T21:46:24.855Z,,,,,good,,,,"{""sourceDate"":""3 days ago"",""sourcePostedAt"":""2026-05-02T21:46:24.855Z"",""parser"":""jacars"",""sourceCategory"":""JACars Tires and Rims"",""appSubcategory"":""tires_rims""}",gone,2026-10-10T20:30:43Z,404,Exact source URL returned HTTP 404,,https://www.jacars.net/adv/2507168_17-rim-and-type/,20,2026-10-10T20:30:43Z,source_unavailable,Source advert API returned HTTP 404 and its detail site blocked verification; held until the listing can be verified again.,,
jacars-2510649,rejected,vehicles,vehicles,auto_parts,Front Wheel Bearing Kit for Lexus & Mark X,"JA$ 15,000",15000,JMD,Saint Catherine,Jamaica,JACars Car Parts,18765205416,"Front Wheel Bearing Kit for Lexus & Mark X - JA$ 15,000 - Saint Catherine - 3 days ago",https://cdn2.jacars.net/media/cache/59/64/5964b53d348ff103e13801a280bfb8ba.webp|https://cdn2.jacars.net/media/cache/e4/ef/e4eff0099a1201c6317c6c93a65f1bd2.webp|https://cdn2.jacars.net/media/cache/8d/0e/8d0e033cd052b7fa58d66d66be0d511c.webp|https://cdn2.jacars.net/media/cache/18/69/18692a0f4746acbf4dbc5d0e9bf6747b.webp,JACars Car Parts,https://www.jacars.net/adv/2510649_front-wheel-bearing-kit-for-lexus-mark-x/,2026-05-02T21:46:16.272Z,,,,,good,,,,"{""sourceDate"":""3 days ago"",""sourcePostedAt"":""2026-05-02T21:46:16.272Z"",""parser"":""jacars"",""sourceCategory"":""JACars Car Parts"",""appSubcategory"":""auto_parts""}",gone,2026-10-10T20:30:43Z,404,Exact source URL returned HTTP 404,,https://www.jacars.net/adv/2510649_front-wheel-bearing-kit-for-lexus-mark-x/,20,2026-10-10T20:30:43Z,source_unavailable,Source advert API returned HTTP 404 and its detail site blocked verification; held until the listing can be verified again.,,
jacars-2499481,rejected,vehicles,vehicles,auto_parts,2006 Honda Fit Aria Transmission,"JA$ 80,000",80000,JMD,Saint James,Jamaica,JACars Car Parts,18763855613,"2006 Honda Fit Aria Transmission - JA$ 80,000 - Saint James - 3 days ago",https://cdn2.jacars.net/media/cache/74/7f/747f255efa9547637ccb3f0c3551450a.webp,JACars Car Parts,https://www.jacars.net/adv/2499481_honda-fit-aria-1-4l-2006/,2026-05-02T21:46:16.272Z,,,,2006,good,,,,"{""sourceDate"":""3 days ago"",""sourcePostedAt"":""2026-05-02T21:46:16.272Z"",""parser"":""jacars"",""sourceCategory"":""JACars Car Parts"",""appSubcategory"":""auto_parts""}",gone,2026-10-10T20:30:43Z,404,Exact source URL returned HTTP 404,,https://www.jacars.net/adv/2499481_honda-fit-aria-1-4l-2006/,20,2026-10-10T20:30:43Z,source_unavailable,Source advert API returned HTTP 404 and its detail site blocked verification; held until the listing can be verified again.,,
jacars-2510549,rejected,marketplace,other,tools_equipment,Sand bags,JA$ 800,800,JMD,Saint Catherine,Jamaica,JACars Other Business,18762694845,Sand bags - JA$ 800 - Saint Catherine - 4 days ago,https://cdn2.jacars.net/media/cache/c8/95/c89580ad1f83d9262a8ce0c400a01893.webp,JACars Other Business,https://www.jacars.net/adv/2510549_sand-bags/,2026-05-01T21:48:00.747Z,,,,,good,,,,"{""sourceDate"":""4 days ago"",""sourcePostedAt"":""2026-05-01T21:48:00.747Z"",""parser"":""jacars"",""sourceCategory"":""JACars Other Business"",""appSubcategory"":""business""}",gone,2026-10-10T20:30:43Z,404,Exact source URL returned HTTP 404,,https://www.jacars.net/adv/2510549_sand-bags/,20,2026-10-10T20:30:43Z,source_unavailable,Source advert API returned HTTP 404 and its detail site blocked verification; held until the listing can be verified again.,,
jacars-2510627,rejected,marketplace,real_estate,for_sale,"VERY NEGOTIABLE 12,500 SqFt of Pure Opportunity in Balvenie Heights Mandeville","JA$ 68,990,000",68990000,JMD,Manchester,Jamaica,JACars Other Real Estate,18764671814,"VERY NEGOTIABLE 12,500 SqFt of Pure Opportunity in Balvenie Heights Mandeville - JA$ 68,990,000 - Manchester - 4 days ago",https://cdn2.jacars.net/media/cache/58/a2/58a2f3e78b0cb8c08d5a8af8e7034cca.webp|https://cdn2.jacars.net/media/cache/0a/ac/0aaccb8d0ed75e1251e54b09eb6bddda.webp|https://cdn2.jacars.net/media/cache/72/65/726516b2ed10ff4c9f854427536831e4.webp|https://cdn2.jacars.net/media/cache/0e/ac/0eac88f4ffba8a52df71596446adf57a.webp,JACars Other Real Estate,https://www.jacars.net/adv/2510627_12-500-sq-ft-of-pure-opportunity-in-balvenie-heights-mandeville-jamaica/,2026-05-01T21:47:19.086Z,,,,,good,,,,"{""sourceDate"":""4 days ago"",""sourcePostedAt"":""2026-05-01T21:47:19.086Z"",""parser"":""jacars"",""sourceCategory"":""JACars Other Real Estate"",""appSubcategory"":""for_sale""}",gone,2026-10-10T20:30:43Z,404,Exact source URL returned HTTP 404,,https://www.jacars.net/adv/2510627_12-500-sq-ft-of-pure-opportunity-in-balvenie-heights-mandeville-jamaica/,20,2026-10-10T20:30:43Z,source_unavailable,Source advert API returned HTTP 404 and its detail site blocked verification; held until the listing can be verified again.,,
jacars-2510536,rejected,marketplace,electronics,other,16KW SOLAR SYSTEM KIT,"JA$ 1,200,000",1200000,JMD,Manchester,Jamaica,JACars Other Electronics Appliances,18764967072,"16KW SOLAR SYSTEM KIT - JA$ 1,200,000 - Manchester - 5 days ago",https://cdn2.jacars.net/media/cache/a1/2f/a12f2c2409347fcfa3a5e9e7951ece31.webp,JACars Other Electronics Appliances,https://www.jacars.net/adv/2510536_16kw-kit/,2026-04-30T21:47:40.784Z,,,,,good,,,,"{""sourceDate"":""5 days ago"",""sourcePostedAt"":""2026-04-30T21:47:40.784Z"",""parser"":""jacars"",""sourceCategory"":""JACars Other Electronics Appliances"",""appSubcategory"":""other""}",gone,2026-10-10T20:30:43Z,404,Exact source URL returned HTTP 404,,https://www.jacars.net/adv/2510536_16kw-kit/,20,2026-10-10T20:30:43Z,source_unavailable,Source advert API returned HTTP 404 and its detail site blocked verification; held until the listing can be verified again.,,
jacars-2510513,rejected,marketplace,other,baby_kids,Baby Crib like new,"JA$ 30,000",30000,JMD,Clarendon,Jamaica,JACars Other Kids Stuff,18768331444,"Baby Crib like new - JA$ 30,000 - Clarendon - 5 days ago",https://cdn2.jacars.net/media/cache/19/7c/197c51fa96398a8b22bffe4633585073.webp,JACars Other Kids Stuff,https://www.jacars.net/adv/2510513_baby-crib-like-new/,2026-04-30T21:47:28.473Z,,,,,like_new,,,,"{""sourceDate"":""5 days ago"",""sourcePostedAt"":""2026-04-30T21:47:28.473Z"",""parser"":""jacars"",""sourceCategory"":""JACars Other Kids Stuff"",""appSubcategory"":""kids""}",gone,2026-10-10T20:30:43Z,404,Exact source URL returned HTTP 404,,https://www.jacars.net/adv/2510513_baby-crib-like-new/,20,2026-10-10T20:30:43Z,source_unavailable,Source advert API returned HTTP 404 and its detail site blocked verification; held until the listing can be verified again.,,
jacars-2510414,published,marketplace,electronics,computers_tablets,HP loptop,"JA$ 45,000",45000,JMD,Manchester,Jamaica,JACars Other Mobile Phones,18768747422,"HP loptop - JA$ 45,000 - Manchester - 5 days ago",https://cdn2.jacars.net/media/cache/34/51/3451c2e4a9ecb9b7d65605ce93172e5d.webp|https://cdn2.jacars.net/media/cache/0c/0f/0c0f4d7aae68b36119823ad149fbf0e2.webp|https://cdn2.jacars.net/media/cache/58/b0/58b0dfac331eb57950fa087287cc7903.webp,JACars Other Mobile Phones,https://www.jacars.net/adv/2510414_hp-loptop/,2026-04-30T21:47:24.722Z,,,,,good,,,,"{""sourceDate"":""5 days ago"",""sourcePostedAt"":""2026-04-30T21:47:24.722Z"",""parser"":""jacars"",""sourceCategory"":""JACars Other Mobile Phones"",""appSubcategory"":""phones_accessories"",""imageQuality"":""source_detail_high_resolution"",""imageRefreshSource"":""jacars_gallery_full_api"",""imageRefreshAttemptedAt"":""2026-08-31T15:42:55.415Z"",""imageIntegrityVersion"":""2026-09-06.1"",""imageVerifiedAt"":""2026-09-07T00:05:03.876Z"",""imageSourceUrl"":""https://www.jacars.net/adv/2510414_hp-loptop/""}",active,2026-10-10T20:30:43Z,200,Matching listing has an available source offer,2026-10-10T20:30:43Z,https://www.jacars.net/adv/2510414_hp-loptop/,0,,visible,,,
jacars-2510530,rejected,vehicles,vehicles,tires_rims,16inch Toyota voxy rims,"JA$ 90,000",90000,JMD,Kingston,Jamaica,JACars Tires and Rims,18764899527,"16inch Toyota voxy rims - JA$ 90,000 - Kingston - 5 days ago",https://cdn2.jacars.net/media/cache/e1/c6/e1c6c78e47e47969c7ae063f30141dd9.webp|https://cdn2.jacars.net/media/cache/f2/5a/f25ac655fef5a974b0ffc1a9648e6259.webp|https://cdn2.jacars.net/media/cache/fa/29/fa2940db161159d5a401fbd1c729e077.webp|https://cdn2.jacars.net/media/cache/c7/c5/c7c50d565b5e29d9001faf84f0521a53.webp,JACars Tires and Rims,https://www.jacars.net/adv/2510530_toyota-voxy-0-4l-2023/,2026-04-30T21:46:24.855Z,,,,,good,,,,"{""sourceDate"":""5 days ago"",""sourcePostedAt"":""2026-04-30T21:46:24.855Z"",""parser"":""jacars"",""sourceCategory"":""JACars Tires and Rims"",""appSubcategory"":""tires_rims""}",gone,2026-10-10T20:30:43Z,404,Exact source URL returned HTTP 404,,https://www.jacars.net/adv/2510530_toyota-voxy-0-4l-2023/,20,2026-10-10T20:30:43Z,source_unavailable,Source advert API returned HTTP 404 and its detail site blocked verification; held until the listing can be verified again.,,
jacars-2503234,published,vehicles,vehicles,auto_parts,Toyota MR2 Nose Cut Available,JA$ 1,1,JMD,Manchester,Jamaica,Zig Zag Auto Parts & Car Sales Limited,18762354486,"🚨 Toyota MR2 NOSE CUT AVAILABLE 🚨

Japanese Import – Complete Front End Ready to Install! 🔥

✔️ Front Bumper
✔️ Grille
✔️ Radiator Support
✔️ Clean & Solid Condition

📍 73 Inch InchManchester Road, Mandeville
📞 Call: 876-873-9901
💬 WhatsApp: 876-235-4486

⚡ First come, first served. Serious buyers only.",https://cdn2.jacars.net/media/cache/1e/59/1e597e288ab76434dabe2765382ffec3.webp|https://cdn2.jacars.net/media/cache/87/41/874137a9a19729fd107e0b85dc50a46d.webp|https://cdn2.jacars.net/media/cache/74/b8/74b8d7b4713fe9293bb90d398ed37fd3.webp,JACars Car Parts,https://www.jacars.net/adv/2503234_toyota-mr2-nose-cut-available/,2026-04-30T21:46:16.276Z,,,,,good,,,,"{""sourceDate"":""5 days ago"",""sourcePostedAt"":""2026-04-30T21:46:16.276Z"",""parser"":""jacars"",""sourceCategory"":""JACars Car Parts"",""appSubcategory"":""auto_parts"",""imageQuality"":""source_detail_high_resolution"",""imageRefreshSource"":""jacars_gallery_full_api"",""imageRefreshAttemptedAt"":""2026-08-31T15:42:55.415Z"",""imageIntegrityVersion"":""2026-10-07.1"",""imageVerifiedAt"":""2026-10-10T21:01:33.387Z"",""imageSourceUrl"":""https://www.jacars.net/adv/2503234_toyota-mr2-nose-cut-available/"",""brand"":""Toyota"",""details"":[],""detailsSourceUrl"":""https://www.jacars.net/adv/2503234_toyota-mr2-nose-cut-available/"",""detailsVerifiedAt"":""2026-10-10T20:45:31.479532+00:00"",""condition"":""good"",""sourceSpecifications"":[],""listingIdentity"":{""version"":""2026-10-07.1"",""sourceUrl"":""https://www.jacars.net/adv/2503234_toyota-mr2-nose-cut-available/"",""title"":""Toyota MR2 Nose Cut Available"",""images"":[""https://cdn2.jacars.net/media/cache/1e/59/1e597e288ab76434dabe2765382ffec3.webp"",""https://cdn2.jacars.net/media/cache/87/41/874137a9a19729fd107e0b85dc50a46d.webp"",""https://cdn2.jacars.net/media/cache/74/b8/74b8d7b4713fe9293bb90d398ed37fd3.webp""],""phones"":[""18762354486""],""sellerId"":"""",""city"":""Manchester"",""checkedAt"":""2026-10-10T21:01:33.387Z""}}",active,2026-10-10T20:30:43Z,200,Matching listing has an available source offer,2026-10-10T20:30:43Z,https://www.jacars.net/adv/2503234_toyota-mr2-nose-cut-available/,0,,visible,,,
jacars-2502972,published,vehicles,vehicles,auto_parts,Nissan Skyline HR34 Nose Cut Available,JA$ 1,1,JMD,Manchester,Jamaica,Zig Zag Auto Parts & Car Sales Limited,18762354486,"🚨 Nissan Skyline HR34 NOSE CUT AVAILABLE 🚨

Japanese Import – Complete Front End Ready to Install! 🔥

✔️ Front Bumper
✔️ Grille
✔️ Radiator Support
✔️ Clean & Solid Condition
I I
📍 73 Manchester Road, Mandeville
📞 Call: 876-873-9901
💬 WhatsApp: 876-235-4486

⚡ First come, first served. Serious buyers only.",https://cdn2.jacars.net/media/cache/20/be/20be07ecc122f8769aeaa80e2a5fd6ab.webp|https://cdn2.jacars.net/media/cache/96/bf/96bff2297d6f9626a0ac2a2cce6c3d8f.webp|https://cdn2.jacars.net/media/cache/66/19/6619742d7639ba5c90b0de8b2105e3e7.webp,JACars Car Parts,https://www.jacars.net/adv/2502972_nissan-skyline-hr34-nose-cut-available/,2026-04-30T21:46:16.276Z,,,,,good,,,,"{""sourceDate"":""5 days ago"",""sourcePostedAt"":""2026-04-30T21:46:16.276Z"",""parser"":""jacars"",""sourceCategory"":""JACars Car Parts"",""appSubcategory"":""auto_parts"",""imageQuality"":""source_detail_high_resolution"",""imageRefreshSource"":""jacars_gallery_full_api"",""imageRefreshAttemptedAt"":""2026-08-31T15:42:55.415Z"",""imageIntegrityVersion"":""2026-10-07.1"",""imageVerifiedAt"":""2026-10-10T21:01:33.387Z"",""imageSourceUrl"":""https://www.jacars.net/adv/2502972_nissan-skyline-hr34-nose-cut-available/"",""brand"":""Nissan"",""details"":[],""detailsSourceUrl"":""https://www.jacars.net/adv/2502972_nissan-skyline-hr34-nose-cut-available/"",""detailsVerifiedAt"":""2026-10-10T20:45:31.479532+00:00"",""condition"":""good"",""sourceSpecifications"":[],""listingIdentity"":{""version"":""2026-10-07.1"",""sourceUrl"":""https://www.jacars.net/adv/2502972_nissan-skyline-hr34-nose-cut-available/"",""title"":""Nissan Skyline HR34 Nose Cut Available"",""images"":[""https://cdn2.jacars.net/media/cache/20/be/20be07ecc122f8769aeaa80e2a5fd6ab.webp"",""https://cdn2.jacars.net/media/cache/96/bf/96bff2297d6f9626a0ac2a2cce6c3d8f.webp"",""https://cdn2.jacars.net/media/cache/66/19/6619742d7639ba5c90b0de8b2105e3e7.webp""],""phones"":[""18762354486""],""sellerId"":"""",""city"":""Manchester"",""checkedAt"":""2026-10-10T21:01:33.387Z""}}",active,2026-10-10T20:30:43Z,200,Matching listing has an available source offer,2026-10-10T20:30:43Z,https://www.jacars.net/adv/2502972_nissan-skyline-hr34-nose-cut-available/,0,,visible,,,
jacars-2502971,published,vehicles,vehicles,auto_parts,Toyota Corolla Levin Nose Cut Available,JA$ 1,1,JMD,Manchester,Jamaica,Zig Zag Auto Parts & Car Sales Limited,18762354486,"🚨 Toyota Corolla Levin NOSE CUT AVAILABLE 🚨

Japanese Import – Complete Front End Ready to Install! 🔥

✔️ Front Bumper
✔️ Grille
✔️ Radiator Support
✔️ Clean & Solid Condition

📍 73 Manchester Road, Mandeville
📞 Call: 876-873-9901
💬 WhatsApp: 876-235-4486

⚡ First come, first served. Serious buyers only.",https://cdn2.jacars.net/media/cache/09/d2/09d28fbb72f4922e31cc7bc78eadf951.webp|https://cdn2.jacars.net/media/cache/c2/63/c263ccb61615a501d97091380edf653b.webp|https://cdn2.jacars.net/media/cache/d8/54/d854062541fab0262cd4537ef779b11f.webp,JACars Car Parts,https://www.jacars.net/adv/2502971_toyota-corolla-levin-nose-cut-available/,2026-04-30T21:46:16.276Z,,,,,good,,,,"{""sourceDate"":""5 days ago"",""sourcePostedAt"":""2026-04-30T21:46:16.276Z"",""parser"":""jacars"",""sourceCategory"":""JACars Car Parts"",""appSubcategory"":""auto_parts"",""imageQuality"":""source_detail_high_resolution"",""imageRefreshSource"":""jacars_gallery_full_api"",""imageRefreshAttemptedAt"":""2026-08-31T15:42:55.415Z"",""imageIntegrityVersion"":""2026-10-07.1"",""imageVerifiedAt"":""2026-10-10T21:01:33.387Z"",""imageSourceUrl"":""https://www.jacars.net/adv/2502971_toyota-corolla-levin-nose-cut-available/"",""brand"":""Toyota"",""details"":[],""detailsSourceUrl"":""https://www.jacars.net/adv/2502971_toyota-corolla-levin-nose-cut-available/"",""detailsVerifiedAt"":""2026-10-10T20:45:31.479532+00:00"",""condition"":""good"",""sourceSpecifications"":[],""listingIdentity"":{""version"":""2026-10-07.1"",""sourceUrl"":""https://www.jacars.net/adv/2502971_toyota-corolla-levin-nose-cut-available/"",""title"":""Toyota Corolla Levin Nose Cut Available"",""images"":[""https://cdn2.jacars.net/media/cache/09/d2/09d28fbb72f4922e31cc7bc78eadf951.webp"",""https://cdn2.jacars.net/media/cache/c2/63/c263ccb61615a501d97091380edf653b.webp"",""https://cdn2.jacars.net/media/cache/d8/54/d854062541fab0262cd4537ef779b11f.webp""],""phones"":[""18762354486""],""sellerId"":"""",""city"":""Manchester"",""checkedAt"":""2026-10-10T21:01:33.387Z""}}",active,2026-10-10T20:30:43Z,200,Matching listing has an available source offer,2026-10-10T20:30:43Z,https://www.jacars.net/adv/2502971_toyota-corolla-levin-nose-cut-available/,0,,visible,,,
jacars-2502970,rejected,vehicles,vehicles,auto_parts,Toyota Caldina Nose Cut Available,JA$ 1,1,JMD,Manchester,Jamaica,Zig Zag Auto Parts & Car Sales Limited,18762354486,Toyota Caldina Nose Cut Available - JA$ 1 - Manchester - 5 days ago,https://cdn2.jacars.net/media/cache/62/38/62381e69ebdf35732b49a631c6e51f00.webp|https://cdn2.jacars.net/media/cache/fd/92/fd928a82d9476e7cf8cfd6679926ae5e.webp|https://cdn2.jacars.net/media/cache/a5/d6/a5d6e035b5d7d84d262b506613d6a1b2.webp|https://cdn2.jacars.net/media/cache/29/04/290467412672db76b9a1ba96c6c99877.webp,JACars Car Parts,https://www.jacars.net/adv/2502970_toyota-caldina-nose-cut-available/,2026-04-30T21:46:16.276Z,,,,,good,,,,"{""sourceDate"":""5 days ago"",""sourcePostedAt"":""2026-04-30T21:46:16.276Z"",""parser"":""jacars"",""sourceCategory"":""JACars Car Parts"",""appSubcategory"":""auto_parts""}",gone,2026-10-10T20:30:43Z,404,Exact source URL returned HTTP 404,,https://www.jacars.net/adv/2502970_toyota-caldina-nose-cut-available/,20,2026-10-10T20:30:43Z,source_unavailable,Source advert API returned HTTP 404 and its detail site blocked verification; held until the listing can be verified again.,,
jacars-2502969,published,vehicles,vehicles,auto_parts,Nissan Primera Nose Cut Available,JA$ 1,1,JMD,Manchester,Jamaica,Zig Zag Auto Parts & Car Sales Limited,18762354486,"🚨 Nissan Primera NOSE CUT AVAILABLE 🚨

Japanese Import – Complete Front End Ready to Install! 🔥

✔️ Front Bumper
✔️ Grille
✔️ Radiator Support
✔️ Clean & Solid Condition

📍 73 Manchester Road, Mandeville
📞 Call: 876-873-9901
💬 WhatsApp: 876-235-4486

⚡ First come, first served. Serious buyers only.",https://cdn2.jacars.net/media/cache/f4/d8/f4d8f7444f6598daedeb00ea43f8d138.webp|https://cdn2.jacars.net/media/cache/a7/6d/a76d5a342749ed1f172a2875a95fba86.webp,JACars Car Parts,https://www.jacars.net/adv/2502969_nissan-primera-nose-cut-available/,2026-04-30T21:46:16.276Z,,,,,good,,,,"{""sourceDate"":""5 days ago"",""sourcePostedAt"":""2026-04-30T21:46:16.276Z"",""parser"":""jacars"",""sourceCategory"":""JACars Car Parts"",""appSubcategory"":""auto_parts"",""imageQuality"":""source_detail_high_resolution"",""imageRefreshSource"":""jacars_gallery_full_api"",""imageRefreshAttemptedAt"":""2026-08-31T15:42:55.415Z"",""imageIntegrityVersion"":""2026-10-07.1"",""imageVerifiedAt"":""2026-10-10T21:01:33.387Z"",""imageSourceUrl"":""https://www.jacars.net/adv/2502969_nissan-primera-nose-cut-available/"",""brand"":""Nissan"",""details"":[],""detailsSourceUrl"":""https://www.jacars.net/adv/2502969_nissan-primera-nose-cut-available/"",""detailsVerifiedAt"":""2026-10-10T20:45:31.479532+00:00"",""condition"":""good"",""sourceSpecifications"":[],""listingIdentity"":{""version"":""2026-10-07.1"",""sourceUrl"":""https://www.jacars.net/adv/2502969_nissan-primera-nose-cut-available/"",""title"":""Nissan Primera Nose Cut Available"",""images"":[""https://cdn2.jacars.net/media/cache/f4/d8/f4d8f7444f6598daedeb00ea43f8d138.webp"",""https://cdn2.jacars.net/media/cache/a7/6d/a76d5a342749ed1f172a2875a95fba86.webp""],""phones"":[""18762354486""],""sellerId"":"""",""city"":""Manchester"",""checkedAt"":""2026-10-10T21:01:33.387Z""}}",active,2026-10-10T20:30:43Z,200,Matching listing has an available source offer,2026-10-10T20:30:43Z,https://www.jacars.net/adv/2502969_nissan-primera-nose-cut-available/,0,,visible,,,
jacars-2502965,published,vehicles,vehicles,auto_parts,TOYOTA ISIS NOSE CUT AVAILABLE,JA$ 1,1,JMD,Manchester,Jamaica,Zig Zag Auto Parts & Car Sales Limited,18762354486,"🚨 TOYOTA Isis NOSE CUT AVAILABLE 🇯🇵🚨

Japanese Import – Complete Front End Ready to Install! 🔥

✔️ Front Bumper
✔️ Grille
✔️ Fog Lights
✔️ Radiator Support
✔️ Clean & Solid Condition

📍 73 Manchester Road, Mandeville
📞 Call: 876-873-9901
💬 WhatsApp: 876-235-4486

⚡ First come, first served. Serious buyers only.",https://cdn2.jacars.net/media/cache/2e/a5/2ea559059b846d6efe93db05931af00f.webp|https://cdn2.jacars.net/media/cache/aa/2a/aa2aaa3babb2a1c3ea544a55d3f780b5.webp|https://cdn2.jacars.net/media/cache/09/81/09819e058e4f47cd03ce46a5de035042.webp|https://cdn2.jacars.net/media/cache/6a/21/6a21e828f225c7d279c7b5472838a73f.webp,JACars Car Parts,https://www.jacars.net/adv/2502965_toyota-isis-nose-cut-available/,2026-04-30T21:46:16.276Z,,,,,good,,,,"{""sourceDate"":""5 days ago"",""sourcePostedAt"":""2026-04-30T21:46:16.276Z"",""parser"":""jacars"",""sourceCategory"":""JACars Car Parts"",""appSubcategory"":""auto_parts"",""imageQuality"":""source_detail_high_resolution"",""imageRefreshSource"":""jacars_gallery_full_api"",""imageRefreshAttemptedAt"":""2026-08-31T15:42:55.415Z"",""imageIntegrityVersion"":""2026-10-07.1"",""imageVerifiedAt"":""2026-10-10T21:01:33.387Z"",""imageSourceUrl"":""https://www.jacars.net/adv/2502965_toyota-isis-nose-cut-available/"",""brand"":""Toyota"",""details"":[],""detailsSourceUrl"":""https://www.jacars.net/adv/2502965_toyota-isis-nose-cut-available/"",""detailsVerifiedAt"":""2026-10-10T20:45:31.479532+00:00"",""condition"":""good"",""sourceSpecifications"":[],""listingIdentity"":{""version"":""2026-10-07.1"",""sourceUrl"":""https://www.jacars.net/adv/2502965_toyota-isis-nose-cut-available/"",""title"":""TOYOTA ISIS NOSE CUT AVAILABLE"",""images"":[""https://cdn2.jacars.net/media/cache/2e/a5/2ea559059b846d6efe93db05931af00f.webp"",""https://cdn2.jacars.net/media/cache/aa/2a/aa2aaa3babb2a1c3ea544a55d3f780b5.webp"",""https://cdn2.jacars.net/media/cache/09/81/09819e058e4f47cd03ce46a5de035042.webp"",""https://cdn2.jacars.net/media/cache/6a/21/6a21e828f225c7d279c7b5472838a73f.webp""],""phones"":[""18762354486""],""sellerId"":"""",""city"":""Manchester"",""checkedAt"":""2026-10-10T21:01:33.387Z""}}",active,2026-10-10T20:30:43Z,200,Matching listing has an available source offer,2026-10-10T20:30:43Z,https://www.jacars.net/adv/2502965_toyota-isis-nose-cut-available/,0,,visible,,,
jacars-2505549,published,vehicles,vehicles,auto_parts,2006 Honda Fit Aria Back Glass,"JA$ 40,000",40000,JMD,Saint James,Jamaica,JACars Other Car Parts,18763855613,"2006 Honda Fit Aria Back Glass - JA$ 40,000 - Saint James - 6 days ago",https://cdn2.jacars.net/media/cache/59/46/594604efbba698b08d05c116fbd4d323.webp|https://cdn2.jacars.net/media/cache/22/2b/222bea63d20522493f9fe3ae71112d2d.webp|https://cdn2.jacars.net/media/cache/8d/63/8d6305ffc7a3c5d956fa67995f1f6faa.webp,JACars Other Car Parts,https://www.jacars.net/adv/2505549_honda-fit-aria-1-4l-2006/,2026-04-29T21:46:43.825Z,,,,2006,good,,,,"{""sourceDate"":""6 days ago"",""sourcePostedAt"":""2026-04-29T21:46:43.825Z"",""parser"":""jacars"",""sourceCategory"":""JACars Other Car Parts"",""appSubcategory"":""auto_parts"",""imageQuality"":""source_detail_high_resolution"",""imageRefreshSource"":""jacars_gallery_full_api"",""imageRefreshAttemptedAt"":""2026-08-31T15:42:55.415Z"",""imageIntegrityVersion"":""2026-09-06.1"",""imageVerifiedAt"":""2026-09-07T00:05:03.876Z"",""imageSourceUrl"":""https://www.jacars.net/adv/2505549_honda-fit-aria-1-4l-2006/""}",unknown,2026-10-10T20:30:43Z,200,Source loaded but the listing identity was not confirmed,2026-09-30T21:59:05Z,https://www.jacars.net/adv/2505549_honda-fit-aria-1-4l-2006/,0,,visible,,,
jacars-2510317,rejected,vehicles,vehicles,tires_rims,17 inch chrome rims 5-114.3,"JA$ 50,000",50000,JMD,Saint Catherine,Jamaica,JACars Tires and Rims,18764052232,"17 inch chrome rims 5-114.3 - JA$ 50,000 - Saint Catherine - 6 days ago",https://cdn2.jacars.net/media/cache/7c/fa/7cfa10e61640ff2985cba2f9a94ced6f.webp|https://cdn2.jacars.net/media/cache/4e/58/4e582e334e828f2086f67358839cbe56.webp,JACars Tires and Rims,https://www.jacars.net/adv/2510317_17-inch-chrome-rims-5-114-3/,2026-04-29T21:46:24.856Z,,,,,good,,,,"{""sourceDate"":""6 days ago"",""sourcePostedAt"":""2026-04-29T21:46:24.856Z"",""parser"":""jacars"",""sourceCategory"":""JACars Tires and Rims"",""appSubcategory"":""tires_rims""}",gone,2026-10-10T20:30:43Z,404,Exact source URL returned HTTP 404,,https://www.jacars.net/adv/2510317_17-inch-chrome-rims-5-114-3/,20,2026-10-10T20:30:43Z,source_unavailable,Source advert API returned HTTP 404 and its detail site blocked verification; held until the listing can be verified again.,,
jacars-2510322,rejected,vehicles,vehicles,auto_parts,Electric Jack with Electric impact wrench kit,"JA$ 30,000",30000,JMD,Saint Catherine,Jamaica,JACars Car Accessories,18764052232,"Electric Jack with Electric impact wrench kit - JA$ 30,000 - Saint Catherine - 6 days ago",https://cdn2.jacars.net/media/cache/77/02/7702dd282e84369579c66ec2acadc5ff.webp|https://cdn2.jacars.net/media/cache/46/54/4654e3253c724f57f0f638bbdab098e4.webp|https://cdn2.jacars.net/media/cache/24/ea/24ea61bbf68c456e7457682e43834a2a.webp|https://cdn2.jacars.net/media/cache/c2/35/c235200eaadb3f9bdf516d0bcf25886e.webp,JACars Car Accessories,https://www.jacars.net/adv/2510322_electric-jack-with-electric-impact-wrench-kit/,2026-04-29T21:46:20.537Z,,,,,good,,,,"{""sourceDate"":""6 days ago"",""sourcePostedAt"":""2026-04-29T21:46:20.537Z"",""parser"":""jacars"",""sourceCategory"":""JACars Car Accessories"",""appSubcategory"":""auto_parts""}",gone,2026-10-10T20:30:43Z,404,Exact source URL returned HTTP 404,,https://www.jacars.net/adv/2510322_electric-jack-with-electric-impact-wrench-kit/,20,2026-10-10T20:30:43Z,source_unavailable,Source advert API returned HTTP 404 and its detail site blocked verification; held until the listing can be verified again.,,
jacars-2506665,published,vehicles,vehicles,auto_parts,Genuine 2010-2019 Toyota Vitz/Yaris Speedometer Console Covering,"JA$ 75,000",75000,JMD,Manchester,Jamaica,JACars Car Accessories,18765865891,"Genuine 2010-2019 Toyota Vitz/Yaris Speedometer Console Covering - JA$ 75,000 - Manchester - 6 days ago",https://cdn2.jacars.net/media/cache/00/c9/00c9382747ef91aa52562eabc9ff083a.webp|https://cdn2.jacars.net/media/cache/6f/8c/6f8ce8a8e70ff3a6b32d7b6d6a6b91ec.webp,JACars Car Accessories,https://www.jacars.net/adv/2506665_genuine-2010-2019-toyota-vitz-yaris-speedometer-console-covering/,2026-04-29T21:46:20.537Z,,,,2010,good,,,,"{""sourceDate"":""6 days ago"",""sourcePostedAt"":""2026-04-29T21:46:20.537Z"",""parser"":""jacars"",""sourceCategory"":""JACars Car Accessories"",""appSubcategory"":""auto_parts"",""imageQuality"":""source_detail_high_resolution"",""imageRefreshSource"":""jacars_gallery_full_api"",""imageRefreshAttemptedAt"":""2026-08-31T15:42:55.415Z"",""imageIntegrityVersion"":""2026-09-06.1"",""imageVerifiedAt"":""2026-09-07T00:05:03.876Z"",""imageSourceUrl"":""https://www.jacars.net/adv/2506665_genuine-2010-2019-toyota-vitz-yaris-speedometer-console-covering/""}",active,2026-10-10T20:30:43Z,200,Matching listing has an available source offer,2026-10-10T20:30:43Z,https://www.jacars.net/adv/2506665_genuine-2010-2019-toyota-vitz-yaris-speedometer-console-covering/,0,,visible,,,
jacars-2506258,published,vehicles,vehicles,auto_parts,Genuine 2010-2013 Toyota Voxy/Noah Chrome Bumper Mouldings,"JA$ 45,000",45000,JMD,Manchester,Jamaica,JACars Car Accessories,18765865891,"Genuine 2010-2013 Toyota Voxy/Noah Chrome Bumper Mouldings - JA$ 45,000 - Manchester - 6 days ago",https://cdn2.jacars.net/media/cache/6c/43/6c4387c28d588572bfd882670746100a.webp,JACars Car Accessories,https://www.jacars.net/adv/2506258_genuine-2010-2013-toyota-voxy-noah-chrome-bumper-mouldings/,2026-04-29T21:46:20.537Z,,,,2010,good,,,,"{""sourceDate"":""6 days ago"",""sourcePostedAt"":""2026-04-29T21:46:20.537Z"",""parser"":""jacars"",""sourceCategory"":""JACars Car Accessories"",""appSubcategory"":""auto_parts"",""imageQuality"":""source_detail_high_resolution"",""imageRefreshSource"":""jacars_gallery_full_api"",""imageRefreshAttemptedAt"":""2026-08-31T15:42:55.415Z"",""imageIntegrityVersion"":""2026-09-06.1"",""imageVerifiedAt"":""2026-09-07T00:05:03.876Z"",""imageSourceUrl"":""https://www.jacars.net/adv/2506258_genuine-2010-2013-toyota-voxy-noah-chrome-bumper-mouldings/""}",active,2026-10-10T20:30:43Z,200,Matching listing has an available source offer,2026-10-10T20:30:43Z,https://www.jacars.net/adv/2506258_genuine-2010-2013-toyota-voxy-noah-chrome-bumper-mouldings/,0,,visible,,,
jacars-2492496,published,vehicles,vehicles,auto_parts,Genuine 2015-2017 Honda Fit Lower Bumper Grille,"JA$ 39,600",39600,JMD,Manchester,Jamaica,JACars Car Accessories,18765865891,"Genuine 2015-2017 Honda Fit Lower Bumper Grille - JA$ 39,600 - Manchester - 6 days ago",https://cdn2.jacars.net/media/cache/4c/82/4c82f65bb21571af17ec7ea001ec5fad.webp|https://cdn2.jacars.net/media/cache/e4/fb/e4fbd2feb91fdf2996179f5cea27d9a7.webp|https://cdn2.jacars.net/media/cache/17/31/1731bdb2b4bc5e39f66fa4abc96f3b21.webp,JACars Car Accessories,https://www.jacars.net/adv/2492496_genuine-2015-2017-honda-fit-lower-bumper-grille/,2026-04-29T21:46:20.537Z,,,,2015,good,,,,"{""sourceDate"":""6 days ago"",""sourcePostedAt"":""2026-04-29T21:46:20.537Z"",""parser"":""jacars"",""sourceCategory"":""JACars Car Accessories"",""appSubcategory"":""auto_parts"",""imageQuality"":""source_detail_high_resolution"",""imageRefreshSource"":""jacars_gallery_full_api"",""imageRefreshAttemptedAt"":""2026-08-31T15:42:55.415Z"",""imageIntegrityVersion"":""2026-09-06.1"",""imageVerifiedAt"":""2026-09-07T00:05:03.876Z"",""imageSourceUrl"":""https://www.jacars.net/adv/2492496_genuine-2015-2017-honda-fit-lower-bumper-grille/""}",active,2026-10-10T20:30:43Z,200,Matching listing has an available source offer,2026-10-10T20:30:43Z,https://www.jacars.net/adv/2492496_genuine-2015-2017-honda-fit-lower-bumper-grille/,0,,visible,,,
jacars-2499183,rejected,marketplace,services,other,Tiny Hands Day Care,"JA$ 6,000 JA$ 6,500",60006500,JMD,Saint Catherine,Jamaica,JACars Other General Services,18762922543,"Tiny Hands Day Care - JA$ 6,000 JA$ 6,500 - Saint Catherine - 1 week ago",https://cdn2.jacars.net/media/cache/39/1d/391d633a03e5d264c73a4abe055eb14b.webp,JACars Other General Services,https://www.jacars.net/adv/2499183_cars-other-8-0l-2025/,2026-04-28T21:48:04.529Z,,,,,good,,,,"{""sourceDate"":""1 week ago"",""sourcePostedAt"":""2026-04-28T21:48:04.529Z"",""parser"":""jacars"",""sourceCategory"":""JACars Other General Services"",""appSubcategory"":""other""}",gone,2026-10-10T20:30:43Z,404,Exact source URL returned HTTP 404,,https://www.jacars.net/adv/2499183_cars-other-8-0l-2025/,20,2026-10-10T20:30:43Z,source_unavailable,Source advert API returned HTTP 404 and its detail site blocked verification; held until the listing can be verified again.,,
jacars-2509981,published,marketplace,other,tools_equipment,New Cat 420 Bucket in Linstead St Catherine,"JA$ 450,000",450000,JMD,Saint Catherine,Jamaica,JACars Other Business,18762831334,"Brand new Cat 420 Bucket for sale in Linstead St. Catherine. For more information, please call 876 283 1334.",https://cdn2.jacars.net/media/cache/47/f4/47f4f763f77704423428de3d39712edd.webp,JACars Other Business,https://www.jacars.net/adv/2509981_new-cat-420-bucket-coming-to-linstead-st-catherine-end-of-may/,2026-04-28T21:48:00.747Z,,Other,,,new,,,,"{""sourceDate"":""1 week ago"",""sourcePostedAt"":""2026-04-28T21:48:00.747Z"",""parser"":""jacars"",""sourceCategory"":""JACars Other Business"",""appSubcategory"":""business"",""imageQuality"":""source_detail_high_resolution"",""imageRefreshSource"":""jacars_gallery_full_api"",""imageRefreshAttemptedAt"":""2026-08-31T15:42:55.415Z"",""imageIntegrityVersion"":""2026-10-07.1"",""imageVerifiedAt"":""2026-10-10T21:01:33.387Z"",""imageSourceUrl"":""https://www.jacars.net/adv/2509981_new-cat-420-bucket-coming-to-linstead-st-catherine-end-of-may/"",""brand"":""Commercial, industrial equipment"",""model"":""Other"",""details"":[],""detailsSourceUrl"":""https://www.jacars.net/adv/2509981_new-cat-420-bucket-coming-to-linstead-st-catherine-end-of-may/"",""detailsVerifiedAt"":""2026-10-10T20:45:31.479532+00:00"",""condition"":""new"",""sourceSpecifications"":[],""listingIdentity"":{""version"":""2026-10-07.1"",""sourceUrl"":""https://www.jacars.net/adv/2509981_new-cat-420-bucket-coming-to-linstead-st-catherine-end-of-may/"",""title"":""New Cat 420 Bucket in Linstead St Catherine"",""images"":[""https://cdn2.jacars.net/media/cache/47/f4/47f4f763f77704423428de3d39712edd.webp""],""phones"":[""18762831334""],""sellerId"":"""",""city"":""Saint Catherine"",""checkedAt"":""2026-10-10T21:01:33.387Z""}}",active,2026-10-10T20:30:43Z,200,Matching listing has an available source offer,2026-10-10T20:30:43Z,https://www.jacars.net/adv/2509981_new-cat-420-bucket-coming-to-linstead-st-catherine-end-of-may/,0,,visible,,,
jacars-2501456,rejected,marketplace,other,tools_equipment,Concrete mixers gasoline 8cu ft,"JA$ 180,000",180000,JMD,Clarendon,Jamaica,JACars Other Business,2184679711,"Concrete mixers gasoline 8cu ft - JA$ 180,000 - Clarendon - 1 week ago",https://cdn2.jacars.net/media/cache/1f/5b/1f5bf7bd646cbac7763f83667b30eaaf.webp,JACars Other Business,https://www.jacars.net/adv/2501456_concrete-mixers-9cu-ft-and-12-cu-ft/,2026-04-28T21:48:00.747Z,,,,,good,,,,"{""sourceDate"":""1 week ago"",""sourcePostedAt"":""2026-04-28T21:48:00.747Z"",""parser"":""jacars"",""sourceCategory"":""JACars Other Business"",""appSubcategory"":""business""}",gone,2026-10-10T20:30:43Z,404,Exact source URL returned HTTP 404,,https://www.jacars.net/adv/2501456_concrete-mixers-9cu-ft-and-12-cu-ft/,20,2026-10-10T20:30:43Z,source_unavailable,Source advert API returned HTTP 404 and its detail site blocked verification; held until the listing can be verified again.,,
jacars-2496277,published,marketplace,other,tools_equipment,40 Ft Container,"JA$ 900,000",900000,JMD,Saint Catherine,Jamaica,JACars Other Business,18762831334,"40 Ft Container for sale in Linstead, St Catherine. It is in very good condition. Call 876 283 1334 for more information. Thank you.",https://cdn2.jacars.net/media/cache/74/ce/74cebbb9585ea9f159a86de4fec5f621.webp|https://cdn2.jacars.net/media/cache/8c/ed/8ced466bcc0b985db88aa2ed0d8cdaa8.webp|https://cdn2.jacars.net/media/cache/f0/da/f0dad8d1706b7b72d93f52d10e6e2d74.webp|https://cdn2.jacars.net/media/cache/93/28/932867027178231cca6e16935e8a739b.webp,JACars Other Business,https://www.jacars.net/adv/2496277_40-ft-container/,2026-04-28T21:48:00.747Z,,Other,,,good,,,,"{""sourceDate"":""1 week ago"",""sourcePostedAt"":""2026-04-28T21:48:00.747Z"",""parser"":""jacars"",""sourceCategory"":""JACars Other Business"",""appSubcategory"":""business"",""imageQuality"":""source_detail_high_resolution"",""imageRefreshSource"":""jacars_gallery_full_api"",""imageRefreshAttemptedAt"":""2026-08-31T15:42:55.415Z"",""imageIntegrityVersion"":""2026-10-07.1"",""imageVerifiedAt"":""2026-10-10T21:01:33.387Z"",""imageSourceUrl"":""https://www.jacars.net/adv/2496277_40-ft-container/"",""brand"":""Commercial, industrial equipment"",""model"":""Other"",""details"":[],""detailsSourceUrl"":""https://www.jacars.net/adv/2496277_40-ft-container/"",""detailsVerifiedAt"":""2026-10-10T20:45:31.479532+00:00"",""condition"":""good"",""sourceSpecifications"":[],""listingIdentity"":{""version"":""2026-10-07.1"",""sourceUrl"":""https://www.jacars.net/adv/2496277_40-ft-container/"",""title"":""40 Ft Container"",""images"":[""https://cdn2.jacars.net/media/cache/74/ce/74cebbb9585ea9f159a86de4fec5f621.webp"",""https://cdn2.jacars.net/media/cache/8c/ed/8ced466bcc0b985db88aa2ed0d8cdaa8.webp"",""https://cdn2.jacars.net/media/cache/f0/da/f0dad8d1706b7b72d93f52d10e6e2d74.webp"",""https://cdn2.jacars.net/media/cache/93/28/932867027178231cca6e16935e8a739b.webp""],""phones"":[""18762831334""],""sellerId"":"""",""city"":""Saint Catherine"",""checkedAt"":""2026-10-10T21:01:33.387Z""}}",active,2026-10-10T20:30:43Z,200,Matching listing has an available source offer,2026-10-10T20:30:43Z,https://www.jacars.net/adv/2496277_40-ft-container/,0,,visible,,,
jacars-2489430,published,marketplace,other,tools_equipment,Sheet Metal,"JA$ 24,000",24000,JMD,Clarendon,Jamaica,JACars Other Business,18763437863,"Sheet Metal - JA$ 24,000 - Clarendon - 1 week ago",https://cdn2.jacars.net/media/cache/76/e8/76e89610206ea459c787712a14b7b6fd.webp|https://cdn2.jacars.net/media/cache/ea/ed/eaedfa0ba379376055a565a4bb6900ea.webp,JACars Other Business,https://www.jacars.net/adv/2489430_3-16-and-1-8-metal-sheets-4ft-x-10-ft/,2026-04-28T21:48:00.747Z,,,,,good,,,,"{""sourceDate"":""1 week ago"",""sourcePostedAt"":""2026-04-28T21:48:00.747Z"",""parser"":""jacars"",""sourceCategory"":""JACars Other Business"",""appSubcategory"":""business"",""imageQuality"":""source_detail_high_resolution"",""imageRefreshSource"":""jacars_gallery_full_api"",""imageRefreshAttemptedAt"":""2026-08-31T15:42:55.415Z"",""imageIntegrityVersion"":""2026-09-06.1"",""imageVerifiedAt"":""2026-09-07T00:05:03.876Z"",""imageSourceUrl"":""https://www.jacars.net/adv/2489430_3-16-and-1-8-metal-sheets-4ft-x-10-ft/""}",unknown,2026-10-10T20:30:43Z,200,Source loaded but the listing identity was not confirmed,2026-09-30T21:59:05Z,https://www.jacars.net/adv/2489430_3-16-and-1-8-metal-sheets-4ft-x-10-ft/,0,,visible,,,
jacars-2466234,published,marketplace,other,furniture_home_decor,Chairs,"JA$ 4,200 JA$ 4,800",42004800,JMD,Saint James,Jamaica,JACars Other Business,18763294717,"Chairs - JA$ 4,200 JA$ 4,800 - Saint James - 1 week ago",https://cdn2.jacars.net/media/cache/58/95/5895759af8eeffe00388a788d2b75efe.webp|https://cdn2.jacars.net/media/cache/5f/56/5f56114c289978faa70c66215abcbc6e.webp|https://cdn2.jacars.net/media/cache/bb/5c/bb5c0f2b8af15c3983df34f98a907155.webp|https://cdn2.jacars.net/media/cache/59/f5/59f500e1b65a50a87d236c1719326fbc.webp,JACars Other Business,https://www.jacars.net/adv/2466234_unboxed-chairs/,2026-04-28T21:48:00.747Z,,,,,good,,,,"{""sourceDate"":""1 week ago"",""sourcePostedAt"":""2026-04-28T21:48:00.747Z"",""parser"":""jacars"",""sourceCategory"":""JACars Other Business"",""appSubcategory"":""business"",""imageQuality"":""source_detail_high_resolution"",""imageRefreshSource"":""jacars_gallery_full_api"",""imageRefreshAttemptedAt"":""2026-08-31T15:42:55.415Z"",""imageIntegrityVersion"":""2026-09-06.1"",""imageVerifiedAt"":""2026-09-07T00:05:03.876Z"",""imageSourceUrl"":""https://www.jacars.net/adv/2466234_unboxed-chairs/""}",active,2026-10-10T20:30:43Z,200,Matching listing has an available source offer,2026-10-10T20:30:43Z,https://www.jacars.net/adv/2466234_unboxed-chairs/,0,,visible,,,
jacars-2506368,published,marketplace,other,furniture_home_decor,8pc QUEEN Size Bed Sheets,"JA$ 10,000",10000,JMD,Saint Catherine,Jamaica,JACars Other Home Garden Pool,18768651374,"🤳Call OR #WhatsApp 18768651374

🛍FREE🛍DELIVERY🛍 In
📍""WATERFORD""
📍(Block 5 & Block 4)
& 🛍FREE🛍DELIVERY🛍 At
📍""PORTMORE MALL"" For ORDERS
🇯🇲jmd$2,500 & MORE‼️
▪
NOW ACCEPTING
👇💸👇💰👇💵👇
▪
💳Bank🏧Transfers💳
▪
💰CASH ON DELIVERY💰
▪
🧾Lay💸Away💰Plans🧾",https://cdn2.jacars.net/media/cache/95/4e/954e0c184ad75c6dc893fcde0548338f.webp|https://cdn2.jacars.net/media/cache/41/9a/419a78abc4931b322c73bc744c220dbb.webp|https://cdn2.jacars.net/media/cache/3b/7a/3b7af0e5d58fb86bf227a67f675cab2c.webp|https://cdn2.jacars.net/media/cache/da/5c/da5cebccb4f039ad152c0da29e3279d0.webp,JACars Other Home Garden Pool,https://www.jacars.net/adv/2506368_8pc-queen-size-bed-sheets/,2026-04-28T21:47:45.746Z,,,,,good,,,,"{""sourceDate"":""1 week ago"",""sourcePostedAt"":""2026-04-28T21:47:45.746Z"",""parser"":""jacars"",""sourceCategory"":""JACars Other Home Garden Pool"",""appSubcategory"":""home_garden"",""imageQuality"":""source_detail_high_resolution"",""imageRefreshSource"":""jacars_gallery_full_api"",""imageRefreshAttemptedAt"":""2026-08-31T15:42:55.415Z"",""imageIntegrityVersion"":""2026-10-07.1"",""imageVerifiedAt"":""2026-10-10T21:01:33.387Z"",""imageSourceUrl"":""https://www.jacars.net/adv/2506368_8pc-queen-size-bed-sheets/"",""brand"":""Other household goods"",""details"":[],""detailsSourceUrl"":""https://www.jacars.net/adv/2506368_8pc-queen-size-bed-sheets/"",""detailsVerifiedAt"":""2026-10-10T20:45:31.479532+00:00"",""condition"":""good"",""sourceSpecifications"":[],""listingIdentity"":{""version"":""2026-10-07.1"",""sourceUrl"":""https://www.jacars.net/adv/2506368_8pc-queen-size-bed-sheets/"",""title"":""8pc QUEEN Size Bed Sheets"",""images"":[""https://cdn2.jacars.net/media/cache/95/4e/954e0c184ad75c6dc893fcde0548338f.webp"",""https://cdn2.jacars.net/media/cache/41/9a/419a78abc4931b322c73bc744c220dbb.webp"",""https://cdn2.jacars.net/media/cache/3b/7a/3b7af0e5d58fb86bf227a67f675cab2c.webp"",""https://cdn2.jacars.net/media/cache/da/5c/da5cebccb4f039ad152c0da29e3279d0.webp""],""phones"":[""18768651374""],""sellerId"":"""",""city"":""Saint Catherine"",""checkedAt"":""2026-10-10T21:01:33.387Z""}}",active,2026-10-10T20:30:43Z,200,Matching listing has an available source offer,2026-10-10T20:30:43Z,https://www.jacars.net/adv/2506368_8pc-queen-size-bed-sheets/,0,,visible,,,
jacars-2506346,published,marketplace,other,furniture_home_decor,Luminous 3D Stars Dots Wall Sticker for Kids Room Bedroom Home Decoration Glow I,"JA$ 2,000",2000,JMD,Saint Catherine,Jamaica,JACars Other Home Garden Pool,18768651374,"Can absorb light and glow in the darkness. Products need to absorb light. Will be shining in the dark Removable, waterproof,mildew proof Double-sided visual patterns; No marks will be left Can be applied to any smooth and clean surfaces such as walls, doors, windows, closet, etc. Try not to paste again and again. NOT suitable for dirty or rough surface..

Package includes: 211pcs
Stars:
(16pcs*15mm+90pcs*10mm+105pcs*5mm) or 202pcs..

Dots:
(12pcs*10mm+80pcs*6mm+110pcs*4mm)

SPECIFICATIONS:

High-concerned chemical: None

Scenarios: WALL

Theme: Pattern

Material: PVC

Model Number: CH226

Multi-piece Package: Yes

Classification: Furniture Stickers,For Wall

Style: Europe

Brand Name: ZQNYCY

Pattern Type: 3D Sticker

🤳Call OR #WhatsApp 18768651374

🛍FREE🛍DELIVERY🛍 In
📍""WATERFORD""
📍(Block 5 & Block 4)
& 🛍FREE🛍DELIVERY🛍 At
📍""PORTMORE MALL"" For ORDERS
🇯🇲jmd$2,500 & MORE‼️
▪
NOW ACCEPTING
👇💸👇💰👇💵👇
▪
💳Bank🏧Transfers💳
▪
💰CASH ON DELIVERY💰
▪
🧾Lay💸Away💰Plans🧾",https://cdn2.jacars.net/media/cache/52/1f/521f8ef5bba973b294b66ff71e499ad0.webp|https://cdn2.jacars.net/media/cache/d5/3b/d53b87757e0112461b1d6926ccfe29bc.webp|https://cdn2.jacars.net/media/cache/8d/97/8d9712e538da70017ecbb84fa330fe48.webp|https://cdn2.jacars.net/media/cache/5d/97/5d97a61f1787302b6575b2cf1f84b28d.webp,JACars Other Home Garden Pool,https://www.jacars.net/adv/2506346_luminous-3d-stars-dots-wall-sticker-for-kids-room-bedroom-home-decoration-glow-i/,2026-04-28T21:47:45.746Z,,"Lighting, lamps",,,good,,,,"{""sourceDate"":""1 week ago"",""sourcePostedAt"":""2026-04-28T21:47:45.746Z"",""parser"":""jacars"",""sourceCategory"":""JACars Other Home Garden Pool"",""appSubcategory"":""home_garden"",""imageQuality"":""source_detail_high_resolution"",""imageRefreshSource"":""jacars_gallery_full_api"",""imageRefreshAttemptedAt"":""2026-08-31T15:42:55.415Z"",""imageIntegrityVersion"":""2026-10-07.1"",""imageVerifiedAt"":""2026-10-10T21:01:33.387Z"",""imageSourceUrl"":""https://www.jacars.net/adv/2506346_luminous-3d-stars-dots-wall-sticker-for-kids-room-bedroom-home-decoration-glow-i/"",""brand"":""Home decor, accessories"",""model"":""Lighting, lamps"",""details"":[],""detailsSourceUrl"":""https://www.jacars.net/adv/2506346_luminous-3d-stars-dots-wall-sticker-for-kids-room-bedroom-home-decoration-glow-i/"",""detailsVerifiedAt"":""2026-10-10T20:45:31.479532+00:00"",""condition"":""good"",""material"":""PVC"",""sourceSpecifications"":[],""listingIdentity"":{""version"":""2026-10-07.1"",""sourceUrl"":""https://www.jacars.net/adv/2506346_luminous-3d-stars-dots-wall-sticker-for-kids-room-bedroom-home-decoration-glow-i/"",""title"":""Luminous 3D Stars Dots Wall Sticker for Kids Room Bedroom Home Decoration Glow I"",""images"":[""https://cdn2.jacars.net/media/cache/52/1f/521f8ef5bba973b294b66ff71e499ad0.webp"",""https://cdn2.jacars.net/media/cache/d5/3b/d53b87757e0112461b1d6926ccfe29bc.webp"",""https://cdn2.jacars.net/media/cache/8d/97/8d9712e538da70017ecbb84fa330fe48.webp"",""https://cdn2.jacars.net/media/cache/5d/97/5d97a61f1787302b6575b2cf1f84b28d.webp""],""phones"":[""18768651374""],""sellerId"":"""",""city"":""Saint Catherine"",""checkedAt"":""2026-10-10T21:01:33.387Z""}}",active,2026-10-10T20:30:43Z,200,Matching listing has an available source offer,2026-10-10T20:30:43Z,https://www.jacars.net/adv/2506346_luminous-3d-stars-dots-wall-sticker-for-kids-room-bedroom-home-decoration-glow-i/,0,,visible,,,
jacars-2506237,published,marketplace,other,furniture_home_decor,1pc Smart Bluetooth Speaker Bulb Audio Speakers Lamp Dimmable LED Wireless Music,"JA$ 4,000",4000,JMD,Saint Catherine,Jamaica,JACars Other Home Garden Pool,18768651374,"1. Smart Light Bulbs for Bedroom is 9W and have cool white or warm white color and 2700 - 6500 K color temperature. With an E27 base, it can make your living room bright enough in any color.
2. Smart Light Bulb is smartly controlled by the remote as well as by the phone’s wireless program.
3. Smart Led Bulb has color changing and can meet different lighting needs.
4. Smart Led Light Bulb can adjust the brightness you want and save your energy and electricity bills.
5. Smart Led Light Bulb can be widely used for living rooms, bedrooms, kids' rooms, dining rooms, home theater, and music bars.

The smart RGBW led light bulb can be used to decorate your home, office, bedroom, living room and other places. ✨ Smart bulb speaker: it has a smart led light that automatically dims and converts into a standard power source for your convenience.
✨ Speakers lamp: A variety of colors for you to choose, can be used as a speaker lamp, or as a night light.

Specifications:

Product: LED Smart Music…",https://cdn2.jacars.net/media/cache/73/41/7341f9964ab66477a70214bb4fb2f11a.webp|https://cdn2.jacars.net/media/cache/fa/03/fa033b8d7d049db9ed220fb13cb53126.webp|https://cdn2.jacars.net/media/cache/24/5b/245b07f0f27eb301d939e6cfbfe2222a.webp|https://cdn2.jacars.net/media/cache/b1/69/b169b150a11973d00bdd96793e12e1d8.webp,JACars Other Home Garden Pool,https://www.jacars.net/adv/2506237_1pc-smart-bluetooth-speaker-bulb-audio-speakers-lamp-dimmable-led-wireless-music/,2026-04-28T21:47:45.746Z,,"Lighting, lamps",,,good,,Red,,"{""sourceDate"":""1 week ago"",""sourcePostedAt"":""2026-04-28T21:47:45.746Z"",""parser"":""jacars"",""sourceCategory"":""JACars Other Home Garden Pool"",""appSubcategory"":""home_garden"",""imageQuality"":""source_detail_high_resolution"",""imageRefreshSource"":""jacars_gallery_full_api"",""imageRefreshAttemptedAt"":""2026-08-31T15:42:55.415Z"",""imageIntegrityVersion"":""2026-10-07.1"",""imageVerifiedAt"":""2026-10-10T21:01:33.387Z"",""imageSourceUrl"":""https://www.jacars.net/adv/2506237_1pc-smart-bluetooth-speaker-bulb-audio-speakers-lamp-dimmable-led-wireless-music/"",""brand"":""Home decor, accessories"",""model"":""Lighting, lamps"",""details"":[],""detailsSourceUrl"":""https://www.jacars.net/adv/2506237_1pc-smart-bluetooth-speaker-bulb-audio-speakers-lamp-dimmable-led-wireless-music/"",""detailsVerifiedAt"":""2026-10-10T20:45:31.479532+00:00"",""condition"":""good"",""color"":""Red"",""material"":""PC+PS"",""power"":""9W"",""sourceSpecifications"":[],""listingIdentity"":{""version"":""2026-10-07.1"",""sourceUrl"":""https://www.jacars.net/adv/2506237_1pc-smart-bluetooth-speaker-bulb-audio-speakers-lamp-dimmable-led-wireless-music/"",""title"":""1pc Smart Bluetooth Speaker Bulb Audio Speakers Lamp Dimmable LED Wireless Music"",""images"":[""https://cdn2.jacars.net/media/cache/73/41/7341f9964ab66477a70214bb4fb2f11a.webp"",""https://cdn2.jacars.net/media/cache/fa/03/fa033b8d7d049db9ed220fb13cb53126.webp"",""https://cdn2.jacars.net/media/cache/24/5b/245b07f0f27eb301d939e6cfbfe2222a.webp"",""https://cdn2.jacars.net/media/cache/b1/69/b169b150a11973d00bdd96793e12e1d8.webp""],""phones"":[""18768651374""],""sellerId"":"""",""city"":""Saint Catherine"",""checkedAt"":""2026-10-10T21:01:33.387Z""}}",active,2026-10-10T20:30:43Z,200,Matching listing has an available source offer,2026-10-10T20:30:43Z,https://www.jacars.net/adv/2506237_1pc-smart-bluetooth-speaker-bulb-audio-speakers-lamp-dimmable-led-wireless-music/,0,,visible,,,
jacars-2506163,published,marketplace,other,furniture_home_decor,Portable Manual Peeling Fruit Apple Kiwi Peeler Orange Cutter Vegetable Stainles,"JA$ 1,000",1000,JMD,Saint Catherine,Jamaica,JACars Other Home Garden Pool,18768651374,"Material: Plastic

Color: Random

Size: About 10 * 3cm

Applicable: Kitchen, living room

Quantity:1/2/3PCS

Package includes: 1* peelers

🤳Call OR #WhatsApp 18768651374

🛍FREE🛍DELIVERY🛍 In
📍""WATERFORD""
📍(Block 5 & Block 4)
& 🛍FREE🛍DELIVERY🛍 At
📍""PORTMORE MALL"" For ORDERS
🇯🇲jmd$2,500 & MORE‼️
▪
NOW ACCEPTING
👇💸👇💰👇💵👇
▪
💳Bank🏧Transfers💳
▪
💰CASH ON DELIVERY💰
▪
🧾Lay💸Away💰Plans🧾",https://cdn2.jacars.net/media/cache/0d/ae/0daec39f9eb34f6801c0df10e88f2f82.webp|https://cdn2.jacars.net/media/cache/16/0d/160db2de9f65496cd1ecfbe8e6a75baa.webp|https://cdn2.jacars.net/media/cache/73/d9/73d9426d6d6b7b065ba5c7ddbee15c0d.webp|https://cdn2.jacars.net/media/cache/0e/0b/0e0b2fa733d1970401b527d897759386.webp,JACars Other Home Garden Pool,https://www.jacars.net/adv/2506163_portable-manual-peeling-fruit-apple-kiwi-peeler-orange-cutter-vegetable-stainles/,2026-04-28T21:47:45.746Z,,,,,good,,Random,,"{""sourceDate"":""1 week ago"",""sourcePostedAt"":""2026-04-28T21:47:45.746Z"",""parser"":""jacars"",""sourceCategory"":""JACars Other Home Garden Pool"",""appSubcategory"":""home_garden"",""imageQuality"":""source_detail_high_resolution"",""imageRefreshSource"":""jacars_gallery_full_api"",""imageRefreshAttemptedAt"":""2026-08-31T15:42:55.415Z"",""imageIntegrityVersion"":""2026-10-07.1"",""imageVerifiedAt"":""2026-10-10T21:01:33.387Z"",""imageSourceUrl"":""https://www.jacars.net/adv/2506163_portable-manual-peeling-fruit-apple-kiwi-peeler-orange-cutter-vegetable-stainles/"",""brand"":""Kitchenware"",""details"":[],""detailsSourceUrl"":""https://www.jacars.net/adv/2506163_portable-manual-peeling-fruit-apple-kiwi-peeler-orange-cutter-vegetable-stainles/"",""detailsVerifiedAt"":""2026-10-10T20:45:31.479532+00:00"",""condition"":""good"",""material"":""Plastic"",""color"":""Random"",""quantity"":""1/2/3PCS"",""sourceSpecifications"":[],""listingIdentity"":{""version"":""2026-10-07.1"",""sourceUrl"":""https://www.jacars.net/adv/2506163_portable-manual-peeling-fruit-apple-kiwi-peeler-orange-cutter-vegetable-stainles/"",""title"":""Portable Manual Peeling Fruit Apple Kiwi Peeler Orange Cutter Vegetable Stainles"",""images"":[""https://cdn2.jacars.net/media/cache/0d/ae/0daec39f9eb34f6801c0df10e88f2f82.webp"",""https://cdn2.jacars.net/media/cache/16/0d/160db2de9f65496cd1ecfbe8e6a75baa.webp"",""https://cdn2.jacars.net/media/cache/73/d9/73d9426d6d6b7b065ba5c7ddbee15c0d.webp"",""https://cdn2.jacars.net/media/cache/0e/0b/0e0b2fa733d1970401b527d897759386.webp""],""phones"":[""18768651374""],""sellerId"":"""",""city"":""Saint Catherine"",""checkedAt"":""2026-10-10T21:01:33.387Z""}}",active,2026-10-10T20:30:43Z,200,Matching listing has an available source offer,2026-10-10T20:30:43Z,https://www.jacars.net/adv/2506163_portable-manual-peeling-fruit-apple-kiwi-peeler-orange-cutter-vegetable-stainles/,0,,visible,,,
jacars-2506162,published,marketplace,other,furniture_home_decor,Multifunction Vegetable\Fruit Spiral Shredder Peeler Manual Potato Carrot Radish,"JA$ 2,000",2000,JMD,Saint Catherine,Jamaica,JACars Other Home Garden Pool,18768651374,"Made from high duty stainless steel material, it is rustproof.
Comfortable handle with hanging hook
Easy to clean
Dishwasher safe
Specifications:
Material: ABS
Color: Pink/green
Item size:6.5cm*5.5cm(2.5inch*2.15inch)

Package includes:
1 * shredder

🤳Call OR #WhatsApp 18768651374

🛍FREE🛍DELIVERY🛍 In
📍""WATERFORD""
📍(Block 5 & Block 4)
& 🛍FREE🛍DELIVERY🛍 At
📍""PORTMORE MALL"" For ORDERS
🇯🇲jmd$2,500 & MORE‼️
▪
NOW ACCEPTING
👇💸👇💰👇💵👇
▪
💳Bank🏧Transfers💳
▪
💰CASH ON DELIVERY💰
▪
🧾Lay💸Away💰Plans🧾",https://cdn2.jacars.net/media/cache/ea/d0/ead0b56b0e1af53cbb72b41f435c23c0.webp|https://cdn2.jacars.net/media/cache/13/fd/13fd946f4d81c22f90c059558535049e.webp|https://cdn2.jacars.net/media/cache/0a/f1/0af13c3da3f926e6aaaba7a3a9c083b4.webp|https://cdn2.jacars.net/media/cache/47/17/47178e63e9080a395ac3dcdd41bd257d.webp,JACars Other Home Garden Pool,https://www.jacars.net/adv/2506162_multifunction-vegetable-fruit-spiral-shredder-peeler-manual-potato-carrot-radish/,2026-04-28T21:47:45.746Z,,,,,good,,Pink/green,,"{""sourceDate"":""1 week ago"",""sourcePostedAt"":""2026-04-28T21:47:45.746Z"",""parser"":""jacars"",""sourceCategory"":""JACars Other Home Garden Pool"",""appSubcategory"":""home_garden"",""imageQuality"":""source_detail_high_resolution"",""imageRefreshSource"":""jacars_gallery_full_api"",""imageRefreshAttemptedAt"":""2026-08-31T15:42:55.415Z"",""imageIntegrityVersion"":""2026-10-07.1"",""imageVerifiedAt"":""2026-10-10T21:01:33.387Z"",""imageSourceUrl"":""https://www.jacars.net/adv/2506162_multifunction-vegetable-fruit-spiral-shredder-peeler-manual-potato-carrot-radish/"",""brand"":""Kitchenware"",""details"":[],""detailsSourceUrl"":""https://www.jacars.net/adv/2506162_multifunction-vegetable-fruit-spiral-shredder-peeler-manual-potato-carrot-radish/"",""detailsVerifiedAt"":""2026-10-10T20:45:31.479532+00:00"",""condition"":""good"",""material"":""ABS"",""color"":""Pink/green"",""sourceSpecifications"":[],""listingIdentity"":{""version"":""2026-10-07.1"",""sourceUrl"":""https://www.jacars.net/adv/2506162_multifunction-vegetable-fruit-spiral-shredder-peeler-manual-potato-carrot-radish/"",""title"":""Multifunction Vegetable\\Fruit Spiral Shredder Peeler Manual Potato Carrot Radish"",""images"":[""https://cdn2.jacars.net/media/cache/ea/d0/ead0b56b0e1af53cbb72b41f435c23c0.webp"",""https://cdn2.jacars.net/media/cache/13/fd/13fd946f4d81c22f90c059558535049e.webp"",""https://cdn2.jacars.net/media/cache/0a/f1/0af13c3da3f926e6aaaba7a3a9c083b4.webp"",""https://cdn2.jacars.net/media/cache/47/17/47178e63e9080a395ac3dcdd41bd257d.webp""],""phones"":[""18768651374""],""sellerId"":"""",""city"":""Saint Catherine"",""checkedAt"":""2026-10-10T21:01:33.387Z""}}",active,2026-10-10T20:30:43Z,200,Matching listing has an available source offer,2026-10-10T20:30:43Z,https://www.jacars.net/adv/2506162_multifunction-vegetable-fruit-spiral-shredder-peeler-manual-potato-carrot-radish/,0,,visible,,,
jacars-2506176,published,marketplace,electronics,other,Glow-In-Dark Anti Slip Accessories Remote Control Cover Protective Case Silicone,"JA$ 1,500",1500,JMD,Saint Catherine,Jamaica,JACars Other Electronics Appliances,18768651374,"Durable and soft silicone is engineered for comfortable grip and dropping protection.
Good performance
The protective cover is lightweight, non-slip, dust resistant, shock resistant and washable, providing maximum protection.
Anti-skid design
There are drawing pattern at the rear, put on the table or smooth surface, do not fall easily.
Fit perfectly
This case allows easy access to all ports, buttons and functions, will not affect the use of the remote control.
Compatibility
This silicone remote control case is designed for 5.9 inch Fire TV Stick 4K remote control.

Specifications:
Type: Silicone Remote Control Cover
Material: Silicone
Quantity: 1 pc

Packages:
1* Silicone Remote Control Cover
(NOT included Remote Control )

🤳Call OR #WhatsApp 18768651374

🛍FREE🛍DELIVERY🛍 In
📍""WATERFORD""
📍(Block 5 & Block 4)
& 🛍FREE🛍DELIVERY🛍 At
📍""PORTMORE MALL"" For ORDERS
🇯🇲jmd$2,500 & MORE‼️
▪
NOW ACCEPTING
👇💸👇💰👇💵👇
▪
💳Bank🏧Transfers💳
▪
💰CASH ON DELIVERY💰
▪
🧾Lay💸Away💰Plans🧾",https://cdn2.jacars.net/media/cache/d2/f5/d2f5b2a5310f4851b9d425d0548f5a9e.webp|https://cdn2.jacars.net/media/cache/a5/0e/a50e71bc4434e4ac70e7abc4001a4214.webp|https://cdn2.jacars.net/media/cache/5a/dd/5addb109e15069d9b5bd79f0c45a9ee1.webp|https://cdn2.jacars.net/media/cache/d5/04/d504e4b04c357d29b08d9dc04d38b560.webp,JACars Other Electronics Appliances,https://www.jacars.net/adv/2506176_glow-in-dark-anti-slip-accessories-remote-control-cover-protective-case-silicone/,2026-04-28T21:47:40.785Z,,Accessories,,,good,,,,"{""sourceDate"":""1 week ago"",""sourcePostedAt"":""2026-04-28T21:47:40.785Z"",""parser"":""jacars"",""sourceCategory"":""JACars Other Electronics Appliances"",""appSubcategory"":""other"",""imageQuality"":""source_detail_high_resolution"",""imageRefreshSource"":""jacars_gallery_full_api"",""imageRefreshAttemptedAt"":""2026-08-31T15:42:55.415Z"",""imageIntegrityVersion"":""2026-10-07.1"",""imageVerifiedAt"":""2026-10-10T21:01:33.387Z"",""imageSourceUrl"":""https://www.jacars.net/adv/2506176_glow-in-dark-anti-slip-accessories-remote-control-cover-protective-case-silicone/"",""brand"":""TV, DVD, videos"",""model"":""Accessories"",""details"":[],""detailsSourceUrl"":""https://www.jacars.net/adv/2506176_glow-in-dark-anti-slip-accessories-remote-control-cover-protective-case-silicone/"",""detailsVerifiedAt"":""2026-10-10T20:45:31.479532+00:00"",""condition"":""good"",""quantity"":""1 pc"",""sourceSpecifications"":[],""listingIdentity"":{""version"":""2026-10-07.1"",""sourceUrl"":""https://www.jacars.net/adv/2506176_glow-in-dark-anti-slip-accessories-remote-control-cover-protective-case-silicone/"",""title"":""Glow-In-Dark Anti Slip Accessories Remote Control Cover Protective Case Silicone"",""images"":[""https://cdn2.jacars.net/media/cache/d2/f5/d2f5b2a5310f4851b9d425d0548f5a9e.webp"",""https://cdn2.jacars.net/media/cache/a5/0e/a50e71bc4434e4ac70e7abc4001a4214.webp"",""https://cdn2.jacars.net/media/cache/5a/dd/5addb109e15069d9b5bd79f0c45a9ee1.webp"",""https://cdn2.jacars.net/media/cache/d5/04/d504e4b04c357d29b08d9dc04d38b560.webp""],""phones"":[""18768651374""],""sellerId"":"""",""city"":""Saint Catherine"",""checkedAt"":""2026-10-10T21:01:33.387Z""}}",active,2026-10-10T20:30:43Z,200,Matching listing has an available source offer,2026-10-10T20:30:43Z,https://www.jacars.net/adv/2506176_glow-in-dark-anti-slip-accessories-remote-control-cover-protective-case-silicone/,0,,visible,,,
jacars-2506159,published,marketplace,other,appliances,New Intelligent Air fryer household new intelligent visual large-capacity non-tu,"JA$ 30,000",30000,JMD,Saint Catherine,Jamaica,JACars Other Electronics Appliances,18768651374,"Capacity: 4L
rated voltage: 220V~
rated power: 1950W
High-concerned chemical: None
Brand Name: ZJMZYM
product name: air fryer
model: KD60Y883

🤳Call OR #WhatsApp 18768651374

🛍FREE🛍DELIVERY🛍 In
📍""WATERFORD""
📍(Block 5 & Block 4)
& 🛍FREE🛍DELIVERY🛍 At
📍""PORTMORE MALL"" For ORDERS
🇯🇲jmd$2,500 & MORE‼️
▪
NOW ACCEPTING
👇💸👇💰👇💵👇
▪
💳Bank🏧Transfers💳
▪
💰CASH ON DELIVERY💰
▪
🧾Lay💸Away💰Plans🧾",https://cdn2.jacars.net/media/cache/70/00/70000b139251b0d6d9b072573aaef037.webp|https://cdn2.jacars.net/media/cache/b9/a0/b9a003b56bde539b630be5039f69b2c9.webp|https://cdn2.jacars.net/media/cache/00/3f/003f7f049a436a8d985eaee9209e6606.webp|https://cdn2.jacars.net/media/cache/57/54/5754e3e73b227ed4ac4b1d910370eb92.webp,JACars Other Electronics Appliances,https://www.jacars.net/adv/2506159_new-intelligent-air-fryer-household-new-intelligent-visual-large-capacity-non-tu/,2026-04-28T21:47:40.785Z,,"Ovens, cookers, hoods",,,new,,,,"{""sourceDate"":""1 week ago"",""sourcePostedAt"":""2026-04-28T21:47:40.785Z"",""parser"":""jacars"",""sourceCategory"":""JACars Other Electronics Appliances"",""appSubcategory"":""other"",""imageQuality"":""source_detail_high_resolution"",""imageRefreshSource"":""jacars_gallery_full_api"",""imageRefreshAttemptedAt"":""2026-08-31T15:42:55.415Z"",""imageIntegrityVersion"":""2026-10-07.1"",""imageVerifiedAt"":""2026-10-10T21:01:33.387Z"",""imageSourceUrl"":""https://www.jacars.net/adv/2506159_new-intelligent-air-fryer-household-new-intelligent-visual-large-capacity-non-tu/"",""brand"":""Kitchen appliances"",""model"":""Ovens, cookers, hoods"",""details"":[],""detailsSourceUrl"":""https://www.jacars.net/adv/2506159_new-intelligent-air-fryer-household-new-intelligent-visual-large-capacity-non-tu/"",""detailsVerifiedAt"":""2026-10-10T20:45:31.479532+00:00"",""condition"":""new"",""capacity"":""4L"",""sourceSpecifications"":[],""listingIdentity"":{""version"":""2026-10-07.1"",""sourceUrl"":""https://www.jacars.net/adv/2506159_new-intelligent-air-fryer-household-new-intelligent-visual-large-capacity-non-tu/"",""title"":""New Intelligent Air fryer household new intelligent visual large-capacity non-tu"",""images"":[""https://cdn2.jacars.net/media/cache/70/00/70000b139251b0d6d9b072573aaef037.webp"",""https://cdn2.jacars.net/media/cache/b9/a0/b9a003b56bde539b630be5039f69b2c9.webp"",""https://cdn2.jacars.net/media/cache/00/3f/003f7f049a436a8d985eaee9209e6606.webp"",""https://cdn2.jacars.net/media/cache/57/54/5754e3e73b227ed4ac4b1d910370eb92.webp""],""phones"":[""18768651374""],""sellerId"":"""",""city"":""Saint Catherine"",""checkedAt"":""2026-10-10T21:01:33.387Z""}}",active,2026-10-10T20:30:43Z,200,Matching listing has an available source offer,2026-10-10T20:30:43Z,https://www.jacars.net/adv/2506159_new-intelligent-air-fryer-household-new-intelligent-visual-large-capacity-non-tu/,0,,visible,,,
jacars-2506157,published,marketplace,other,appliances,"Electric Frying Pan,BBQ Grill Baking Trays,Smokeless Nonstick Food Warmer With H","JA$ 15,000",15000,JMD,Saint Catherine,Jamaica,JACars Other Electronics Appliances,18768651374,"【High quality maifan stone pan】

Makes the electric baking pot non stick, nonstick surface provides stick-free cooking and easy cleaning..

【Adjustable temperature control】

Rapid heating up, quickly reach and maintain the required heat setting with 1 to 5 levels to adjusted..

【Cook safety】

With the overload protection, the griddle would turn off automatically if the griddle excess temperature or there is nothing in the pot. With the high temperature resistance handles you are free to move it or hang it after cleaning.
The griddle pan is low in the middle and high at the edges so that oil won't go round, with a diversion mouth for easy drain away extra oil..

Specifications :

Rated voltage: 220
Applicable number of people: 6 people and above
With or without baking rack: No
Diameter: 36cm
Oven power: 800W(including)-1000W(including)..
Heating method: Base plate heating
Control: Mechanical
Energy Efficiency: Grade 3

Package includes:
1 x Electric Frying Pan
1 × Electric Plug…",https://cdn2.jacars.net/media/cache/71/9b/719bd0aaa847d89bb4160ae279a6a86e.webp|https://cdn2.jacars.net/media/cache/e8/3d/e83d4bcf31bd3899ccf7728794238a7f.webp|https://cdn2.jacars.net/media/cache/6f/e5/6fe5a5f01b9ff7fb77b975b3f9fea327.webp|https://cdn2.jacars.net/media/cache/27/cf/27cf82fa577b8f30c077ed79e5b40975.webp,JACars Other Electronics Appliances,https://www.jacars.net/adv/2506157_electric-frying-pan-bbq-grill-baking-trays-smokeless-nonstick-food-warmer-with-h/,2026-04-28T21:47:40.785Z,,"Ovens, cookers, hoods",,,good,,,,"{""sourceDate"":""1 week ago"",""sourcePostedAt"":""2026-04-28T21:47:40.785Z"",""parser"":""jacars"",""sourceCategory"":""JACars Other Electronics Appliances"",""appSubcategory"":""other"",""imageQuality"":""source_detail_high_resolution"",""imageRefreshSource"":""jacars_gallery_full_api"",""imageRefreshAttemptedAt"":""2026-08-31T15:42:55.415Z"",""imageIntegrityVersion"":""2026-10-07.1"",""imageVerifiedAt"":""2026-10-10T21:01:33.387Z"",""imageSourceUrl"":""https://www.jacars.net/adv/2506157_electric-frying-pan-bbq-grill-baking-trays-smokeless-nonstick-food-warmer-with-h/"",""brand"":""Kitchen appliances"",""model"":""Ovens, cookers, hoods"",""details"":[],""detailsSourceUrl"":""https://www.jacars.net/adv/2506157_electric-frying-pan-bbq-grill-baking-trays-smokeless-nonstick-food-warmer-with-h/"",""detailsVerifiedAt"":""2026-10-10T20:45:31.479532+00:00"",""condition"":""good"",""sourceSpecifications"":[],""listingIdentity"":{""version"":""2026-10-07.1"",""sourceUrl"":""https://www.jacars.net/adv/2506157_electric-frying-pan-bbq-grill-baking-trays-smokeless-nonstick-food-warmer-with-h/"",""title"":""Electric Frying Pan,BBQ Grill Baking Trays,Smokeless Nonstick Food Warmer With H"",""images"":[""https://cdn2.jacars.net/media/cache/71/9b/719bd0aaa847d89bb4160ae279a6a86e.webp"",""https://cdn2.jacars.net/media/cache/e8/3d/e83d4bcf31bd3899ccf7728794238a7f.webp"",""https://cdn2.jacars.net/media/cache/6f/e5/6fe5a5f01b9ff7fb77b975b3f9fea327.webp"",""https://cdn2.jacars.net/media/cache/27/cf/27cf82fa577b8f30c077ed79e5b40975.webp""],""phones"":[""18768651374""],""sellerId"":"""",""city"":""Saint Catherine"",""checkedAt"":""2026-10-10T21:01:33.387Z""}}",active,2026-10-10T20:30:43Z,200,Matching listing has an available source offer,2026-10-10T20:30:43Z,https://www.jacars.net/adv/2506157_electric-frying-pan-bbq-grill-baking-trays-smokeless-nonstick-food-warmer-with-h/,0,,visible,,,
jacars-2506155,published,marketplace,other,appliances,Portable Barbecue Grill Round Charcoal Stove Multi-function Split Small BBQ Stov,"JA$ 10,000",10000,JMD,Saint Catherine,Jamaica,JACars Other Electronics Appliances,18768651374,"Multi-functional split design, easy to clean, more resistant to high temperature, a multi-purpose furnace, storage to reduce space, very convenient!

Warm reminder:

The two types of furnace body, charcoal basin, size are the same, only the grill is different ~~

Components: furnace body + carbon basin + grill net + lifting clamp

Product size: Diameter (excluding handle) 30cm, height 10.5cm

Material: Iron, chrome-plated grill, electrophoresis process of furnace body..

🤳Call OR #WhatsApp 18768651374

🛍FREE🛍DELIVERY🛍 In
📍""WATERFORD""
📍(Block 5 & Block 4)
& 🛍FREE🛍DELIVERY🛍 At
📍""PORTMORE MALL"" For ORDERS
🇯🇲jmd$2,500 & MORE‼️
▪
NOW ACCEPTING
👇💸👇💰👇💵👇
▪
💳Bank🏧Transfers💳
▪
💰CASH ON DELIVERY💰
▪
🧾Lay💸Away💰Plans🧾",https://cdn2.jacars.net/media/cache/99/cf/99cf761cabe03b5658e7cad685420fe6.webp|https://cdn2.jacars.net/media/cache/24/2d/242d7cae9631b219438e19192de3b216.webp|https://cdn2.jacars.net/media/cache/2f/bd/2fbd95b5e5d7ffd7831f5292d39ec947.webp|https://cdn2.jacars.net/media/cache/a7/cb/a7cbb2e86f0229bd6fa98aec93033f6b.webp,JACars Other Electronics Appliances,https://www.jacars.net/adv/2506155_portable-barbecue-grill-round-charcoal-stove-multi-function-split-small-bbq-stov/,2026-04-28T21:47:40.785Z,,"Ovens, cookers, hoods",,,good,,,,"{""sourceDate"":""1 week ago"",""sourcePostedAt"":""2026-04-28T21:47:40.785Z"",""parser"":""jacars"",""sourceCategory"":""JACars Other Electronics Appliances"",""appSubcategory"":""other"",""imageQuality"":""source_detail_high_resolution"",""imageRefreshSource"":""jacars_gallery_full_api"",""imageRefreshAttemptedAt"":""2026-08-31T15:42:55.415Z"",""imageIntegrityVersion"":""2026-10-07.1"",""imageVerifiedAt"":""2026-10-10T21:01:33.387Z"",""imageSourceUrl"":""https://www.jacars.net/adv/2506155_portable-barbecue-grill-round-charcoal-stove-multi-function-split-small-bbq-stov/"",""brand"":""Kitchen appliances"",""model"":""Ovens, cookers, hoods"",""details"":[],""detailsSourceUrl"":""https://www.jacars.net/adv/2506155_portable-barbecue-grill-round-charcoal-stove-multi-function-split-small-bbq-stov/"",""detailsVerifiedAt"":""2026-10-10T20:45:31.479532+00:00"",""condition"":""good"",""material"":""Iron, chrome-plated grill, electrophoresis process of furnace body.."",""sourceSpecifications"":[],""listingIdentity"":{""version"":""2026-10-07.1"",""sourceUrl"":""https://www.jacars.net/adv/2506155_portable-barbecue-grill-round-charcoal-stove-multi-function-split-small-bbq-stov/"",""title"":""Portable Barbecue Grill Round Charcoal Stove Multi-function Split Small BBQ Stov"",""images"":[""https://cdn2.jacars.net/media/cache/99/cf/99cf761cabe03b5658e7cad685420fe6.webp"",""https://cdn2.jacars.net/media/cache/24/2d/242d7cae9631b219438e19192de3b216.webp"",""https://cdn2.jacars.net/media/cache/2f/bd/2fbd95b5e5d7ffd7831f5292d39ec947.webp"",""https://cdn2.jacars.net/media/cache/a7/cb/a7cbb2e86f0229bd6fa98aec93033f6b.webp""],""phones"":[""18768651374""],""sellerId"":"""",""city"":""Saint Catherine"",""checkedAt"":""2026-10-10T21:01:33.387Z""}}",active,2026-10-10T20:30:43Z,200,Matching listing has an available source offer,2026-10-10T20:30:43Z,https://www.jacars.net/adv/2506155_portable-barbecue-grill-round-charcoal-stove-multi-function-split-small-bbq-stov/,0,,visible,,,
jacars-2506154,published,marketplace,other,appliances,Portable Turbo Handheld Fan 199 Wind Speeds Adjustable Rechargeable LED Digital,"JA$ 4,000",4000,JMD,Saint Catherine,Jamaica,JACars Other Electronics Appliances,18768651374,"The turbine handheld fan has a 100-level adjustable wind speed, which can be flexibly adjusted according to different environments and needs. The strong is weak, and the weak is strong. Feel free to bring you a comfortable wind experience.

2. Portable design: The fan is compact, lightweight, easy to carry, can be easily put into a pocket or backpack, very suitable for travel, camping, outdoor activities and other use. And the use of stable structural design, no matter when and where, can adapt to a variety of scenes.

3. LED digital display: the turbo handheld fan adopts LED digital display design, which can easily view the current fan status and settings, including wind speed, power, etc., which is intuitive and easy to understand and easy to operate.

4. Efficient charging: Built-in large capacity battery, can be convenient and quick charging through USB line. Even if you go out, as long as there is a charging device, you can charge the fan at any time without worrying about the…",https://cdn2.jacars.net/media/cache/cb/f9/cbf9f2bd68b3f4d5c26c1991bb69e7ca.webp|https://cdn2.jacars.net/media/cache/f6/e6/f6e65d7ba40ec3e8a4b091da7afc5e63.webp|https://cdn2.jacars.net/media/cache/3e/84/3e84c1fb13734c542d40f2959e143a3b.webp|https://cdn2.jacars.net/media/cache/2c/fb/2cfbb353a11c79cbb0d9b6e0f8d85397.webp,JACars Other Electronics Appliances,https://www.jacars.net/adv/2506154_portable-turbo-handheld-fan-199-wind-speeds-adjustable-rechargeable-led-digital/,2026-04-28T21:47:40.785Z,,"Air conditioning, cooling",,,good,,,,"{""sourceDate"":""1 week ago"",""sourcePostedAt"":""2026-04-28T21:47:40.785Z"",""parser"":""jacars"",""sourceCategory"":""JACars Other Electronics Appliances"",""appSubcategory"":""other"",""imageQuality"":""source_detail_high_resolution"",""imageRefreshSource"":""jacars_gallery_full_api"",""imageRefreshAttemptedAt"":""2026-08-31T15:42:55.415Z"",""imageIntegrityVersion"":""2026-10-07.1"",""imageVerifiedAt"":""2026-10-10T21:01:33.387Z"",""imageSourceUrl"":""https://www.jacars.net/adv/2506154_portable-turbo-handheld-fan-199-wind-speeds-adjustable-rechargeable-led-digital/"",""brand"":""Heating, cooling, air conditioning"",""model"":""Air conditioning, cooling"",""details"":[],""detailsSourceUrl"":""https://www.jacars.net/adv/2506154_portable-turbo-handheld-fan-199-wind-speeds-adjustable-rechargeable-led-digital/"",""detailsVerifiedAt"":""2026-10-10T20:45:31.479532+00:00"",""condition"":""good"",""sourceSpecifications"":[],""listingIdentity"":{""version"":""2026-10-07.1"",""sourceUrl"":""https://www.jacars.net/adv/2506154_portable-turbo-handheld-fan-199-wind-speeds-adjustable-rechargeable-led-digital/"",""title"":""Portable Turbo Handheld Fan 199 Wind Speeds Adjustable Rechargeable LED Digital"",""images"":[""https://cdn2.jacars.net/media/cache/cb/f9/cbf9f2bd68b3f4d5c26c1991bb69e7ca.webp"",""https://cdn2.jacars.net/media/cache/f6/e6/f6e65d7ba40ec3e8a4b091da7afc5e63.webp"",""https://cdn2.jacars.net/media/cache/3e/84/3e84c1fb13734c542d40f2959e143a3b.webp"",""https://cdn2.jacars.net/media/cache/2c/fb/2cfbb353a11c79cbb0d9b6e0f8d85397.webp""],""phones"":[""18768651374""],""sellerId"":"""",""city"":""Saint Catherine"",""checkedAt"":""2026-10-10T21:01:33.387Z""}}",active,2026-10-10T20:30:43Z,200,Matching listing has an available source offer,2026-10-10T20:30:43Z,https://www.jacars.net/adv/2506154_portable-turbo-handheld-fan-199-wind-speeds-adjustable-rechargeable-led-digital/,0,,visible,,,
jacars-2506137,published,marketplace,other,appliances,"Electric Empanada/Patty Maker - Press & Mold for 6 inch Dumplings, Pierogies","JA$ 15,000",15000,JMD,Saint Catherine,Jamaica,JACars Other Electronics Appliances,18768651374,"""Empanada Maker"" is paired with a empanada press mold. It will help you manage the dough to be filled and cut to the exact size to fit in the machine, and make perfect empanadas. [BIGGER & MORE]: The cooking plates bake 4 pieces of 6 inches empandas per batch, and the empanadas come out with 1 inch thickness. More satisfying. Perfect for family use. [TEMPERATURE CONTROLLABLE]: The machine heats up fast & evenly, it cooks 4 empanadas in 15 minutes. The machine comes with a temperature control dial, you can warm or bake your empanadas with different doneness by adjusting the temperature. [HASSLE FREE CLEANING]: The non stick cooking surface makes this griddle very easy to clean. No Mess Behind. [MORE THAN EMPANDAS]: The machine also can be used to make dumplings, pierogi, momos, gyozas, pot stickers, Jamaican beef patties, calzones or pocket pies.

[PERFECT GIFT]: Excellent gift for birthday, holiday and more.

[PARAMETER]: 120V, 60HZ, 1000W

SPECIFICATIONS:

High-concerned chemical:…",https://cdn2.jacars.net/media/cache/39/61/39610e6148b7ce17e5ea12bebf90e33a.webp|https://cdn2.jacars.net/media/cache/46/90/46903df25c40cf45e781c1751d32989d.webp|https://cdn2.jacars.net/media/cache/4f/af/4faf64a041fc535b5d56f2d027bddf6d.webp|https://cdn2.jacars.net/media/cache/8d/f2/8df2a9f78a18f3c004028cdb7c168e99.webp,JACars Other Electronics Appliances,https://www.jacars.net/adv/2506137_electric-empanada-patty-maker-press-mold-for-6-inch-dumplings-pierogies/,2026-04-28T21:47:40.785Z,,"Ovens, cookers, hoods",,,good,,,,"{""sourceDate"":""1 week ago"",""sourcePostedAt"":""2026-04-28T21:47:40.785Z"",""parser"":""jacars"",""sourceCategory"":""JACars Other Electronics Appliances"",""appSubcategory"":""other"",""imageQuality"":""source_detail_high_resolution"",""imageRefreshSource"":""jacars_gallery_full_api"",""imageRefreshAttemptedAt"":""2026-08-31T15:42:55.415Z"",""imageIntegrityVersion"":""2026-10-07.1"",""imageVerifiedAt"":""2026-10-10T21:01:33.387Z"",""imageSourceUrl"":""https://www.jacars.net/adv/2506137_electric-empanada-patty-maker-press-mold-for-6-inch-dumplings-pierogies/"",""brand"":""Kitchen appliances"",""model"":""Ovens, cookers, hoods"",""details"":[],""detailsSourceUrl"":""https://www.jacars.net/adv/2506137_electric-empanada-patty-maker-press-mold-for-6-inch-dumplings-pierogies/"",""detailsVerifiedAt"":""2026-10-10T20:45:31.479532+00:00"",""condition"":""good"",""power"":""120V"",""sourceSpecifications"":[],""listingIdentity"":{""version"":""2026-10-07.1"",""sourceUrl"":""https://www.jacars.net/adv/2506137_electric-empanada-patty-maker-press-mold-for-6-inch-dumplings-pierogies/"",""title"":""Electric Empanada/Patty Maker - Press & Mold for 6 inch Dumplings, Pierogies"",""images"":[""https://cdn2.jacars.net/media/cache/39/61/39610e6148b7ce17e5ea12bebf90e33a.webp"",""https://cdn2.jacars.net/media/cache/46/90/46903df25c40cf45e781c1751d32989d.webp"",""https://cdn2.jacars.net/media/cache/4f/af/4faf64a041fc535b5d56f2d027bddf6d.webp"",""https://cdn2.jacars.net/media/cache/8d/f2/8df2a9f78a18f3c004028cdb7c168e99.webp""],""phones"":[""18768651374""],""sellerId"":"""",""city"":""Saint Catherine"",""checkedAt"":""2026-10-10T21:01:33.387Z""}}",active,2026-10-10T20:30:43Z,200,Matching listing has an available source offer,2026-10-10T20:30:43Z,https://www.jacars.net/adv/2506137_electric-empanada-patty-maker-press-mold-for-6-inch-dumplings-pierogies/,0,,visible,,,
jacars-2472084,published,marketplace,electronics,computers_tablets,Ink Replacement for Canon 240XL 241XL Combo Pack ink cartridges.,"JA$ 15,000",15000,JMD,Hanover,Jamaica,JACars Other Computers Peripherals,18765032792,"Ink Replacement for Canon 240XL 241XL Combo Pack ink cartridges. - JA$ 15,000 - Hanover - 1 week ago",https://cdn2.jacars.net/media/cache/ea/3f/ea3f5930fb59589730b0ec5e2f1cdb45.webp,JACars Other Computers Peripherals,https://www.jacars.net/adv/2472084_ink-replacement-for-canon-240xl-241xl-combo-pack-ink-cartridges/,2026-04-28T21:47:36.659Z,,,,,good,,,,"{""sourceDate"":""1 week ago"",""sourcePostedAt"":""2026-04-28T21:47:36.659Z"",""parser"":""jacars"",""sourceCategory"":""JACars Other Computers Peripherals"",""appSubcategory"":""computers_tablets"",""imageQuality"":""source_detail_high_resolution"",""imageRefreshSource"":""jacars_gallery_full_api"",""imageRefreshAttemptedAt"":""2026-08-31T15:42:55.415Z"",""imageIntegrityVersion"":""2026-09-06.1"",""imageVerifiedAt"":""2026-09-07T00:05:03.876Z"",""imageSourceUrl"":""https://www.jacars.net/adv/2472084_ink-replacement-for-canon-240xl-241xl-combo-pack-ink-cartridges/""}",active,2026-10-10T20:30:43Z,200,Matching listing has an available source offer,2026-10-10T20:30:43Z,https://www.jacars.net/adv/2472084_ink-replacement-for-canon-240xl-241xl-combo-pack-ink-cartridges/,0,,visible,,,
jacars-2472010,published,marketplace,electronics,computers_tablets,Canon Cartridge 067 Toner 4 Pack,"JA$ 41,000",41000,JMD,Hanover,Jamaica,JACars Other Computers Peripherals,18765032792,"Canon Cartridge 067 Toner 4 Pack - JA$ 41,000 - Hanover - 1 week ago",https://cdn2.jacars.net/media/cache/1f/a7/1fa7135fd7da871d0ef60630d4bbf6bb.webp,JACars Other Computers Peripherals,https://www.jacars.net/adv/2472010_canon-cartridge-067-toner-4-pack/,2026-04-28T21:47:36.659Z,,,,,good,,,,"{""sourceDate"":""1 week ago"",""sourcePostedAt"":""2026-04-28T21:47:36.659Z"",""parser"":""jacars"",""sourceCategory"":""JACars Other Computers Peripherals"",""appSubcategory"":""computers_tablets"",""imageQuality"":""source_detail_high_resolution"",""imageRefreshSource"":""jacars_gallery_full_api"",""imageRefreshAttemptedAt"":""2026-08-31T15:42:55.415Z"",""imageIntegrityVersion"":""2026-09-06.1"",""imageVerifiedAt"":""2026-09-07T00:05:03.876Z"",""imageSourceUrl"":""https://www.jacars.net/adv/2472010_canon-cartridge-067-toner-4-pack/""}",active,2026-10-10T20:30:43Z,200,Matching listing has an available source offer,2026-10-10T20:30:43Z,https://www.jacars.net/adv/2472010_canon-cartridge-067-toner-4-pack/,0,,visible,,,
jacars-2472004,published,marketplace,electronics,computers_tablets,E-Z Ink LC203XL Compatible Ink Cartridges Replacement for LC203 XL LC201,"JA$ 10,000",10000,JMD,Hanover,Jamaica,JACars Other Computers Peripherals,18765032792,"E-Z Ink LC203XL Compatible Ink Cartridges Replacement for LC203 XL LC201 - JA$ 10,000 - Hanover - 1 week ago",https://cdn2.jacars.net/media/cache/e8/0a/e80a2e900d8fc2b0d63ac349a10cc348.webp,JACars Other Computers Peripherals,https://www.jacars.net/adv/2472004_e-z-ink-lc203xl-compatible-ink-cartridges-replacement-for-lc203-xl-lc201/,2026-04-28T21:47:36.659Z,,,,,good,,,,"{""sourceDate"":""1 week ago"",""sourcePostedAt"":""2026-04-28T21:47:36.659Z"",""parser"":""jacars"",""sourceCategory"":""JACars Other Computers Peripherals"",""appSubcategory"":""computers_tablets"",""imageQuality"":""source_detail_high_resolution"",""imageRefreshSource"":""jacars_gallery_full_api"",""imageRefreshAttemptedAt"":""2026-08-31T15:42:55.415Z"",""imageIntegrityVersion"":""2026-09-06.1"",""imageVerifiedAt"":""2026-09-07T00:05:03.876Z"",""imageSourceUrl"":""https://www.jacars.net/adv/2472004_e-z-ink-lc203xl-compatible-ink-cartridges-replacement-for-lc203-xl-lc201/""}",active,2026-10-10T20:30:43Z,200,Matching listing has an available source offer,2026-10-10T20:30:43Z,https://www.jacars.net/adv/2472004_e-z-ink-lc203xl-compatible-ink-cartridges-replacement-for-lc203-xl-lc201/,0,,visible,,,
jacars-2506140,published,marketplace,clothing,accessories,"Stainless Steel Geneva Quartz Watch - Round Dial, Alloy Steel Case, Electronic M","JA$ 6,000",6000,JMD,Saint Catherine,Jamaica,JACars Other Clothes Footwear Accessories,18768651374,"Case Shape: Round
Dial Window Material Type: Hardlex
Boxes & Cases Material: No package
Dial Diameter: 35 to 39 mm
Feature: Complete Calendar
Clasp Type: Folding Clasp with Safety
Band Length: 22cm
Case Material: Alloy Steel
Movement: Quartz
Style: Smart Casual
Brand Name: GENEVA
High-concerned chemical: None
Display Type: Arabic Numeral Markers
Band Width: 20 to 24 mm
Band Material Type: Alloy Steel
Movement origin: CN (Origin)
Battery Included: Yes

🤳Call OR #WhatsApp 18768651374

🛍FREE🛍DELIVERY🛍 In
📍""WATERFORD""
📍(Block 5 & Block 4)
& 🛍FREE🛍DELIVERY🛍 At
📍""PORTMORE MALL"" For ORDERS
🇯🇲jmd$2,500 & MORE‼️
▪
NOW ACCEPTING
👇💸👇💰👇💵👇
▪
💳Bank🏧Transfers💳
▪
💰CASH ON DELIVERY💰
▪
🧾Lay💸Away💰Plans🧾",https://cdn2.jacars.net/media/cache/81/53/815312966db1dc9dbab3f02b8b2849ee.webp|https://cdn2.jacars.net/media/cache/4a/e1/4ae1ccd3f5545dbba33f4575fe98d030.webp|https://cdn2.jacars.net/media/cache/23/36/23364cfcb788640a45caebe15d12b6e4.webp|https://cdn2.jacars.net/media/cache/cd/0a/cd0ac6330464ecdeaa002725a7ecfacb.webp,JACars Other Clothes Footwear Accessories,https://www.jacars.net/adv/2506140_stainless-steel-geneva-quartz-watch-round-dial-alloy-steel-case-electronic-m/,2026-04-28T21:47:32.512Z,,,,,good,,,,"{""sourceDate"":""1 week ago"",""sourcePostedAt"":""2026-04-28T21:47:32.512Z"",""parser"":""jacars"",""sourceCategory"":""JACars Other Clothes Footwear Accessories"",""appSubcategory"":""accessories"",""imageQuality"":""source_detail_high_resolution"",""imageRefreshSource"":""jacars_gallery_full_api"",""imageRefreshAttemptedAt"":""2026-08-31T15:42:55.415Z"",""imageIntegrityVersion"":""2026-10-07.1"",""imageVerifiedAt"":""2026-10-10T21:01:33.387Z"",""imageSourceUrl"":""https://www.jacars.net/adv/2506140_stainless-steel-geneva-quartz-watch-round-dial-alloy-steel-case-electronic-m/"",""brand"":""Jewellery"",""details"":[],""detailsSourceUrl"":""https://www.jacars.net/adv/2506140_stainless-steel-geneva-quartz-watch-round-dial-alloy-steel-case-electronic-m/"",""detailsVerifiedAt"":""2026-10-10T20:45:31.479532+00:00"",""condition"":""good"",""sourceSpecifications"":[],""listingIdentity"":{""version"":""2026-10-07.1"",""sourceUrl"":""https://www.jacars.net/adv/2506140_stainless-steel-geneva-quartz-watch-round-dial-alloy-steel-case-electronic-m/"",""title"":""Stainless Steel Geneva Quartz Watch - Round Dial, Alloy Steel Case, Electronic M"",""images"":[""https://cdn2.jacars.net/media/cache/81/53/815312966db1dc9dbab3f02b8b2849ee.webp"",""https://cdn2.jacars.net/media/cache/4a/e1/4ae1ccd3f5545dbba33f4575fe98d030.webp"",""https://cdn2.jacars.net/media/cache/23/36/23364cfcb788640a45caebe15d12b6e4.webp"",""https://cdn2.jacars.net/media/cache/cd/0a/cd0ac6330464ecdeaa002725a7ecfacb.webp""],""phones"":[""18768651374""],""sellerId"":"""",""city"":""Saint Catherine"",""checkedAt"":""2026-10-10T21:01:33.387Z""}}",active,2026-10-10T20:30:43Z,200,Matching listing has an available source offer,2026-10-10T20:30:43Z,https://www.jacars.net/adv/2506140_stainless-steel-geneva-quartz-watch-round-dial-alloy-steel-case-electronic-m/,0,,visible,,,
jacars-2506129,published,marketplace,electronics,other,AI Smart Glasses Real-time Translation 164 Languages Voice Call Music Playback A,"JA$ 15,000",15000,JMD,Saint Catherine,Jamaica,JACars Other Clothes Footwear Accessories,18768651374,"Protective Comfort: Polarized lenses offer UV protection and clear vision, while the lightweight 35g design ensures comfort for everyday wear.

Immersive Audio: Equipped with high-quality speakers and dual microphones for crystal-clear sound and call clarity, ideal for music, calls, and outdoor activities.

Intelligent Assistance: Features real-time object recognition, translation, and live transcription powered by built-in ChatGPT and DeepSeek for business trips and conferences...

Applicable scenario: Ordinary decorative glasses

Frame material: PC (polycarbonate)

Lens material: PC (polycarbonate)

Lens function: photochromic

Is there a degree: No

Festivals: Thanksgiving, Christmas, Halloween, New Year, Spring Festival

Color: Black

Quantity: 1

Project Number: YL4862820

🤳Call OR #WhatsApp 18768651374

🛍FREE🛍DELIVERY🛍 In
📍""WATERFORD""
📍(Block 5 & Block 4)
& 🛍FREE🛍DELIVERY🛍 At
📍""PORTMORE MALL"" For ORDERS
🇯🇲jmd$2,500 & MORE‼️
▪
NOW…",https://cdn2.jacars.net/media/cache/b9/1a/b91a07d8eed8052e081727b65f9ce665.webp|https://cdn2.jacars.net/media/cache/c7/3f/c73f8b0fcce46bbd95cc4de3da8a49e9.webp|https://cdn2.jacars.net/media/cache/a2/7d/a27dfeebb5bf17e7423c846d4c053c7c.webp|https://cdn2.jacars.net/media/cache/d3/01/d301677faeb391e655bb3601a7ca6094.webp,JACars Other Clothes Footwear Accessories,https://www.jacars.net/adv/2506129_ai-smart-glasses-real-time-translation-164-languages-voice-call-music-playback-a/,2026-04-28T21:47:32.512Z,,,,,good,,Black,,"{""sourceDate"":""1 week ago"",""sourcePostedAt"":""2026-04-28T21:47:32.512Z"",""parser"":""jacars"",""sourceCategory"":""JACars Other Clothes Footwear Accessories"",""appSubcategory"":""accessories"",""imageQuality"":""source_detail_high_resolution"",""imageRefreshSource"":""jacars_gallery_full_api"",""imageRefreshAttemptedAt"":""2026-08-31T15:42:55.415Z"",""imageIntegrityVersion"":""2026-10-07.1"",""imageVerifiedAt"":""2026-10-10T21:01:33.387Z"",""imageSourceUrl"":""https://www.jacars.net/adv/2506129_ai-smart-glasses-real-time-translation-164-languages-voice-call-music-playback-a/"",""brand"":""Glasses"",""details"":[],""detailsSourceUrl"":""https://www.jacars.net/adv/2506129_ai-smart-glasses-real-time-translation-164-languages-voice-call-music-playback-a/"",""detailsVerifiedAt"":""2026-10-10T20:45:31.479532+00:00"",""condition"":""good"",""color"":""Black"",""quantity"":""1"",""sourceSpecifications"":[],""listingIdentity"":{""version"":""2026-10-07.1"",""sourceUrl"":""https://www.jacars.net/adv/2506129_ai-smart-glasses-real-time-translation-164-languages-voice-call-music-playback-a/"",""title"":""AI Smart Glasses Real-time Translation 164 Languages Voice Call Music Playback A"",""images"":[""https://cdn2.jacars.net/media/cache/b9/1a/b91a07d8eed8052e081727b65f9ce665.webp"",""https://cdn2.jacars.net/media/cache/c7/3f/c73f8b0fcce46bbd95cc4de3da8a49e9.webp"",""https://cdn2.jacars.net/media/cache/a2/7d/a27dfeebb5bf17e7423c846d4c053c7c.webp"",""https://cdn2.jacars.net/media/cache/d3/01/d301677faeb391e655bb3601a7ca6094.webp""],""phones"":[""18768651374""],""sellerId"":"""",""city"":""Saint Catherine"",""checkedAt"":""2026-10-10T21:01:33.387Z""}}",active,2026-10-10T20:30:43Z,200,Matching listing has an available source offer,2026-10-10T20:30:43Z,https://www.jacars.net/adv/2506129_ai-smart-glasses-real-time-translation-164-languages-voice-call-music-playback-a/,0,,visible,,,
jacars-2506097,published,marketplace,clothing,accessories,2pc Stainless Steel Hug Cute Pet Cat Couple Pendant Necklace for Women Girls F,"JA$ 4,000",4000,JMD,Saint Catherine,Jamaica,JACars Other Clothes Footwear Accessories,18768651374,"Setting Material: None

High-concerned chemical: None

Compatibility: All Compatible

Model Number: AL19203

Shape\pattern: Heart

Style: TRENDY

Material: Metal

Metals Type: Stainless steel

Gender: LOVERS'

Fine or Fashion: Fashion

Item Type: PENDANTS

Name: Love pet cat necklace

Size: 3.6cm*2.5cm (length*

🤳Call OR #WhatsApp 18768651374

🛍FREE🛍DELIVERY🛍 In
📍""WATERFORD""
📍(Block 5 & Block 4)
& 🛍FREE🛍DELIVERY🛍 At
📍""PORTMORE MALL"" For ORDERS
🇯🇲jmd$2,500 & MORE‼️
▪
NOW ACCEPTING
👇💸👇💰👇💵👇
▪
💳Bank🏧Transfers💳
▪
💰CASH ON DELIVERY💰
▪
🧾Lay💸Away💰Plans🧾",https://cdn2.jacars.net/media/cache/f4/f1/f4f12562a18cc44fd4ecbf1d44d97e16.webp|https://cdn2.jacars.net/media/cache/35/38/35389484b531857303b1008fd057d837.webp|https://cdn2.jacars.net/media/cache/d4/5c/d45cb44b48bba97efc9638bff6c47b47.webp|https://cdn2.jacars.net/media/cache/73/3e/733e40e4d2d3e4ec050340e1bc925669.webp,JACars Other Clothes Footwear Accessories,https://www.jacars.net/adv/2506097_2pc-stainless-steel-hug-cute-pet-cat-couple-pendant-necklace-for-women-girls-f/,2026-04-28T21:47:32.512Z,,,,,good,,,,"{""sourceDate"":""1 week ago"",""sourcePostedAt"":""2026-04-28T21:47:32.512Z"",""parser"":""jacars"",""sourceCategory"":""JACars Other Clothes Footwear Accessories"",""appSubcategory"":""accessories"",""imageQuality"":""source_detail_high_resolution"",""imageRefreshSource"":""jacars_gallery_full_api"",""imageRefreshAttemptedAt"":""2026-08-31T15:42:55.415Z"",""imageIntegrityVersion"":""2026-10-07.1"",""imageVerifiedAt"":""2026-10-10T21:01:33.387Z"",""imageSourceUrl"":""https://www.jacars.net/adv/2506097_2pc-stainless-steel-hug-cute-pet-cat-couple-pendant-necklace-for-women-girls-f/"",""brand"":""Jewellery"",""details"":[],""detailsSourceUrl"":""https://www.jacars.net/adv/2506097_2pc-stainless-steel-hug-cute-pet-cat-couple-pendant-necklace-for-women-girls-f/"",""detailsVerifiedAt"":""2026-10-10T20:45:31.479532+00:00"",""condition"":""good"",""material"":""Metal"",""size"":""3.6cm*2.5cm (length*"",""sourceSpecifications"":[],""listingIdentity"":{""version"":""2026-10-07.1"",""sourceUrl"":""https://www.jacars.net/adv/2506097_2pc-stainless-steel-hug-cute-pet-cat-couple-pendant-necklace-for-women-girls-f/"",""title"":""2pc Stainless Steel Hug Cute Pet Cat Couple Pendant Necklace for Women Girls F"",""images"":[""https://cdn2.jacars.net/media/cache/f4/f1/f4f12562a18cc44fd4ecbf1d44d97e16.webp"",""https://cdn2.jacars.net/media/cache/35/38/35389484b531857303b1008fd057d837.webp"",""https://cdn2.jacars.net/media/cache/d4/5c/d45cb44b48bba97efc9638bff6c47b47.webp"",""https://cdn2.jacars.net/media/cache/73/3e/733e40e4d2d3e4ec050340e1bc925669.webp""],""phones"":[""18768651374""],""sellerId"":"""",""city"":""Saint Catherine"",""checkedAt"":""2026-10-10T21:01:33.387Z""}}",active,2026-10-10T20:30:43Z,200,Matching listing has an available source offer,2026-10-10T20:30:43Z,https://www.jacars.net/adv/2506097_2pc-stainless-steel-hug-cute-pet-cat-couple-pendant-necklace-for-women-girls-f/,0,,visible,,,
jacars-2509911,rejected,marketplace,electronics,phones_accessories,"iPhone 14 Pro, 256gb","JA$ 70,000",70000,JMD,Saint Catherine,Jamaica,JACars Other Mobile Phones,18768343772,"iPhone 14 Pro, 256gb - JA$ 70,000 - Saint Catherine - 1 week ago",https://cdn2.jacars.net/media/cache/60/a7/60a7cb1a9054e2b5819ccca3d57eb117.webp,JACars Other Mobile Phones,https://www.jacars.net/adv/2509911_iphone-14-pro-256gb/,2026-04-28T21:47:24.722Z,,,,,good,,,,"{""sourceDate"":""1 week ago"",""sourcePostedAt"":""2026-04-28T21:47:24.722Z"",""parser"":""jacars"",""sourceCategory"":""JACars Other Mobile Phones"",""appSubcategory"":""phones_accessories""}",gone,2026-10-10T20:30:43Z,404,Exact source URL returned HTTP 404,,https://www.jacars.net/adv/2509911_iphone-14-pro-256gb/,15,2026-10-10T20:30:43Z,source_unavailable,Source advert API returned HTTP 404 and its detail site blocked verification; held until the listing can be verified again.,,
jacars-2506122,published,marketplace,electronics,audio_headphones,X15 TWS Wireless Earphones Bluetooth Earbuds for Gaming Headset Noise Cancelling,"JA$ 5,000",5000,JMD,Saint Catherine,Jamaica,JACars Other Mobile Phones,18768651374,"Smart Switch & LED Battery Indicator:Seamless connectivity with smart switch and clear battery status with LED indicators.

Bluetooth 5.0 Technology:Stay connected with Bluetooth 5.0, ensuring stable, interference-free audio transmission.

Lemontalk X15|Lemontalk X15 Tws|9D Stereo Sound:Experience immersive audio with 9D stereo sound, powered by a 13mm speaker for an authentic listening experience.

IPX7 Waterproof Rating:Enjoy your music in any weather with IPX7 waterproof earbuds, resistant to sweat and rain.

Ergonomic Semi-in-ear Design:Ergonomically crafted semi-in-ear design ensures comfort during extended gaming or music sessions.

✅Product Details:

🟢Brand: LEMONTALK

🟢Name: X15 TWS Bluetooth Wireless Gaming Earphones

🟢Model: 0418

🟢Bluetooth version: V5.0

🟢Material appearance: ABS

🟢Impedance range: up to 32 Ω

🟢Frequency response range: 20-20000Hz

🟢Waterproof rating: IPX7

🟢Earbud battery capacity: 30mAh

🟢Charging case battery capacity: 2000mAh (can provide…",https://cdn2.jacars.net/media/cache/ba/0a/ba0a66431d43f2602634939c47cf7569.webp|https://cdn2.jacars.net/media/cache/f0/6a/f06a9499923043cb6cef715367153504.webp|https://cdn2.jacars.net/media/cache/69/3a/693aeb118c173729a20fe74a58c9ac46.webp|https://cdn2.jacars.net/media/cache/d2/55/d255a8bb98301fd7e53ef6fdd2c97678.webp,JACars Other Mobile Phones,https://www.jacars.net/adv/2506122_x15-tws-wireless-earphones-bluetooth-earbuds-for-gaming-headset-noise-cancelling/,2026-04-28T21:47:24.722Z,,,,,good,,,,"{""sourceDate"":""1 week ago"",""sourcePostedAt"":""2026-04-28T21:47:24.722Z"",""parser"":""jacars"",""sourceCategory"":""JACars Other Mobile Phones"",""appSubcategory"":""phones_accessories"",""imageQuality"":""source_detail_high_resolution"",""imageRefreshSource"":""jacars_gallery_full_api"",""imageRefreshAttemptedAt"":""2026-08-31T15:42:55.415Z"",""imageIntegrityVersion"":""2026-10-07.1"",""imageVerifiedAt"":""2026-10-10T21:01:33.387Z"",""imageSourceUrl"":""https://www.jacars.net/adv/2506122_x15-tws-wireless-earphones-bluetooth-earbuds-for-gaming-headset-noise-cancelling/"",""brand"":""Accessories"",""details"":[],""detailsSourceUrl"":""https://www.jacars.net/adv/2506122_x15-tws-wireless-earphones-bluetooth-earbuds-for-gaming-headset-noise-cancelling/"",""detailsVerifiedAt"":""2026-10-10T20:45:31.479532+00:00"",""condition"":""good"",""sourceSpecifications"":[],""listingIdentity"":{""version"":""2026-10-07.1"",""sourceUrl"":""https://www.jacars.net/adv/2506122_x15-tws-wireless-earphones-bluetooth-earbuds-for-gaming-headset-noise-cancelling/"",""title"":""X15 TWS Wireless Earphones Bluetooth Earbuds for Gaming Headset Noise Cancelling"",""images"":[""https://cdn2.jacars.net/media/cache/ba/0a/ba0a66431d43f2602634939c47cf7569.webp"",""https://cdn2.jacars.net/media/cache/f0/6a/f06a9499923043cb6cef715367153504.webp"",""https://cdn2.jacars.net/media/cache/69/3a/693aeb118c173729a20fe74a58c9ac46.webp"",""https://cdn2.jacars.net/media/cache/d2/55/d255a8bb98301fd7e53ef6fdd2c97678.webp""],""phones"":[""18768651374""],""sellerId"":"""",""city"":""Saint Catherine"",""checkedAt"":""2026-10-10T21:01:33.387Z""}}",active,2026-10-10T20:30:43Z,200,Matching listing has an available source offer,2026-10-10T20:30:43Z,https://www.jacars.net/adv/2506122_x15-tws-wireless-earphones-bluetooth-earbuds-for-gaming-headset-noise-cancelling/,0,,visible,,,
jacars-2509938,rejected,marketplace,real_estate,for_sale,40ft Container,"JA$ 790,000",790000,JMD,Kingston,Jamaica,Marathon Auto,18763379468,"40ft Container - JA$ 790,000 - Kingston - 1 week ago",https://cdn2.jacars.net/media/cache/08/4f/084f48159806a7988c225f69c89eb9de.webp|https://cdn2.jacars.net/media/cache/14/41/1441e460747cf4b3e743423c4d4fab94.webp|https://cdn2.jacars.net/media/cache/59/72/597277737a4ee85b0c9c3e9cc4a3a03f.webp|https://cdn2.jacars.net/media/cache/94/89/9489797c9a2e30093cb7e91e4be7d5b0.webp,JACars Other Real Estate,https://www.jacars.net/adv/2509938_40ft-container/,2026-04-28T21:47:19.087Z,,,,,good,,,,"{""sourceDate"":""1 week ago"",""sourcePostedAt"":""2026-04-28T21:47:19.087Z"",""parser"":""jacars"",""sourceCategory"":""JACars Other Real Estate"",""appSubcategory"":""for_sale""}",gone,2026-10-10T20:30:43Z,404,Exact source URL returned HTTP 404,,https://www.jacars.net/adv/2509938_40ft-container/,20,2026-10-10T20:30:43Z,source_unavailable,Source advert API returned HTTP 404 and its detail site blocked verification; held until the listing can be verified again.,,
jacars-2506233,published,marketplace,other,furniture_home_decor,3D LED Night Light Touch Dimmable Desk Table Lamps for Kids Room Desktop Decorat,"JA$ 5,000",5000,JMD,Saint Catherine,Jamaica,JACars Other Vehicle Listings,18768651374,"Power: 3W
Voltage: 5V
Color:RGB Lamp
Product material: Acrylic (light guide plate) + ABS (base)
Light guide plate thickness: 4 (mm)
Switch mode: Touch switch
Base size: 85*85*37 (mm)

Package contains:

3 *Dolphin acrylic light guide plate
1 * ABS base
1 * USB charging cable
1 *English manual

🤳Call OR #WhatsApp 18768651374

🛍FREE🛍DELIVERY🛍 In
📍""WATERFORD""
📍(Block 5 & Block 4)
& 🛍FREE🛍DELIVERY🛍 At
📍""PORTMORE MALL"" For ORDERS
🇯🇲jmd$2,500 & MORE‼️
▪
NOW ACCEPTING
👇💸👇💰👇💵👇
▪
💳Bank🏧Transfers💳
▪
💰CASH ON DELIVERY💰
▪
🧾Lay💸Away💰Plans🧾",https://cdn2.jacars.net/media/cache/f1/34/f134f98c2940bdad279946662f6022c4.webp|https://cdn2.jacars.net/media/cache/45/d6/45d647677d9ea4e77704dd98e38a1465.webp|https://cdn2.jacars.net/media/cache/a6/d6/a6d6d0c800437db09932fa4481997032.webp|https://cdn2.jacars.net/media/cache/e1/4d/e14d3973e0e4f944e2957b4556898428.webp,JACars Other Vehicle Listings,https://www.jacars.net/adv/2506233_3d-led-night-light-touch-dimmable-desk-table-lamps-for-kids-room-desktop-decorat/,2026-04-28T21:47:15.432Z,,"Lighting, lamps",,,good,,RGB Lamp,,"{""sourceDate"":""1 week ago"",""sourcePostedAt"":""2026-04-28T21:47:15.432Z"",""parser"":""jacars"",""sourceCategory"":""JACars Other Vehicle Listings"",""appSubcategory"":""other"",""imageQuality"":""source_detail_high_resolution"",""imageRefreshSource"":""jacars_gallery_full_api"",""imageRefreshAttemptedAt"":""2026-08-31T15:42:55.415Z"",""imageIntegrityVersion"":""2026-10-07.1"",""imageVerifiedAt"":""2026-10-10T21:01:33.387Z"",""imageSourceUrl"":""https://www.jacars.net/adv/2506233_3d-led-night-light-touch-dimmable-desk-table-lamps-for-kids-room-desktop-decorat/"",""brand"":""Home decor, accessories"",""model"":""Lighting, lamps"",""details"":[],""detailsSourceUrl"":""https://www.jacars.net/adv/2506233_3d-led-night-light-touch-dimmable-desk-table-lamps-for-kids-room-desktop-decorat/"",""detailsVerifiedAt"":""2026-10-10T20:45:31.479532+00:00"",""condition"":""good"",""power"":""3W"",""color"":""RGB Lamp"",""sourceSpecifications"":[],""listingIdentity"":{""version"":""2026-10-07.1"",""sourceUrl"":""https://www.jacars.net/adv/2506233_3d-led-night-light-touch-dimmable-desk-table-lamps-for-kids-room-desktop-decorat/"",""title"":""3D LED Night Light Touch Dimmable Desk Table Lamps for Kids Room Desktop Decorat"",""images"":[""https://cdn2.jacars.net/media/cache/f1/34/f134f98c2940bdad279946662f6022c4.webp"",""https://cdn2.jacars.net/media/cache/45/d6/45d647677d9ea4e77704dd98e38a1465.webp"",""https://cdn2.jacars.net/media/cache/a6/d6/a6d6d0c800437db09932fa4481997032.webp"",""https://cdn2.jacars.net/media/cache/e1/4d/e14d3973e0e4f944e2957b4556898428.webp""],""phones"":[""18768651374""],""sellerId"":"""",""city"":""Saint Catherine"",""checkedAt"":""2026-10-10T21:01:33.387Z""}}",active,2026-10-10T20:30:43Z,200,Matching listing has an available source offer,2026-10-10T20:30:43Z,https://www.jacars.net/adv/2506233_3d-led-night-light-touch-dimmable-desk-table-lamps-for-kids-room-desktop-decorat/,0,,visible,,,
jacars-2506135,published,marketplace,electronics,computers_tablets,Mini Type-C to USB Adapter 3.0 USB-C Male OTG A Female Data Connector For MacBoo,"JA$ 1,500",1500,JMD,Saint Catherine,Jamaica,JACars Other Vehicle Listings,18768651374,"Type: USB

Connector A: USB

Amplifier: No

Output Voltage: 0

Input Voltage: 0

Model Number: Type-C

Connector B: Type-C

Certification: CE,FCC,RoHS

🤳Call OR #WhatsApp 18768651374

🛍FREE🛍DELIVERY🛍 In
📍""WATERFORD""
📍(Block 5 & Block 4)
& 🛍FREE🛍DELIVERY🛍 At
📍""PORTMORE MALL"" For ORDERS
🇯🇲jmd$2,500 & MORE‼️
▪
NOW ACCEPTING
👇💸👇💰👇💵👇
▪
💳Bank🏧Transfers💳
▪
💰CASH ON DELIVERY💰
▪
🧾Lay💸Away💰Plans🧾",https://cdn2.jacars.net/media/cache/27/76/2776365ecada515f8a04f84d9a905fe9.webp|https://cdn2.jacars.net/media/cache/9f/b3/9fb35554b0154fa06cceefbc5a860be0.webp|https://cdn2.jacars.net/media/cache/c2/d7/c2d74aa14ced16d85249cd9af0688544.webp|https://cdn2.jacars.net/media/cache/f8/1a/f81a37751b970789dd04315fd48462fa.webp,JACars Other Vehicle Listings,https://www.jacars.net/adv/2506135_mini-type-c-to-usb-adapter-3-0-usb-c-male-otg-a-female-data-connector-for-macboo/,2026-04-28T21:47:15.431Z,,Type-C,,,good,,,,"{""sourceDate"":""1 week ago"",""sourcePostedAt"":""2026-04-28T21:47:15.431Z"",""parser"":""jacars"",""sourceCategory"":""JACars Other Vehicle Listings"",""appSubcategory"":""other"",""imageQuality"":""source_detail_high_resolution"",""imageRefreshSource"":""jacars_gallery_full_api"",""imageRefreshAttemptedAt"":""2026-08-31T15:42:55.415Z"",""imageIntegrityVersion"":""2026-10-07.1"",""imageVerifiedAt"":""2026-10-10T21:01:33.387Z"",""imageSourceUrl"":""https://www.jacars.net/adv/2506135_mini-type-c-to-usb-adapter-3-0-usb-c-male-otg-a-female-data-connector-for-macboo/"",""brand"":""Accessories"",""details"":[],""detailsSourceUrl"":""https://www.jacars.net/adv/2506135_mini-type-c-to-usb-adapter-3-0-usb-c-male-otg-a-female-data-connector-for-macboo/"",""detailsVerifiedAt"":""2026-10-10T20:45:31.479532+00:00"",""condition"":""good"",""model"":""Type-C"",""sourceSpecifications"":[],""listingIdentity"":{""version"":""2026-10-07.1"",""sourceUrl"":""https://www.jacars.net/adv/2506135_mini-type-c-to-usb-adapter-3-0-usb-c-male-otg-a-female-data-connector-for-macboo/"",""title"":""Mini Type-C to USB Adapter 3.0 USB-C Male OTG A Female Data Connector For MacBoo"",""images"":[""https://cdn2.jacars.net/media/cache/27/76/2776365ecada515f8a04f84d9a905fe9.webp"",""https://cdn2.jacars.net/media/cache/9f/b3/9fb35554b0154fa06cceefbc5a860be0.webp"",""https://cdn2.jacars.net/media/cache/c2/d7/c2d74aa14ced16d85249cd9af0688544.webp"",""https://cdn2.jacars.net/media/cache/f8/1a/f81a37751b970789dd04315fd48462fa.webp""],""phones"":[""18768651374""],""sellerId"":"""",""city"":""Saint Catherine"",""checkedAt"":""2026-10-10T21:01:33.387Z""}}",active,2026-10-10T20:30:43Z,200,Matching listing has an available source offer,2026-10-10T20:30:43Z,https://www.jacars.net/adv/2506135_mini-type-c-to-usb-adapter-3-0-usb-c-male-otg-a-female-data-connector-for-macboo/,0,,visible,,,
jacars-2510081,published,marketplace,services,home_services,Kandy Prestine Homes Cleaning service,Call for price,0,JMD,Saint James,Jamaica,JACars Other Services,18764609207,Kandy Prestine Homes Cleaning service - Call for price - Saint James - 1 week ago,https://cdn2.jacars.net/media/cache/2c/30/2c304527dace381299b5db7b619d312e.webp|https://cdn2.jacars.net/media/cache/db/ab/dbabc0db690cffd3364c6170117d007b.webp,JACars Other Services,https://www.jacars.net/adv/2510081_kandy-prestine-homes-cleaning-service/,2026-04-28T21:47:10.873Z,,,,,good,,,,"{""sourceDate"":""1 week ago"",""sourcePostedAt"":""2026-04-28T21:47:10.873Z"",""parser"":""jacars"",""sourceCategory"":""JACars Other Services"",""appSubcategory"":""other"",""imageQuality"":""source_detail_high_resolution"",""imageRefreshSource"":""jacars_gallery_full_api"",""imageRefreshAttemptedAt"":""2026-08-31T15:42:55.415Z"",""imageIntegrityVersion"":""2026-09-06.1"",""imageVerifiedAt"":""2026-09-07T00:05:03.876Z"",""imageSourceUrl"":""https://www.jacars.net/adv/2510081_kandy-prestine-homes-cleaning-service/""}",active,2026-10-10T20:30:43Z,200,Matching listing has an available source offer,2026-10-10T20:30:43Z,https://www.jacars.net/adv/2510081_kandy-prestine-homes-cleaning-service/,0,,visible,,,
jacars-2509870,rejected,marketplace,clothing,other,Nursing scrubs,Call for price,0,JMD,Kingston,Jamaica,JACars Other Services,18763972343,Nursing scrubs - Call for price - Kingston - 1 week ago,https://cdn2.jacars.net/media/cache/ce/25/ce257ac8026dbc772fee577f0b00eb56.webp,JACars Other Services,https://www.jacars.net/adv/2509870_nursing-scrubs/,2026-04-28T21:47:10.873Z,,,,,good,,,,"{""sourceDate"":""1 week ago"",""sourcePostedAt"":""2026-04-28T21:47:10.873Z"",""parser"":""jacars"",""sourceCategory"":""JACars Other Services"",""appSubcategory"":""other""}",gone,2026-10-10T20:30:43Z,404,Exact source URL returned HTTP 404,,https://www.jacars.net/adv/2509870_nursing-scrubs/,20,2026-10-10T20:30:43Z,source_unavailable,Source advert API returned HTTP 404 and its detail site blocked verification; held until the listing can be verified again.,,
jacars-2504300,rejected,vehicles,vehicles,auto_parts,Nissan Serena 2018 Flood damage..sold as is spare body parts.,"JA$ 550,000",550000,JMD,Saint James,Jamaica,JACars Crashed Cars for Spares,18763897992,"Nissan Serena 2018 Flood damage..sold as is spare body parts. - JA$ 550,000 - Saint James - 1 week ago",https://cdn2.jacars.net/media/cache/2f/7d/2f7de942cd0560945fac6be2ae371d53.webp|https://cdn2.jacars.net/media/cache/94/bc/94bc31c4acb54244743b007d78c58fe2.webp|https://cdn2.jacars.net/media/cache/3d/cc/3dccac4ff4c60d603cc1d90f79308a4d.webp,JACars Crashed Cars for Spares,https://www.jacars.net/adv/2504300_nissan-serena-2018-flood-damage-sold-as-is-spare-body-parts/,2026-04-28T21:46:40.033Z,,,,2018,good,,,,"{""sourceDate"":""1 week ago"",""sourcePostedAt"":""2026-04-28T21:46:40.033Z"",""parser"":""jacars"",""sourceCategory"":""JACars Crashed Cars for Spares"",""appSubcategory"":""auto_parts""}",gone,2026-10-10T20:30:43Z,404,Exact source URL returned HTTP 404,,https://www.jacars.net/adv/2504300_nissan-serena-2018-flood-damage-sold-as-is-spare-body-parts/,20,2026-10-10T20:30:43Z,source_unavailable,Source advert API returned HTTP 404 and its detail site blocked verification; held until the listing can be verified again.,,
jacars-2493437,published,vehicles,vehicles,auto_parts,Unprogrammed Toyota Aqua/Yaris/Vitz Key Fob with new Blade,"JA$ 4,000",4000,JMD,Saint Catherine,Jamaica,JACars Alarm Systems and Security,18769970729,"Unprogrammed Toyota Aqua/Yaris/Vitz Key Fob with new Blade - JA$ 4,000 - Saint Catherine - 1 week ago",https://cdn2.jacars.net/media/cache/37/0e/370e07901045b0cd985abd7689f603cd.webp|https://cdn2.jacars.net/media/cache/96/a0/96a0417b5724f4cfacb034e19ae4d26f.webp|https://cdn2.jacars.net/media/cache/1b/24/1b24f91ce8f302ceff6731971088f48e.webp,JACars Alarm Systems and Security,https://www.jacars.net/adv/2493437_unprogrammed-toyota-yaris-vitz-key-fob-with-new-blade/,2026-04-28T21:46:32.269Z,,,,,new,,,,"{""sourceDate"":""1 week ago"",""sourcePostedAt"":""2026-04-28T21:46:32.269Z"",""parser"":""jacars"",""sourceCategory"":""JACars Alarm Systems and Security"",""appSubcategory"":""auto_parts"",""imageQuality"":""source_detail_high_resolution"",""imageRefreshSource"":""jacars_gallery_full_api"",""imageRefreshAttemptedAt"":""2026-08-31T15:42:55.415Z"",""imageIntegrityVersion"":""2026-09-06.1"",""imageVerifiedAt"":""2026-09-07T00:05:03.876Z"",""imageSourceUrl"":""https://www.jacars.net/adv/2493437_unprogrammed-toyota-yaris-vitz-key-fob-with-new-blade/""}",active,2026-10-10T20:30:43Z,200,Matching listing has an available source offer,2026-10-10T20:30:43Z,https://www.jacars.net/adv/2493437_unprogrammed-toyota-yaris-vitz-key-fob-with-new-blade/,0,,visible,,,
jacars-2471993,published,vehicles,vehicles,auto_parts,EASYGUARD EC204 2 Way car Alarm System,"JA$ 38,000",38000,JMD,Hanover,Jamaica,JACars Alarm Systems and Security,18765032792,"EASYGUARD EC204 2 Way car Alarm System - JA$ 38,000 - Hanover - 1 week ago",https://cdn2.jacars.net/media/cache/3e/af/3eafe6073c3cd1d9440d70cbd1098142.webp,JACars Alarm Systems and Security,https://www.jacars.net/adv/2471993_easyguard-ec204-2-way-car-alarm-system/,2026-04-28T21:46:32.269Z,,,,,good,,,,"{""sourceDate"":""1 week ago"",""sourcePostedAt"":""2026-04-28T21:46:32.269Z"",""parser"":""jacars"",""sourceCategory"":""JACars Alarm Systems and Security"",""appSubcategory"":""auto_parts"",""imageQuality"":""source_detail_high_resolution"",""imageRefreshSource"":""jacars_gallery_full_api"",""imageRefreshAttemptedAt"":""2026-08-31T15:42:55.415Z"",""imageIntegrityVersion"":""2026-09-06.1"",""imageVerifiedAt"":""2026-09-07T00:05:03.876Z"",""imageSourceUrl"":""https://www.jacars.net/adv/2471993_easyguard-ec204-2-way-car-alarm-system/""}",active,2026-10-10T20:30:43Z,200,Matching listing has an available source offer,2026-10-10T20:30:43Z,https://www.jacars.net/adv/2471993_easyguard-ec204-2-way-car-alarm-system/,0,,visible,,,
jacars-2510080,rejected,vehicles,vehicles,tires_rims,BFGoodrich All Terrain TA KO2 on Genuine Toyota TRD Rims,"JA$ 260,000",260000,JMD,Manchester,Jamaica,JACars Tires and Rims,2184679711,"BFGoodrich All Terrain TA KO2 on Genuine Toyota TRD Rims - JA$ 260,000 - Manchester - 1 week ago",https://cdn2.jacars.net/media/cache/18/dd/18ddc818df3782712e0a857427627b37.webp|https://cdn2.jacars.net/media/cache/33/34/3334b255aec421e7bfceb5dd0a9eb219.webp|https://cdn2.jacars.net/media/cache/56/b0/56b026dc4149314ae81a59bc8870251f.webp|https://cdn2.jacars.net/media/cache/74/d9/74d9d80eda96f5a58c4d9e3d3219d539.webp,JACars Tires and Rims,https://www.jacars.net/adv/2510080_bfgoodrich-all-terrain-ta-ko2-on-genuine-toyota-trd-rims/,2026-04-28T21:46:24.856Z,,,,,good,,,,"{""sourceDate"":""1 week ago"",""sourcePostedAt"":""2026-04-28T21:46:24.856Z"",""parser"":""jacars"",""sourceCategory"":""JACars Tires and Rims"",""appSubcategory"":""tires_rims""}",gone,2026-10-10T20:30:43Z,404,Exact source URL returned HTTP 404,,https://www.jacars.net/adv/2510080_bfgoodrich-all-terrain-ta-ko2-on-genuine-toyota-trd-rims/,20,2026-10-10T20:30:43Z,source_unavailable,Source advert API returned HTTP 404 and its detail site blocked verification; held until the listing can be verified again.,,
jacars-2506364,published,vehicles,vehicles,auto_parts,20pc Rainbow Car/Motorcycle Tire Rim Hub Reflective Strips Stickers,"JA$ 1,500",1500,JMD,Saint Catherine,Jamaica,JACars Car Accessories,18768651374,"Type Of Sticker: Tires & Rim
Packaging: Yes Packaged
Design: Multi-Colored/Reflective
Type: Glue Sticker
Sticker Placement: Tires & Rim
Item Length: 9cm
Item Width 0.7cm
Model Name:
Car Wheel Hub Reflective Sticker..

🤳Call OR #WhatsApp 18768651374

🛍FREE🛍DELIVERY🛍 In
📍""WATERFORD""
📍(Block 5 & Block 4)
& 🛍FREE🛍DELIVERY🛍 At
📍""PORTMORE MALL"" For ORDERS
🇯🇲jmd$2,500 & MORE‼️
▪
NOW ACCEPTING
👇💸👇💰👇💵👇
▪
💳Bank🏧Transfers💳
▪
💰CASH ON DELIVERY💰
▪
🧾Lay💸Away💰Plans🧾",https://cdn2.jacars.net/media/cache/77/97/7797cdd41f712a2421f1f34400652e40.webp|https://cdn2.jacars.net/media/cache/09/e1/09e15fe495ac5baba21c2be0c95fb97f.webp|https://cdn2.jacars.net/media/cache/0f/ad/0fad32026d5ba44ac310b9d4861d83b4.webp|https://cdn2.jacars.net/media/cache/83/d5/83d599525d2e0780ac8738dd2e4b184b.webp,JACars Car Accessories,https://www.jacars.net/adv/2506364_20pc-rainbow-car-motorcycle-tire-rim-hub-reflective-strips-stickers/,2026-04-28T21:46:20.543Z,,,,,good,,,,"{""sourceDate"":""1 week ago"",""sourcePostedAt"":""2026-04-28T21:46:20.543Z"",""parser"":""jacars"",""sourceCategory"":""JACars Car Accessories"",""appSubcategory"":""auto_parts"",""imageQuality"":""source_detail_high_resolution"",""imageRefreshSource"":""jacars_gallery_full_api"",""imageRefreshAttemptedAt"":""2026-08-31T15:42:55.415Z"",""imageIntegrityVersion"":""2026-10-07.1"",""imageVerifiedAt"":""2026-10-10T21:01:33.387Z"",""imageSourceUrl"":""https://www.jacars.net/adv/2506364_20pc-rainbow-car-motorcycle-tire-rim-hub-reflective-strips-stickers/"",""details"":[],""detailsSourceUrl"":""https://www.jacars.net/adv/2506364_20pc-rainbow-car-motorcycle-tire-rim-hub-reflective-strips-stickers/"",""detailsVerifiedAt"":""2026-10-10T20:45:31.479532+00:00"",""condition"":""good"",""sourceSpecifications"":[],""listingIdentity"":{""version"":""2026-10-07.1"",""sourceUrl"":""https://www.jacars.net/adv/2506364_20pc-rainbow-car-motorcycle-tire-rim-hub-reflective-strips-stickers/"",""title"":""20pc Rainbow Car/Motorcycle Tire Rim Hub Reflective Strips Stickers"",""images"":[""https://cdn2.jacars.net/media/cache/77/97/7797cdd41f712a2421f1f34400652e40.webp"",""https://cdn2.jacars.net/media/cache/09/e1/09e15fe495ac5baba21c2be0c95fb97f.webp"",""https://cdn2.jacars.net/media/cache/0f/ad/0fad32026d5ba44ac310b9d4861d83b4.webp"",""https://cdn2.jacars.net/media/cache/83/d5/83d599525d2e0780ac8738dd2e4b184b.webp""],""phones"":[""18768651374""],""sellerId"":"""",""city"":""Saint Catherine"",""checkedAt"":""2026-10-10T21:01:33.387Z""}}",active,2026-10-10T20:30:43Z,200,Matching listing has an available source offer,2026-10-10T20:30:43Z,https://www.jacars.net/adv/2506364_20pc-rainbow-car-motorcycle-tire-rim-hub-reflective-strips-stickers/,0,,visible,,,
jacars-2506356,published,vehicles,vehicles,auto_parts,1pc Mini LED Car Roof Star Night Light Projector Atmosphere Galaxy Light USB D,"JA$ 2,500",2500,JMD,Saint Catherine,Jamaica,JACars Car Accessories,18768651374,"This Mini LED Car Roof Star Night Light Projector creates a relaxing atmosphere with its galaxy light effect, perfect for night-time driving or home decoration.

• USB Powered :The projector is USB powered, allowing you to easily connect it to any USB power source such as a car charger, laptop, or power bank.

• Candle Shape Design :Its candle-shaped design adds a warm and cozy touch to your space, making it ideal for use in homes, offices, or cars.

• Dual Pack :This product comes in a pack of two, allowing you to enjoy the galaxy light effect in multiple spaces or as a gift for a loved one.

• Chinese Origin :Originating from USA, this night light guarantees high-quality construction and performance.

• Brands Other :Produced by an unknown brand, this night light offers a reliable and affordable option for those seeking a unique decorative piece.

SPECIFICATIONS:

High-concerned chemical: None

Main Material: Plastic Fiber

Item Type: Night Lights

Certification: ce

Shape:…",https://cdn2.jacars.net/media/cache/a3/5d/a35d1f8bd64fdd6a780cb6ecdc7a537a.webp|https://cdn2.jacars.net/media/cache/1b/00/1b009cce51d0f0d1dc2c9507b3f529dc.webp|https://cdn2.jacars.net/media/cache/0f/39/0f399f61b60305b7be429b2b9575ffe3.webp|https://cdn2.jacars.net/media/cache/d1/72/d172ddb99450cb17a469c35997a55a12.webp,JACars Car Accessories,https://www.jacars.net/adv/2506356_1pc-mini-led-car-roof-star-night-light-projector-atmosphere-galaxy-light-usb-d/,2026-04-28T21:46:20.543Z,,,,,good,,,,"{""sourceDate"":""1 week ago"",""sourcePostedAt"":""2026-04-28T21:46:20.543Z"",""parser"":""jacars"",""sourceCategory"":""JACars Car Accessories"",""appSubcategory"":""auto_parts"",""imageQuality"":""source_detail_high_resolution"",""imageRefreshSource"":""jacars_gallery_full_api"",""imageRefreshAttemptedAt"":""2026-08-31T15:42:55.415Z"",""imageIntegrityVersion"":""2026-10-07.1"",""imageVerifiedAt"":""2026-10-10T21:01:33.387Z"",""imageSourceUrl"":""https://www.jacars.net/adv/2506356_1pc-mini-led-car-roof-star-night-light-projector-atmosphere-galaxy-light-usb-d/"",""details"":[],""detailsSourceUrl"":""https://www.jacars.net/adv/2506356_1pc-mini-led-car-roof-star-night-light-projector-atmosphere-galaxy-light-usb-d/"",""detailsVerifiedAt"":""2026-10-10T20:45:31.479532+00:00"",""condition"":""good"",""sourceSpecifications"":[],""listingIdentity"":{""version"":""2026-10-07.1"",""sourceUrl"":""https://www.jacars.net/adv/2506356_1pc-mini-led-car-roof-star-night-light-projector-atmosphere-galaxy-light-usb-d/"",""title"":""1pc Mini LED Car Roof Star Night Light Projector Atmosphere Galaxy Light USB D"",""images"":[""https://cdn2.jacars.net/media/cache/a3/5d/a35d1f8bd64fdd6a780cb6ecdc7a537a.webp"",""https://cdn2.jacars.net/media/cache/1b/00/1b009cce51d0f0d1dc2c9507b3f529dc.webp"",""https://cdn2.jacars.net/media/cache/0f/39/0f399f61b60305b7be429b2b9575ffe3.webp"",""https://cdn2.jacars.net/media/cache/d1/72/d172ddb99450cb17a469c35997a55a12.webp""],""phones"":[""18768651374""],""sellerId"":"""",""city"":""Saint Catherine"",""checkedAt"":""2026-10-10T21:01:33.387Z""}}",active,2026-10-10T20:30:43Z,200,Matching listing has an available source offer,2026-10-10T20:30:43Z,https://www.jacars.net/adv/2506356_1pc-mini-led-car-roof-star-night-light-projector-atmosphere-galaxy-light-usb-d/,0,,visible,,,
jacars-2474181,published,vehicles,vehicles,auto_parts,"Cup Holder Phone Mount, 2 in 1 Universal Cup Holder","JA$ 6,500",6500,JMD,Hanover,Jamaica,JACars Car Accessories,18765032792,"Cup Holder Phone Mount, 2 in 1 Universal Cup Holder - JA$ 6,500 - Hanover - 1 week ago",https://cdn2.jacars.net/media/cache/08/16/081634a5a67723130c2b836591278ea0.webp,JACars Car Accessories,https://www.jacars.net/adv/2474181_cup-holder-phone-mount-2-in-1-universal-cup-holder/,2026-04-28T21:46:20.543Z,,,,,good,,,,"{""sourceDate"":""1 week ago"",""sourcePostedAt"":""2026-04-28T21:46:20.543Z"",""parser"":""jacars"",""sourceCategory"":""JACars Car Accessories"",""appSubcategory"":""auto_parts"",""imageQuality"":""source_detail_high_resolution"",""imageRefreshSource"":""jacars_gallery_full_api"",""imageRefreshAttemptedAt"":""2026-08-31T15:42:55.415Z"",""imageIntegrityVersion"":""2026-09-06.1"",""imageVerifiedAt"":""2026-09-07T00:05:03.876Z"",""imageSourceUrl"":""https://www.jacars.net/adv/2474181_cup-holder-phone-mount-2-in-1-universal-cup-holder/""}",active,2026-10-10T20:30:43Z,200,Matching listing has an available source offer,2026-10-10T20:30:43Z,https://www.jacars.net/adv/2474181_cup-holder-phone-mount-2-in-1-universal-cup-holder/,0,,visible,,,
jacars-2506226,published,vehicles,vehicles,auto_parts,2pc Car Reflective Sticker Door Side Anti-collision Strip Fender Luminous Rear,"JA$ 2,000",2000,JMD,Saint Catherine,Jamaica,JACars Car Accessories,18768651374,"The reflective effect is good.

2. A variety of colors can be selected.

3. Film material, not easy to wear.

4. Strong stickiness and good pasting effect.

Description:

Material; PP film

Model: rearview mirror reflective protective sticker

Applicable models: General

Color: red, yellow, blue, white and green

Product size: 16*2.3*1.3cm

Net weight: 25g

Gross weight: 30g

🤳Call OR #WhatsApp 18768651374

🛍FREE🛍DELIVERY🛍 In
📍""WATERFORD""
📍(Block 5 & Block 4)
& 🛍FREE🛍DELIVERY🛍 At
📍""PORTMORE MALL"" For ORDERS
🇯🇲jmd$2,500 & MORE‼️
▪
NOW ACCEPTING
👇💸👇💰👇💵👇
▪
💳Bank🏧Transfers💳
▪
💰CASH ON DELIVERY💰
▪
🧾Lay💸Away💰Plans🧾",https://cdn2.jacars.net/media/cache/2f/22/2f223355f0cef5fe24cace8d70b568fa.webp|https://cdn2.jacars.net/media/cache/cc/af/ccaf981eb7bf1de9e46fdd40a70ca0e5.webp|https://cdn2.jacars.net/media/cache/e7/9f/e79fb18c2aab433bd1cc6562f98a3752.webp|https://cdn2.jacars.net/media/cache/6f/05/6f058f4a154fbe4ed10f5d1cc173ac31.webp,JACars Car Accessories,https://www.jacars.net/adv/2506226_2pc-car-reflective-sticker-door-side-anti-collision-strip-fender-luminous-rear/,2026-04-28T21:46:20.542Z,,rearview mirror reflective protective sticker,,,good,,"red, yellow, blue, white and green",,"{""sourceDate"":""1 week ago"",""sourcePostedAt"":""2026-04-28T21:46:20.542Z"",""parser"":""jacars"",""sourceCategory"":""JACars Car Accessories"",""appSubcategory"":""auto_parts"",""imageQuality"":""source_detail_high_resolution"",""imageRefreshSource"":""jacars_gallery_full_api"",""imageRefreshAttemptedAt"":""2026-08-31T15:42:55.415Z"",""imageIntegrityVersion"":""2026-10-07.1"",""imageVerifiedAt"":""2026-10-10T21:01:33.387Z"",""imageSourceUrl"":""https://www.jacars.net/adv/2506226_2pc-car-reflective-sticker-door-side-anti-collision-strip-fender-luminous-rear/"",""details"":[],""detailsSourceUrl"":""https://www.jacars.net/adv/2506226_2pc-car-reflective-sticker-door-side-anti-collision-strip-fender-luminous-rear/"",""detailsVerifiedAt"":""2026-10-10T20:45:31.479532+00:00"",""condition"":""good"",""model"":""rearview mirror reflective protective sticker"",""color"":""red, yellow, blue, white and green"",""sourceSpecifications"":[],""listingIdentity"":{""version"":""2026-10-07.1"",""sourceUrl"":""https://www.jacars.net/adv/2506226_2pc-car-reflective-sticker-door-side-anti-collision-strip-fender-luminous-rear/"",""title"":""2pc Car Reflective Sticker Door Side Anti-collision Strip Fender Luminous Rear"",""images"":[""https://cdn2.jacars.net/media/cache/2f/22/2f223355f0cef5fe24cace8d70b568fa.webp"",""https://cdn2.jacars.net/media/cache/cc/af/ccaf981eb7bf1de9e46fdd40a70ca0e5.webp"",""https://cdn2.jacars.net/media/cache/e7/9f/e79fb18c2aab433bd1cc6562f98a3752.webp"",""https://cdn2.jacars.net/media/cache/6f/05/6f058f4a154fbe4ed10f5d1cc173ac31.webp""],""phones"":[""18768651374""],""sellerId"":"""",""city"":""Saint Catherine"",""checkedAt"":""2026-10-10T21:01:33.387Z""}}",active,2026-10-10T20:30:43Z,200,Matching listing has an available source offer,2026-10-10T20:30:43Z,https://www.jacars.net/adv/2506226_2pc-car-reflective-sticker-door-side-anti-collision-strip-fender-luminous-rear/,0,,visible,,,
jacars-2506188,published,vehicles,vehicles,auto_parts,FAKE TAXI Decal Emblem Fake Taxi Car Sticker Durable Waterproof Self Adhesive,"JA$ 1,500",1500,JMD,Saint Catherine,Jamaica,JACars Car Accessories,18768651374,"This vinyl will adhere to most smooth surfaces like vehicles, boats, ATVs and motorcycles, windows, computers, walls, mailboxes and most anything you can think of is waterproof and easy to use Stickers can be applied anywhere in the body to make it easy to clean and maintain DIY your own personalized car..

For:
Cars, motorcycles, helmets, etc., ideal for decoration, easy to install and remove

Specification:

Type: car sticker
Material: Vinyl
Size: about 20 x 5 cm
Color: yellow

Package Included:
*1 Car Sticker

🤳Call OR #WhatsApp 18768651374

🛍FREE🛍DELIVERY🛍 In
📍""WATERFORD""
📍(Block 5 & Block 4)
& 🛍FREE🛍DELIVERY🛍 At
📍""PORTMORE MALL"" For ORDERS
🇯🇲jmd$2,500 & MORE‼️
▪
NOW ACCEPTING
👇💸👇💰👇💵👇
▪
💳Bank🏧Transfers💳
▪
💰CASH ON DELIVERY💰
▪
🧾Lay💸Away💰Plans🧾",https://cdn2.jacars.net/media/cache/ba/83/ba8386c61908288cc543ff02a463d2bd.webp|https://cdn2.jacars.net/media/cache/bf/6e/bf6eac70116b202f967632f1fd3701a4.webp|https://cdn2.jacars.net/media/cache/00/2b/002bf892087985cccf85614fd88a3943.webp|https://cdn2.jacars.net/media/cache/49/26/4926401ad91b9b6f0bbcd8caa53c9a02.webp,JACars Car Accessories,https://www.jacars.net/adv/2506188_fake-taxi-decal-emblem-fake-taxi-car-sticker-durable-waterproof-self-adhesive/,2026-04-28T21:46:20.542Z,,,,,good,,yellow,,"{""sourceDate"":""1 week ago"",""sourcePostedAt"":""2026-04-28T21:46:20.542Z"",""parser"":""jacars"",""sourceCategory"":""JACars Car Accessories"",""appSubcategory"":""auto_parts"",""imageQuality"":""source_detail_high_resolution"",""imageRefreshSource"":""jacars_gallery_full_api"",""imageRefreshAttemptedAt"":""2026-08-31T15:42:55.415Z"",""imageIntegrityVersion"":""2026-10-07.1"",""imageVerifiedAt"":""2026-10-10T21:01:33.387Z"",""imageSourceUrl"":""https://www.jacars.net/adv/2506188_fake-taxi-decal-emblem-fake-taxi-car-sticker-durable-waterproof-self-adhesive/"",""details"":[],""detailsSourceUrl"":""https://www.jacars.net/adv/2506188_fake-taxi-decal-emblem-fake-taxi-car-sticker-durable-waterproof-self-adhesive/"",""detailsVerifiedAt"":""2026-10-10T20:45:31.479532+00:00"",""condition"":""good"",""color"":""yellow"",""sourceSpecifications"":[],""listingIdentity"":{""version"":""2026-10-07.1"",""sourceUrl"":""https://www.jacars.net/adv/2506188_fake-taxi-decal-emblem-fake-taxi-car-sticker-durable-waterproof-self-adhesive/"",""title"":""FAKE TAXI Decal Emblem Fake Taxi Car Sticker Durable Waterproof Self Adhesive"",""images"":[""https://cdn2.jacars.net/media/cache/ba/83/ba8386c61908288cc543ff02a463d2bd.webp"",""https://cdn2.jacars.net/media/cache/bf/6e/bf6eac70116b202f967632f1fd3701a4.webp"",""https://cdn2.jacars.net/media/cache/00/2b/002bf892087985cccf85614fd88a3943.webp"",""https://cdn2.jacars.net/media/cache/49/26/4926401ad91b9b6f0bbcd8caa53c9a02.webp""],""phones"":[""18768651374""],""sellerId"":"""",""city"":""Saint Catherine"",""checkedAt"":""2026-10-10T21:01:33.387Z""}}",active,2026-10-10T20:30:43Z,200,Matching listing has an available source offer,2026-10-10T20:30:43Z,https://www.jacars.net/adv/2506188_fake-taxi-decal-emblem-fake-taxi-car-sticker-durable-waterproof-self-adhesive/,0,,visible,,,
jacars-2506178,published,vehicles,vehicles,auto_parts,4pc - SET Car Door Reflector Decal Car Accessories Exterior Interior Reflector,"JA$ 2,000",2000,JMD,Saint Catherine,Jamaica,JACars Car Accessories,18768651374,"Efficient reflection makes rear drivers easily to pay attention to your vehicle,and reminds them of keeping enough distance in night,rainy and foggy weather,when stopping your vehicle aside the road to get off.
2.That reduces the probability of traffic accidents to improve driving safety.
3.Reflective sign decals is used superior PET to made that they has high brightness,they seem to be road signs for all around when driving out to the streets.
4.For waterproof,terrible weather resistance,good adhesive and anti-scratch,these decals can service for a long time.Not easy to fall down.
5.Universal fitment: Car Warning stickers are suitable for all size vehicles,such as cars,SUVs,motocycles,bicycles and so on

Installation:
1 Make sure where you want to paste these before sticking.
2 Clean dust or residue of target position with water,then wait it dry.
3 Peel the protective film off at its back and stick. Do not move repeatedly.
4 Press down a few minutes to remove bubbles for better…",https://cdn2.jacars.net/media/cache/3b/bf/3bbf1641b3ed89411268f577311652bd.webp|https://cdn2.jacars.net/media/cache/00/9c/009ce131b85d75e559db46f48365bac8.webp|https://cdn2.jacars.net/media/cache/ba/8a/ba8a4b3ba749762f83035f33377b58fd.webp|https://cdn2.jacars.net/media/cache/89/b3/89b3d65c0652700bb66a6584642d7fce.webp,JACars Car Accessories,https://www.jacars.net/adv/2506178_4pc-set-car-door-reflector-decal-car-accessories-exterior-interior-reflector/,2026-04-28T21:46:20.542Z,,,,,good,,Blue/White/Green/Red/Orange,,"{""sourceDate"":""1 week ago"",""sourcePostedAt"":""2026-04-28T21:46:20.542Z"",""parser"":""jacars"",""sourceCategory"":""JACars Car Accessories"",""appSubcategory"":""auto_parts"",""imageQuality"":""source_detail_high_resolution"",""imageRefreshSource"":""jacars_gallery_full_api"",""imageRefreshAttemptedAt"":""2026-08-31T15:42:55.415Z"",""imageIntegrityVersion"":""2026-10-07.1"",""imageVerifiedAt"":""2026-10-10T21:01:33.387Z"",""imageSourceUrl"":""https://www.jacars.net/adv/2506178_4pc-set-car-door-reflector-decal-car-accessories-exterior-interior-reflector/"",""details"":[],""detailsSourceUrl"":""https://www.jacars.net/adv/2506178_4pc-set-car-door-reflector-decal-car-accessories-exterior-interior-reflector/"",""detailsVerifiedAt"":""2026-10-10T20:45:31.479532+00:00"",""condition"":""good"",""color"":""Blue/White/Green/Red/Orange"",""sourceSpecifications"":[],""listingIdentity"":{""version"":""2026-10-07.1"",""sourceUrl"":""https://www.jacars.net/adv/2506178_4pc-set-car-door-reflector-decal-car-accessories-exterior-interior-reflector/"",""title"":""4pc - SET Car Door Reflector Decal Car Accessories Exterior Interior Reflector"",""images"":[""https://cdn2.jacars.net/media/cache/3b/bf/3bbf1641b3ed89411268f577311652bd.webp"",""https://cdn2.jacars.net/media/cache/00/9c/009ce131b85d75e559db46f48365bac8.webp"",""https://cdn2.jacars.net/media/cache/ba/8a/ba8a4b3ba749762f83035f33377b58fd.webp"",""https://cdn2.jacars.net/media/cache/89/b3/89b3d65c0652700bb66a6584642d7fce.webp""],""phones"":[""18768651374""],""sellerId"":"""",""city"":""Saint Catherine"",""checkedAt"":""2026-10-10T21:01:33.387Z""}}",active,2026-10-10T20:30:43Z,200,Matching listing has an available source offer,2026-10-10T20:30:43Z,https://www.jacars.net/adv/2506178_4pc-set-car-door-reflector-decal-car-accessories-exterior-interior-reflector/,0,,visible,,,
jacars-2506301,published,vehicles,vehicles,auto_parts,Dent Puller Pull Bodywork Panel Remover Sucker Tool Car Repair Sucker ToolSuctio,"JA$ 2,500",2500,JMD,Saint Catherine,Jamaica,JACars Car Accessories,18768651374,"Solvent with small teeth 2 inches to pull the damage caused by the hail and the door of the car. Designed to pull teeth from almost any vehicle surface, including metal and plastic. Can be used on glass, mirror or any smooth sheet material. The rugged rubber suction pad allows for smooth, scratch-free operation. Quick release handle, easy to use.

SPECIFICATIONS:

Type: car repair puller Material: plastic, rubber..

Quantity: 1 pc Item

Color: Black Size of the article: 5.8 * 5 * 6 cm

Package included: 1 x car suction cup repair puller..

🤳Call OR #WhatsApp 18768651374

🛍FREE🛍DELIVERY🛍 In
📍""WATERFORD""
📍(Block 5 & Block 4)
& 🛍FREE🛍DELIVERY🛍 At
📍""PORTMORE MALL"" For ORDERS
🇯🇲jmd$2,500 & MORE‼️
▪
NOW ACCEPTING
👇💸👇💰👇💵👇
▪
💳Bank🏧Transfers💳
▪
💰CASH ON DELIVERY💰
▪
🧾Lay💸Away💰Plans🧾",https://cdn2.jacars.net/media/cache/4a/e4/4ae4b7e093803fa81a64729c3d957dc2.webp|https://cdn2.jacars.net/media/cache/dd/5a/dd5ac094309be7d4c42eda451278ea65.webp|https://cdn2.jacars.net/media/cache/f6/6b/f66b120452fd31f0920cef349a4fff9f.webp|https://cdn2.jacars.net/media/cache/24/f2/24f217e8e436cf13c63b45a568acb162.webp,JACars Car Accessories,https://www.jacars.net/adv/2506301_dent-puller-pull-bodywork-panel-remover-sucker-tool-car-repair-sucker-toolsuctio/,2026-04-28T21:46:20.541Z,,,,,good,,Black Size of the article: 5.8 * 5 * 6 cm,,"{""sourceDate"":""1 week ago"",""sourcePostedAt"":""2026-04-28T21:46:20.541Z"",""parser"":""jacars"",""sourceCategory"":""JACars Car Accessories"",""appSubcategory"":""auto_parts"",""imageQuality"":""source_detail_high_resolution"",""imageRefreshSource"":""jacars_gallery_full_api"",""imageRefreshAttemptedAt"":""2026-08-31T15:42:55.415Z"",""imageIntegrityVersion"":""2026-10-07.1"",""imageVerifiedAt"":""2026-10-10T21:01:33.387Z"",""imageSourceUrl"":""https://www.jacars.net/adv/2506301_dent-puller-pull-bodywork-panel-remover-sucker-tool-car-repair-sucker-toolsuctio/"",""details"":[],""detailsSourceUrl"":""https://www.jacars.net/adv/2506301_dent-puller-pull-bodywork-panel-remover-sucker-tool-car-repair-sucker-toolsuctio/"",""detailsVerifiedAt"":""2026-10-10T20:45:31.479532+00:00"",""condition"":""good"",""color"":""Black Size of the article: 5.8 * 5 * 6 cm"",""sourceSpecifications"":[],""listingIdentity"":{""version"":""2026-10-07.1"",""sourceUrl"":""https://www.jacars.net/adv/2506301_dent-puller-pull-bodywork-panel-remover-sucker-tool-car-repair-sucker-toolsuctio/"",""title"":""Dent Puller Pull Bodywork Panel Remover Sucker Tool Car Repair Sucker ToolSuctio"",""images"":[""https://cdn2.jacars.net/media/cache/4a/e4/4ae4b7e093803fa81a64729c3d957dc2.webp"",""https://cdn2.jacars.net/media/cache/dd/5a/dd5ac094309be7d4c42eda451278ea65.webp"",""https://cdn2.jacars.net/media/cache/f6/6b/f66b120452fd31f0920cef349a4fff9f.webp"",""https://cdn2.jacars.net/media/cache/24/f2/24f217e8e436cf13c63b45a568acb162.webp""],""phones"":[""18768651374""],""sellerId"":"""",""city"":""Saint Catherine"",""checkedAt"":""2026-10-10T21:01:33.387Z""}}",active,2026-10-10T20:30:43Z,200,Matching listing has an available source offer,2026-10-10T20:30:43Z,https://www.jacars.net/adv/2506301_dent-puller-pull-bodywork-panel-remover-sucker-tool-car-repair-sucker-toolsuctio/,0,,visible,,,
jacars-2506239,published,vehicles,vehicles,auto_parts,Car Emergency Starter forthwith USB Port & Lithium Battery Booster Applicable to,"JA$ 10,000",10000,JMD,Saint Catherine,Jamaica,JACars Car Accessories,18768651374,"Multi-function Charging: This product is designed to charge or power other devices that use tool batteries.

Simply insert the tool battery into the adapter, then connect the red clip to the positive (+) of the vehicle battery and the black clip to the negative (-) of the vehicle battery..

Product Details:

Name: ForMakita Converter Charger Electric Wrench Grinder Electric Hammer Car Emergency Starter

Note This Product: ForMakita, No Battery Included

Style: Standard, Dual USB

Color: Black and Red

Delivery without Battery:

Battery Not Included: This product is shipped without battery, which means you need to provide your own compatible tool battery to use with the adapter.

Product Included: 1 * Car Emergency Starter

🤳Call OR #WhatsApp 18768651374

🛍FREE🛍DELIVERY🛍 In
📍""WATERFORD""
📍(Block 5 & Block 4)
& 🛍FREE🛍DELIVERY🛍 At
📍""PORTMORE MALL"" For ORDERS
🇯🇲jmd$2,500 & MORE‼️
▪
NOW ACCEPTING
👇💸👇💰👇💵👇
▪
💳Bank🏧Transfers💳
▪
💰CASH ON DELIVERY💰
▪
🧾Lay💸Away💰Plans🧾",https://cdn2.jacars.net/media/cache/1a/70/1a702489c5adeb3f20b38d49dabe9a39.webp|https://cdn2.jacars.net/media/cache/5b/d7/5bd7836896ec220df654d80a2d410a59.webp|https://cdn2.jacars.net/media/cache/a3/af/a3af22d05890c537307faf9e9ff49267.webp|https://cdn2.jacars.net/media/cache/dd/c1/ddc1c5047f2d266d33d437be0f24bdca.webp,JACars Car Accessories,https://www.jacars.net/adv/2506239_car-emergency-starter-forthwith-usb-port-lithium-battery-booster-applicable-to/,2026-04-28T21:46:20.541Z,,,,,good,,Black and Red,,"{""sourceDate"":""1 week ago"",""sourcePostedAt"":""2026-04-28T21:46:20.541Z"",""parser"":""jacars"",""sourceCategory"":""JACars Car Accessories"",""appSubcategory"":""auto_parts"",""imageQuality"":""source_detail_high_resolution"",""imageRefreshSource"":""jacars_gallery_full_api"",""imageRefreshAttemptedAt"":""2026-08-31T15:42:55.415Z"",""imageIntegrityVersion"":""2026-10-07.1"",""imageVerifiedAt"":""2026-10-10T21:01:33.387Z"",""imageSourceUrl"":""https://www.jacars.net/adv/2506239_car-emergency-starter-forthwith-usb-port-lithium-battery-booster-applicable-to/"",""details"":[],""detailsSourceUrl"":""https://www.jacars.net/adv/2506239_car-emergency-starter-forthwith-usb-port-lithium-battery-booster-applicable-to/"",""detailsVerifiedAt"":""2026-10-10T20:45:31.479532+00:00"",""condition"":""good"",""color"":""Black and Red"",""sourceSpecifications"":[],""listingIdentity"":{""version"":""2026-10-07.1"",""sourceUrl"":""https://www.jacars.net/adv/2506239_car-emergency-starter-forthwith-usb-port-lithium-battery-booster-applicable-to/"",""title"":""Car Emergency Starter forthwith USB Port & Lithium Battery Booster Applicable to"",""images"":[""https://cdn2.jacars.net/media/cache/1a/70/1a702489c5adeb3f20b38d49dabe9a39.webp"",""https://cdn2.jacars.net/media/cache/5b/d7/5bd7836896ec220df654d80a2d410a59.webp"",""https://cdn2.jacars.net/media/cache/a3/af/a3af22d05890c537307faf9e9ff49267.webp"",""https://cdn2.jacars.net/media/cache/dd/c1/ddc1c5047f2d266d33d437be0f24bdca.webp""],""phones"":[""18768651374""],""sellerId"":"""",""city"":""Saint Catherine"",""checkedAt"":""2026-10-10T21:01:33.387Z""}}",active,2026-10-10T20:30:43Z,200,Matching listing has an available source offer,2026-10-10T20:30:43Z,https://www.jacars.net/adv/2506239_car-emergency-starter-forthwith-usb-port-lithium-battery-booster-applicable-to/,0,,visible,,,
jacars-2506175,published,vehicles,vehicles,auto_parts,2pc 360⁰ Adjustable Blind Spot Mirror Car Auxiliary Rearview Convex Mirror,"JA$ 3,000",3000,JMD,Saint Catherine,Jamaica,JACars Car Accessories,18768651374,"The ""2pc"" 360⁰ Adjustable Blind Spot Mirror is a crucial addition to any vehicle, designed to significantly improve safety and visibility. These convex mirrors are crafted from high-quality glass, ensuring durability and clarity. The mirrors' dimensions are perfectly sized to fit a variety of vehicles, with a diameter of 50mm and an outer diameter of 58mm, making them unobtrusive yet effective. The mirrors come in three stylish colors—black, white, and silver—to match your vehicle's aesthetic.

**Versatile and User-Friendly**
These auxiliary rearview mirrors are not just about style; they are engineered for practicality. The 360-degree adjustability allows drivers to position the mirrors to their liking, ensuring a clear view of blind spots. The mirrors are designed to be rainproof and waterproof, making them suitable for all weather conditions. Installation is a breeze, with a secure fit that ensures the mirrors stay in place, even during high-speed driving or sharp turns.…",https://cdn2.jacars.net/media/cache/59/6b/596b6363328e2552033c5493bd9127b2.webp|https://cdn2.jacars.net/media/cache/5a/13/5a133a1e97d0c8e473e2e1b12028b9d3.webp|https://cdn2.jacars.net/media/cache/20/83/2083b6a70dc9e9eafe193c8f2d81808e.webp|https://cdn2.jacars.net/media/cache/da/6e/da6e60e194ae35def3b3307081ecfc1b.webp,JACars Car Accessories,https://www.jacars.net/adv/2506175_2pc-3600-adjustable-blind-spot-mirror-car-auxiliary-rearview-convex-mirror/,2026-04-28T21:46:20.541Z,,,,,good,,"black, white, silver",,"{""sourceDate"":""1 week ago"",""sourcePostedAt"":""2026-04-28T21:46:20.541Z"",""parser"":""jacars"",""sourceCategory"":""JACars Car Accessories"",""appSubcategory"":""auto_parts"",""imageQuality"":""source_detail_high_resolution"",""imageRefreshSource"":""jacars_gallery_full_api"",""imageRefreshAttemptedAt"":""2026-08-31T15:42:55.415Z"",""imageIntegrityVersion"":""2026-10-07.1"",""imageVerifiedAt"":""2026-10-10T21:01:33.387Z"",""imageSourceUrl"":""https://www.jacars.net/adv/2506175_2pc-3600-adjustable-blind-spot-mirror-car-auxiliary-rearview-convex-mirror/"",""details"":[],""detailsSourceUrl"":""https://www.jacars.net/adv/2506175_2pc-3600-adjustable-blind-spot-mirror-car-auxiliary-rearview-convex-mirror/"",""detailsVerifiedAt"":""2026-10-10T20:45:31.479532+00:00"",""condition"":""good"",""color"":""black, white, silver"",""sourceSpecifications"":[],""listingIdentity"":{""version"":""2026-10-07.1"",""sourceUrl"":""https://www.jacars.net/adv/2506175_2pc-3600-adjustable-blind-spot-mirror-car-auxiliary-rearview-convex-mirror/"",""title"":""2pc 360⁰ Adjustable Blind Spot Mirror Car Auxiliary Rearview Convex Mirror"",""images"":[""https://cdn2.jacars.net/media/cache/59/6b/596b6363328e2552033c5493bd9127b2.webp"",""https://cdn2.jacars.net/media/cache/5a/13/5a133a1e97d0c8e473e2e1b12028b9d3.webp"",""https://cdn2.jacars.net/media/cache/20/83/2083b6a70dc9e9eafe193c8f2d81808e.webp"",""https://cdn2.jacars.net/media/cache/da/6e/da6e60e194ae35def3b3307081ecfc1b.webp""],""phones"":[""18768651374""],""sellerId"":"""",""city"":""Saint Catherine"",""checkedAt"":""2026-10-10T21:01:33.387Z""}}",active,2026-10-10T20:30:43Z,200,Matching listing has an available source offer,2026-10-10T20:30:43Z,https://www.jacars.net/adv/2506175_2pc-3600-adjustable-blind-spot-mirror-car-auxiliary-rearview-convex-mirror/,0,,visible,,,
jacars-2506166,published,vehicles,vehicles,auto_parts,2pc Bird Eye Rear View Mirror Car Styling Auto Side Fender Exterior Accessories,"JA$ 2,000",2000,JMD,Saint Catherine,Jamaica,JACars Car Accessories,18768651374,"Easy cleaning and maintenance.
DIY your own personalized car.
Sticker can be applied anywhere on the body of the car.
This vinyl will stick to any smooth surface such as vehicles, boats, bicycles, windows, computers, walls, mailboxes..

How to paste:
Clean the surface of the car
Peel off the sticker layer from the carring layer
Paste the sticker layer on the car surface.
Leave it alone for hours

How to remove:
Use a hair dryer to heat the sticker,then the sticker is easy to fall off
Slowly tear stickers directly..

DESCRIPTION:

Item Type:Car Stickers
Application: Car Body
Design: Cat Eyes
Color: Show as Pictures
Material: PET
Quantity: 1 pair
Size: 12*7.5CM
Length:12cm
Width: 7.5cm
Package contents: 1 X Pair Eye Car Sticker

🤳Call OR #WhatsApp 18768651374

🛍FREE🛍DELIVERY🛍 In
📍""WATERFORD""
📍(Block 5 & Block 4)
& 🛍FREE🛍DELIVERY🛍 At
📍""PORTMORE MALL"" For ORDERS
🇯🇲jmd$2,500 & MORE‼️
▪
NOW ACCEPTING
👇💸👇💰👇💵👇
▪
💳Bank🏧Transfers💳
▪
💰CASH ON…",https://cdn2.jacars.net/media/cache/77/3a/773a327146824f01f6d1eac974d3ec5f.webp|https://cdn2.jacars.net/media/cache/06/06/0606f4d557f626763d6cb9293c637b50.webp|https://cdn2.jacars.net/media/cache/99/f7/99f766717826cf11eec351f1b4ffa677.webp|https://cdn2.jacars.net/media/cache/2b/e6/2be6723263e68651e4b89aa44bc773d5.webp,JACars Car Accessories,https://www.jacars.net/adv/2506166_2pc-bird-eye-rear-view-mirror-car-styling-auto-side-fender-exterior-accessories/,2026-04-28T21:46:20.541Z,,,,,good,,Show as Pictures,,"{""sourceDate"":""1 week ago"",""sourcePostedAt"":""2026-04-28T21:46:20.541Z"",""parser"":""jacars"",""sourceCategory"":""JACars Car Accessories"",""appSubcategory"":""auto_parts"",""imageQuality"":""source_detail_high_resolution"",""imageRefreshSource"":""jacars_gallery_full_api"",""imageRefreshAttemptedAt"":""2026-08-31T15:42:55.415Z"",""imageIntegrityVersion"":""2026-10-07.1"",""imageVerifiedAt"":""2026-10-10T21:01:33.387Z"",""imageSourceUrl"":""https://www.jacars.net/adv/2506166_2pc-bird-eye-rear-view-mirror-car-styling-auto-side-fender-exterior-accessories/"",""details"":[],""detailsSourceUrl"":""https://www.jacars.net/adv/2506166_2pc-bird-eye-rear-view-mirror-car-styling-auto-side-fender-exterior-accessories/"",""detailsVerifiedAt"":""2026-10-10T20:45:31.479532+00:00"",""condition"":""good"",""color"":""Show as Pictures"",""sourceSpecifications"":[],""listingIdentity"":{""version"":""2026-10-07.1"",""sourceUrl"":""https://www.jacars.net/adv/2506166_2pc-bird-eye-rear-view-mirror-car-styling-auto-side-fender-exterior-accessories/"",""title"":""2pc Bird Eye Rear View Mirror Car Styling Auto Side Fender Exterior Accessories"",""images"":[""https://cdn2.jacars.net/media/cache/77/3a/773a327146824f01f6d1eac974d3ec5f.webp"",""https://cdn2.jacars.net/media/cache/06/06/0606f4d557f626763d6cb9293c637b50.webp"",""https://cdn2.jacars.net/media/cache/99/f7/99f766717826cf11eec351f1b4ffa677.webp"",""https://cdn2.jacars.net/media/cache/2b/e6/2be6723263e68651e4b89aa44bc773d5.webp""],""phones"":[""18768651374""],""sellerId"":"""",""city"":""Saint Catherine"",""checkedAt"":""2026-10-10T21:01:33.387Z""}}",active,2026-10-10T20:30:43Z,200,Matching listing has an available source offer,2026-10-10T20:30:43Z,https://www.jacars.net/adv/2506166_2pc-bird-eye-rear-view-mirror-car-styling-auto-side-fender-exterior-accessories/,0,,visible,,,
jacars-2506165,published,vehicles,vehicles,auto_parts,2pc Car Rearview Mirror Protective Film Side Windows Sticker Anti Fog Glare Rain,"JA$ 2,000",2000,JMD,Saint Catherine,Jamaica,JACars Car Accessories,18768651374,"PET+Nano coating protective film with 99% transmittance, anti-fog, anti-glare, anti-mist, waterproof, rainproof, which effectively clearer your sight and better view in a rainy or foggy day. Just take a few minutes to install it to your Rearview Mirror directly, squirt a little water on the mirror, install the protective film to the mirror and adhere it, then flatten it with a small scraper, quick and easy. Size: Rearview mirror anti-fog film 80mm two pieces a size: 80mm*80mm Rearview mirror anti-fog film two pieces of one selling size: 150mm*100mm Rearview mirror anti-fog film a selling size: 165mm*140mm Rearview mirror anti-fog film large one selling size: 200mm*..

🤳Call OR #WhatsApp 18768651374

🛍FREE🛍DELIVERY🛍 In
📍""WATERFORD""
📍(Block 5 & Block 4)
& 🛍FREE🛍DELIVERY🛍 At
📍""PORTMORE MALL"" For ORDERS
🇯🇲jmd$2,500 & MORE‼️
▪
NOW ACCEPTING
👇💸👇💰👇💵👇
▪
💳Bank🏧Transfers💳
▪
💰CASH ON DELIVERY💰
▪
🧾Lay💸Away💰Plans🧾",https://cdn2.jacars.net/media/cache/19/cc/19ccc2d8066ee84010b71998bf5f1ae3.webp|https://cdn2.jacars.net/media/cache/7c/22/7c2258c9664953b350d36b3b00ddc9cd.webp|https://cdn2.jacars.net/media/cache/d2/4b/d24b4eee34b0813040473648866b53f8.webp|https://cdn2.jacars.net/media/cache/70/a5/70a58e01f8f00d6e7510ccdec890af5f.webp,JACars Car Accessories,https://www.jacars.net/adv/2506165_2pc-car-rearview-mirror-protective-film-side-windows-sticker-anti-fog-glare-rain/,2026-04-28T21:46:20.541Z,,,,,good,,,,"{""sourceDate"":""1 week ago"",""sourcePostedAt"":""2026-04-28T21:46:20.541Z"",""parser"":""jacars"",""sourceCategory"":""JACars Car Accessories"",""appSubcategory"":""auto_parts"",""imageQuality"":""source_detail_high_resolution"",""imageRefreshSource"":""jacars_gallery_full_api"",""imageRefreshAttemptedAt"":""2026-08-31T15:42:55.415Z"",""imageIntegrityVersion"":""2026-10-07.1"",""imageVerifiedAt"":""2026-10-10T21:01:33.387Z"",""imageSourceUrl"":""https://www.jacars.net/adv/2506165_2pc-car-rearview-mirror-protective-film-side-windows-sticker-anti-fog-glare-rain/"",""details"":[],""detailsSourceUrl"":""https://www.jacars.net/adv/2506165_2pc-car-rearview-mirror-protective-film-side-windows-sticker-anti-fog-glare-rain/"",""detailsVerifiedAt"":""2026-10-10T20:45:31.479532+00:00"",""condition"":""good"",""sourceSpecifications"":[],""listingIdentity"":{""version"":""2026-10-07.1"",""sourceUrl"":""https://www.jacars.net/adv/2506165_2pc-car-rearview-mirror-protective-film-side-windows-sticker-anti-fog-glare-rain/"",""title"":""2pc Car Rearview Mirror Protective Film Side Windows Sticker Anti Fog Glare Rain"",""images"":[""https://cdn2.jacars.net/media/cache/19/cc/19ccc2d8066ee84010b71998bf5f1ae3.webp"",""https://cdn2.jacars.net/media/cache/7c/22/7c2258c9664953b350d36b3b00ddc9cd.webp"",""https://cdn2.jacars.net/media/cache/d2/4b/d24b4eee34b0813040473648866b53f8.webp"",""https://cdn2.jacars.net/media/cache/70/a5/70a58e01f8f00d6e7510ccdec890af5f.webp""],""phones"":[""18768651374""],""sellerId"":"""",""city"":""Saint Catherine"",""checkedAt"":""2026-10-10T21:01:33.387Z""}}",active,2026-10-10T20:30:43Z,200,Matching listing has an available source offer,2026-10-10T20:30:43Z,https://www.jacars.net/adv/2506165_2pc-car-rearview-mirror-protective-film-side-windows-sticker-anti-fog-glare-rain/,0,,visible,,,
jacars-2506164,published,vehicles,vehicles,auto_parts,3D Metal TURBO Car Styling Boost Loading Boosting Emblem Badge Sticker Decal,"JA$ 2,000",2000,JMD,Saint Catherine,Jamaica,JACars Car Accessories,18768651374,"100% water proof

Name: Trubo Emblem

Material: Metal

Large Size:12*1.4cm

Small Size: 9.7*1.1cm

Features: Self-adhesive Sticker

Package Include: 1pc Turbo sticker

🤳Call OR #WhatsApp 18768651374

🛍FREE🛍DELIVERY🛍 In
📍""WATERFORD""
📍(Block 5 & Block 4)
& 🛍FREE🛍DELIVERY🛍 At
📍""PORTMORE MALL"" For ORDERS
🇯🇲jmd$2,500 & MORE‼️
▪
NOW ACCEPTING
👇💸👇💰👇💵👇
▪
💳Bank🏧Transfers💳
▪
💰CASH ON DELIVERY💰
▪
🧾Lay💸Away💰Plans🧾",https://cdn2.jacars.net/media/cache/7c/4d/7c4df2fb6733136b2a97e1816f3ac6af.webp|https://cdn2.jacars.net/media/cache/89/bc/89bc1c0b6a73c321988443a0be2e36e6.webp|https://cdn2.jacars.net/media/cache/c4/c9/c4c9d14ddc0914756a1dcf89bfda8dd8.webp|https://cdn2.jacars.net/media/cache/e4/1a/e41a7db99e0dd839958242fec7a67330.webp,JACars Car Accessories,https://www.jacars.net/adv/2506164_3d-metal-turbo-car-styling-boost-loading-boosting-emblem-badge-sticker-decal/,2026-04-28T21:46:20.541Z,,,,,good,,,,"{""sourceDate"":""1 week ago"",""sourcePostedAt"":""2026-04-28T21:46:20.541Z"",""parser"":""jacars"",""sourceCategory"":""JACars Car Accessories"",""appSubcategory"":""auto_parts"",""imageQuality"":""source_detail_high_resolution"",""imageRefreshSource"":""jacars_gallery_full_api"",""imageRefreshAttemptedAt"":""2026-08-31T15:42:55.415Z"",""imageIntegrityVersion"":""2026-10-07.1"",""imageVerifiedAt"":""2026-10-10T21:01:33.387Z"",""imageSourceUrl"":""https://www.jacars.net/adv/2506164_3d-metal-turbo-car-styling-boost-loading-boosting-emblem-badge-sticker-decal/"",""details"":[],""detailsSourceUrl"":""https://www.jacars.net/adv/2506164_3d-metal-turbo-car-styling-boost-loading-boosting-emblem-badge-sticker-decal/"",""detailsVerifiedAt"":""2026-10-10T20:45:31.479532+00:00"",""condition"":""good"",""features"":""Self-adhesive Sticker"",""sourceSpecifications"":[],""listingIdentity"":{""version"":""2026-10-07.1"",""sourceUrl"":""https://www.jacars.net/adv/2506164_3d-metal-turbo-car-styling-boost-loading-boosting-emblem-badge-sticker-decal/"",""title"":""3D Metal TURBO Car Styling Boost Loading Boosting Emblem Badge Sticker Decal"",""images"":[""https://cdn2.jacars.net/media/cache/7c/4d/7c4df2fb6733136b2a97e1816f3ac6af.webp"",""https://cdn2.jacars.net/media/cache/89/bc/89bc1c0b6a73c321988443a0be2e36e6.webp"",""https://cdn2.jacars.net/media/cache/c4/c9/c4c9d14ddc0914756a1dcf89bfda8dd8.webp"",""https://cdn2.jacars.net/media/cache/e4/1a/e41a7db99e0dd839958242fec7a67330.webp""],""phones"":[""18768651374""],""sellerId"":"""",""city"":""Saint Catherine"",""checkedAt"":""2026-10-10T21:01:33.387Z""}}",active,2026-10-10T20:30:43Z,200,Matching listing has an available source offer,2026-10-10T20:30:43Z,https://www.jacars.net/adv/2506164_3d-metal-turbo-car-styling-boost-loading-boosting-emblem-badge-sticker-decal/,0,,visible,,,
jacars-2506144,published,vehicles,vehicles,auto_parts,20pc Glow-In-Dark Car/Motorcycle Tire Rim Hub Reflective Strips Stickers,"JA$ 2,000",2000,JMD,Saint Catherine,Jamaica,JACars Car Accessories,18768651374,"Type Of Sticker: Tires & Rim
Packaging: Yes Packaged
Design: Luminous/Color Change
Type: Glue Sticker
Sticker Placement: Tires & Rim
Item Length: 9cm
Item Width 0.7cm
Model Name:
Car Wheel Hub Reflective Sticker

🤳Call OR #WhatsApp 18768651374

🛍FREE🛍DELIVERY🛍 In
📍""WATERFORD""
📍(Block 5 & Block 4)
& 🛍FREE🛍DELIVERY🛍 At
📍""PORTMORE MALL"" For ORDERS
🇯🇲jmd$2,500 & MORE‼️
▪
NOW ACCEPTING
👇💸👇💰👇💵👇
▪
💳Bank🏧Transfers💳
▪
💰CASH ON DELIVERY💰
▪
🧾Lay💸Away💰Plans🧾",https://cdn2.jacars.net/media/cache/44/a9/44a9060a4f9547eac2dabf10594456cf.webp|https://cdn2.jacars.net/media/cache/e7/be/e7be7192b2e43bb79de59d1c66c6dbad.webp|https://cdn2.jacars.net/media/cache/6d/eb/6deb3ab31f0d88eda328864b974b4e18.webp|https://cdn2.jacars.net/media/cache/e4/e9/e4e987069ee3a62100338d1143027d24.webp,JACars Car Accessories,https://www.jacars.net/adv/2506144_20pc-glow-in-dark-car-motorcycle-tire-rim-hub-reflective-strips-stickers/,2026-04-28T21:46:20.540Z,,,,,good,,,,"{""sourceDate"":""1 week ago"",""sourcePostedAt"":""2026-04-28T21:46:20.540Z"",""parser"":""jacars"",""sourceCategory"":""JACars Car Accessories"",""appSubcategory"":""auto_parts"",""imageQuality"":""source_detail_high_resolution"",""imageRefreshSource"":""jacars_gallery_full_api"",""imageRefreshAttemptedAt"":""2026-08-31T15:42:55.415Z"",""imageIntegrityVersion"":""2026-10-07.1"",""imageVerifiedAt"":""2026-10-10T21:01:33.387Z"",""imageSourceUrl"":""https://www.jacars.net/adv/2506144_20pc-glow-in-dark-car-motorcycle-tire-rim-hub-reflective-strips-stickers/"",""details"":[],""detailsSourceUrl"":""https://www.jacars.net/adv/2506144_20pc-glow-in-dark-car-motorcycle-tire-rim-hub-reflective-strips-stickers/"",""detailsVerifiedAt"":""2026-10-10T20:45:31.479532+00:00"",""condition"":""good"",""sourceSpecifications"":[],""listingIdentity"":{""version"":""2026-10-07.1"",""sourceUrl"":""https://www.jacars.net/adv/2506144_20pc-glow-in-dark-car-motorcycle-tire-rim-hub-reflective-strips-stickers/"",""title"":""20pc Glow-In-Dark Car/Motorcycle Tire Rim Hub Reflective Strips Stickers"",""images"":[""https://cdn2.jacars.net/media/cache/44/a9/44a9060a4f9547eac2dabf10594456cf.webp"",""https://cdn2.jacars.net/media/cache/e7/be/e7be7192b2e43bb79de59d1c66c6dbad.webp"",""https://cdn2.jacars.net/media/cache/6d/eb/6deb3ab31f0d88eda328864b974b4e18.webp"",""https://cdn2.jacars.net/media/cache/e4/e9/e4e987069ee3a62100338d1143027d24.webp""],""phones"":[""18768651374""],""sellerId"":"""",""city"":""Saint Catherine"",""checkedAt"":""2026-10-10T21:01:33.387Z""}}",active,2026-10-10T20:30:43Z,200,Matching listing has an available source offer,2026-10-10T20:30:43Z,https://www.jacars.net/adv/2506144_20pc-glow-in-dark-car-motorcycle-tire-rim-hub-reflective-strips-stickers/,0,,visible,,,
jacars-2506142,published,vehicles,vehicles,auto_parts,20pc Car/Motorcycle Tire Rim Hub Reflective Strips Stickers,"JA$ 1,500",1500,JMD,Saint Catherine,Jamaica,JACars Car Accessories,18768651374,"Type Of Sticker: Tires & Rim
Packaging: Yes Packaged
Design: Color Change
Type: Glue Sticker
Sticker Placement: Tires & Rim
Item Length: 9cm
Item Width 0.7cm
Model Name:
Car Wheel Hub Reflective Sticker

🤳Call OR #WhatsApp 18768651374

🛍FREE🛍DELIVERY🛍 In
📍""WATERFORD""
📍(Block 5 & Block 4)
& 🛍FREE🛍DELIVERY🛍 At
📍""PORTMORE MALL"" For ORDERS
🇯🇲jmd$2,500 & MORE‼️
▪
NOW ACCEPTING
👇💸👇💰👇💵👇
▪
💳Bank🏧Transfers💳
▪
💰CASH ON DELIVERY💰
▪
🧾Lay💸Away💰Plans🧾",https://cdn2.jacars.net/media/cache/23/32/23324d4767ac092a41832b630a197aa4.webp|https://cdn2.jacars.net/media/cache/43/04/4304b631f2cc9c7f3725fda33e82fe80.webp|https://cdn2.jacars.net/media/cache/ab/df/abdf892bb36bfc1fc7855d18a281c959.webp|https://cdn2.jacars.net/media/cache/5e/9b/5e9b05f02a8b33680570bd1502f95211.webp,JACars Car Accessories,https://www.jacars.net/adv/2506142_20pc-car-motorcycle-tire-rim-hub-reflective-strips-stickers/,2026-04-28T21:46:20.540Z,,,,,good,,,,"{""sourceDate"":""1 week ago"",""sourcePostedAt"":""2026-04-28T21:46:20.540Z"",""parser"":""jacars"",""sourceCategory"":""JACars Car Accessories"",""appSubcategory"":""auto_parts"",""imageQuality"":""source_detail_high_resolution"",""imageRefreshSource"":""jacars_gallery_full_api"",""imageRefreshAttemptedAt"":""2026-08-31T15:42:55.415Z"",""imageIntegrityVersion"":""2026-10-07.1"",""imageVerifiedAt"":""2026-10-10T21:01:33.387Z"",""imageSourceUrl"":""https://www.jacars.net/adv/2506142_20pc-car-motorcycle-tire-rim-hub-reflective-strips-stickers/"",""details"":[],""detailsSourceUrl"":""https://www.jacars.net/adv/2506142_20pc-car-motorcycle-tire-rim-hub-reflective-strips-stickers/"",""detailsVerifiedAt"":""2026-10-10T20:45:31.479532+00:00"",""condition"":""good"",""sourceSpecifications"":[],""listingIdentity"":{""version"":""2026-10-07.1"",""sourceUrl"":""https://www.jacars.net/adv/2506142_20pc-car-motorcycle-tire-rim-hub-reflective-strips-stickers/"",""title"":""20pc Car/Motorcycle Tire Rim Hub Reflective Strips Stickers"",""images"":[""https://cdn2.jacars.net/media/cache/23/32/23324d4767ac092a41832b630a197aa4.webp"",""https://cdn2.jacars.net/media/cache/43/04/4304b631f2cc9c7f3725fda33e82fe80.webp"",""https://cdn2.jacars.net/media/cache/ab/df/abdf892bb36bfc1fc7855d18a281c959.webp"",""https://cdn2.jacars.net/media/cache/5e/9b/5e9b05f02a8b33680570bd1502f95211.webp""],""phones"":[""18768651374""],""sellerId"":"""",""city"":""Saint Catherine"",""checkedAt"":""2026-10-10T21:01:33.387Z""}}",active,2026-10-10T20:30:43Z,200,Matching listing has an available source offer,2026-10-10T20:30:43Z,https://www.jacars.net/adv/2506142_20pc-car-motorcycle-tire-rim-hub-reflective-strips-stickers/,0,,visible,,,
jacars-2506141,published,vehicles,vehicles,auto_parts,1pc 3D Cat Eyes Peeking Sticker Waterproof Peeking Monster Auto Accessories Wh,"JA$ 1,500",1500,JMD,Saint Catherine,Jamaica,JACars Car Accessories,18768651374,"New Creative Cool 3D Car Styling Funny Cat Eyes Peeking Sticker Waterproof Peeking Monster Auto Accessories Whole Body Cover

Description:

Features: Waterproof, funny car stickers, looks creative and cool
Usage: Applied to all cars, for front windshield, roof, window, rearview mirror, door, rear windshield, tail, the whole body.

Size: 17cm*6cm ( approximate )

Weight: 10g ( approximate )

Packing: 1 piece sticker

🤳Call OR #WhatsApp 18768651374

🛍FREE🛍DELIVERY🛍 In
📍""WATERFORD""
📍(Block 5 & Block 4)
& 🛍FREE🛍DELIVERY🛍 At
📍""PORTMORE MALL"" For ORDERS
🇯🇲jmd$2,500 & MORE‼️
▪
NOW ACCEPTING
👇💸👇💰👇💵👇
▪
💳Bank🏧Transfers💳
▪
💰CASH ON DELIVERY💰
▪
🧾Lay💸Away💰Plans🧾",https://cdn2.jacars.net/media/cache/aa/53/aa53282ee6f67affbd6b5643bc48a564.webp|https://cdn2.jacars.net/media/cache/7b/f2/7bf27baf1f6d091b5e8c8156fcd1313b.webp|https://cdn2.jacars.net/media/cache/a2/97/a297bd9de697318c2b6633df40f673bb.webp|https://cdn2.jacars.net/media/cache/de/40/de4030290dce7a01929b56e3fd444d3c.webp,JACars Car Accessories,https://www.jacars.net/adv/2506141_1pc-3d-cat-eyes-peeking-sticker-waterproof-peeking-monster-auto-accessories-wh/,2026-04-28T21:46:20.540Z,,,,,good,,,,"{""sourceDate"":""1 week ago"",""sourcePostedAt"":""2026-04-28T21:46:20.540Z"",""parser"":""jacars"",""sourceCategory"":""JACars Car Accessories"",""appSubcategory"":""auto_parts"",""imageQuality"":""source_detail_high_resolution"",""imageRefreshSource"":""jacars_gallery_full_api"",""imageRefreshAttemptedAt"":""2026-08-31T15:42:55.415Z"",""imageIntegrityVersion"":""2026-10-07.1"",""imageVerifiedAt"":""2026-10-10T21:01:33.387Z"",""imageSourceUrl"":""https://www.jacars.net/adv/2506141_1pc-3d-cat-eyes-peeking-sticker-waterproof-peeking-monster-auto-accessories-wh/"",""details"":[],""detailsSourceUrl"":""https://www.jacars.net/adv/2506141_1pc-3d-cat-eyes-peeking-sticker-waterproof-peeking-monster-auto-accessories-wh/"",""detailsVerifiedAt"":""2026-10-10T20:45:31.479532+00:00"",""condition"":""good"",""features"":""Waterproof, funny car stickers, looks creative and cool"",""sourceSpecifications"":[],""listingIdentity"":{""version"":""2026-10-07.1"",""sourceUrl"":""https://www.jacars.net/adv/2506141_1pc-3d-cat-eyes-peeking-sticker-waterproof-peeking-monster-auto-accessories-wh/"",""title"":""1pc 3D Cat Eyes Peeking Sticker Waterproof Peeking Monster Auto Accessories Wh"",""images"":[""https://cdn2.jacars.net/media/cache/aa/53/aa53282ee6f67affbd6b5643bc48a564.webp"",""https://cdn2.jacars.net/media/cache/7b/f2/7bf27baf1f6d091b5e8c8156fcd1313b.webp"",""https://cdn2.jacars.net/media/cache/a2/97/a297bd9de697318c2b6633df40f673bb.webp"",""https://cdn2.jacars.net/media/cache/de/40/de4030290dce7a01929b56e3fd444d3c.webp""],""phones"":[""18768651374""],""sellerId"":"""",""city"":""Saint Catherine"",""checkedAt"":""2026-10-10T21:01:33.387Z""}}",active,2026-10-10T20:30:43Z,200,Matching listing has an available source offer,2026-10-10T20:30:43Z,https://www.jacars.net/adv/2506141_1pc-3d-cat-eyes-peeking-sticker-waterproof-peeking-monster-auto-accessories-wh/,0,,visible,,,
jacars-2495108,published,marketplace,other,tools_equipment,4400 WATTS GENERATORS INVERTERS,"JA$ 105,000 JA$ 115,000",105000115000,JMD,Saint James,Jamaica,JACars Other Business,18768670874,"4400 WATTS GENERATOR GAS INVERTER $95,000
876 867 0874 WHATS APP ISLAND WIDE DELIVERY AVAILABLE",https://cdn2.jacars.net/media/cache/84/bd/84bdf47fcb0bbc75f3d0915882cf6eda.webp|https://cdn2.jacars.net/media/cache/43/5e/435ef6d714ff9afe864c5de05f333955.webp|https://cdn2.jacars.net/media/cache/39/4a/394a53cd6a5c48945b8664873c8726f7.webp|https://cdn2.jacars.net/media/cache/b2/f1/b2f1858af850a4d544fd4364192272f9.webp,JACars Other Business,https://www.jacars.net/adv/2495108_12000-4400-generators-inverters/,2026-04-21T21:48:00.748Z,,Other,,,good,,,,"{""sourceDate"":""2 weeks ago"",""sourcePostedAt"":""2026-04-21T21:48:00.748Z"",""parser"":""jacars"",""sourceCategory"":""JACars Other Business"",""appSubcategory"":""business"",""imageQuality"":""source_detail_high_resolution"",""imageRefreshSource"":""jacars_gallery_full_api"",""imageRefreshAttemptedAt"":""2026-08-31T15:42:55.415Z"",""imageIntegrityVersion"":""2026-10-07.1"",""imageVerifiedAt"":""2026-10-10T21:01:33.387Z"",""imageSourceUrl"":""https://www.jacars.net/adv/2495108_12000-4400-generators-inverters/"",""brand"":""Commercial, industrial equipment"",""model"":""Other"",""details"":[],""detailsSourceUrl"":""https://www.jacars.net/adv/2495108_12000-4400-generators-inverters/"",""detailsVerifiedAt"":""2026-10-10T20:45:31.479532+00:00"",""condition"":""good"",""sourceSpecifications"":[],""listingIdentity"":{""version"":""2026-10-07.1"",""sourceUrl"":""https://www.jacars.net/adv/2495108_12000-4400-generators-inverters/"",""title"":""4400 WATTS GENERATORS INVERTERS"",""images"":[""https://cdn2.jacars.net/media/cache/84/bd/84bdf47fcb0bbc75f3d0915882cf6eda.webp"",""https://cdn2.jacars.net/media/cache/43/5e/435ef6d714ff9afe864c5de05f333955.webp"",""https://cdn2.jacars.net/media/cache/39/4a/394a53cd6a5c48945b8664873c8726f7.webp"",""https://cdn2.jacars.net/media/cache/b2/f1/b2f1858af850a4d544fd4364192272f9.webp""],""phones"":[""18768670874""],""sellerId"":"""",""city"":""Saint James"",""checkedAt"":""2026-10-10T21:01:33.387Z""}}",active,2026-10-10T20:30:43Z,200,Matching listing has an available source offer,2026-10-10T20:30:43Z,https://www.jacars.net/adv/2495108_12000-4400-generators-inverters/,0,,visible,,,
jacars-2509389,rejected,marketplace,other,pet_supplies,Wholesale chickens mandeville,JA$ 330,330,JMD,Manchester,Jamaica,JACars Other Animals Pets,18763034769,Wholesale chickens mandeville - JA$ 330 - Manchester - 2 weeks ago,https://cdn2.jacars.net/media/cache/84/77/8477ea61be99b1ac986e165a4986c958.webp,JACars Other Animals Pets,https://www.jacars.net/adv/2509389_wholesale-chickens-mandeville/,2026-04-21T21:47:52.758Z,,,,,good,,,,"{""sourceDate"":""2 weeks ago"",""sourcePostedAt"":""2026-04-21T21:47:52.758Z"",""parser"":""jacars"",""sourceCategory"":""JACars Other Animals Pets"",""appSubcategory"":""pets""}",gone,2026-10-10T20:30:43Z,404,Exact source URL returned HTTP 404,,https://www.jacars.net/adv/2509389_wholesale-chickens-mandeville/,20,2026-10-10T20:30:43Z,source_unavailable,Source advert API returned HTTP 404 and its detail site blocked verification; held until the listing can be verified again.,,
jacars-2509285,rejected,marketplace,electronics,computers_tablets,Asus Laptop with front Camera,"JA$ 120,000",120000,JMD,Kingston,Jamaica,JACars Other Computers Peripherals,18768634643,"Asus Laptop with front Camera - JA$ 120,000 - Kingston - 2 weeks ago",https://cdn2.jacars.net/media/cache/dd/24/dd2457a51fbf644ae58e87aa555b8ff6.webp,JACars Other Computers Peripherals,https://www.jacars.net/adv/2509285_asus-laptop-with-front-camera/,2026-04-21T21:47:36.659Z,,,,,good,,,,"{""sourceDate"":""2 weeks ago"",""sourcePostedAt"":""2026-04-21T21:47:36.659Z"",""parser"":""jacars"",""sourceCategory"":""JACars Other Computers Peripherals"",""appSubcategory"":""computers_tablets""}",gone,2026-10-10T20:30:43Z,404,Exact source URL returned HTTP 404,,https://www.jacars.net/adv/2509285_asus-laptop-with-front-camera/,20,2026-10-10T20:30:43Z,source_unavailable,Source advert API returned HTTP 404 and its detail site blocked verification; held until the listing can be verified again.,,
jacars-2509551,rejected,marketplace,clothing,kids,Orginal kids crocs,"JA$ 6,000",6000,JMD,Kingston,Jamaica,JACars Other Kids Stuff,2184679711,"Orginal kids crocs - JA$ 6,000 - Kingston - 2 weeks ago",https://cdn2.jacars.net/media/cache/38/fa/38fa50e8cb9c7d432ad50b7e9f1adbd9.webp,JACars Other Kids Stuff,https://www.jacars.net/adv/2509551_orginal-kids-crocs/,2026-04-21T21:47:28.473Z,,,,,good,,,,"{""sourceDate"":""2 weeks ago"",""sourcePostedAt"":""2026-04-21T21:47:28.473Z"",""parser"":""jacars"",""sourceCategory"":""JACars Other Kids Stuff"",""appSubcategory"":""kids""}",gone,2026-10-10T20:30:43Z,404,Exact source URL returned HTTP 404,,https://www.jacars.net/adv/2509551_orginal-kids-crocs/,20,2026-10-10T20:30:43Z,source_unavailable,Source advert API returned HTTP 404 and its detail site blocked verification; held until the listing can be verified again.,,
jacars-2509513,published,marketplace,real_estate,for_sale,Containers,"JA$ 2,600,000",2600000,JMD,Westmoreland,Jamaica,JACars Other Real Estate,18765368796,"Containers - JA$ 2,600,000 - Westmoreland - 2 weeks ago",https://cdn2.jacars.net/media/cache/07/b7/07b7ccfc4af826da35524422498a93b6.webp|https://cdn2.jacars.net/media/cache/2c/b1/2cb1507e7d10e6eac593b3a3d46ebb60.webp|https://cdn2.jacars.net/media/cache/93/fc/93fc753e5f1f81cbae127b21f4348bb9.webp|https://cdn2.jacars.net/media/cache/e5/e7/e5e729cf1a28f0385587db65eeebbfc9.webp,JACars Other Real Estate,https://www.jacars.net/adv/2509513_sales/,2026-04-21T21:47:19.087Z,,,,,good,,,,"{""sourceDate"":""2 weeks ago"",""sourcePostedAt"":""2026-04-21T21:47:19.087Z"",""parser"":""jacars"",""sourceCategory"":""JACars Other Real Estate"",""appSubcategory"":""for_sale"",""imageQuality"":""source_detail_high_resolution"",""imageRefreshSource"":""jacars_gallery_full_api"",""imageRefreshAttemptedAt"":""2026-08-31T15:42:55.415Z"",""imageIntegrityVersion"":""2026-09-16.1"",""imageVerifiedAt"":""2026-09-16T13:38:36.578Z"",""imageSourceUrl"":""https://www.jacars.net/adv/2509513_sales/"",""categoryReview"":{""sourceUrl"":""https://www.jacars.net/adv/2509513_sales/"",""title"":""Containers"",""category"":""real_estate"",""subcategory"":""for_sale"",""checkedAt"":""2026-09-16T13:38:36.578Z""}}",active,2026-10-10T20:30:43Z,200,Matching listing has an available source offer,2026-10-10T20:30:43Z,https://www.jacars.net/adv/2509513_sales/,0,,visible,,,reviewed_listing
jacars-2509363,rejected,marketplace,real_estate,for_sale,"House in Portmore, St.Catherine","JA$ 150,000",150000,JMD,Saint Catherine,Jamaica,JACars Other Real Estate,2184679711,"House in Portmore, St.Catherine - JA$ 150,000 - Saint Catherine - 2 weeks ago",https://cdn2.jacars.net/media/cache/06/9b/069bc20690f3526841f2c44735dd34af.webp,JACars Other Real Estate,https://www.jacars.net/adv/2509363_house-in-portmore-st-catherine/,2026-04-21T21:47:19.087Z,,,,,good,,,,"{""sourceDate"":""2 weeks ago"",""sourcePostedAt"":""2026-04-21T21:47:19.087Z"",""parser"":""jacars"",""sourceCategory"":""JACars Other Real Estate"",""appSubcategory"":""for_sale""}",gone,2026-10-10T20:30:43Z,404,Exact source URL returned HTTP 404,,https://www.jacars.net/adv/2509363_house-in-portmore-st-catherine/,20,2026-10-10T20:30:43Z,source_unavailable,Source advert API returned HTTP 404 and its detail site blocked verification; held until the listing can be verified again.,,
jacars-2501318,published,marketplace,services,skilled_trades,Backhoe Loader and Heavyduty Hammer Services,Call for price,0,JMD,Saint Elizabeth,Jamaica,JACars Other Services,18767003359,Backhoe Loader and Heavyduty Hammer Services - Call for price - Saint Elizabeth - 2 weeks ago,https://cdn2.jacars.net/media/cache/d3/a7/d3a79c1c8bd28fc34f9bbe6764cf39df.webp|https://cdn2.jacars.net/media/cache/2c/85/2c8523a252d040e85fca1e3951fcd0d7.webp|https://cdn2.jacars.net/media/cache/04/8d/048daa08a796cca88a0a9f20ce7545c2.webp|https://cdn2.jacars.net/media/cache/30/3f/303f084e93a6619dd7c7f920a7e93129.webp,JACars Other Services,https://www.jacars.net/adv/2501318_backhoe-and-heavyduty-hammer-services/,2026-04-21T21:47:10.873Z,,,,,good,,,,"{""sourceDate"":""2 weeks ago"",""sourcePostedAt"":""2026-04-21T21:47:10.873Z"",""parser"":""jacars"",""sourceCategory"":""JACars Other Services"",""appSubcategory"":""other"",""imageQuality"":""source_detail_high_resolution"",""imageRefreshSource"":""jacars_gallery_full_api"",""imageRefreshAttemptedAt"":""2026-08-31T15:42:55.415Z"",""imageIntegrityVersion"":""2026-09-06.1"",""imageVerifiedAt"":""2026-09-07T00:05:03.876Z"",""imageSourceUrl"":""https://www.jacars.net/adv/2501318_backhoe-and-heavyduty-hammer-services/""}",unknown,2026-10-10T20:30:43Z,200,Source loaded but the listing identity was not confirmed,,https://www.jacars.net/adv/2501318_backhoe-and-heavyduty-hammer-services/,,,visible,,,
jacars-2509092,rejected,vehicles,vehicles,auto_parts,Cross Rail Roof Rack 52 inches.,"JA$ 12,000",12000,JMD,Saint Ann,Jamaica,JACars Luggage Racks Tow Bars,2184679711,"Cross Rail Roof Rack 52 inches. - JA$ 12,000 - Saint Ann - 2 weeks ago",https://cdn2.jacars.net/media/cache/bb/47/bb47870bc57a3376efa52b2f10512c30.webp|https://cdn2.jacars.net/media/cache/86/cc/86cc3fb9172633f3fa909d0c9778dd95.webp|https://cdn2.jacars.net/media/cache/06/e0/06e0abffe6e98cb6e6e138926ebc7efd.webp|https://cdn2.jacars.net/media/cache/98/32/9832df580096a3a895d7c7f265fff265.webp,JACars Luggage Racks Tow Bars,https://www.jacars.net/adv/2509092_cross-rail-roof-rack-52-inches/,2026-04-21T21:46:52.541Z,,,,,good,,,,"{""sourceDate"":""2 weeks ago"",""sourcePostedAt"":""2026-04-21T21:46:52.541Z"",""parser"":""jacars"",""sourceCategory"":""JACars Luggage Racks Tow Bars"",""appSubcategory"":""auto_parts""}",gone,2026-10-10T20:30:43Z,404,Exact source URL returned HTTP 404,,https://www.jacars.net/adv/2509092_cross-rail-roof-rack-52-inches/,20,2026-10-10T20:30:43Z,source_unavailable,Source advert API returned HTTP 404 and its detail site blocked verification; held until the listing can be verified again.,,
jacars-2509798,published,vehicles,vehicles,auto_parts,Jump starter for all vehicles Nissan/toyota/honda/bmw/benz,"JA$ 25,000",25000,JMD,Saint James,Jamaica,JACars Tools,18763765053,"Jump starter for all vehicles Nissan/toyota/honda/bmw/benz - JA$ 25,000 - Saint James - 2 weeks ago",https://cdn2.jacars.net/media/cache/cd/1f/cd1f8d63cb9d60c88a00fe5ee581a1c9.webp|https://cdn2.jacars.net/media/cache/3a/8e/3a8eb8bf7db2c2c80236c77672a13a4b.webp|https://cdn2.jacars.net/media/cache/ad/4f/ad4f4aedc0956061f1586484cc720485.webp|https://cdn2.jacars.net/media/cache/ad/62/ad6249c550aabc537be09f71af8d17b1.webp,JACars Tools,https://www.jacars.net/adv/2509798_jump-starter-for-all-vehicles-nissan-toyota-honda-bmw-benz/,2026-04-21T21:46:47.861Z,,,,,good,,,,"{""sourceDate"":""2 weeks ago"",""sourcePostedAt"":""2026-04-21T21:46:47.861Z"",""parser"":""jacars"",""sourceCategory"":""JACars Tools"",""appSubcategory"":""auto_parts"",""imageQuality"":""source_detail_high_resolution"",""imageRefreshSource"":""jacars_gallery_full_api"",""imageRefreshAttemptedAt"":""2026-08-31T15:42:55.415Z"",""imageIntegrityVersion"":""2026-09-06.1"",""imageVerifiedAt"":""2026-09-07T00:05:03.876Z"",""imageSourceUrl"":""https://www.jacars.net/adv/2509798_jump-starter-for-all-vehicles-nissan-toyota-honda-bmw-benz/""}",unknown,2026-10-10T20:30:43Z,200,Source loaded but the listing identity was not confirmed,,https://www.jacars.net/adv/2509798_jump-starter-for-all-vehicles-nissan-toyota-honda-bmw-benz/,,,visible,,,
jacars-2406604,rejected,vehicles,vehicles,auto_parts,John deere 4045 / 6068 ecu,JA$ 100,100,JMD,Clarendon,Jamaica,JACars Other Car Parts,18765082076,John deere 4045 / 6068 ecu - JA$ 100 - Clarendon - 2 weeks ago,https://cdn2.jacars.net/media/cache/2e/fa/2efa26ccb9f89aec4cb0a427d5721193.webp|https://cdn2.jacars.net/media/cache/69/1b/691b3e24be7d27a686cb73f0e599544c.webp|https://cdn2.jacars.net/media/cache/3d/e4/3de43fb421d37adff9d800d223716361.webp|https://cdn2.jacars.net/media/cache/a7/d9/a7d9aa41c8dae5b855991c7842fac075.webp,JACars Other Car Parts,https://www.jacars.net/adv/2406604_john-deere-4045-6068-ecu/,2026-04-21T21:46:43.826Z,,,,,good,,,,"{""sourceDate"":""2 weeks ago"",""sourcePostedAt"":""2026-04-21T21:46:43.826Z"",""parser"":""jacars"",""sourceCategory"":""JACars Other Car Parts"",""appSubcategory"":""auto_parts""}",gone,2026-10-10T20:30:43Z,404,Exact source URL returned HTTP 404,,https://www.jacars.net/adv/2406604_john-deere-4045-6068-ecu/,20,2026-10-10T20:30:43Z,source_unavailable,Source advert API returned HTTP 404 and its detail site blocked verification; held until the listing can be verified again.,,
jacars-2509681,rejected,vehicles,vehicles,auto_parts,2024 Honda Vezel Head Light,"JA$ 250,000",250000,JMD,Kingston,Jamaica,JACars Other Car Parts,2184679711,"2024 Honda Vezel Head Light - JA$ 250,000 - Kingston - 2 weeks ago",https://cdn2.jacars.net/media/cache/94/e8/94e8e5e2ea5eb4fbf7f2d4a666315426.webp|https://cdn2.jacars.net/media/cache/15/a0/15a00a8089b1c302423bfb50619c7783.webp|https://cdn2.jacars.net/media/cache/9d/9e/9d9ecc3fd40ff65bec058dc846c8fe6c.webp,JACars Other Car Parts,https://www.jacars.net/adv/2509681_2024-honda-vezel-head-light/,2026-04-21T21:46:43.824Z,,,,2024,good,,,,"{""sourceDate"":""2 weeks ago"",""sourcePostedAt"":""2026-04-21T21:46:43.824Z"",""parser"":""jacars"",""sourceCategory"":""JACars Other Car Parts"",""appSubcategory"":""auto_parts""}",gone,2026-10-10T20:30:43Z,404,Exact source URL returned HTTP 404,,https://www.jacars.net/adv/2509681_2024-honda-vezel-head-light/,20,2026-10-10T20:30:43Z,source_unavailable,Source advert API returned HTTP 404 and its detail site blocked verification; held until the listing can be verified again.,,
jacars-2509743,rejected,vehicles,vehicles,auto_parts,Bluetooth Cassette car player - works with smartphone etc,"JA$ 5,000",5000,JMD,Saint Catherine,Jamaica,JACars Audio Visual Electronics,18764730680,"Bluetooth Cassette car player - works with smartphone etc - JA$ 5,000 - Saint Catherine - 2 weeks ago",https://cdn2.jacars.net/media/cache/7c/73/7c730998e98e90df44bb9bcd946920f9.webp,JACars Audio Visual Electronics,https://www.jacars.net/adv/2509743_bluetooth-cassette-car-player-works-with-smartphone-etc/,2026-04-21T21:46:35.915Z,,,,,good,,,,"{""sourceDate"":""2 weeks ago"",""sourcePostedAt"":""2026-04-21T21:46:35.915Z"",""parser"":""jacars"",""sourceCategory"":""JACars Audio Visual Electronics"",""appSubcategory"":""auto_parts""}",gone,2026-10-10T20:30:43Z,404,Exact source URL returned HTTP 404,,https://www.jacars.net/adv/2509743_bluetooth-cassette-car-player-works-with-smartphone-etc/,20,2026-10-10T20:30:43Z,source_unavailable,Source advert API returned HTTP 404 and its detail site blocked verification; held until the listing can be verified again.,,
jacars-2509122,rejected,vehicles,vehicles,auto_parts,LED ROPE LIGHT,"JA$ 7,000",7000,JMD,Saint Catherine,Jamaica,JACars Audio Visual Electronics,18768673574,"LED ROPE LIGHT - JA$ 7,000 - Saint Catherine - 2 weeks ago",https://cdn2.jacars.net/media/cache/3a/d3/3ad3c508a2eb5f081e09649937db9ad1.webp|https://cdn2.jacars.net/media/cache/77/08/7708c33aa34907e009c9c635df56f306.webp|https://cdn2.jacars.net/media/cache/fe/89/fe89354710358af77d89450ac0cda5fe.webp,JACars Audio Visual Electronics,https://www.jacars.net/adv/2509122_led-rope-light/,2026-04-21T21:46:35.915Z,,,,,good,,,,"{""sourceDate"":""2 weeks ago"",""sourcePostedAt"":""2026-04-21T21:46:35.915Z"",""parser"":""jacars"",""sourceCategory"":""JACars Audio Visual Electronics"",""appSubcategory"":""auto_parts""}",gone,2026-10-10T20:30:43Z,404,Exact source URL returned HTTP 404,,https://www.jacars.net/adv/2509122_led-rope-light/,20,2026-10-10T20:30:43Z,source_unavailable,Source advert API returned HTTP 404 and its detail site blocked verification; held until the listing can be verified again.,,
jacars-2504397,rejected,marketplace,other,tools_equipment,JA SOLAR 605W Bi-Facial SOLAR PANELS,"JA$ 25,000",25000,JMD,Saint Ann,Jamaica,JACars Other Business,18767775488,"JA SOLAR 605W Bi-Facial SOLAR PANELS - JA$ 25,000 - Saint Ann - 3 weeks ago",https://cdn2.jacars.net/media/cache/93/0a/930a826dbb29a8f64fa00ecc125c6d95.webp,JACars Other Business,https://www.jacars.net/adv/2504397_ja-solar-605w-bi-facial-solar-panels/,2026-04-14T21:48:00.748Z,,,,,good,,,,"{""sourceDate"":""3 weeks ago"",""sourcePostedAt"":""2026-04-14T21:48:00.748Z"",""parser"":""jacars"",""sourceCategory"":""JACars Other Business"",""appSubcategory"":""business""}",gone,2026-10-10T20:30:43Z,404,Exact source URL returned HTTP 404,,https://www.jacars.net/adv/2504397_ja-solar-605w-bi-facial-solar-panels/,18,2026-10-10T20:30:43Z,source_unavailable,Source advert API returned HTTP 404 and its detail site blocked verification; held until the listing can be verified again.,,
jacars-2504126,rejected,marketplace,other,tools_equipment,SRNE 10KW Solar Inverter,"JA$ 350,000",350000,JMD,Saint Ann,Jamaica,JACars Other Business,8633284180,"SRNE 10KW Solar Inverter - JA$ 350,000 - Saint Ann - 3 weeks ago",https://cdn2.jacars.net/media/cache/e3/2e/e32e756cb172bc7484af3496b697e4d1.webp,JACars Other Business,https://www.jacars.net/adv/2504126_srne-10kw-solar-inverter/,2026-04-14T21:48:00.748Z,,,,,good,,,,"{""sourceDate"":""3 weeks ago"",""sourcePostedAt"":""2026-04-14T21:48:00.748Z"",""parser"":""jacars"",""sourceCategory"":""JACars Other Business"",""appSubcategory"":""business""}",gone,2026-10-10T20:30:43Z,404,Exact source URL returned HTTP 404,,https://www.jacars.net/adv/2504126_srne-10kw-solar-inverter/,20,2026-10-10T20:30:43Z,source_unavailable,Source advert API returned HTTP 404 and its detail site blocked verification; held until the listing can be verified again.,,
jacars-2503921,rejected,marketplace,other,tools_equipment,16kWh Hithium Cells Lithium Battery,"JA$ 395,000",395000,JMD,Saint Ann,Jamaica,JACars Other Business,18767775488,"16kWh Hithium Cells Lithium Battery - JA$ 395,000 - Saint Ann - 3 weeks ago",https://cdn2.jacars.net/media/cache/ea/65/ea65f885e481730c0012e1145021a43e.webp,JACars Other Business,https://www.jacars.net/adv/2503921_16kw-taico-tkrb-t1600-lithium-battery/,2026-04-14T21:48:00.748Z,,,,,good,,,,"{""sourceDate"":""3 weeks ago"",""sourcePostedAt"":""2026-04-14T21:48:00.748Z"",""parser"":""jacars"",""sourceCategory"":""JACars Other Business"",""appSubcategory"":""business""}",gone,2026-10-10T20:30:43Z,404,Exact source URL returned HTTP 404,,https://www.jacars.net/adv/2503921_16kw-taico-tkrb-t1600-lithium-battery/,18,2026-10-10T20:30:43Z,source_unavailable,Source advert API returned HTTP 404 and its detail site blocked verification; held until the listing can be verified again.,,
jacars-2508830,rejected,marketplace,other,pet_supplies,8weeks old bully x bully mastiff pups,"JA$ 80,000",80000,JMD,Saint Catherine,Jamaica,JACars Other Animals Pets,18763547059,"8weeks old bully x bully mastiff pups - JA$ 80,000 - Saint Catherine - 3 weeks ago",https://cdn2.jacars.net/media/cache/6e/22/6e223a0e2ef8843106a91d6f4528b3ae.webp,JACars Other Animals Pets,https://www.jacars.net/adv/2508830_8weeks-old-bully-x-bully-mastiff-pups/,2026-04-14T21:47:52.758Z,,,,,good,,,,"{""sourceDate"":""3 weeks ago"",""sourcePostedAt"":""2026-04-14T21:47:52.758Z"",""parser"":""jacars"",""sourceCategory"":""JACars Other Animals Pets"",""appSubcategory"":""pets""}",gone,2026-10-10T20:30:43Z,404,Exact source URL returned HTTP 404,,https://www.jacars.net/adv/2508830_8weeks-old-bully-x-bully-mastiff-pups/,20,2026-10-10T20:30:43Z,source_unavailable,Source advert API returned HTTP 404 and its detail site blocked verification; held until the listing can be verified again.,,
jacars-2508810,rejected,vehicles,vehicles,auto_parts,Motor Vehicle Inverter,"JA$ 8,000",8000,JMD,Portland,Jamaica,JACars Other Computers Peripherals,18764844103,"Motor Vehicle Inverter - JA$ 8,000 - Portland - 3 weeks ago",https://cdn2.jacars.net/media/cache/a4/6b/a46b68c3c2917e53ddd1f7b82773f2c9.webp,JACars Other Computers Peripherals,https://www.jacars.net/adv/2508810_motor-vehicle-inverter/,2026-04-14T21:47:36.660Z,,,,,good,,,,"{""sourceDate"":""3 weeks ago"",""sourcePostedAt"":""2026-04-14T21:47:36.660Z"",""parser"":""jacars"",""sourceCategory"":""JACars Other Computers Peripherals"",""appSubcategory"":""computers_tablets""}",gone,2026-10-10T20:30:43Z,404,Exact source URL returned HTTP 404,,https://www.jacars.net/adv/2508810_motor-vehicle-inverter/,20,2026-10-10T20:30:43Z,source_unavailable,Source advert API returned HTTP 404 and its detail site blocked verification; held until the listing can be verified again.,,
jacars-2484156,published,marketplace,clothing,kids,Baby Boy Clothes,"JA$ 60,000",60000,JMD,Saint Elizabeth,Jamaica,JACars Other Kids Stuff,18764482570,"Baby Boy Clothes - JA$ 60,000 - Saint Elizabeth - 3 weeks ago",https://cdn2.jacars.net/media/cache/44/9c/449c39b06ed4ae3495ce3469931c24ed.webp|https://cdn2.jacars.net/media/cache/f2/f9/f2f987f08a244ba7b6f6f2a27e79c123.webp|https://cdn2.jacars.net/media/cache/4a/6d/4a6da1da856e59089d53518913b0fba3.webp|https://cdn2.jacars.net/media/cache/b9/8c/b98cb4bfd1188b42eb20a96d392a57db.webp,JACars Other Kids Stuff,https://www.jacars.net/adv/2484156_baby-boy-clothes/,2026-04-14T21:47:28.473Z,,,,,good,,,,"{""sourceDate"":""3 weeks ago"",""sourcePostedAt"":""2026-04-14T21:47:28.473Z"",""parser"":""jacars"",""sourceCategory"":""JACars Other Kids Stuff"",""appSubcategory"":""kids"",""imageQuality"":""source_detail_high_resolution"",""imageRefreshSource"":""jacars_gallery_full_api"",""imageRefreshAttemptedAt"":""2026-08-31T15:42:55.415Z"",""imageIntegrityVersion"":""2026-09-06.1"",""imageVerifiedAt"":""2026-09-07T00:05:03.876Z"",""imageSourceUrl"":""https://www.jacars.net/adv/2484156_baby-boy-clothes/""}",active,2026-10-10T20:30:43Z,200,Matching listing has an available source offer,2026-10-10T20:30:43Z,https://www.jacars.net/adv/2484156_baby-boy-clothes/,0,,visible,,,
jacars-2508515,rejected,marketplace,real_estate,for_sale,Luxurious Townhouse,"JA$ 48,000,000",48000000,JMD,Kingston,Jamaica,JACars Other Real Estate,18765481040,"Luxurious Townhouse - JA$ 48,000,000 - Kingston - 3 weeks ago",https://cdn2.jacars.net/media/cache/71/09/7109460a65e70effbc0c15326b4abf2c.webp,JACars Other Real Estate,https://www.jacars.net/adv/2508515_luxurious-townhouse/,2026-04-14T21:47:19.088Z,,,,,good,,,,"{""sourceDate"":""3 weeks ago"",""sourcePostedAt"":""2026-04-14T21:47:19.088Z"",""parser"":""jacars"",""sourceCategory"":""JACars Other Real Estate"",""appSubcategory"":""for_sale""}",gone,2026-10-10T20:30:43Z,404,Exact source URL returned HTTP 404,,https://www.jacars.net/adv/2508515_luxurious-townhouse/,20,2026-10-10T20:30:43Z,source_unavailable,Source advert API returned HTTP 404 and its detail site blocked verification; held until the listing can be verified again.,,
jacars-2508498,rejected,marketplace,real_estate,for_sale,Modern townhouse,"JA$ 65,756,890",65756890,JMD,Manchester,Jamaica,JACars Other Real Estate,18765481040,"Modern townhouse - JA$ 65,756,890 - Manchester - 3 weeks ago",https://cdn2.jacars.net/media/cache/ac/ba/acba5f95a89f73c1e70928114c0f8e66.webp,JACars Other Real Estate,https://www.jacars.net/adv/2508498_townhouse/,2026-04-14T21:47:19.088Z,,,,,good,,,,"{""sourceDate"":""3 weeks ago"",""sourcePostedAt"":""2026-04-14T21:47:19.088Z"",""parser"":""jacars"",""sourceCategory"":""JACars Other Real Estate"",""appSubcategory"":""for_sale""}",gone,2026-10-10T20:30:43Z,404,Exact source URL returned HTTP 404,,https://www.jacars.net/adv/2508498_townhouse/,20,2026-10-10T20:30:43Z,source_unavailable,Source advert API returned HTTP 404 and its detail site blocked verification; held until the listing can be verified again.,,
jacars-2504125,published,marketplace,real_estate,for_sale,Registered Title Half Acre Property,"JA$ 12,000,000",12000000,JMD,Saint Elizabeth,Jamaica,JACars Other Real Estate,18764482570,"Registered Title Half Acre Property - JA$ 12,000,000 - Saint Elizabeth - 3 weeks ago",https://cdn2.jacars.net/media/cache/a5/64/a564e003e5a77c6c7cb6a2c041d7f346.webp|https://cdn2.jacars.net/media/cache/46/30/4630d1aca24a660a7e6bcf81a3516535.webp|https://cdn2.jacars.net/media/cache/c9/ab/c9ab18380fed4e579c2898842b5e6b07.webp|https://cdn2.jacars.net/media/cache/6b/90/6b908f20af79b92cd5042bd84d1ee111.webp,JACars Other Real Estate,https://www.jacars.net/adv/2504125_registered-title-half-acre-property/,2026-04-14T21:47:19.088Z,,,,,good,,,,"{""sourceDate"":""3 weeks ago"",""sourcePostedAt"":""2026-04-14T21:47:19.088Z"",""parser"":""jacars"",""sourceCategory"":""JACars Other Real Estate"",""appSubcategory"":""for_sale"",""imageQuality"":""source_detail_high_resolution"",""imageRefreshSource"":""jacars_gallery_full_api"",""imageRefreshAttemptedAt"":""2026-08-31T15:42:55.415Z"",""imageIntegrityVersion"":""2026-09-06.1"",""imageVerifiedAt"":""2026-09-07T00:05:03.876Z"",""imageSourceUrl"":""https://www.jacars.net/adv/2504125_registered-title-half-acre-property/""}",active,2026-10-10T20:30:43Z,200,Matching listing has an available source offer,2026-10-10T20:30:43Z,https://www.jacars.net/adv/2504125_registered-title-half-acre-property/,0,,visible,,,
jacars-2498395,rejected,marketplace,real_estate,for_sale,Commercial Building,"JA$ 35,000,000",35000000,JMD,Manchester,Jamaica,Phil & T Motor Sales Ltd.,18763978211,"Commercial Building - JA$ 35,000,000 - Manchester - 3 weeks ago",https://cdn2.jacars.net/media/cache/76/89/76891ca5da28e9fe1752bd6a449f9c0d.webp|https://cdn2.jacars.net/media/cache/e2/39/e239c8df70ccd6926f7233ebccb31c17.webp|https://cdn2.jacars.net/media/cache/8b/a0/8ba078fc311a2969c94276d29e123714.webp|https://cdn2.jacars.net/media/cache/52/a8/52a8cfdce2a5b1657e7b290e999c2996.webp,JACars Other Real Estate,https://www.jacars.net/adv/2498395_commercial-building/,2026-04-14T21:47:19.088Z,,,,,good,,,,"{""sourceDate"":""3 weeks ago"",""sourcePostedAt"":""2026-04-14T21:47:19.088Z"",""parser"":""jacars"",""sourceCategory"":""JACars Other Real Estate"",""appSubcategory"":""for_sale""}",gone,2026-10-10T20:30:43Z,404,Exact source URL returned HTTP 404,,https://www.jacars.net/adv/2498395_commercial-building/,20,2026-10-10T20:30:43Z,source_unavailable,Source advert API returned HTTP 404 and its detail site blocked verification; held until the listing can be verified again.,,
jacars-2475545,rejected,marketplace,real_estate,for_sale,"Plots of land in Cardiff Hall, Comfort Hill with Skyline View","JA$ 4,000,000",4000000,JMD,Saint Ann,Jamaica,JACars Other Real Estate,18763063854,"Plots of land in Cardiff Hall, Comfort Hill with Skyline View - JA$ 4,000,000 - Saint Ann - 3 weeks ago",https://cdn2.jacars.net/media/cache/ff/10/ff10a83a2d69613e3bbd333ceb733b28.webp|https://cdn2.jacars.net/media/cache/1f/36/1f366cec4430d2102d39d4786ec1a620.webp|https://cdn2.jacars.net/media/cache/ed/b0/edb061f652d21794c9cb6a1e03e79c9f.webp|https://cdn2.jacars.net/media/cache/01/71/01718c85ccd4bd491504483f8e660ebe.webp|https://cdn2.jacars.net/media/cache/ef/15/ef15a79240691516715e5df25d6f2fa4.webp|https://cdn2.jacars.net/media/cache/21/d9/21d95334e565ff802a9ff624536bab26.webp|https://cdn2.jacars.net/media/cache/13/02/1302cc55005c325329574ed2407a49ac.webp,JACars Other Real Estate,https://www.jacars.net/adv/2475545_plots-of-land-in-cardiff-hall-comfort-hill-with-skyline-view/,2026-04-14T21:47:19.087Z,,,,,good,,,,"{""sourceDate"":""3 weeks ago"",""sourcePostedAt"":""2026-04-14T21:47:19.087Z"",""parser"":""jacars"",""sourceCategory"":""JACars Other Real Estate"",""appSubcategory"":""for_sale"",""imageQuality"":""source_detail_high_resolution"",""imageRefreshSource"":""jacars_gallery_full_api"",""imageRefreshAttemptedAt"":""2026-08-31T15:42:55.415Z""}",unknown,2026-10-10T20:30:43Z,200,Source loaded but the listing identity was not confirmed,,https://www.jacars.net/adv/2475545_plots-of-land-in-cardiff-hall-comfort-hill-with-skyline-view/,,,source_unavailable,Source advert API returned HTTP 404 and its detail site blocked verification; held until the listing can be verified again.,,
jacars-2469384,rejected,vehicles,vehicles,repairs,Alpine Car Radio Unlocking,Negotiable,0,JMD,Saint Catherine,Jamaica,JACars Other Services,18765462100,Alpine Car Radio Unlocking - Negotiable - Saint Catherine - 3 weeks ago,https://cdn2.jacars.net/media/cache/69/a2/69a29fef72f587c337bdc03f8481e861.webp|https://cdn2.jacars.net/media/cache/a3/0c/a30c30d3e660575f23fbf023b5a9d515.webp|https://cdn2.jacars.net/media/cache/9f/ec/9fec5852d5f83ba32dbfa333481756cd.webp,JACars Other Services,https://www.jacars.net/adv/2469384_alpine-car-radio-unlocking/,2026-04-14T21:47:10.874Z,,,,,good,,,,"{""sourceDate"":""3 weeks ago"",""sourcePostedAt"":""2026-04-14T21:47:10.874Z"",""parser"":""jacars"",""sourceCategory"":""JACars Other Services"",""appSubcategory"":""other"",""imageQuality"":""source_detail_high_resolution"",""imageRefreshSource"":""jacars_gallery_full_api"",""imageRefreshAttemptedAt"":""2026-08-31T15:42:55.415Z"",""imageIntegrityVersion"":""2026-09-16.1"",""imageVerifiedAt"":""2026-09-16T13:38:36.578Z"",""imageSourceUrl"":""https://www.jacars.net/adv/2469384_alpine-car-radio-unlocking/""}",active,2026-10-10T20:30:43Z,200,Matching listing has an available source offer,2026-10-10T20:30:43Z,https://www.jacars.net/adv/2469384_alpine-car-radio-unlocking/,0,,source_unavailable,Source advert API returned HTTP 404 and its detail site blocked verification; held until the listing can be verified again.,,
jacars-2469382,rejected,vehicles,vehicles,repairs,Toyota Car Radio Reprogramming,Negotiable,0,JMD,Saint Catherine,Jamaica,JACars Other Services,18765462100,Toyota Car Radio Reprogramming - Negotiable - Saint Catherine - 3 weeks ago,https://cdn2.jacars.net/media/cache/fc/0a/fc0ac45ee5e189585612e977945fd978.webp|https://cdn2.jacars.net/media/cache/36/e7/36e7d3eb5a8d0da97f6f7c9206ff3488.webp|https://cdn2.jacars.net/media/cache/6e/37/6e376e715d80b87ffa12f7bd69ac80af.webp,JACars Other Services,https://www.jacars.net/adv/2469382_toyota-car-radio-reprogramming/,2026-04-14T21:47:10.874Z,,,,,good,,,,"{""sourceDate"":""3 weeks ago"",""sourcePostedAt"":""2026-04-14T21:47:10.874Z"",""parser"":""jacars"",""sourceCategory"":""JACars Other Services"",""appSubcategory"":""other"",""imageQuality"":""source_detail_high_resolution"",""imageRefreshSource"":""jacars_gallery_full_api"",""imageRefreshAttemptedAt"":""2026-08-31T15:42:55.415Z"",""imageIntegrityVersion"":""2026-09-16.1"",""imageVerifiedAt"":""2026-09-16T13:38:36.578Z"",""imageSourceUrl"":""https://www.jacars.net/adv/2469382_toyota-car-radio-reprogramming/""}",active,2026-10-10T20:30:43Z,200,Matching listing has an available source offer,2026-10-10T20:30:43Z,https://www.jacars.net/adv/2469382_toyota-car-radio-reprogramming/,0,,source_unavailable,Source advert API returned HTTP 404 and its detail site blocked verification; held until the listing can be verified again.,,
jacars-2469383,rejected,vehicles,vehicles,repairs,Toyota Car Radio Programming,Call for price,0,JMD,Saint Catherine,Jamaica,JACars Other Services,18765462100,Toyota Car Radio Programming - Call for price - Saint Catherine - 3 weeks ago,https://cdn2.jacars.net/media/cache/12/ac/12acfeb028c11ad58c20ac62b5710f3e.webp|https://cdn2.jacars.net/media/cache/88/4b/884b91203366dd64fdcbfa14317c4717.webp|https://cdn2.jacars.net/media/cache/36/a8/36a8a9518e518fed41d9130c9d6f9c33.webp,JACars Other Services,https://www.jacars.net/adv/2469383_toyota-car-radio-programming/,2026-04-14T21:47:10.873Z,,,,,good,,,,"{""sourceDate"":""3 weeks ago"",""sourcePostedAt"":""2026-04-14T21:47:10.873Z"",""parser"":""jacars"",""sourceCategory"":""JACars Other Services"",""appSubcategory"":""other"",""imageQuality"":""source_detail_high_resolution"",""imageRefreshSource"":""jacars_gallery_full_api"",""imageRefreshAttemptedAt"":""2026-08-31T15:42:55.415Z"",""imageIntegrityVersion"":""2026-09-16.1"",""imageVerifiedAt"":""2026-09-16T13:38:36.578Z"",""imageSourceUrl"":""https://www.jacars.net/adv/2469383_toyota-car-radio-programming/""}",active,2026-10-10T20:30:43Z,200,Matching listing has an available source offer,2026-10-10T20:30:43Z,https://www.jacars.net/adv/2469383_toyota-car-radio-programming/,0,,source_unavailable,Source advert API returned HTTP 404 and its detail site blocked verification; held until the listing can be verified again.,,
jacars-2469381,rejected,vehicles,vehicles,repairs,Honda Car Radio Unlocking,Negotiable,0,JMD,Saint Catherine,Jamaica,JACars Other Services,2184679711,Honda Car Radio Unlocking and Programming,https://cdn2.jacars.net/media/cache/db/84/db84736f8d7d073da76d5f253c8a3b30.webp|https://cdn2.jacars.net/media/cache/33/50/335032daa787fc5994fe235d36b0c37f.webp|https://cdn2.jacars.net/media/cache/48/a8/48a800b12f0f328969cb6890ecf91c08.webp|https://cdn2.jacars.net/media/cache/02/c6/02c6baa4a2695b8c5f6ff2fe58b7cfa0.webp,JACars Other Services,https://www.jacars.net/adv/2469381_honda-car-radio-unlocking/,2026-04-14T21:47:10.873Z,,,,,good,,,,"{""sourceDate"":""3 weeks ago"",""sourcePostedAt"":""2026-04-14T21:47:10.873Z"",""parser"":""jacars"",""sourceCategory"":""JACars Other Services"",""appSubcategory"":""other"",""imageQuality"":""source_detail_high_resolution"",""imageRefreshSource"":""jacars_gallery_full_api"",""imageRefreshAttemptedAt"":""2026-08-31T15:42:55.415Z"",""imageIntegrityVersion"":""2026-10-07.1"",""imageVerifiedAt"":""2026-10-10T21:01:33.387Z"",""imageSourceUrl"":""https://www.jacars.net/adv/2469381_honda-car-radio-unlocking/"",""details"":[],""detailsSourceUrl"":""https://www.jacars.net/adv/2469381_honda-car-radio-unlocking/"",""detailsVerifiedAt"":""2026-10-10T20:45:31.479532+00:00"",""condition"":""good"",""sourceSpecifications"":[],""listingIdentity"":{""version"":""2026-10-07.1"",""sourceUrl"":""https://www.jacars.net/adv/2469381_honda-car-radio-unlocking/"",""title"":""Honda Car Radio Unlocking"",""images"":[""https://cdn2.jacars.net/media/cache/db/84/db84736f8d7d073da76d5f253c8a3b30.webp"",""https://cdn2.jacars.net/media/cache/33/50/335032daa787fc5994fe235d36b0c37f.webp"",""https://cdn2.jacars.net/media/cache/48/a8/48a800b12f0f328969cb6890ecf91c08.webp"",""https://cdn2.jacars.net/media/cache/02/c6/02c6baa4a2695b8c5f6ff2fe58b7cfa0.webp""],""phones"":[""2184679711""],""sellerId"":"""",""city"":""Saint Catherine"",""checkedAt"":""2026-10-10T21:01:33.387Z""}}",active,2026-10-10T20:30:43Z,200,Matching listing has an available source offer,2026-10-10T20:30:43Z,https://www.jacars.net/adv/2469381_honda-car-radio-unlocking/,0,,source_unavailable,Source advert API returned HTTP 404 and its detail site blocked verification; held until the listing can be verified again.,,
jacars-2480719,published,vehicles,vehicles,rentals,2020 Honda Shuttle Hybrid Rental - Patinum White Pearl,Call for price,0,JMD,Kingston,Jamaica,JACars Car Rentals,18768014380,2020 Honda Shuttle Hybrid Rental - Patinum White Pearl - Call for price - Kingston - 3 weeks ago,https://cdn2.jacars.net/media/cache/c5/a1/c5a12530c2ca04ce095a7e40e1254beb.webp|https://cdn2.jacars.net/media/cache/75/84/7584198fec245597541d2cf9efa9c988.webp|https://cdn2.jacars.net/media/cache/82/94/829445c28fc91c663462e06b80bdff02.webp|https://cdn2.jacars.net/media/cache/31/9c/319c240e3d8acc0b876bb20d04d620db.webp,JACars Car Rentals,https://www.jacars.net/adv/2480719_honda-shuttle-1-5l-2020/,2026-04-14T21:46:59.792Z,,,,2020,good,,,,"{""sourceDate"":""3 weeks ago"",""sourcePostedAt"":""2026-04-14T21:46:59.792Z"",""parser"":""jacars"",""sourceCategory"":""JACars Car Rentals"",""appSubcategory"":""rentals"",""imageQuality"":""source_detail_high_resolution"",""imageRefreshSource"":""jacars_gallery_full_api"",""imageRefreshAttemptedAt"":""2026-08-31T15:42:55.415Z"",""imageIntegrityVersion"":""2026-09-06.1"",""imageVerifiedAt"":""2026-09-07T00:05:03.876Z"",""imageSourceUrl"":""https://www.jacars.net/adv/2480719_honda-shuttle-1-5l-2020/""}",active,2026-10-10T20:30:43Z,200,Matching listing has an available source offer,2026-10-10T20:30:43Z,https://www.jacars.net/adv/2480719_honda-shuttle-1-5l-2020/,0,,visible,,,
jacars-2469380,rejected,vehicles,vehicles,repairs,Honda Car Radio Unlocking,Negotiable,0,JMD,Saint Catherine,Jamaica,JACars Auto Repair Shops,18765462100,Honda Car Radio Unlocking - Negotiable - Saint Catherine - 3 weeks ago,https://cdn2.jacars.net/media/cache/47/fe/47fe5cf107cbe03092d403e8674225be.webp|https://cdn2.jacars.net/media/cache/ec/1f/ec1f02f0bdbe667a0ef77decc28545e0.webp|https://cdn2.jacars.net/media/cache/46/73/467371ba2283bf78a0e3762cfd9a5113.webp,JACars Auto Repair Shops,https://www.jacars.net/adv/2469380_honda-car-radio-unlocking/,2026-04-14T21:46:54.530Z,,,,,good,,,,"{""sourceDate"":""3 weeks ago"",""sourcePostedAt"":""2026-04-14T21:46:54.530Z"",""parser"":""jacars"",""sourceCategory"":""JACars Auto Repair Shops"",""appSubcategory"":""repairs"",""imageQuality"":""source_detail_high_resolution"",""imageRefreshSource"":""jacars_gallery_full_api"",""imageRefreshAttemptedAt"":""2026-08-31T15:42:55.415Z"",""imageIntegrityVersion"":""2026-09-16.1"",""imageVerifiedAt"":""2026-09-16T13:38:36.578Z"",""imageSourceUrl"":""https://www.jacars.net/adv/2469380_honda-car-radio-unlocking/""}",active,2026-10-10T20:30:43Z,200,Matching listing has an available source offer,2026-10-10T20:30:43Z,https://www.jacars.net/adv/2469380_honda-car-radio-unlocking/,0,,source_unavailable,Source advert API returned HTTP 404 and its detail site blocked verification; held until the listing can be verified again.,,
jacars-2481429,published,vehicles,vehicles,auto_parts,GENUINE 2014-2017 TOYOTA VOXY HEADLIGHT,"JA$ 250,000 JA$ 499,999",250000499999,JMD,Manchester,Jamaica,JACars Audio Visual Electronics,18765865891,"GENUINE 2014-2017 TOYOTA VOXY HEADLIGHT - JA$ 250,000 JA$ 499,999 - Manchester - 3 weeks ago",https://cdn2.jacars.net/media/cache/04/a6/04a63a03674c6b9ef954270adb9b07e0.webp|https://cdn2.jacars.net/media/cache/d6/ea/d6eabda228dd8426b07030091b755387.webp|https://cdn2.jacars.net/media/cache/b4/78/b478d08d893cf09d1fac5393d60e9ae3.webp,JACars Audio Visual Electronics,https://www.jacars.net/adv/2481429_genuine-2014-2017-toyota-voxy-headlight/,2026-04-14T21:46:35.916Z,,,,2014,good,,,,"{""sourceDate"":""3 weeks ago"",""sourcePostedAt"":""2026-04-14T21:46:35.916Z"",""parser"":""jacars"",""sourceCategory"":""JACars Audio Visual Electronics"",""appSubcategory"":""auto_parts"",""imageQuality"":""source_detail_high_resolution"",""imageRefreshSource"":""jacars_gallery_full_api"",""imageRefreshAttemptedAt"":""2026-08-31T15:42:55.415Z"",""imageIntegrityVersion"":""2026-09-06.1"",""imageVerifiedAt"":""2026-09-07T00:05:03.876Z"",""imageSourceUrl"":""https://www.jacars.net/adv/2481429_genuine-2014-2017-toyota-voxy-headlight/""}",active,2026-10-10T20:30:43Z,200,Matching listing has an available source offer,2026-10-10T20:30:43Z,https://www.jacars.net/adv/2481429_genuine-2014-2017-toyota-voxy-headlight/,0,,visible,,,
jacars-2458962,published,vehicles,vehicles,auto_parts,2011-2014 Toyota Vitz Taillight,"JA$ 18,500",18500,JMD,Manchester,Jamaica,JACars Audio Visual Electronics,18765865891,"2011-2014 Toyota Vitz Taillight - JA$ 18,500 - Manchester - 3 weeks ago",https://cdn2.jacars.net/media/cache/e6/3f/e63fb9793ee01542111e72d03bd1e902.webp,JACars Audio Visual Electronics,https://www.jacars.net/adv/2458962_2011-2014-toyota-vitz-taillight/,2026-04-14T21:46:35.916Z,,,,2011,good,,,,"{""sourceDate"":""3 weeks ago"",""sourcePostedAt"":""2026-04-14T21:46:35.916Z"",""parser"":""jacars"",""sourceCategory"":""JACars Audio Visual Electronics"",""appSubcategory"":""auto_parts"",""imageQuality"":""source_detail_high_resolution"",""imageRefreshSource"":""jacars_gallery_full_api"",""imageRefreshAttemptedAt"":""2026-08-31T15:42:55.415Z"",""imageIntegrityVersion"":""2026-09-06.1"",""imageVerifiedAt"":""2026-09-07T00:05:03.876Z"",""imageSourceUrl"":""https://www.jacars.net/adv/2458962_2011-2014-toyota-vitz-taillight/""}",active,2026-10-10T20:30:43Z,200,Matching listing has an available source offer,2026-10-10T20:30:43Z,https://www.jacars.net/adv/2458962_2011-2014-toyota-vitz-taillight/,0,,visible,,,
jacars-2453762,published,vehicles,vehicles,auto_parts,2010 - 2017 Toyota Allion/Premio Fog Light with Chrome Grill Cover,"JA$ 19,750",19750,JMD,Manchester,Jamaica,JACars Audio Visual Electronics,18765865891,"2010 - 2017 Toyota Allion/Premio Fog Light with Chrome Grill Cover - JA$ 19,750 - Manchester - 3 weeks ago",https://cdn2.jacars.net/media/cache/23/17/23176dc2c66bfd977e53877c0bb4e421.webp,JACars Audio Visual Electronics,https://www.jacars.net/adv/2453762_2010-2017-toyota-allion-premio-fog-light-with-chrome-grill-cover/,2026-04-14T21:46:35.915Z,,,,2010,good,,,,"{""sourceDate"":""3 weeks ago"",""sourcePostedAt"":""2026-04-14T21:46:35.915Z"",""parser"":""jacars"",""sourceCategory"":""JACars Audio Visual Electronics"",""appSubcategory"":""auto_parts"",""imageQuality"":""source_detail_high_resolution"",""imageRefreshSource"":""jacars_gallery_full_api"",""imageRefreshAttemptedAt"":""2026-08-31T15:42:55.415Z"",""imageIntegrityVersion"":""2026-09-06.1"",""imageVerifiedAt"":""2026-09-07T00:05:03.876Z"",""imageSourceUrl"":""https://www.jacars.net/adv/2453762_2010-2017-toyota-allion-premio-fog-light-with-chrome-grill-cover/""}",active,2026-10-10T20:30:43Z,200,Matching listing has an available source offer,2026-10-10T20:30:43Z,https://www.jacars.net/adv/2453762_2010-2017-toyota-allion-premio-fog-light-with-chrome-grill-cover/,0,,visible,,,
jacars-2464679,rejected,marketplace,other,beauty_personal_care,Magnum Defense Pepper Spray,"JA$ 1,800",1800,JMD,Kingston,Jamaica,JACars Other Health Beauty,18764456085,"Magnum Defense Pepper Spray - JA$ 1,800 - Kingston - 4 weeks ago",https://cdn2.jacars.net/media/cache/6d/ec/6dec07161370c5fd6ebdf26d8d14852c.webp,JACars Other Health Beauty,https://www.jacars.net/adv/2464679_magnum-defense-pepper-spray/,2026-04-07T21:47:56.513Z,,,,,good,,,,"{""sourceDate"":""4 weeks ago"",""sourcePostedAt"":""2026-04-07T21:47:56.513Z"",""parser"":""jacars"",""sourceCategory"":""JACars Other Health Beauty"",""appSubcategory"":""health_beauty""}",gone,2026-10-10T20:30:43Z,404,Exact source URL returned HTTP 404,,https://www.jacars.net/adv/2464679_magnum-defense-pepper-spray/,20,2026-10-10T20:30:43Z,source_unavailable,Source advert API returned HTTP 404 and its detail site blocked verification; held until the listing can be verified again.,,
jacars-2507528,rejected,marketplace,electronics,computers_tablets,24 inch Acer Gaming Monitor,"JA$ 15,000",15000,JMD,Kingston,Jamaica,JACars Other Services,18763091336,"24 inch Acer Gaming Monitor - JA$ 15,000 - Kingston - 4 weeks ago",https://cdn2.jacars.net/media/cache/b9/ff/b9ffad3443415231ec6bcb52523f2be1.webp,JACars Other Services,https://www.jacars.net/adv/2507528_24-inch-acer-gaming-monitor/,2026-04-07T21:47:10.874Z,,,,,good,,,,"{""sourceDate"":""4 weeks ago"",""sourcePostedAt"":""2026-04-07T21:47:10.874Z"",""parser"":""jacars"",""sourceCategory"":""JACars Other Services"",""appSubcategory"":""other""}",gone,2026-10-10T20:30:43Z,404,Exact source URL returned HTTP 404,,https://www.jacars.net/adv/2507528_24-inch-acer-gaming-monitor/,20,2026-10-10T20:30:43Z,source_unavailable,Source advert API returned HTTP 404 and its detail site blocked verification; held until the listing can be verified again.,,
jacars-2456645,rejected,vehicles,vehicles,other,1kRez- The premiere resume service,"JA$ 1,000",1000,JMD,Saint Andrew,Jamaica,JACars Other Services,18764456085,"1kRez- The premiere resume service - JA$ 1,000 - Saint Andrew - 4 weeks ago",https://cdn2.jacars.net/media/cache/be/8a/be8a3dd146a39af16cd65c7fb164de62.webp,JACars Other Services,https://www.jacars.net/adv/2456645_1krez/,2026-04-07T21:47:10.874Z,,,,,good,,,,"{""sourceDate"":""4 weeks ago"",""sourcePostedAt"":""2026-04-07T21:47:10.874Z"",""parser"":""jacars"",""sourceCategory"":""JACars Other Services"",""appSubcategory"":""other""}",gone,2026-10-10T20:30:43Z,404,Exact source URL returned HTTP 404,,https://www.jacars.net/adv/2456645_1krez/,20,2026-10-10T20:30:43Z,source_unavailable,Source advert API returned HTTP 404 and its detail site blocked verification; held until the listing can be verified again.,,
jacars-2498943,rejected,vehicles,vehicles,rentals,FORDMAC AUTO RENTALS JA,"JA$ 8,000",8000,JMD,Saint Catherine,Jamaica,JACars Car Rentals,18764776617,"FORDMAC AUTO RENTALS JA - JA$ 8,000 - Saint Catherine - 4 weeks ago",https://cdn2.jacars.net/media/cache/4a/ff/4affd4879a2131538ec35652b941c3be.webp,JACars Car Rentals,https://www.jacars.net/adv/2498943_fordmac-auto-rentals-ja/,2026-04-07T21:46:59.792Z,,,,,good,,,,"{""sourceDate"":""4 weeks ago"",""sourcePostedAt"":""2026-04-07T21:46:59.792Z"",""parser"":""jacars"",""sourceCategory"":""JACars Car Rentals"",""appSubcategory"":""rentals""}",gone,2026-10-10T20:30:43Z,404,Exact source URL returned HTTP 404,,https://www.jacars.net/adv/2498943_fordmac-auto-rentals-ja/,20,2026-10-10T20:30:43Z,source_unavailable,Source advert API returned HTTP 404 and its detail site blocked verification; held until the listing can be verified again.,,
jacars-2479263,published,vehicles,vehicles,rentals,2020 Honda Shuttle Hybrid Rental - Lunar Silver Metallic,Call for price,0,JMD,Kingston,Jamaica,JACars Car Rentals,18768014380,2020 Honda Shuttle Hybrid Rental - Lunar Silver Metallic - Call for price - Kingston - 4 weeks ago,https://cdn2.jacars.net/media/cache/9b/94/9b94536d4e0e54083a98c126ad3b395b.webp|https://cdn2.jacars.net/media/cache/51/25/5125943a275c228e29c1e20393d1b9d9.webp|https://cdn2.jacars.net/media/cache/6a/1e/6a1e32f4ff1110887c772a82bcfcead5.webp|https://cdn2.jacars.net/media/cache/36/a0/36a0f0bcd88658ecaa582c58a16380df.webp,JACars Car Rentals,https://www.jacars.net/adv/2479263_honda-shuttle-1-5l-2020/,2026-04-07T21:46:59.792Z,,,,2020,good,,,,"{""sourceDate"":""4 weeks ago"",""sourcePostedAt"":""2026-04-07T21:46:59.792Z"",""parser"":""jacars"",""sourceCategory"":""JACars Car Rentals"",""appSubcategory"":""rentals"",""imageQuality"":""source_detail_high_resolution"",""imageRefreshSource"":""jacars_gallery_full_api"",""imageRefreshAttemptedAt"":""2026-08-31T15:42:55.415Z"",""imageIntegrityVersion"":""2026-09-06.1"",""imageVerifiedAt"":""2026-09-07T00:05:03.876Z"",""imageSourceUrl"":""https://www.jacars.net/adv/2479263_honda-shuttle-1-5l-2020/""}",active,2026-10-10T20:30:43Z,200,Matching listing has an available source offer,2026-10-10T20:30:43Z,https://www.jacars.net/adv/2479263_honda-shuttle-1-5l-2020/,0,,visible,,,
jacars-2503732,rejected,marketplace,other,tools_equipment,LAUNCH Professional Scan Tool OBD2 Scanner Diagnostic Code Reader Engine ABS SRS,JA$ 1,1,JMD,Saint Ann,Jamaica,JACars Tools,18763785579,LAUNCH Professional Scan Tool OBD2 Scanner Diagnostic Code Reader Engine ABS SRS - JA$ 1 - Saint Ann - 4 weeks ago,https://cdn2.jacars.net/media/cache/fa/16/fa16b23440a0f48c74a7bcbf01b9ffad.webp|https://cdn2.jacars.net/media/cache/39/9c/399c3d437b68eaa6fbe55beb0c923ce7.webp,JACars Tools,https://www.jacars.net/adv/2503732_launch-professional-scan-tool-obd2-scanner-diagnostic-code-reader-engine-abs-srs/,2026-04-07T21:46:47.861Z,,,,,good,,,,"{""sourceDate"":""4 weeks ago"",""sourcePostedAt"":""2026-04-07T21:46:47.861Z"",""parser"":""jacars"",""sourceCategory"":""JACars Tools"",""appSubcategory"":""auto_parts""}",gone,2026-10-10T20:30:43Z,404,Exact source URL returned HTTP 404,,https://www.jacars.net/adv/2503732_launch-professional-scan-tool-obd2-scanner-diagnostic-code-reader-engine-abs-srs/,20,2026-10-10T20:30:43Z,source_unavailable,Source advert API returned HTTP 404 and its detail site blocked verification; held until the listing can be verified again.,,
jacars-2426298,published,vehicles,vehicles,auto_parts,CHERRY BOMBS 3 & 2.5 INCH FOR EXHAUST,"JA$ 11,000",11000,JMD,Saint James,Jamaica,JACars Other Car Parts,18768670874,"2.5 INLETS $11,000
3 INCH INLETS $16,000
876 867 0874",https://cdn2.jacars.net/media/cache/cb/56/cb56b6d969290c4c768618759c3fa1b4.webp,JACars Other Car Parts,https://www.jacars.net/adv/2426298_cherry-bombs-3-2-5-inch-for-exhaust/,2026-04-07T21:46:43.829Z,,,,,good,,,,"{""sourceDate"":""4 weeks ago"",""sourcePostedAt"":""2026-04-07T21:46:43.829Z"",""parser"":""jacars"",""sourceCategory"":""JACars Other Car Parts"",""appSubcategory"":""auto_parts"",""imageQuality"":""source_detail_high_resolution"",""imageRefreshSource"":""jacars_gallery_full_api"",""imageRefreshAttemptedAt"":""2026-08-31T15:42:55.415Z"",""imageIntegrityVersion"":""2026-10-07.1"",""imageVerifiedAt"":""2026-10-10T21:01:33.387Z"",""imageSourceUrl"":""https://www.jacars.net/adv/2426298_cherry-bombs-3-2-5-inch-for-exhaust/"",""details"":[],""detailsSourceUrl"":""https://www.jacars.net/adv/2426298_cherry-bombs-3-2-5-inch-for-exhaust/"",""detailsVerifiedAt"":""2026-10-10T20:45:31.479532+00:00"",""condition"":""good"",""sourceSpecifications"":[],""listingIdentity"":{""version"":""2026-10-07.1"",""sourceUrl"":""https://www.jacars.net/adv/2426298_cherry-bombs-3-2-5-inch-for-exhaust/"",""title"":""CHERRY BOMBS 3 & 2.5 INCH FOR EXHAUST"",""images"":[""https://cdn2.jacars.net/media/cache/cb/56/cb56b6d969290c4c768618759c3fa1b4.webp""],""phones"":[""18768670874""],""sellerId"":"""",""city"":""Saint James"",""checkedAt"":""2026-10-10T21:01:33.387Z""}}",active,2026-10-10T20:30:43Z,200,Matching listing has an available source offer,2026-10-10T20:30:43Z,https://www.jacars.net/adv/2426298_cherry-bombs-3-2-5-inch-for-exhaust/,0,,visible,,,
jacars-2410949,published,vehicles,vehicles,auto_parts,K20A N1 Alumium RACING PULLEY,"JA$ 6,000",6000,JMD,Saint James,Jamaica,JACars Other Car Parts,18768670874,"VARIOUS ITEMS CALL WHATS APP CANT POST THEM ALL 876 867 0874
PULLEY RACING LIGHT WEIGHT K20A 15K
OIL PRESSURE 9500 TO 15000
BOOST FROM 5000 TO 14500
FILTERS VARIOUS REG AND BRANDS 2.5 TO 4.5 INLET CALL / WHATS APP FOR WHAT LOOKING",https://cdn2.jacars.net/media/cache/65/35/6535b7b6f955c08f35755d129a1ccbed.webp|https://cdn2.jacars.net/media/cache/61/34/6134fcd955234eae954ece97f4cca469.webp|https://cdn2.jacars.net/media/cache/e0/d4/e0d4606fb257dec822eb1ff3dbf2c6f3.webp|https://cdn2.jacars.net/media/cache/31/35/3135d28fba3ecfff57247d4e9c65473b.webp,JACars Other Car Parts,https://www.jacars.net/adv/2410949_racing-pulley/,2026-04-07T21:46:43.829Z,,,,,good,,,,"{""sourceDate"":""4 weeks ago"",""sourcePostedAt"":""2026-04-07T21:46:43.829Z"",""parser"":""jacars"",""sourceCategory"":""JACars Other Car Parts"",""appSubcategory"":""auto_parts"",""imageQuality"":""source_detail_high_resolution"",""imageRefreshSource"":""jacars_gallery_full_api"",""imageRefreshAttemptedAt"":""2026-08-31T15:42:55.415Z"",""imageIntegrityVersion"":""2026-10-07.1"",""imageVerifiedAt"":""2026-10-10T21:01:33.387Z"",""imageSourceUrl"":""https://www.jacars.net/adv/2410949_racing-pulley/"",""details"":[],""detailsSourceUrl"":""https://www.jacars.net/adv/2410949_racing-pulley/"",""detailsVerifiedAt"":""2026-10-10T20:45:31.479532+00:00"",""condition"":""good"",""sourceSpecifications"":[],""listingIdentity"":{""version"":""2026-10-07.1"",""sourceUrl"":""https://www.jacars.net/adv/2410949_racing-pulley/"",""title"":""K20A N1 Alumium RACING PULLEY"",""images"":[""https://cdn2.jacars.net/media/cache/65/35/6535b7b6f955c08f35755d129a1ccbed.webp"",""https://cdn2.jacars.net/media/cache/61/34/6134fcd955234eae954ece97f4cca469.webp"",""https://cdn2.jacars.net/media/cache/e0/d4/e0d4606fb257dec822eb1ff3dbf2c6f3.webp"",""https://cdn2.jacars.net/media/cache/31/35/3135d28fba3ecfff57247d4e9c65473b.webp""],""phones"":[""18768670874""],""sellerId"":"""",""city"":""Saint James"",""checkedAt"":""2026-10-10T21:01:33.387Z""}}",active,2026-10-10T20:30:43Z,200,Matching listing has an available source offer,2026-10-10T20:30:43Z,https://www.jacars.net/adv/2410949_racing-pulley/,0,,visible,,,
jacars-2410943,published,vehicles,vehicles,auto_parts,HONDA FRONT LIPS,"JA$ 19,000",19000,JMD,Saint James,Jamaica,JACars Other Car Parts,18768670874,"HONDA FRONT LIPS - JA$ 19,000 - Saint James - 4 weeks ago",https://cdn2.jacars.net/media/cache/f2/f3/f2f3529b123dd4babbcefe0ad33f4c2f.webp|https://cdn2.jacars.net/media/cache/a3/3e/a33ee8543f0c6f2d3a36c8741740d410.webp,JACars Other Car Parts,https://www.jacars.net/adv/2410943_front-lip/,2026-04-07T21:46:43.827Z,,,,,good,,,,"{""sourceDate"":""4 weeks ago"",""sourcePostedAt"":""2026-04-07T21:46:43.827Z"",""parser"":""jacars"",""sourceCategory"":""JACars Other Car Parts"",""appSubcategory"":""auto_parts"",""imageQuality"":""source_detail_high_resolution"",""imageRefreshSource"":""jacars_gallery_full_api"",""imageRefreshAttemptedAt"":""2026-08-31T15:42:55.415Z"",""imageIntegrityVersion"":""2026-09-06.1"",""imageVerifiedAt"":""2026-09-07T00:05:03.876Z"",""imageSourceUrl"":""https://www.jacars.net/adv/2410943_front-lip/""}",active,2026-10-10T20:30:43Z,200,Matching listing has an available source offer,2026-10-10T20:30:43Z,https://www.jacars.net/adv/2410943_front-lip/,0,,visible,,,
jacars-2507540,rejected,vehicles,vehicles,auto_parts,Passenger Door,"JA$ 25,000",25000,JMD,Kingston,Jamaica,JACars Crashed Cars for Spares,18765846141,"Passenger Door - JA$ 25,000 - Kingston - 4 weeks ago",https://cdn2.jacars.net/media/cache/b7/04/b70440608146c8ff36b9e3a43897383d.webp|https://cdn2.jacars.net/media/cache/64/b5/64b5975004af513adaa67c9c0b05f3cf.webp|https://cdn2.jacars.net/media/cache/21/83/2183e1438c8b2bcac3f94559a5cffb6e.webp|https://cdn2.jacars.net/media/cache/21/aa/21aa6e7e09714512241cbcc2f1f67346.webp,JACars Crashed Cars for Spares,https://www.jacars.net/adv/2507540_passenger-door/,2026-04-07T21:46:40.033Z,,,,,good,,,,"{""sourceDate"":""4 weeks ago"",""sourcePostedAt"":""2026-04-07T21:46:40.033Z"",""parser"":""jacars"",""sourceCategory"":""JACars Crashed Cars for Spares"",""appSubcategory"":""auto_parts""}",gone,2026-10-10T20:30:43Z,404,Exact source URL returned HTTP 404,,https://www.jacars.net/adv/2507540_passenger-door/,20,2026-10-10T20:30:43Z,source_unavailable,Source advert API returned HTTP 404 and its detail site blocked verification; held until the listing can be verified again.,,
jacars-2489966,rejected,vehicles,vehicles,auto_parts,9 &10 inch Android Radio 4gb ram 64gb storage,"JA$ 16,000",16000,JMD,Kingston,Jamaica,JACars Audio Visual Electronics,18762173713,"9 &10 inch Android Radio 4gb ram 64gb storage - JA$ 16,000 - Kingston - 4 weeks ago",https://cdn2.jacars.net/media/cache/6f/86/6f86db6c8be0cd305a4c7101ed3ccc8d.webp|https://cdn2.jacars.net/media/cache/de/2a/de2a80cf4c52cb4783a523fb2164ced4.webp,JACars Audio Visual Electronics,https://www.jacars.net/adv/2489966_9-inch-android-radio-4gb-ram-64gb-storage/,2026-04-07T21:46:35.916Z,,,,,good,,,,"{""sourceDate"":""4 weeks ago"",""sourcePostedAt"":""2026-04-07T21:46:35.916Z"",""parser"":""jacars"",""sourceCategory"":""JACars Audio Visual Electronics"",""appSubcategory"":""auto_parts""}",gone,2026-10-10T20:30:43Z,404,Exact source URL returned HTTP 404,,https://www.jacars.net/adv/2489966_9-inch-android-radio-4gb-ram-64gb-storage/,20,2026-10-10T20:30:43Z,source_unavailable,Source advert API returned HTTP 404 and its detail site blocked verification; held until the listing can be verified again.,,
jacars-2475008,rejected,vehicles,vehicles,auto_parts,"9 and 10 inch Android car stereos with 2gb memory and 64gb storage, apple carpl","JA$ 15,000",15000,JMD,Kingston,Jamaica,JACars Audio Visual Electronics,18762173713,"9 and 10 inch Android car stereos with 2gb memory and 64gb storage, apple carpl - JA$ 15,000 - Kingston - 4 weeks ago",https://cdn2.jacars.net/media/cache/8d/f0/8df07238d92b5da59428f70503c4bdd2.webp|https://cdn2.jacars.net/media/cache/05/b8/05b8f34ff75833e0d41738d93018d5f9.webp|https://cdn2.jacars.net/media/cache/10/d8/10d84f2115d2ced5a00e2bd499a6e5ef.webp|https://cdn2.jacars.net/media/cache/1e/41/1e4106c9517bd5eb2df1c458790734ca.webp,JACars Audio Visual Electronics,https://www.jacars.net/adv/2475008_9-and-10-inch-android-car-stereos-with-2gb-memory-and-64gb-storage-apple-carpl/,2026-04-07T21:46:35.916Z,,,,,good,,,,"{""sourceDate"":""4 weeks ago"",""sourcePostedAt"":""2026-04-07T21:46:35.916Z"",""parser"":""jacars"",""sourceCategory"":""JACars Audio Visual Electronics"",""appSubcategory"":""auto_parts""}",gone,2026-10-10T20:30:43Z,404,Exact source URL returned HTTP 404,,https://www.jacars.net/adv/2475008_9-and-10-inch-android-car-stereos-with-2gb-memory-and-64gb-storage-apple-carpl/,20,2026-10-10T20:30:43Z,source_unavailable,Source advert API returned HTTP 404 and its detail site blocked verification; held until the listing can be verified again.,,
jacars-2473601,rejected,vehicles,vehicles,auto_parts,10.1 Android Radio with reversa cam,"JA$ 15,000",15000,JMD,Kingston,Jamaica,JACars Audio Visual Electronics,18762173713,"10.1 Android Radio with reversa cam - JA$ 15,000 - Kingston - 4 weeks ago",https://cdn2.jacars.net/media/cache/2e/75/2e75d56cea6ec756d404f066c0a50d46.webp|https://cdn2.jacars.net/media/cache/94/47/9447d90d46f57e91ab54144eaa0bf3e5.webp|https://cdn2.jacars.net/media/cache/ed/a5/eda5fd3519ba6295c516be0a014f99ac.webp|https://cdn2.jacars.net/media/cache/98/5b/985bf6e8c9c51f1209d3c69e1595749a.webp,JACars Audio Visual Electronics,https://www.jacars.net/adv/2473601_10-1-android-radio-with-reversa-cam/,2026-04-07T21:46:35.916Z,,,,,good,,,,"{""sourceDate"":""4 weeks ago"",""sourcePostedAt"":""2026-04-07T21:46:35.916Z"",""parser"":""jacars"",""sourceCategory"":""JACars Audio Visual Electronics"",""appSubcategory"":""auto_parts""}",gone,2026-10-10T20:30:43Z,404,Exact source URL returned HTTP 404,,https://www.jacars.net/adv/2473601_10-1-android-radio-with-reversa-cam/,20,2026-10-10T20:30:43Z,source_unavailable,Source advert API returned HTTP 404 and its detail site blocked verification; held until the listing can be verified again.,,
jacars-2474847,published,vehicles,vehicles,auto_parts,Dash Cam,"JA$ 12,000",12000,JMD,Kingston,Jamaica,JACars Alarm Systems and Security,18762173713,"4 channel 360 degrees dash cam with wifi and 32gb sd - JA$ 12,000 - Kingston - 4 weeks ago",https://cdn2.jacars.net/media/cache/06/ae/06aed5c5b71efbb0b37ae33d7337de65.webp|https://cdn2.jacars.net/media/cache/c2/9c/c29c452d99c66f3091311f26834aafcd.webp,JACars Alarm Systems and Security,https://www.jacars.net/adv/2474847_4-channel-dash-cam/,2026-04-07T21:46:32.269Z,,,,,good,,,,"{""sourceDate"":""4 weeks ago"",""sourcePostedAt"":""2026-04-07T21:46:32.269Z"",""parser"":""jacars"",""sourceCategory"":""JACars Alarm Systems and Security"",""appSubcategory"":""auto_parts"",""imageQuality"":""source_detail_high_resolution"",""imageRefreshSource"":""jacars_gallery_full_api"",""imageRefreshAttemptedAt"":""2026-08-31T15:42:55.415Z"",""imageIntegrityVersion"":""2026-09-16.1"",""imageVerifiedAt"":""2026-09-16T13:38:36.578Z"",""imageSourceUrl"":""https://www.jacars.net/adv/2474847_4-channel-dash-cam/""}",active,2026-10-10T20:30:43Z,200,Matching listing has an available source offer,2026-10-10T20:30:43Z,https://www.jacars.net/adv/2474847_4-channel-dash-cam/,0,,visible,,,
jacars-2527833,published,vehicles,vehicles,vehicles,"Mitsubishi ASX 2,0L 2014","JA$ 1,200,000",1200000,JMD,Kingston,Jamaica,stacy,+18765256833,"2014 Mitsubishi ASX for sale. Female driven, strong and reliable with normal wear and tear consistent with the age of the vehicle. ✅ Automatic transmission ✅ AC working ✅ Power windows working ✅ Spacious interior and trunk ✅ Tinted windows ✅ Alloy wheels ✅ Vehicle runs and drives well ✅ Title stamped and ready for transfer",https://cdn2.jacars.net/media/cache/44/1f/441f7a6340e46d56a1d6311059c08a01.webp|https://cdn2.jacars.net/media/cache/a7/2f/a72f6463b250308c7dbff80545705bee.webp|https://cdn2.jacars.net/media/cache/2a/d2/2ad24aa70bb00e5ebf9776e54178236a.webp|https://cdn2.jacars.net/media/cache/c0/a5/c0a5f268b063eb110d428beca9f320f5.webp,JACars,https://www.jacars.net/adv/2527833_mitsubishi-asx-2-0l-2014/,2026-09-30T21:49:11Z,,,,2014,,Automatic,,140000,"{""parser"":""public_marketplace_refresh"",""contactSource"":""https://www.jacars.net/adv/2527833_mitsubishi-asx-2-0l-2014/"",""phoneVerifiedAt"":""2026-09-30T21:49:11Z"",""imageSourceUrl"":""https://www.jacars.net/adv/2527833_mitsubishi-asx-2-0l-2014/"",""imageVerifiedAt"":""2026-09-30T21:49:11Z"",""imageIntegrityVersion"":""2026-09-16.1""}",active,2026-10-10T20:30:43Z,200,Matching listing has an available source offer,2026-10-10T20:30:43Z,https://www.jacars.net/adv/2527833_mitsubishi-asx-2-0l-2014/,0,,visible,,,
jacars-2527826,published,vehicles,vehicles,vehicles,"Toyota Probox 1,5L 2021",Contact seller,,JMD,Kingston,Jamaica,Latoya,+18768490377,Newly imported 4 door powered Low mileage A must see Excellent condition.,https://cdn2.jacars.net/media/cache/f7/bd/f7bd57e3f6c60219034e93b0a63a993e.webp|https://cdn2.jacars.net/media/cache/ca/29/ca29afd547211bf685982de46caa152a.webp|https://cdn2.jacars.net/media/cache/fb/39/fb39e9ca860f3cb26d214679bfe7475d.webp|https://cdn2.jacars.net/media/cache/33/dd/33dd9a8fceb863d26ab0b5cdc2a51e6a.webp,JACars,https://www.jacars.net/adv/2527826_toyota-probox-1-5l-2021/,2026-09-30T21:49:11Z,,,,2021,,Automatic,,,"{""parser"":""public_marketplace_refresh"",""contactSource"":""https://www.jacars.net/adv/2527826_toyota-probox-1-5l-2021/"",""phoneVerifiedAt"":""2026-09-30T21:49:11Z"",""imageSourceUrl"":""https://www.jacars.net/adv/2527826_toyota-probox-1-5l-2021/"",""imageVerifiedAt"":""2026-09-30T21:49:11Z"",""imageIntegrityVersion"":""2026-09-16.1""}",active,2026-10-10T20:30:43Z,200,Matching listing has an available source offer,2026-10-10T20:30:43Z,https://www.jacars.net/adv/2527826_toyota-probox-1-5l-2021/,0,,visible,,,
jacars-2527824,published,vehicles,vehicles,vehicles,"Toyota Corolla Touring 1,8L 2021","JA$ 2,900,000",2900000,JMD,Kingston,Jamaica,Latoya,+18768490377,Newly imported Excellent condition,https://cdn2.jacars.net/media/cache/56/82/5682a4dd3e903db856215de621e3d3dc.webp|https://cdn2.jacars.net/media/cache/e3/ff/e3ffe48aa018e9f0711c75715b34eb08.webp|https://cdn2.jacars.net/media/cache/31/54/3154411527ba0b42d69fa311e835dda3.webp|https://cdn2.jacars.net/media/cache/07/90/079050e8ad7a65cc52d76a8d4c91e43a.webp,JACars,https://www.jacars.net/adv/2527824_toyota-corolla-touring-1-8l-2021/,2026-09-30T21:49:11Z,,,,2021,,Automatic,,,"{""parser"":""public_marketplace_refresh"",""contactSource"":""https://www.jacars.net/adv/2527824_toyota-corolla-touring-1-8l-2021/"",""phoneVerifiedAt"":""2026-09-30T21:49:11Z"",""imageSourceUrl"":""https://www.jacars.net/adv/2527824_toyota-corolla-touring-1-8l-2021/"",""imageVerifiedAt"":""2026-09-30T21:49:11Z"",""imageIntegrityVersion"":""2026-09-16.1""}",active,2026-10-10T20:30:43Z,200,Matching listing has an available source offer,2026-10-10T20:30:43Z,https://www.jacars.net/adv/2527824_toyota-corolla-touring-1-8l-2021/,0,,visible,,,
jacars-2527820,published,vehicles,vehicles,vehicles,"Subaru Levorg 2,0L 2015","JA$ 1,650,000",1650000,JMD,Saint Catherine,Jamaica,Bre-Hannah,+18765412514,"This 2015 Subaru Levorg is an exceptional find for anyone wanting a vehicle that delivers power, comfort, and practicality in one. Finished in an eye-catching red with a bold front design and stylish alloy wheels, it has a sharp, standout look that truly turns heads. ​The exquisite interior is remarkably clean and well maintained. It’s a very spacious and quiet cabin with supportive seats and plenty of legroom, making it ideal for everything from daily commuting to long family trips. For added convenience and comfort, it’s fully equipped with push-start ignition, steering wheel controls, a modern infotainment system, and a strong A/C that stays cold. ​It is a very reliable, well cared for wagon that drives great and is 100% ready for its next owner.",https://cdn2.jacars.net/media/cache/4e/18/4e18ce12ea045d13908c31ebe1b92a4c.webp|https://cdn2.jacars.net/media/cache/7d/c0/7dc0f3017618e0cc0ef49b3b5269f567.webp|https://cdn2.jacars.net/media/cache/23/13/2313343a01dccf10895d0eaadec636d0.webp|https://cdn2.jacars.net/media/cache/bc/b4/bcb46c95c18acbc3212e0459f54c8d21.webp,JACars,https://www.jacars.net/adv/2527820_subaru-levorg-2-0l-2015/,2026-09-30T21:49:11Z,,,,2015,,Automatic,,,"{""parser"":""public_marketplace_refresh"",""contactSource"":""https://www.jacars.net/adv/2527820_subaru-levorg-2-0l-2015/"",""phoneVerifiedAt"":""2026-09-30T21:49:11Z"",""imageSourceUrl"":""https://www.jacars.net/adv/2527820_subaru-levorg-2-0l-2015/"",""imageVerifiedAt"":""2026-09-30T21:49:11Z"",""imageIntegrityVersion"":""2026-09-16.1""}",active,2026-10-10T20:30:43Z,200,Matching listing has an available source offer,2026-10-10T20:30:43Z,https://www.jacars.net/adv/2527820_subaru-levorg-2-0l-2015/,0,,visible,,,
jacars-2527775,published,vehicles,vehicles,vehicles,"Nissan AD Wagon 1,5L 2017","JA$ 980,000",980000,JMD,Kingston,Jamaica,Shavon Barnes,+18764604827,Lady Driven Vehicle // Excellent Condition // Buy and Drive,https://cdn2.jacars.net/media/cache/d4/47/d44760685593ccc843f40f18915a993f.webp|https://cdn2.jacars.net/media/cache/6f/c9/6fc99dc238b3b9cef6695590ad9ab552.webp|https://cdn2.jacars.net/media/cache/36/da/36daf0987ab239df5647c00675ba4815.webp|https://cdn2.jacars.net/media/cache/97/12/971227e6100d83db26d9ee50d970f5a4.webp,JACars,https://www.jacars.net/adv/2527775_nissan-ad-wagon-1-5l-2017/,2026-09-30T21:49:11Z,,,,2017,,Automatic,,259123,"{""parser"":""public_marketplace_refresh"",""contactSource"":""https://www.jacars.net/adv/2527775_nissan-ad-wagon-1-5l-2017/"",""phoneVerifiedAt"":""2026-09-30T21:49:11Z"",""imageSourceUrl"":""https://www.jacars.net/adv/2527775_nissan-ad-wagon-1-5l-2017/"",""imageVerifiedAt"":""2026-09-30T21:49:11Z"",""imageIntegrityVersion"":""2026-09-16.1""}",active,2026-10-10T20:30:43Z,200,Matching listing has an available source offer,2026-10-10T20:30:43Z,https://www.jacars.net/adv/2527775_nissan-ad-wagon-1-5l-2017/,0,,visible,,,
jacars-2527769,published,vehicles,vehicles,vehicles,"Honda Grace 1,5L 2021","JA$ 2,750,000",2750000,JMD,Saint Catherine,Jamaica,Jamshon Motors,+18764821693,"2021 Honda Grace Hybrid
Newly Imported

Features:
Antilock Braking System
Reverse camera
Keyless Entry
Button Start/Stop
Eco Mode
Traction Control
Power Windows
Central Locking

Warranty price: $2,750,000.00

Complementary with purchase:
-valuation
-full tank of gas
-fitness
-tinting
-tax office assistance

For more information, contact 876-482-1693.",https://cdn2.jacars.net/media/cache/a9/21/a921e1a28c3be67466b9938af02a10f9.webp|https://cdn2.jacars.net/media/cache/e6/ae/e6ae1aedd6c173eaad5838cd943e58cc.webp|https://cdn2.jacars.net/media/cache/54/33/54332a3e3f8a3f7578e3b0b6a8d4c497.webp|https://cdn2.jacars.net/media/cache/06/9f/069f6be885ee24b1a88b566742e25d35.webp,JACars,https://www.jacars.net/adv/2527769_honda-grace-1-5l-2021/,2026-09-30T21:49:11Z,,,,2021,,Automatic,,,"{""parser"":""public_marketplace_refresh"",""contactSource"":""https://www.jacars.net/adv/2527769_honda-grace-1-5l-2021/"",""phoneVerifiedAt"":""2026-09-30T21:49:11Z"",""imageSourceUrl"":""https://www.jacars.net/adv/2527769_honda-grace-1-5l-2021/"",""imageVerifiedAt"":""2026-10-10T21:01:33.387Z"",""imageIntegrityVersion"":""2026-10-07.1"",""year"":""2021"",""transmission"":""Automatic"",""details"":[{""label"":""Year"",""value"":""2021""},{""label"":""Transmission"",""value"":""Automatic""}],""detailsVersion"":""2026-10-07.3"",""brand"":""Grace"",""fuel"":""Hybrid/Electric"",""bodyType"":""Sedan"",""detailsSourceUrl"":""https://www.jacars.net/adv/2527769_honda-grace-1-5l-2021/"",""detailsVerifiedAt"":""2026-10-10T20:45:31.479532+00:00"",""sourceSpecifications"":[{""label"":""Year"",""value"":""2021""},{""label"":""Transmission"",""value"":""Automatic""}],""listingIdentity"":{""version"":""2026-10-07.1"",""sourceUrl"":""https://www.jacars.net/adv/2527769_honda-grace-1-5l-2021/"",""title"":""Honda Grace 1,5L 2021"",""images"":[""https://cdn2.jacars.net/media/cache/a9/21/a921e1a28c3be67466b9938af02a10f9.webp"",""https://cdn2.jacars.net/media/cache/e6/ae/e6ae1aedd6c173eaad5838cd943e58cc.webp"",""https://cdn2.jacars.net/media/cache/54/33/54332a3e3f8a3f7578e3b0b6a8d4c497.webp"",""https://cdn2.jacars.net/media/cache/06/9f/069f6be885ee24b1a88b566742e25d35.webp""],""phones"":[""+18764821693""],""sellerId"":"""",""city"":""Saint Catherine"",""checkedAt"":""2026-10-10T21:01:33.387Z""}}",active,2026-10-10T20:30:43Z,200,Matching listing has an available source offer,2026-10-10T20:30:43Z,https://www.jacars.net/adv/2527769_honda-grace-1-5l-2021/,0,,visible,,,
jacars-2527730,published,vehicles,vehicles,vehicles,"BMW 3-Series 2,0L 2015","JA$ 2,100,000",2100000,JMD,Saint Catherine,Jamaica,RAJ AUTO,+18768498470,"2015 BMW 320i for sale Price: 2,100,000 neg Details: Newly imported Retractable mirrors Parking sensors Bluetooth connectivity Reverse camera Push to start Etc",https://cdn2.jacars.net/media/cache/43/7e/437ed68f3f49fd28020b41a56d470144.webp|https://cdn2.jacars.net/media/cache/a5/2d/a52d5b64a0c9050f07098ef9bdead37d.webp|https://cdn2.jacars.net/media/cache/6a/fd/6afd3f1b4b3cf8a0018e96bf97756ce6.webp|https://cdn2.jacars.net/media/cache/3a/85/3a8596cd48bc8d8038253e52d23bb5aa.webp,JACars,https://www.jacars.net/adv/2527730_bmw-3-series-2-0l-2015/,2026-09-30T21:49:11Z,,,,2015,,Automatic,,,"{""parser"":""public_marketplace_refresh"",""contactSource"":""https://www.jacars.net/adv/2527730_bmw-3-series-2-0l-2015/"",""phoneVerifiedAt"":""2026-09-30T21:49:11Z"",""imageSourceUrl"":""https://www.jacars.net/adv/2527730_bmw-3-series-2-0l-2015/"",""imageVerifiedAt"":""2026-09-30T21:49:11Z"",""imageIntegrityVersion"":""2026-09-16.1""}",active,2026-10-10T20:30:43Z,200,Matching listing has an available source offer,2026-10-10T20:30:43Z,https://www.jacars.net/adv/2527730_bmw-3-series-2-0l-2015/,0,,visible,,,
jacars-2527754,published,vehicles,vehicles,vehicles,"BMW X6 3,0L 2021","JA$ 11,590,000",11590000,JMD,Saint Andrew,Jamaica,Howie,+18764024129,CALL JOSHUA AT (876) 352-4952 IF INTERESTED. VALUED AT 12 MIL. NO PROBLEMS IMMACULATE CONDITION xDrive 40i(M Package) 58k Miles Keyless Entry Push button start 3.0L Turbo Leather interior Multifunctional M Steering Wheel 12.3 inch iDrive touchscreen Bluetooth Wireless phone charger Day time running lights Reverse Camera Front/rear parking sensors Lane departure warning All Wheel Drive 20 inch BMW sport wheels Front and Rear Fog Lights Front and Rear Parking Sensors Panoramic Sun Roof Power Folding Mirrors Power Liftgate Rain Sensing Wipers,https://cdn2.jacars.net/media/cache/15/0c/150c005076835f03212a8b8b0c4e9c2c.webp|https://cdn2.jacars.net/media/cache/d6/9b/d69bce6e245eb77018e2301558577de0.webp|https://cdn2.jacars.net/media/cache/15/c5/15c549290b3707e41cced108833cfda1.webp|https://cdn2.jacars.net/media/cache/78/88/78885c9f92e157368adc51dd52ac90d9.webp,JACars,https://www.jacars.net/adv/2527754_bmw-x6-3-0l-2021/,2026-09-30T21:49:11Z,,,,2021,,Automatic,,93152,"{""parser"":""public_marketplace_refresh"",""contactSource"":""https://www.jacars.net/adv/2527754_bmw-x6-3-0l-2021/"",""phoneVerifiedAt"":""2026-09-30T21:49:11Z"",""imageSourceUrl"":""https://www.jacars.net/adv/2527754_bmw-x6-3-0l-2021/"",""imageVerifiedAt"":""2026-09-30T21:49:11Z"",""imageIntegrityVersion"":""2026-09-16.1""}",active,2026-10-10T20:30:43Z,200,Matching listing has an available source offer,2026-10-10T20:30:43Z,https://www.jacars.net/adv/2527754_bmw-x6-3-0l-2021/,0,,visible,,,
jacars-2526561,published,vehicles,vehicles,vehicles,"Toyota Voxy 2,0L 2017",Contact seller,,JMD,Saint Mary,Jamaica,North Coast Auto Sales,+18767904717,"2017 Toyota Voxy
Contact 8767904717",https://cdn2.jacars.net/media/cache/5a/91/5a91358aad326b424dfaa5be4032c58f.webp|https://cdn2.jacars.net/media/cache/45/c2/45c2f51d3424d267bede8cefa461f000.webp|https://cdn2.jacars.net/media/cache/10/5a/105ad8ca91fe9265000129c9d7669009.webp|https://cdn2.jacars.net/media/cache/22/fa/22fa978cc7bbea2d52b195bbdd0ec3f4.webp,JACars,https://www.jacars.net/adv/2526561_toyota-voxy-2-0l-2015/,2026-09-30T21:49:11Z,,,,2017,,Automatic,,,"{""parser"":""public_marketplace_refresh"",""contactSource"":""https://www.jacars.net/adv/2526561_toyota-voxy-2-0l-2015/"",""phoneVerifiedAt"":""2026-09-30T21:49:11Z"",""imageSourceUrl"":""https://www.jacars.net/adv/2526561_toyota-voxy-2-0l-2015/"",""imageVerifiedAt"":""2026-10-10T21:01:33.387Z"",""imageIntegrityVersion"":""2026-10-07.1"",""year"":""2017"",""transmission"":""Automatic"",""details"":[{""label"":""Year"",""value"":""2017""},{""label"":""Transmission"",""value"":""Automatic""}],""detailsVersion"":""2026-10-07.3"",""brand"":""Voxy"",""fuel"":""Petrol"",""bodyType"":""Wagon"",""detailsSourceUrl"":""https://www.jacars.net/adv/2526561_toyota-voxy-2-0l-2015/"",""detailsVerifiedAt"":""2026-10-10T20:45:31.479532+00:00"",""sourceSpecifications"":[{""label"":""Year"",""value"":""2017""},{""label"":""Transmission"",""value"":""Automatic""}],""listingIdentity"":{""version"":""2026-10-07.1"",""sourceUrl"":""https://www.jacars.net/adv/2526561_toyota-voxy-2-0l-2015/"",""title"":""Toyota Voxy 2,0L 2017"",""images"":[""https://cdn2.jacars.net/media/cache/5a/91/5a91358aad326b424dfaa5be4032c58f.webp"",""https://cdn2.jacars.net/media/cache/45/c2/45c2f51d3424d267bede8cefa461f000.webp"",""https://cdn2.jacars.net/media/cache/10/5a/105ad8ca91fe9265000129c9d7669009.webp"",""https://cdn2.jacars.net/media/cache/22/fa/22fa978cc7bbea2d52b195bbdd0ec3f4.webp""],""phones"":[""+18767904717""],""sellerId"":"""",""city"":""Saint Mary"",""checkedAt"":""2026-10-10T21:01:33.387Z""}}",active,2026-10-10T20:30:43Z,200,Matching listing has an available source offer,2026-10-10T20:30:43Z,https://www.jacars.net/adv/2526561_toyota-voxy-2-0l-2015/,0,,visible,,,
jacars-2527699,published,vehicles,vehicles,vehicles,"Honda Civic 1,5L 2018","JA$ 2,850,000",2850000,JMD,Kingston,Jamaica,Stevon Baker,+18763879605,Honda Civic 2018 VTec Turbo Right Hand Drive Locally Driven Clean Condition Buy and Drive Accident Free No Parts Needed Ac Cold like Ice Engine and Transmission Solid Low Mileage Push to Start Back Camera Paddle Shifters Sen me Dm for more info,https://cdn2.jacars.net/media/cache/63/53/63530cd8278d1670781f800d2c80a2b6.webp|https://cdn2.jacars.net/media/cache/fb/9f/fb9faab93d39789cec92aedc57ebd354.webp|https://cdn2.jacars.net/media/cache/ad/69/ad692ecf53fe3aa9d9e8b2f09c3293f0.webp|https://cdn2.jacars.net/media/cache/b2/7e/b27ee1be3603bc70a4d3197925db70d7.webp,JACars,https://www.jacars.net/adv/2527699_honda-civic-1-5l-2018/,2026-09-30T21:49:11Z,,,,2018,,Automatic,,94000,"{""parser"":""public_marketplace_refresh"",""contactSource"":""https://www.jacars.net/adv/2527699_honda-civic-1-5l-2018/"",""phoneVerifiedAt"":""2026-09-30T21:49:11Z"",""imageSourceUrl"":""https://www.jacars.net/adv/2527699_honda-civic-1-5l-2018/"",""imageVerifiedAt"":""2026-09-30T21:49:11Z"",""imageIntegrityVersion"":""2026-09-16.1""}",active,2026-10-10T20:30:43Z,200,Matching listing has an available source offer,2026-10-10T20:30:43Z,https://www.jacars.net/adv/2527699_honda-civic-1-5l-2018/,0,,visible,,,
jacars-2527698,published,vehicles,vehicles,vehicles,"Audi TT 2,0L 2016","JA$ 2,900,000",2900000,JMD,Kingston,Jamaica,Blair,+18762968147,"2.0 TT QUATTRO
PRICE NEGOTIABLE
WHATSAPP 8762968147 for more info",https://cdn2.jacars.net/media/cache/03/2e/032eb518bf33a43e95f0a70b4fb80858.webp|https://cdn2.jacars.net/media/cache/6a/55/6a55814461f4f30806c05d46e616c6f8.webp|https://cdn2.jacars.net/media/cache/8d/5e/8d5e922480ccbdacb19de1b03f6eb56a.webp|https://cdn2.jacars.net/media/cache/ac/60/ac6042ba871eebaa39fc03d623ea44f2.webp,JACars,https://www.jacars.net/adv/2527698_audi-tt-2-0l-2016/,2026-09-30T21:49:11Z,,,,2016,,Automatic,,100000,"{""parser"":""public_marketplace_refresh"",""contactSource"":""https://www.jacars.net/adv/2527698_audi-tt-2-0l-2016/"",""phoneVerifiedAt"":""2026-09-30T21:49:11Z"",""imageSourceUrl"":""https://www.jacars.net/adv/2527698_audi-tt-2-0l-2016/"",""imageVerifiedAt"":""2026-10-10T21:01:33.387Z"",""imageIntegrityVersion"":""2026-10-07.1"",""year"":""2016"",""mileageKm"":100000,""transmission"":""Automatic"",""negotiable"":true,""details"":[{""label"":""Year"",""value"":""2016""},{""label"":""Mileage"",""value"":""100000 km""},{""label"":""Transmission"",""value"":""Automatic""},{""label"":""Price flexibility"",""value"":""Yes""}],""detailsVersion"":""2026-10-07.3"",""brand"":""TT"",""fuel"":""Petrol"",""bodyType"":""Coupe"",""detailsSourceUrl"":""https://www.jacars.net/adv/2527698_audi-tt-2-0l-2016/"",""detailsVerifiedAt"":""2026-10-10T20:45:31.479532+00:00"",""sourceSpecifications"":[{""label"":""Year"",""value"":""2016""},{""label"":""Mileage"",""value"":""100000 km""},{""label"":""Transmission"",""value"":""Automatic""},{""label"":""Price flexibility"",""value"":""Yes""}],""listingIdentity"":{""version"":""2026-10-07.1"",""sourceUrl"":""https://www.jacars.net/adv/2527698_audi-tt-2-0l-2016/"",""title"":""Audi TT 2,0L 2016"",""images"":[""https://cdn2.jacars.net/media/cache/03/2e/032eb518bf33a43e95f0a70b4fb80858.webp"",""https://cdn2.jacars.net/media/cache/6a/55/6a55814461f4f30806c05d46e616c6f8.webp"",""https://cdn2.jacars.net/media/cache/8d/5e/8d5e922480ccbdacb19de1b03f6eb56a.webp"",""https://cdn2.jacars.net/media/cache/ac/60/ac6042ba871eebaa39fc03d623ea44f2.webp""],""phones"":[""+18762968147""],""sellerId"":"""",""city"":""Kingston"",""checkedAt"":""2026-10-10T21:01:33.387Z""}}",active,2026-10-10T20:30:43Z,200,Matching listing has an available source offer,2026-10-10T20:30:43Z,https://www.jacars.net/adv/2527698_audi-tt-2-0l-2016/,0,,visible,,,
jacars-2527192,published,vehicles,vehicles,vehicles,"Toyota Crown Athlete 2,0L 2016","JA$ 3,600,000",3600000,JMD,Saint Catherine,Jamaica,Daniel Carter,+18765959167,Car is like new 2ltre turbo paddle shift sports mode sale or trade I am the first owner,https://cdn2.jacars.net/media/cache/bf/99/bf998b15f1bfa012c4f84aef80cb00c9.webp|https://cdn2.jacars.net/media/cache/93/7e/937eec18bc2ae8ad29ace43df75cf2d6.webp|https://cdn2.jacars.net/media/cache/6a/1c/6a1c61e748e21eee5011d7e078db2fad.webp|https://cdn2.jacars.net/media/cache/db/0e/db0e73c943d4d5ce7e5b4050a9eb0a86.webp,JACars,https://www.jacars.net/adv/2527192_toyota-crown-athlete-2-0l-2016/,2026-09-30T21:49:11Z,,,,2016,,Automatic,,875629,"{""parser"":""public_marketplace_refresh"",""contactSource"":""https://www.jacars.net/adv/2527192_toyota-crown-athlete-2-0l-2016/"",""phoneVerifiedAt"":""2026-09-30T21:49:11Z"",""imageSourceUrl"":""https://www.jacars.net/adv/2527192_toyota-crown-athlete-2-0l-2016/"",""imageVerifiedAt"":""2026-09-30T21:49:11Z"",""imageIntegrityVersion"":""2026-09-16.1""}",active,2026-10-10T20:30:43Z,200,Matching listing has an available source offer,2026-10-10T20:30:43Z,https://www.jacars.net/adv/2527192_toyota-crown-athlete-2-0l-2016/,0,,visible,,,
jacars-2527630,published,vehicles,vehicles,vehicles,"Hyundai Venue 2,5L 2023","JA$ 2,950,000",2950000,JMD,Saint Catherine,Jamaica,Gary,+18768899991,"One Owner, Female driven, still under warranty; dealer serviced; recently valued, minor rear bumper damage, excellent driving condition",https://cdn2.jacars.net/media/cache/ab/ab/ababcbd5bf5a042b316463b0a8d151be.webp|https://cdn2.jacars.net/media/cache/a8/08/a8080dc1246d273b280db3a5d0de8ee1.webp|https://cdn2.jacars.net/media/cache/01/f0/01f0052d052ebe4c5afe6868f071f6ea.webp|https://cdn2.jacars.net/media/cache/3d/ca/3dcafe2f423ed5df2dba15036ee21ec0.webp,JACars,https://www.jacars.net/adv/2527630_hyundai-venue-2-5l-2023/,2026-09-30T21:49:11Z,,,,2023,,Automatic,,45374,"{""parser"":""public_marketplace_refresh"",""contactSource"":""https://www.jacars.net/adv/2527630_hyundai-venue-2-5l-2023/"",""phoneVerifiedAt"":""2026-09-30T21:49:11Z"",""imageSourceUrl"":""https://www.jacars.net/adv/2527630_hyundai-venue-2-5l-2023/"",""imageVerifiedAt"":""2026-09-30T21:49:11Z"",""imageIntegrityVersion"":""2026-09-16.1""}",active,2026-10-10T20:30:43Z,200,Matching listing has an available source offer,2026-10-10T20:30:43Z,https://www.jacars.net/adv/2527630_hyundai-venue-2-5l-2023/,0,,visible,,,
jacars-2527813,published,vehicles,vehicles,auto_parts,Tacoma 2015 4x4 Transmission,"JA$ 420,000",420000,JMD,Kingston,Jamaica,Eric,+18763708805,26000 Miles on Transmission,https://cdn2.jacars.net/media/cache/d5/8a/d58a39cbd75433dddf2c1f37f6cf2f14.webp|https://cdn2.jacars.net/media/cache/0b/a3/0ba3e531bfb692743830ce320a15f842.webp,JACars,https://www.jacars.net/adv/2527813_tacoma-2015-4x4-transmission/,2026-09-30T21:49:11Z,,,,,,,,,"{""parser"":""public_marketplace_refresh"",""contactSource"":""https://www.jacars.net/adv/2527813_tacoma-2015-4x4-transmission/"",""phoneVerifiedAt"":""2026-09-30T21:49:11Z"",""imageSourceUrl"":""https://www.jacars.net/adv/2527813_tacoma-2015-4x4-transmission/"",""imageVerifiedAt"":""2026-09-30T21:49:11Z"",""imageIntegrityVersion"":""2026-09-16.1""}",active,2026-10-10T20:30:43Z,200,Matching listing has an available source offer,2026-10-10T20:30:43Z,https://www.jacars.net/adv/2527813_tacoma-2015-4x4-transmission/,0,,visible,,,
jacars-2527386,published,vehicles,vehicles,auto_parts,Genuine 2018-2020 Honda Shuttle Tail Light - RIGHT,"JA$ 186,000",186000,JMD,Manchester,Jamaica,Forg Auto Sales & Accessories,+18765865891,GENUINE!! USED!! NEGOTIABLE!! ABSOLUTELY NO SCAMMING!!,https://cdn2.jacars.net/media/cache/20/33/20335f7fb4c1c26c5d8051aa7fa676ee.webp,JACars,https://www.jacars.net/adv/2527386_genuine-2018-2020-honda-shuttle-tail-light-right/,2026-09-30T21:49:11Z,,,,,,,,,"{""parser"":""public_marketplace_refresh"",""contactSource"":""https://www.jacars.net/adv/2527386_genuine-2018-2020-honda-shuttle-tail-light-right/"",""phoneVerifiedAt"":""2026-09-30T21:49:11Z"",""imageSourceUrl"":""https://www.jacars.net/adv/2527386_genuine-2018-2020-honda-shuttle-tail-light-right/"",""imageVerifiedAt"":""2026-09-30T21:49:11Z"",""imageIntegrityVersion"":""2026-09-16.1""}",active,2026-10-10T20:30:43Z,200,Matching listing has an available source offer,2026-10-10T20:30:43Z,https://www.jacars.net/adv/2527386_genuine-2018-2020-honda-shuttle-tail-light-right/,0,,visible,,,
jacars-2527374,published,vehicles,vehicles,auto_parts,Genuine 2016-2019 Toyota Vitz Tail Light - LED - RIGHT,"JA$ 125,000",125000,JMD,Manchester,Jamaica,Forg Auto Sales & Accessories,+18765865891,GENUINE!! USED!! NEGOTIABLE!! ABSOLUTELY NO SCAMMING!!,https://cdn2.jacars.net/media/cache/5a/7b/5a7b28f95ccc5e3ec0c16affed22f45d.webp,JACars,https://www.jacars.net/adv/2527374_genuine-2016-2019-toyota-vitz-tail-light-led-right/,2026-09-30T21:49:11Z,,,,,,,,,"{""parser"":""public_marketplace_refresh"",""contactSource"":""https://www.jacars.net/adv/2527374_genuine-2016-2019-toyota-vitz-tail-light-led-right/"",""phoneVerifiedAt"":""2026-09-30T21:49:11Z"",""imageSourceUrl"":""https://www.jacars.net/adv/2527374_genuine-2016-2019-toyota-vitz-tail-light-led-right/"",""imageVerifiedAt"":""2026-09-30T21:49:11Z"",""imageIntegrityVersion"":""2026-09-16.1""}",active,2026-10-10T20:30:43Z,200,Matching listing has an available source offer,2026-10-10T20:30:43Z,https://www.jacars.net/adv/2527374_genuine-2016-2019-toyota-vitz-tail-light-led-right/,0,,visible,,,
jacars-2527373,published,vehicles,vehicles,auto_parts,Genuine 2016-2019 Toyota Vitz Tail Light Trunk Garnish - RIGHT SIDE,"JA$ 45,900",45900,JMD,Manchester,Jamaica,Forg Auto Sales & Accessories,+18765865891,GENUINE!! USED!! NEGOTIABLE! ABSOLUTELY NO SCAMMING!!,https://cdn2.jacars.net/media/cache/a3/17/a3171f63c152ea7dcf3180648143e332.webp,JACars,https://www.jacars.net/adv/2527373_genuine-2016-2019-toyota-vitz-tail-light-trunk-garnish-right-side/,2026-09-30T21:49:11Z,,,,,,,,,"{""parser"":""public_marketplace_refresh"",""contactSource"":""https://www.jacars.net/adv/2527373_genuine-2016-2019-toyota-vitz-tail-light-trunk-garnish-right-side/"",""phoneVerifiedAt"":""2026-09-30T21:49:11Z"",""imageSourceUrl"":""https://www.jacars.net/adv/2527373_genuine-2016-2019-toyota-vitz-tail-light-trunk-garnish-right-side/"",""imageVerifiedAt"":""2026-09-30T21:49:11Z"",""imageIntegrityVersion"":""2026-09-16.1""}",active,2026-10-10T20:30:43Z,200,Matching listing has an available source offer,2026-10-10T20:30:43Z,https://www.jacars.net/adv/2527373_genuine-2016-2019-toyota-vitz-tail-light-trunk-garnish-right-side/,0,,visible,,,
jacars-2527625,published,vehicles,vehicles,auto_parts,Universal Racing Bucket Seats Pair-Blue,"JA$ 79,000",79000,JMD,Manchester,Jamaica,Zig Zag Auto Parts & Car Sales Limited,+18762354486,"🔥 BLUE RACING BUCKET SEATS — IN STOCK‼️ 🔥

💲 Price: $79,000 for pair
📦 Brand New
Colour: BLUE
🔧 Universal Fit – Fits Most Vehicles

✅ Racing Style
✅ Comfortable & Strong
✅ Easy Installation

📍 Mandeville
📞 876-873-9901
💬 WhatsApp 876-235-4486

Serious buyers only — inbox or call now!",https://cdn2.jacars.net/media/cache/8f/54/8f546e743c6b62b563f95120ced5614f.webp|https://cdn2.jacars.net/media/cache/29/5e/295e4bbbcf24fc53e046598daee91e48.webp|https://cdn2.jacars.net/media/cache/51/ae/51aefb20cdacdb4ca3bd81b373d55833.webp|https://cdn2.jacars.net/media/cache/09/03/09036801e66fdf91d21ab8aa5298e44c.webp,JACars,https://www.jacars.net/adv/2527625_universal-racing-bucket-seats-pair-blue/,2026-09-30T21:49:11Z,,,,,,,BLUE,,"{""parser"":""public_marketplace_refresh"",""contactSource"":""https://www.jacars.net/adv/2527625_universal-racing-bucket-seats-pair-blue/"",""phoneVerifiedAt"":""2026-09-30T21:49:11Z"",""imageSourceUrl"":""https://www.jacars.net/adv/2527625_universal-racing-bucket-seats-pair-blue/"",""imageVerifiedAt"":""2026-10-10T21:01:33.387Z"",""imageIntegrityVersion"":""2026-10-07.1"",""details"":[],""detailsVersion"":""2026-10-07.3"",""detailsSourceUrl"":""https://www.jacars.net/adv/2527625_universal-racing-bucket-seats-pair-blue/"",""detailsVerifiedAt"":""2026-10-10T20:45:31.479532+00:00"",""color"":""BLUE"",""sourceSpecifications"":[],""listingIdentity"":{""version"":""2026-10-07.1"",""sourceUrl"":""https://www.jacars.net/adv/2527625_universal-racing-bucket-seats-pair-blue/"",""title"":""Universal Racing Bucket Seats Pair-Blue"",""images"":[""https://cdn2.jacars.net/media/cache/8f/54/8f546e743c6b62b563f95120ced5614f.webp"",""https://cdn2.jacars.net/media/cache/29/5e/295e4bbbcf24fc53e046598daee91e48.webp"",""https://cdn2.jacars.net/media/cache/51/ae/51aefb20cdacdb4ca3bd81b373d55833.webp"",""https://cdn2.jacars.net/media/cache/09/03/09036801e66fdf91d21ab8aa5298e44c.webp""],""phones"":[""+18762354486""],""sellerId"":"""",""city"":""Manchester"",""checkedAt"":""2026-10-10T21:01:33.387Z""}}",active,2026-10-10T20:30:43Z,200,Matching listing has an available source offer,2026-10-10T20:30:43Z,https://www.jacars.net/adv/2527625_universal-racing-bucket-seats-pair-blue/,0,,visible,,,
jacars-2527623,published,vehicles,vehicles,auto_parts,Universal Racing Bucket Seats Pair-Red,"JA$ 79,000",79000,JMD,Manchester,Jamaica,Zig Zag Auto Parts & Car Sales Limited,+18762354486,"🔥 RED RACING BUCKET SEATS — IN STOCK‼️ 🔥

💲 Price: $79,000 for pair
📦 Brand New
Colour: Red
🔧 Universal Fit – Fits Most Vehicles

✅ Racing Style
✅ Comfortable & Strong
✅ Easy Installation

📍 Mandeville
📞 876-873-9901
💬 WhatsApp 876-235-4486

Serious buyers only — inbox or call now!",https://cdn2.jacars.net/media/cache/51/01/5101b506249d637fafa8b7fc20fa3478.webp|https://cdn2.jacars.net/media/cache/00/22/00228923802e5befb8a7c7c217ddf39a.webp|https://cdn2.jacars.net/media/cache/25/c6/25c610fc28deb40d4d44cf0cdb4eba8d.webp|https://cdn2.jacars.net/media/cache/5c/64/5c64ac89169e63ccaa8a694bbf6668ff.webp,JACars,https://www.jacars.net/adv/2527623_universal-racing-bucket-seats-pair-red/,2026-09-30T21:49:11Z,,,,,,,Red,,"{""parser"":""public_marketplace_refresh"",""contactSource"":""https://www.jacars.net/adv/2527623_universal-racing-bucket-seats-pair-red/"",""phoneVerifiedAt"":""2026-09-30T21:49:11Z"",""imageSourceUrl"":""https://www.jacars.net/adv/2527623_universal-racing-bucket-seats-pair-red/"",""imageVerifiedAt"":""2026-10-10T21:01:33.387Z"",""imageIntegrityVersion"":""2026-10-07.1"",""details"":[],""detailsVersion"":""2026-10-07.3"",""detailsSourceUrl"":""https://www.jacars.net/adv/2527623_universal-racing-bucket-seats-pair-red/"",""detailsVerifiedAt"":""2026-10-10T20:45:31.479532+00:00"",""color"":""Red"",""sourceSpecifications"":[],""listingIdentity"":{""version"":""2026-10-07.1"",""sourceUrl"":""https://www.jacars.net/adv/2527623_universal-racing-bucket-seats-pair-red/"",""title"":""Universal Racing Bucket Seats Pair-Red"",""images"":[""https://cdn2.jacars.net/media/cache/51/01/5101b506249d637fafa8b7fc20fa3478.webp"",""https://cdn2.jacars.net/media/cache/00/22/00228923802e5befb8a7c7c217ddf39a.webp"",""https://cdn2.jacars.net/media/cache/25/c6/25c610fc28deb40d4d44cf0cdb4eba8d.webp"",""https://cdn2.jacars.net/media/cache/5c/64/5c64ac89169e63ccaa8a694bbf6668ff.webp""],""phones"":[""+18762354486""],""sellerId"":"""",""city"":""Manchester"",""checkedAt"":""2026-10-10T21:01:33.387Z""}}",active,2026-10-10T20:30:43Z,200,Matching listing has an available source offer,2026-10-10T20:30:43Z,https://www.jacars.net/adv/2527623_universal-racing-bucket-seats-pair-red/,0,,visible,,,
jacars-2527621,published,vehicles,vehicles,auto_parts,Universal Racing Bucket Seats Pair - Black,"JA$ 79,000",79000,JMD,Manchester,Jamaica,Zig Zag Auto Parts & Car Sales Limited,+18762354486,"🔥 BLACK RACING BUCKET SEATS — IN STOCK‼️ 🔥

💲 Price: $79,000 for pair
📦 Brand New
Colour: Black
🔧 Universal Fit – Fits Most Vehicles

✅ Racing Style
✅ Comfortable & Strong
✅ Easy Installation

📍 Mandeville
📞 876-873-9901
💬 WhatsApp 876-235-4486

Serious buyers only — inbox or call now!",https://cdn2.jacars.net/media/cache/e8/11/e81139974630a1d31fdab05e306fc9a5.webp|https://cdn2.jacars.net/media/cache/29/b3/29b3f28171acfb9b661e68d449dc64aa.webp|https://cdn2.jacars.net/media/cache/06/44/0644b785c9efbf07cc37f23ff371edb2.webp|https://cdn2.jacars.net/media/cache/ba/99/ba9973ac83cd3995408e1edcc11a6991.webp,JACars,https://www.jacars.net/adv/2527621_universal-racing-bucket-seats-pair-black/,2026-09-30T21:49:11Z,,,,,,,Black,,"{""parser"":""public_marketplace_refresh"",""contactSource"":""https://www.jacars.net/adv/2527621_universal-racing-bucket-seats-pair-black/"",""phoneVerifiedAt"":""2026-09-30T21:49:11Z"",""imageSourceUrl"":""https://www.jacars.net/adv/2527621_universal-racing-bucket-seats-pair-black/"",""imageVerifiedAt"":""2026-10-10T21:01:33.387Z"",""imageIntegrityVersion"":""2026-10-07.1"",""details"":[],""detailsVersion"":""2026-10-07.3"",""detailsSourceUrl"":""https://www.jacars.net/adv/2527621_universal-racing-bucket-seats-pair-black/"",""detailsVerifiedAt"":""2026-10-10T20:45:31.479532+00:00"",""color"":""Black"",""sourceSpecifications"":[],""listingIdentity"":{""version"":""2026-10-07.1"",""sourceUrl"":""https://www.jacars.net/adv/2527621_universal-racing-bucket-seats-pair-black/"",""title"":""Universal Racing Bucket Seats Pair - Black"",""images"":[""https://cdn2.jacars.net/media/cache/e8/11/e81139974630a1d31fdab05e306fc9a5.webp"",""https://cdn2.jacars.net/media/cache/29/b3/29b3f28171acfb9b661e68d449dc64aa.webp"",""https://cdn2.jacars.net/media/cache/06/44/0644b785c9efbf07cc37f23ff371edb2.webp"",""https://cdn2.jacars.net/media/cache/ba/99/ba9973ac83cd3995408e1edcc11a6991.webp""],""phones"":[""+18762354486""],""sellerId"":"""",""city"":""Manchester"",""checkedAt"":""2026-10-10T21:01:33.387Z""}}",active,2026-10-10T20:30:43Z,200,Matching listing has an available source offer,2026-10-10T20:30:43Z,https://www.jacars.net/adv/2527621_universal-racing-bucket-seats-pair-black/,0,,visible,,,
jacars-2527588,published,vehicles,vehicles,tires_rims,17 inch Toyota Harrier Rims & Tyres - Original OEM Stock,"JA$ 100,000",100000,JMD,Manchester,Jamaica,Wright,+18768592207,"Toyota Harrier 17"" Rims & Bridgestone Tyres Selling a full set (4) of original Toyota Harrier 17-inch alloy rims wrapped in Bridgestone tyres. Never driven in Jamaica. Japanese import. Perfect upgrade or replacement. Rims: Genuine factory Toyota Harrier alloys (Great condition)Tyres: Bridgestone (Good tread remaining, no damage) Location: Manchester Price: JA$ 100,000 (Negotiable for serious buyers) Great value for the full set. Call or message now to arrange viewing!",https://cdn2.jacars.net/media/cache/bc/2f/bc2fe3b69662f16132e3a9a4c2840c81.webp|https://cdn2.jacars.net/media/cache/88/74/88744a39af2a90ebaeeefc661953fa25.webp|https://cdn2.jacars.net/media/cache/38/c6/38c6e4141fb8e8b7e792f27b8158d848.webp|https://cdn2.jacars.net/media/cache/42/56/4256c08a2dfeeab1398a662719d8d357.webp,JACars,https://www.jacars.net/adv/2527588_17-inch-toyota-harrier-rims-tyres-original-oem-stock/,2026-09-30T21:49:11Z,,,,,,,,,"{""parser"":""public_marketplace_refresh"",""contactSource"":""https://www.jacars.net/adv/2527588_17-inch-toyota-harrier-rims-tyres-original-oem-stock/"",""phoneVerifiedAt"":""2026-09-30T21:49:11Z"",""imageSourceUrl"":""https://www.jacars.net/adv/2527588_17-inch-toyota-harrier-rims-tyres-original-oem-stock/"",""imageVerifiedAt"":""2026-09-30T21:49:11Z"",""imageIntegrityVersion"":""2026-09-16.1""}",active,2026-10-10T20:30:43Z,200,Matching listing has an available source offer,2026-10-10T20:30:43Z,https://www.jacars.net/adv/2527588_17-inch-toyota-harrier-rims-tyres-original-oem-stock/,0,,visible,,,
jacars-2527343,published,vehicles,vehicles,tires_rims,Used tires in excellent condition. These can go on Honda CRV,"JA$ 15,000",15000,JMD,Saint Catherine,Jamaica,Jermi,+18765457566,Used tires for sale. These are in excellent conditions. Price negotiable. Location Spanish Town,https://cdn2.jacars.net/media/cache/19/4a/194adfc6b71c1a0e619f1a6517039cd3.webp|https://cdn2.jacars.net/media/cache/ac/e9/ace9fe0bf3dc53b87d1bb13f8545592b.webp|https://cdn2.jacars.net/media/cache/f0/ac/f0acb57427147eae7c0fde86374e6ed4.webp|https://cdn2.jacars.net/media/cache/4d/4d/4d4d67831d41334d20ec6bcf64b78c58.webp,JACars,https://www.jacars.net/adv/2527343_used-tires-in-excellent-condition-these-can-go-on-honda-crv/,2026-09-30T21:49:11Z,,,,,,,,,"{""parser"":""public_marketplace_refresh"",""contactSource"":""https://www.jacars.net/adv/2527343_used-tires-in-excellent-condition-these-can-go-on-honda-crv/"",""phoneVerifiedAt"":""2026-09-30T21:49:11Z"",""imageSourceUrl"":""https://www.jacars.net/adv/2527343_used-tires-in-excellent-condition-these-can-go-on-honda-crv/"",""imageVerifiedAt"":""2026-09-30T21:49:11Z"",""imageIntegrityVersion"":""2026-09-16.1""}",active,2026-10-10T20:30:43Z,200,Matching listing has an available source offer,2026-10-10T20:30:43Z,https://www.jacars.net/adv/2527343_used-tires-in-excellent-condition-these-can-go-on-honda-crv/,0,,visible,,,
jacars-2527564,published,marketplace,electronics,phones_accessories,Samsung s26 ultra,"JA$ 150,000",150000,JMD,Saint Catherine,Jamaica,rose,+18763236354,"Selling a Samsung Galaxy S26 256GB in new condition. ✅ 256GB storage ✅ Original accessories ✅ Clean and well kept ✅ Ready for immediate use 💰 Price: J$150,000 negotiable Serious buyers only, please.",https://cdn2.jacars.net/media/cache/ca/d5/cad53e879e3e6e30a2ca74b248c94de1.webp|https://cdn2.jacars.net/media/cache/3d/ca/3dcae51ef3d7e08345e31f5fe61b70f9.webp|https://cdn2.jacars.net/media/cache/a1/4a/a14a066e5673a450740bdbeb943d8fcf.webp|https://cdn2.jacars.net/media/cache/e6/8c/e68cb95c95b8149a0969db973e0ac87c.webp,JACars,https://www.jacars.net/adv/2527564_samsung-s26-ultra/,2026-09-30T21:42:26Z,,,,,,,,,"{""parser"":""public_marketplace_refresh"",""contactSource"":""https://www.jacars.net/adv/2527564_samsung-s26-ultra/"",""phoneVerifiedAt"":""2026-09-30T21:42:26Z"",""imageSourceUrl"":""https://www.jacars.net/adv/2527564_samsung-s26-ultra/"",""imageVerifiedAt"":""2026-09-30T21:42:26Z"",""imageIntegrityVersion"":""2026-09-16.1""}",active,2026-10-10T20:30:43Z,200,Matching listing has an available source offer,2026-10-10T20:30:43Z,https://www.jacars.net/adv/2527564_samsung-s26-ultra/,0,,visible,,,
jacars-2527174,published,marketplace,electronics,phones_accessories,Samsung galaxy s26,"JA$ 195,000",195000,JMD,Saint Ann,Jamaica,Motion,+18765821555,Samsung galaxy s26,https://cdn2.jacars.net/media/cache/06/9a/069a7b9b34bb7b078280bd6ba6f41840.webp|https://cdn2.jacars.net/media/cache/4e/60/4e608476e0d9c195e392d76d1a784361.webp,JACars,https://www.jacars.net/adv/2527174_samsung-galaxy-s26/,2026-09-30T21:49:11Z,,,,,,,,,"{""parser"":""public_marketplace_refresh"",""contactSource"":""https://www.jacars.net/adv/2527174_samsung-galaxy-s26/"",""phoneVerifiedAt"":""2026-09-30T21:49:11Z"",""imageSourceUrl"":""https://www.jacars.net/adv/2527174_samsung-galaxy-s26/"",""imageVerifiedAt"":""2026-09-30T21:49:11Z"",""imageIntegrityVersion"":""2026-09-16.1""}",active,2026-10-10T20:30:43Z,200,Matching listing has an available source offer,2026-10-10T20:30:43Z,https://www.jacars.net/adv/2527174_samsung-galaxy-s26/,0,,visible,,,
jacars-2527614,published,marketplace,electronics,cameras_photography,Canon SL1,"JA$ 40,000",40000,JMD,Kingston,Jamaica,Ty,+18767778674,"Canon SL1 for sale in good condition
$40,000 JMD

Includes:
Two batteries
Battery charger
A 18-55mm kit lens
Kit lens accessories
A 50mm lens

For more information please contact 1-876-777-8674

Great for beginners and hobbyists.",https://cdn2.jacars.net/media/cache/52/f3/52f3a8d5c22fbea83326f2c786e76197.webp|https://cdn2.jacars.net/media/cache/df/36/df3682684c7e9e384954e1468b97fb99.webp|https://cdn2.jacars.net/media/cache/21/02/210268ac1736a19c315b134ac1e2da56.webp|https://cdn2.jacars.net/media/cache/15/be/15be3ea4c3d89b0639fc4dad33062373.webp,JACars,https://www.jacars.net/adv/2527614_canon-sl1/,2026-09-30T21:49:11Z,,Digital cameras,,,,,,,"{""parser"":""public_marketplace_refresh"",""contactSource"":""https://www.jacars.net/adv/2527614_canon-sl1/"",""phoneVerifiedAt"":""2026-09-30T21:49:11Z"",""imageSourceUrl"":""https://www.jacars.net/adv/2527614_canon-sl1/"",""imageVerifiedAt"":""2026-10-10T21:01:33.387Z"",""imageIntegrityVersion"":""2026-10-07.1"",""details"":[],""detailsVersion"":""2026-10-07.3"",""brand"":""Cameras, camcorders, telescopes"",""model"":""Digital cameras"",""detailsSourceUrl"":""https://www.jacars.net/adv/2527614_canon-sl1/"",""detailsVerifiedAt"":""2026-10-10T20:45:31.479532+00:00"",""sourceSpecifications"":[],""listingIdentity"":{""version"":""2026-10-07.1"",""sourceUrl"":""https://www.jacars.net/adv/2527614_canon-sl1/"",""title"":""Canon SL1"",""images"":[""https://cdn2.jacars.net/media/cache/52/f3/52f3a8d5c22fbea83326f2c786e76197.webp"",""https://cdn2.jacars.net/media/cache/df/36/df3682684c7e9e384954e1468b97fb99.webp"",""https://cdn2.jacars.net/media/cache/21/02/210268ac1736a19c315b134ac1e2da56.webp"",""https://cdn2.jacars.net/media/cache/15/be/15be3ea4c3d89b0639fc4dad33062373.webp""],""phones"":[""+18767778674""],""sellerId"":"""",""city"":""Kingston"",""checkedAt"":""2026-10-10T21:01:33.387Z""}}",active,2026-10-10T20:30:43Z,200,Matching listing has an available source offer,2026-10-10T20:30:43Z,https://www.jacars.net/adv/2527614_canon-sl1/,0,,visible,,,
jacars-2527371,published,vehicles,vehicles,auto_parts,Genuine Honda Fit/Stream/Shuttle Side Mirror Complete - LEFT SIDE,"JA$ 150,000",150000,JMD,Manchester,Jamaica,Forg Auto Sales & Accessories,+18765865891,GENUINE!! USED!! NEGOTIABLE ABSOLUTELY NO SCAMMING!!,https://cdn2.jacars.net/media/cache/2e/1e/2e1e04b74643d110640868e2c23bd6ac.webp,JACars,https://www.jacars.net/adv/2527371_genuine-honda-fit-stream-shuttle-side-mirror-complete-left-side/,2026-09-30T21:49:11Z,,,,,,,,,"{""parser"":""public_marketplace_refresh"",""contactSource"":""https://www.jacars.net/adv/2527371_genuine-honda-fit-stream-shuttle-side-mirror-complete-left-side/"",""phoneVerifiedAt"":""2026-09-30T21:49:11Z"",""imageSourceUrl"":""https://www.jacars.net/adv/2527371_genuine-honda-fit-stream-shuttle-side-mirror-complete-left-side/"",""imageVerifiedAt"":""2026-09-30T21:49:11Z"",""imageIntegrityVersion"":""2026-09-16.1""}",active,2026-10-10T20:30:43Z,200,Matching listing has an available source offer,2026-10-10T20:30:43Z,https://www.jacars.net/adv/2527371_genuine-honda-fit-stream-shuttle-side-mirror-complete-left-side/,0,,visible,,,
jacars-2527489,published,vehicles,vehicles,auto_parts,"2015-Mercedes Benz, AC Compressor, M274 EngineC200-C250-C180-W204-C350","JA$ 100,000",100000,JMD,Saint Ann,Jamaica,Kaygee,+18768824808,AC Compressor,https://cdn2.jacars.net/media/cache/1f/7b/1f7b6384b69385d4f2d062acb9ff3389.webp|https://cdn2.jacars.net/media/cache/08/00/08003943ffa00e6c1308827f647413b4.webp|https://cdn2.jacars.net/media/cache/1d/b0/1db080f81f3fbc77e44da45a63b07051.webp|https://cdn2.jacars.net/media/cache/7c/55/7c55a8adada0085b565702d2d8fbf026.webp,JACars,https://www.jacars.net/adv/2527489_2015-mercedes-benz-ac-compressor-m274-enginec200-c250-c180-w204-c350/,2026-09-30T21:49:11Z,,,,,,,,,"{""parser"":""public_marketplace_refresh"",""contactSource"":""https://www.jacars.net/adv/2527489_2015-mercedes-benz-ac-compressor-m274-enginec200-c250-c180-w204-c350/"",""phoneVerifiedAt"":""2026-09-30T21:49:11Z"",""imageSourceUrl"":""https://www.jacars.net/adv/2527489_2015-mercedes-benz-ac-compressor-m274-enginec200-c250-c180-w204-c350/"",""imageVerifiedAt"":""2026-09-30T21:49:11Z"",""imageIntegrityVersion"":""2026-09-16.1""}",active,2026-10-10T20:30:43Z,200,Matching listing has an available source offer,2026-10-10T20:30:43Z,https://www.jacars.net/adv/2527489_2015-mercedes-benz-ac-compressor-m274-enginec200-c250-c180-w204-c350/,0,,visible,,,
jacars-2527402,published,marketplace,other,appliances,Deep Freezer,"JA$ 25,000",25000,JMD,Saint James,Jamaica,Jerome Lindsay,+18767722455,"Deep freezer for sale, new excellent condition
Tel 876-772-2455",https://cdn2.jacars.net/media/cache/0a/df/0adf75c5c66e70511e1aa5a78e39f5d4.webp|https://cdn2.jacars.net/media/cache/01/a4/01a4c15f53547ff0dc3faea4fcea673c.webp|https://cdn2.jacars.net/media/cache/c0/5e/c05ecae5bf8f5efeccb1f21ea793cf60.webp|https://cdn2.jacars.net/media/cache/eb/bc/ebbcd546c6874afd56e14b1f54a796d3.webp,JACars,https://www.jacars.net/adv/2527402_deep-freezer-tell-876-772-2455/,2026-09-30T21:49:11Z,,Refrigerators,,,,,,,"{""parser"":""public_marketplace_refresh"",""contactSource"":""https://www.jacars.net/adv/2527402_deep-freezer-tell-876-772-2455/"",""phoneVerifiedAt"":""2026-09-30T21:49:11Z"",""imageSourceUrl"":""https://www.jacars.net/adv/2527402_deep-freezer-tell-876-772-2455/"",""imageVerifiedAt"":""2026-10-10T21:01:33.387Z"",""imageIntegrityVersion"":""2026-10-07.1"",""details"":[],""detailsVersion"":""2026-10-07.3"",""brand"":""Kitchen appliances"",""model"":""Refrigerators"",""detailsSourceUrl"":""https://www.jacars.net/adv/2527402_deep-freezer-tell-876-772-2455/"",""detailsVerifiedAt"":""2026-10-10T20:45:31.479532+00:00"",""sourceSpecifications"":[],""listingIdentity"":{""version"":""2026-10-07.1"",""sourceUrl"":""https://www.jacars.net/adv/2527402_deep-freezer-tell-876-772-2455/"",""title"":""Deep Freezer"",""images"":[""https://cdn2.jacars.net/media/cache/0a/df/0adf75c5c66e70511e1aa5a78e39f5d4.webp"",""https://cdn2.jacars.net/media/cache/01/a4/01a4c15f53547ff0dc3faea4fcea673c.webp"",""https://cdn2.jacars.net/media/cache/c0/5e/c05ecae5bf8f5efeccb1f21ea793cf60.webp"",""https://cdn2.jacars.net/media/cache/eb/bc/ebbcd546c6874afd56e14b1f54a796d3.webp""],""phones"":[""+18767722455""],""sellerId"":"""",""city"":""Saint James"",""checkedAt"":""2026-10-10T21:01:33.387Z""}}",active,2026-10-10T20:30:43Z,200,Matching listing has an available source offer,2026-10-10T20:30:43Z,https://www.jacars.net/adv/2527402_deep-freezer-tell-876-772-2455/,0,,visible,,,
jacars-2527514,published,vehicles,vehicles,vehicles,"Isuzu Elf Truck 4,8L 2006",Contact seller,,JMD,Saint Mary,Jamaica,Native auto traders,+18762334760,"2006 Isuzu Elf 4hl1 engine
Newly imported",https://cdn2.jacars.net/media/cache/c3/87/c387e22da80da1a2b1405013167783b1.webp|https://cdn2.jacars.net/media/cache/5a/66/5a6604b5fdcab93da32e1c8548400dc2.webp|https://cdn2.jacars.net/media/cache/6b/78/6b78dd03ace73d31fe6f65f879236d94.webp|https://cdn2.jacars.net/media/cache/7a/2a/7a2a848b17bb2c78b0d0038e9560ddbb.webp,JACars,https://www.jacars.net/adv/2527514_isuzu-elf-truck-4-8l-2006/,2026-10-08T18:31:14Z,,,,2006,,Manual,,,"{""parser"":""public_marketplace_refresh"",""contactSource"":""https://www.jacars.net/adv/2527514_isuzu-elf-truck-4-8l-2006/"",""phoneVerifiedAt"":""2026-10-08T18:31:14Z"",""imageSourceUrl"":""https://www.jacars.net/adv/2527514_isuzu-elf-truck-4-8l-2006/"",""imageVerifiedAt"":""2026-10-10T21:01:33.387Z"",""imageIntegrityVersion"":""2026-10-07.1"",""brand"":""Elf Truck"",""transmission"":""Manual"",""fuel"":""Diesel"",""bodyType"":""Truck"",""detailsVerifiedAt"":""2026-10-10T20:45:31.479532+00:00"",""detailsSourceUrl"":""https://www.jacars.net/adv/2527514_isuzu-elf-truck-4-8l-2006/"",""details"":[{""label"":""Year"",""value"":""2006""},{""label"":""Body style"",""value"":""Truck""},{""label"":""Transmission"",""value"":""Manual""},{""label"":""Fuel"",""value"":""Diesel""}],""year"":""2006"",""sourceSpecifications"":[{""label"":""Year"",""value"":""2006""},{""label"":""Body style"",""value"":""Truck""},{""label"":""Transmission"",""value"":""Manual""},{""label"":""Fuel"",""value"":""Diesel""}],""listingIdentity"":{""version"":""2026-10-07.1"",""sourceUrl"":""https://www.jacars.net/adv/2527514_isuzu-elf-truck-4-8l-2006/"",""title"":""Isuzu Elf Truck 4,8L 2006"",""images"":[""https://cdn2.jacars.net/media/cache/c3/87/c387e22da80da1a2b1405013167783b1.webp"",""https://cdn2.jacars.net/media/cache/5a/66/5a6604b5fdcab93da32e1c8548400dc2.webp"",""https://cdn2.jacars.net/media/cache/6b/78/6b78dd03ace73d31fe6f65f879236d94.webp"",""https://cdn2.jacars.net/media/cache/7a/2a/7a2a848b17bb2c78b0d0038e9560ddbb.webp""],""phones"":[""+18762334760""],""sellerId"":"""",""city"":""Saint Mary"",""checkedAt"":""2026-10-10T21:01:33.387Z""},""detailsVersion"":""2026-10-07.3""}",active,2026-10-10T20:30:43Z,200,Matching listing has an available source offer,2026-10-10T20:30:43Z,https://www.jacars.net/adv/2527514_isuzu-elf-truck-4-8l-2006/,0,,visible,,,
jacars-2528815,published,vehicles,vehicles,vehicles,"Volkswagen Tiguan 2,0L 2012","JA$ 690,000",690000,JMD,Kingston,Jamaica,MOTORSOURCE,+18764834888,"NEEDS SOME TLC ‼️‼️
CAR DRIVES GOOD ‼️‼️
ENGINE AND TRANSMISSION SOLID ‼️‼️
SERIOUS INQUIRES ONLY ‼️‼️",https://cdn2.jacars.net/media/cache/8e/85/8e8571569648b68a900d8d6dbcce7f43.webp|https://cdn2.jacars.net/media/cache/c3/7b/c37bc3cfbc3f270b5b5e0963503dff2a.webp|https://cdn2.jacars.net/media/cache/fd/3d/fd3d091fdc44dc14a6ce0e90c97fd745.webp|https://cdn2.jacars.net/media/cache/f2/78/f2789cb35b901f5f5c2bbf2273a151a0.webp,JACars,https://www.jacars.net/adv/2528815_volkswagen-tiguan-2-0l-2012/,2026-10-08T18:31:14Z,,,,2012,,Automatic,,,"{""parser"":""public_marketplace_refresh"",""contactSource"":""https://www.jacars.net/adv/2528815_volkswagen-tiguan-2-0l-2012/"",""phoneVerifiedAt"":""2026-10-08T18:31:14Z"",""imageSourceUrl"":""https://www.jacars.net/adv/2528815_volkswagen-tiguan-2-0l-2012/"",""imageVerifiedAt"":""2026-10-10T21:01:33.387Z"",""imageIntegrityVersion"":""2026-10-07.1"",""brand"":""Tiguan"",""transmission"":""Automatic"",""fuel"":""Petrol"",""bodyType"":""SUV"",""detailsVerifiedAt"":""2026-10-10T20:45:31.479532+00:00"",""detailsSourceUrl"":""https://www.jacars.net/adv/2528815_volkswagen-tiguan-2-0l-2012/"",""details"":[{""label"":""Year"",""value"":""2012""},{""label"":""Body style"",""value"":""SUV""},{""label"":""Transmission"",""value"":""Automatic""},{""label"":""Fuel"",""value"":""Petrol""}],""year"":""2012"",""sourceSpecifications"":[{""label"":""Year"",""value"":""2012""},{""label"":""Body style"",""value"":""SUV""},{""label"":""Transmission"",""value"":""Automatic""},{""label"":""Fuel"",""value"":""Petrol""}],""listingIdentity"":{""version"":""2026-10-07.1"",""sourceUrl"":""https://www.jacars.net/adv/2528815_volkswagen-tiguan-2-0l-2012/"",""title"":""Volkswagen Tiguan 2,0L 2012"",""images"":[""https://cdn2.jacars.net/media/cache/8e/85/8e8571569648b68a900d8d6dbcce7f43.webp"",""https://cdn2.jacars.net/media/cache/c3/7b/c37bc3cfbc3f270b5b5e0963503dff2a.webp"",""https://cdn2.jacars.net/media/cache/fd/3d/fd3d091fdc44dc14a6ce0e90c97fd745.webp"",""https://cdn2.jacars.net/media/cache/f2/78/f2789cb35b901f5f5c2bbf2273a151a0.webp""],""phones"":[""+18764834888""],""sellerId"":"""",""city"":""Kingston"",""checkedAt"":""2026-10-10T21:01:33.387Z""},""detailsVersion"":""2026-10-07.3""}",active,2026-10-10T20:30:43Z,200,Matching listing has an available source offer,2026-10-10T20:30:43Z,https://www.jacars.net/adv/2528815_volkswagen-tiguan-2-0l-2012/,0,,visible,,,
jacars-2528344,published,vehicles,vehicles,vehicles,"Mazda Demio 1,3L 2017","JA$ 1,490,000",1490000,JMD,Kingston,Jamaica,Andre,+18762820166,"Demio Sky active, Immaculate condition very clean interior; Multifunction display, android radio, reverse camera ; well maintained,fairly new tyres; general service 2/10/2026, very fuel efficient, registration expires 2028; fitness 2029, no parts needed ,tyre air pump kit; lane assistance, call today, nearest offer will be accepted.",https://cdn2.jacars.net/media/cache/83/1c/831cc856e44e7f0b812aa95e149affdc.webp|https://cdn2.jacars.net/media/cache/db/81/db81403063c4842579b703e5f0360883.webp|https://cdn2.jacars.net/media/cache/bb/bb/bbbbfb6d44fb5c1fbcf9e52e23105feb.webp|https://cdn2.jacars.net/media/cache/f4/b2/f4b20efa666e8cdeacc39c142abea834.webp,JACars,https://www.jacars.net/adv/2528344_mazda-demio-1-3l-2017/,2026-10-08T18:31:14Z,,,,2017,,Automatic,,151000,"{""parser"":""public_marketplace_refresh"",""contactSource"":""https://www.jacars.net/adv/2528344_mazda-demio-1-3l-2017/"",""phoneVerifiedAt"":""2026-10-08T18:31:14Z"",""imageSourceUrl"":""https://www.jacars.net/adv/2528344_mazda-demio-1-3l-2017/"",""imageVerifiedAt"":""2026-10-10T21:01:33.387Z"",""imageIntegrityVersion"":""2026-10-07.1"",""brand"":""Demio"",""transmission"":""Automatic"",""fuel"":""Petrol"",""bodyType"":""HatchBack"",""mileageKm"":151000,""detailsVerifiedAt"":""2026-10-10T20:45:31.479532+00:00"",""detailsSourceUrl"":""https://www.jacars.net/adv/2528344_mazda-demio-1-3l-2017/"",""details"":[{""label"":""Year"",""value"":""2017""},{""label"":""Mileage"",""value"":""151000 km""},{""label"":""Body style"",""value"":""HatchBack""},{""label"":""Transmission"",""value"":""Automatic""},{""label"":""Fuel"",""value"":""Petrol""}],""year"":""2017"",""sourceSpecifications"":[{""label"":""Year"",""value"":""2017""},{""label"":""Mileage"",""value"":""151000 km""},{""label"":""Body style"",""value"":""HatchBack""},{""label"":""Transmission"",""value"":""Automatic""},{""label"":""Fuel"",""value"":""Petrol""}],""listingIdentity"":{""version"":""2026-10-07.1"",""sourceUrl"":""https://www.jacars.net/adv/2528344_mazda-demio-1-3l-2017/"",""title"":""Mazda Demio 1,3L 2017"",""images"":[""https://cdn2.jacars.net/media/cache/83/1c/831cc856e44e7f0b812aa95e149affdc.webp"",""https://cdn2.jacars.net/media/cache/db/81/db81403063c4842579b703e5f0360883.webp"",""https://cdn2.jacars.net/media/cache/bb/bb/bbbbfb6d44fb5c1fbcf9e52e23105feb.webp"",""https://cdn2.jacars.net/media/cache/f4/b2/f4b20efa666e8cdeacc39c142abea834.webp""],""phones"":[""+18762820166""],""sellerId"":"""",""city"":""Kingston"",""checkedAt"":""2026-10-10T21:01:33.387Z""},""detailsVersion"":""2026-10-07.3""}",active,2026-10-10T20:30:43Z,200,Matching listing has an available source offer,2026-10-10T20:30:43Z,https://www.jacars.net/adv/2528344_mazda-demio-1-3l-2017/,0,,visible,,,
jacars-2528802,published,vehicles,vehicles,vehicles,"Honda Civic 1,5L 2018","JA$ 2,800,000",2800000,JMD,Kingston,Jamaica,Stevon Baker,+18763879605,"Honda Civic 2018 VTec Turbo Right Hand Drive
Locally Driven
Clean Condition
Buy and Drive
Accident Free
No Parts Needed
Ac Cold like Ice
Engine and Transmission Solid
Low Mileage
Push to Start
Back Camera
Paddle Shifters

Sen me Dm for more info",https://cdn2.jacars.net/media/cache/08/5d/085ddfadcd459a2480adeb72c564607c.webp|https://cdn2.jacars.net/media/cache/d9/2c/d92c1ee8730e049c853a18c2616eeb12.webp|https://cdn2.jacars.net/media/cache/eb/2d/eb2d2f7dd41a1e0c1016f5a28c63e371.webp|https://cdn2.jacars.net/media/cache/8e/4e/8e4e3564e72a5e22c5fa97054ee58aec.webp,JACars,https://www.jacars.net/adv/2528802_honda-civic-1-5l-2018/,2026-10-08T18:31:14Z,,,,2018,,Automatic,,95000,"{""parser"":""public_marketplace_refresh"",""contactSource"":""https://www.jacars.net/adv/2528802_honda-civic-1-5l-2018/"",""phoneVerifiedAt"":""2026-10-08T18:31:14Z"",""imageSourceUrl"":""https://www.jacars.net/adv/2528802_honda-civic-1-5l-2018/"",""imageVerifiedAt"":""2026-10-10T21:01:33.387Z"",""imageIntegrityVersion"":""2026-10-07.1"",""brand"":""Civic"",""transmission"":""Automatic"",""fuel"":""Petrol"",""bodyType"":""Sedan"",""mileageKm"":95000,""detailsVerifiedAt"":""2026-10-10T20:45:31.479532+00:00"",""detailsSourceUrl"":""https://www.jacars.net/adv/2528802_honda-civic-1-5l-2018/"",""details"":[{""label"":""Year"",""value"":""2018""},{""label"":""Mileage"",""value"":""95000 km""},{""label"":""Body style"",""value"":""Sedan""},{""label"":""Transmission"",""value"":""Automatic""},{""label"":""Fuel"",""value"":""Petrol""},{""label"":""Accident history"",""value"":""No accidents (seller stated)""}],""year"":""2018"",""sourceSpecifications"":[{""label"":""Year"",""value"":""2018""},{""label"":""Mileage"",""value"":""95000 km""},{""label"":""Body style"",""value"":""Sedan""},{""label"":""Transmission"",""value"":""Automatic""},{""label"":""Fuel"",""value"":""Petrol""},{""label"":""Accident history"",""value"":""No accidents (seller stated)""}],""listingIdentity"":{""version"":""2026-10-07.1"",""sourceUrl"":""https://www.jacars.net/adv/2528802_honda-civic-1-5l-2018/"",""title"":""Honda Civic 1,5L 2018"",""images"":[""https://cdn2.jacars.net/media/cache/08/5d/085ddfadcd459a2480adeb72c564607c.webp"",""https://cdn2.jacars.net/media/cache/d9/2c/d92c1ee8730e049c853a18c2616eeb12.webp"",""https://cdn2.jacars.net/media/cache/eb/2d/eb2d2f7dd41a1e0c1016f5a28c63e371.webp"",""https://cdn2.jacars.net/media/cache/8e/4e/8e4e3564e72a5e22c5fa97054ee58aec.webp""],""phones"":[""+18763879605""],""sellerId"":"""",""city"":""Kingston"",""checkedAt"":""2026-10-10T21:01:33.387Z""},""accidentHistory"":""No accidents (seller stated)"",""detailsVersion"":""2026-10-07.3""}",active,2026-10-10T20:30:43Z,200,Matching listing has an available source offer,2026-10-10T20:30:43Z,https://www.jacars.net/adv/2528802_honda-civic-1-5l-2018/,0,,visible,,,
jacars-2528769,published,vehicles,vehicles,vehicles,"BMW 5-Series 2,0L 2013","JA$ 1,560,000",1560000,JMD,Saint Catherine,Jamaica,Johnathan Whyte,+18763578826,ENGINE AND TRANSMISSION SOLID. Buy and drive.,https://cdn2.jacars.net/media/cache/5e/53/5e5330f4822bfccfe6225db05e53a3b0.webp|https://cdn2.jacars.net/media/cache/f5/3a/f53a23d0e0c19ecae5c3526d4fd11c80.webp|https://cdn2.jacars.net/media/cache/22/44/224437b7f58559c913cc1d64ac385cd5.webp|https://cdn2.jacars.net/media/cache/e8/0b/e80baac8175bf571d896fa8203e52a53.webp,JACars,https://www.jacars.net/adv/2528769_bmw-5-series-2-0l-2013/,2026-10-08T18:31:14Z,,,,2013,,Automatic,,,"{""parser"":""public_marketplace_refresh"",""contactSource"":""https://www.jacars.net/adv/2528769_bmw-5-series-2-0l-2013/"",""phoneVerifiedAt"":""2026-10-08T18:31:14Z"",""imageSourceUrl"":""https://www.jacars.net/adv/2528769_bmw-5-series-2-0l-2013/"",""imageVerifiedAt"":""2026-10-10T21:01:33.387Z"",""imageIntegrityVersion"":""2026-10-07.1"",""brand"":""5-Series"",""transmission"":""Automatic"",""fuel"":""Petrol"",""bodyType"":""Sedan"",""detailsVerifiedAt"":""2026-10-10T20:45:31.479532+00:00"",""detailsSourceUrl"":""https://www.jacars.net/adv/2528769_bmw-5-series-2-0l-2013/"",""details"":[{""label"":""Year"",""value"":""2013""},{""label"":""Body style"",""value"":""Sedan""},{""label"":""Transmission"",""value"":""Automatic""},{""label"":""Fuel"",""value"":""Petrol""}],""year"":""2013"",""sourceSpecifications"":[{""label"":""Year"",""value"":""2013""},{""label"":""Body style"",""value"":""Sedan""},{""label"":""Transmission"",""value"":""Automatic""},{""label"":""Fuel"",""value"":""Petrol""}],""listingIdentity"":{""version"":""2026-10-07.1"",""sourceUrl"":""https://www.jacars.net/adv/2528769_bmw-5-series-2-0l-2013/"",""title"":""BMW 5-Series 2,0L 2013"",""images"":[""https://cdn2.jacars.net/media/cache/5e/53/5e5330f4822bfccfe6225db05e53a3b0.webp"",""https://cdn2.jacars.net/media/cache/f5/3a/f53a23d0e0c19ecae5c3526d4fd11c80.webp"",""https://cdn2.jacars.net/media/cache/22/44/224437b7f58559c913cc1d64ac385cd5.webp"",""https://cdn2.jacars.net/media/cache/e8/0b/e80baac8175bf571d896fa8203e52a53.webp""],""phones"":[""+18763578826""],""sellerId"":"""",""city"":""Saint Catherine"",""checkedAt"":""2026-10-10T21:01:33.387Z""},""detailsVersion"":""2026-10-07.3""}",active,2026-10-10T20:30:43Z,200,Matching listing has an available source offer,2026-10-10T20:30:43Z,https://www.jacars.net/adv/2528769_bmw-5-series-2-0l-2013/,0,,visible,,,
jacars-2528780,published,vehicles,vehicles,vehicles,"Volkswagen Tiguan 2,0L 2020","JA$ 3,700,000",3700000,JMD,Kingston,Jamaica,Warren Mullings,+18768999198,"Features a 2.0 TSi engine with an 8-speed automatic transmission with Sport/Tiptronic® mode. Driving Mode Selector (On-Road, Off-Road, Snow, and Off-Road Custom)",https://cdn2.jacars.net/media/cache/44/f2/44f2046a31e38d55b16c16469f28bcb3.webp|https://cdn2.jacars.net/media/cache/11/2d/112dcdf9d44cf842e6571c78f1cf1c42.webp|https://cdn2.jacars.net/media/cache/df/85/df85ee8b5ab03ded7d3c4fa3c9727289.webp|https://cdn2.jacars.net/media/cache/ef/30/ef30467c2ab0b7e45a6a0ce36abf0474.webp,JACars,https://www.jacars.net/adv/2528780_volkswagen-tiguan-2-0l-2020/,2026-10-08T18:31:14Z,,,,2020,,Automatic,,125000,"{""parser"":""public_marketplace_refresh"",""contactSource"":""https://www.jacars.net/adv/2528780_volkswagen-tiguan-2-0l-2020/"",""phoneVerifiedAt"":""2026-10-08T18:31:14Z"",""imageSourceUrl"":""https://www.jacars.net/adv/2528780_volkswagen-tiguan-2-0l-2020/"",""imageVerifiedAt"":""2026-10-10T21:01:33.387Z"",""imageIntegrityVersion"":""2026-10-07.1"",""brand"":""Tiguan"",""transmission"":""Automatic"",""fuel"":""Petrol"",""bodyType"":""SUV"",""mileageKm"":125000,""detailsVerifiedAt"":""2026-10-10T20:45:31.479532+00:00"",""detailsSourceUrl"":""https://www.jacars.net/adv/2528780_volkswagen-tiguan-2-0l-2020/"",""details"":[{""label"":""Year"",""value"":""2020""},{""label"":""Mileage"",""value"":""125000 km""},{""label"":""Body style"",""value"":""SUV""},{""label"":""Transmission"",""value"":""Automatic""},{""label"":""Fuel"",""value"":""Petrol""}],""year"":""2020"",""sourceSpecifications"":[{""label"":""Year"",""value"":""2020""},{""label"":""Mileage"",""value"":""125000 km""},{""label"":""Body style"",""value"":""SUV""},{""label"":""Transmission"",""value"":""Automatic""},{""label"":""Fuel"",""value"":""Petrol""}],""listingIdentity"":{""version"":""2026-10-07.1"",""sourceUrl"":""https://www.jacars.net/adv/2528780_volkswagen-tiguan-2-0l-2020/"",""title"":""Volkswagen Tiguan 2,0L 2020"",""images"":[""https://cdn2.jacars.net/media/cache/44/f2/44f2046a31e38d55b16c16469f28bcb3.webp"",""https://cdn2.jacars.net/media/cache/11/2d/112dcdf9d44cf842e6571c78f1cf1c42.webp"",""https://cdn2.jacars.net/media/cache/df/85/df85ee8b5ab03ded7d3c4fa3c9727289.webp"",""https://cdn2.jacars.net/media/cache/ef/30/ef30467c2ab0b7e45a6a0ce36abf0474.webp""],""phones"":[""+18768999198""],""sellerId"":"""",""city"":""Kingston"",""checkedAt"":""2026-10-10T21:01:33.387Z""},""detailsVersion"":""2026-10-07.3""}",active,2026-10-10T20:30:43Z,200,Matching listing has an available source offer,2026-10-10T20:30:43Z,https://www.jacars.net/adv/2528780_volkswagen-tiguan-2-0l-2020/,0,,visible,,,
jacars-2528203,published,vehicles,vehicles,vehicles,"Honda CR-V 2,0L 2019","JA$ 4,550,000",4550000,JMD,Kingston,Jamaica,Anonds Auto Sales Ltd,+18765032342,"2019 Honda CR-V – Fully Loaded

➡️ Newly Imported
• Power Panoramic Sunroof
• Hands-Free Access Power Tailgate
• Premium Genuine Leather Interior
• Driver 8-Way Power Seat with Memory
• Honda Smart Key & Push-Button Start
• Multifunction Steering-Wheel Controls
• Electronic Parking Brake
• Automatic Brake Hold
• 18-Inch Alloy Wheels
• Roof Rails
• LED Headlights
• Auto High-Beam Headlights
• Blind Spot Information System
• Parking Sensors
• Paddle Shifters
• Collision Assist
• Adaptive Cruise Control
• Lane Keeping Assist System
• Road Departure Mitigation System
• Auto High-Beam System

Premium, economical and exceptionally well equipped.

📞 For more information, call or WhatsApp us today.",https://cdn2.jacars.net/media/cache/01/cd/01cdeee356126f60df96f2f0cec3b166.webp|https://cdn2.jacars.net/media/cache/97/0a/970a1e588cc82e6de4e8ff565f10b4a4.webp|https://cdn2.jacars.net/media/cache/43/f2/43f2eeba7de6895d000342f031a85fd7.webp|https://cdn2.jacars.net/media/cache/ed/2f/ed2fa4827d0c30db885ca90d25795b21.webp,JACars,https://www.jacars.net/adv/2528203_honda-cr-v-2-0l-2019/,2026-10-08T18:31:14Z,,,,2019,,Automatic,,,"{""parser"":""public_marketplace_refresh"",""contactSource"":""https://www.jacars.net/adv/2528203_honda-cr-v-2-0l-2019/"",""phoneVerifiedAt"":""2026-10-08T18:31:14Z"",""imageSourceUrl"":""https://www.jacars.net/adv/2528203_honda-cr-v-2-0l-2019/"",""imageVerifiedAt"":""2026-10-10T21:01:33.387Z"",""imageIntegrityVersion"":""2026-10-07.1"",""brand"":""CR-V"",""transmission"":""Automatic"",""fuel"":""Petrol"",""bodyType"":""SUV"",""detailsVerifiedAt"":""2026-10-10T20:45:31.479532+00:00"",""detailsSourceUrl"":""https://www.jacars.net/adv/2528203_honda-cr-v-2-0l-2019/"",""details"":[{""label"":""Year"",""value"":""2019""},{""label"":""Body style"",""value"":""SUV""},{""label"":""Transmission"",""value"":""Automatic""},{""label"":""Fuel"",""value"":""Petrol""}],""year"":""2019"",""sourceSpecifications"":[{""label"":""Year"",""value"":""2019""},{""label"":""Body style"",""value"":""SUV""},{""label"":""Transmission"",""value"":""Automatic""},{""label"":""Fuel"",""value"":""Petrol""}],""listingIdentity"":{""version"":""2026-10-07.1"",""sourceUrl"":""https://www.jacars.net/adv/2528203_honda-cr-v-2-0l-2019/"",""title"":""Honda CR-V 2,0L 2019"",""images"":[""https://cdn2.jacars.net/media/cache/01/cd/01cdeee356126f60df96f2f0cec3b166.webp"",""https://cdn2.jacars.net/media/cache/97/0a/970a1e588cc82e6de4e8ff565f10b4a4.webp"",""https://cdn2.jacars.net/media/cache/43/f2/43f2eeba7de6895d000342f031a85fd7.webp"",""https://cdn2.jacars.net/media/cache/ed/2f/ed2fa4827d0c30db885ca90d25795b21.webp""],""phones"":[""+18765032342""],""sellerId"":"""",""city"":""Kingston"",""checkedAt"":""2026-10-10T21:01:33.387Z""},""detailsVersion"":""2026-10-07.3""}",active,2026-10-10T20:30:43Z,200,Matching listing has an available source offer,2026-10-10T20:30:43Z,https://www.jacars.net/adv/2528203_honda-cr-v-2-0l-2019/,0,,visible,,,
jacars-2528571,published,vehicles,vehicles,vehicles,"Honda Civic 1,6L 2004","JA$ 785,000",785000,JMD,Saint James,Jamaica,Josh,+18764341083,Excellent condition,https://cdn2.jacars.net/media/cache/21/66/2166cce71160463a0a51e1c813f07337.webp|https://cdn2.jacars.net/media/cache/e0/e5/e0e5c05c1515d123d51230fc843dec8c.webp|https://cdn2.jacars.net/media/cache/b3/d1/b3d1d326ab87774344705c4570a10501.webp|https://cdn2.jacars.net/media/cache/1a/30/1a30b1e43150f3488e023617902b9d12.webp,JACars,https://www.jacars.net/adv/2528571_honda-civic-1-6l-2004/,2026-10-08T18:31:14Z,,,,2004,,Automatic,,229057,"{""parser"":""public_marketplace_refresh"",""contactSource"":""https://www.jacars.net/adv/2528571_honda-civic-1-6l-2004/"",""phoneVerifiedAt"":""2026-10-08T18:31:14Z"",""imageSourceUrl"":""https://www.jacars.net/adv/2528571_honda-civic-1-6l-2004/"",""imageVerifiedAt"":""2026-10-10T21:01:33.387Z"",""imageIntegrityVersion"":""2026-10-07.1"",""brand"":""Civic"",""transmission"":""Automatic"",""fuel"":""Petrol"",""bodyType"":""Sedan"",""mileageKm"":229057,""detailsVerifiedAt"":""2026-10-10T20:45:31.479532+00:00"",""detailsSourceUrl"":""https://www.jacars.net/adv/2528571_honda-civic-1-6l-2004/"",""details"":[{""label"":""Year"",""value"":""2004""},{""label"":""Mileage"",""value"":""229057 km""},{""label"":""Body style"",""value"":""Sedan""},{""label"":""Transmission"",""value"":""Automatic""},{""label"":""Fuel"",""value"":""Petrol""}],""year"":""2004"",""sourceSpecifications"":[{""label"":""Year"",""value"":""2004""},{""label"":""Mileage"",""value"":""229057 km""},{""label"":""Body style"",""value"":""Sedan""},{""label"":""Transmission"",""value"":""Automatic""},{""label"":""Fuel"",""value"":""Petrol""}],""listingIdentity"":{""version"":""2026-10-07.1"",""sourceUrl"":""https://www.jacars.net/adv/2528571_honda-civic-1-6l-2004/"",""title"":""Honda Civic 1,6L 2004"",""images"":[""https://cdn2.jacars.net/media/cache/21/66/2166cce71160463a0a51e1c813f07337.webp"",""https://cdn2.jacars.net/media/cache/e0/e5/e0e5c05c1515d123d51230fc843dec8c.webp"",""https://cdn2.jacars.net/media/cache/b3/d1/b3d1d326ab87774344705c4570a10501.webp"",""https://cdn2.jacars.net/media/cache/1a/30/1a30b1e43150f3488e023617902b9d12.webp""],""phones"":[""+18764341083""],""sellerId"":"""",""city"":""Saint James"",""checkedAt"":""2026-10-10T21:01:33.387Z""},""detailsVersion"":""2026-10-07.3""}",active,2026-10-10T20:30:43Z,200,Matching listing has an available source offer,2026-10-10T20:30:43Z,https://www.jacars.net/adv/2528571_honda-civic-1-6l-2004/,0,,visible,,,
jacars-2528748,published,vehicles,vehicles,vehicles,"Honda Fit 1,4L 2021","JA$ 2,380,000",2380000,JMD,Kingston,Jamaica,Urban Autosales & Imports,+18765794212,"2021 Honda Fit (PETROL)
▪️NEWLY IMPORTED
▪️Honda Sensing
▪️Push to Start
▪️Fuel Efficient
▪️1500cc
▪️ Mileage: 58,000+km
▪️Bluetooth radio
▪️Lane assist
▪️Cruise Control
▪️Retractable power mirrors
▪️ 360 Sensor system
▪️ Two (2) tone Colour seats
▪️ Automatic walk away lock 🔒

Price = $2,380,000.00

Contact: 876-579-4212/ 876-204-4382 for Info.",https://cdn2.jacars.net/media/cache/08/c3/08c3e415cc7b4fe9a271a849acfa3a4f.webp|https://cdn2.jacars.net/media/cache/ae/a9/aea93e9ec3eca519e22735b4523fc8b1.webp|https://cdn2.jacars.net/media/cache/51/7a/517a5594f973e624d556a623694fb13d.webp|https://cdn2.jacars.net/media/cache/dd/76/dd76ba28ed319a3f6c943441d57010d6.webp,JACars,https://www.jacars.net/adv/2528748_honda-fit-1-4l-2021/,2026-10-08T18:31:14Z,,,,2021,,Automatic,,58500,"{""parser"":""public_marketplace_refresh"",""contactSource"":""https://www.jacars.net/adv/2528748_honda-fit-1-4l-2021/"",""phoneVerifiedAt"":""2026-10-08T18:31:14Z"",""imageSourceUrl"":""https://www.jacars.net/adv/2528748_honda-fit-1-4l-2021/"",""imageVerifiedAt"":""2026-10-10T21:01:33.387Z"",""imageIntegrityVersion"":""2026-10-07.1"",""brand"":""Fit"",""transmission"":""Automatic"",""fuel"":""Petrol"",""bodyType"":""HatchBack"",""mileageKm"":58500,""detailsVerifiedAt"":""2026-10-10T20:45:31.479532+00:00"",""detailsSourceUrl"":""https://www.jacars.net/adv/2528748_honda-fit-1-4l-2021/"",""details"":[{""label"":""Year"",""value"":""2021""},{""label"":""Mileage"",""value"":""58500 km""},{""label"":""Body style"",""value"":""HatchBack""},{""label"":""Transmission"",""value"":""Automatic""},{""label"":""Fuel"",""value"":""Petrol""}],""year"":""2021"",""sourceSpecifications"":[{""label"":""Year"",""value"":""2021""},{""label"":""Mileage"",""value"":""58500 km""},{""label"":""Body style"",""value"":""HatchBack""},{""label"":""Transmission"",""value"":""Automatic""},{""label"":""Fuel"",""value"":""Petrol""}],""listingIdentity"":{""version"":""2026-10-07.1"",""sourceUrl"":""https://www.jacars.net/adv/2528748_honda-fit-1-4l-2021/"",""title"":""Honda Fit 1,4L 2021"",""images"":[""https://cdn2.jacars.net/media/cache/08/c3/08c3e415cc7b4fe9a271a849acfa3a4f.webp"",""https://cdn2.jacars.net/media/cache/ae/a9/aea93e9ec3eca519e22735b4523fc8b1.webp"",""https://cdn2.jacars.net/media/cache/51/7a/517a5594f973e624d556a623694fb13d.webp"",""https://cdn2.jacars.net/media/cache/dd/76/dd76ba28ed319a3f6c943441d57010d6.webp""],""phones"":[""+18765794212""],""sellerId"":"""",""city"":""Kingston"",""checkedAt"":""2026-10-10T21:01:33.387Z""},""detailsVersion"":""2026-10-07.3""}",active,2026-10-10T20:30:43Z,200,Matching listing has an available source offer,2026-10-10T20:30:43Z,https://www.jacars.net/adv/2528748_honda-fit-1-4l-2021/,0,,visible,,,
jacars-2528745,published,vehicles,vehicles,vehicles,"Honda Fit 1,5L 2022","JA$ 2,750,000",2750000,JMD,Saint Andrew,Jamaica,Kaptin auto sales and imports,+18765049414,Newly imported non hybrid,https://cdn2.jacars.net/media/cache/70/b9/70b9c0a1456e4d754bda27f2d3bdf590.webp|https://cdn2.jacars.net/media/cache/b7/9c/b79cf0f4e3d37275fc532745be56ded0.webp|https://cdn2.jacars.net/media/cache/53/dd/53ddcdfd2b134af41b2ca5919ebe9f94.webp|https://cdn2.jacars.net/media/cache/9c/10/9c10aa360c7902f282c17be70dc0f76d.webp,JACars,https://www.jacars.net/adv/2528745_honda-fit-1-5l-2022/,2026-10-08T18:31:14Z,,,,2022,,Automatic,,69000,"{""parser"":""public_marketplace_refresh"",""contactSource"":""https://www.jacars.net/adv/2528745_honda-fit-1-5l-2022/"",""phoneVerifiedAt"":""2026-10-08T18:31:14Z"",""imageSourceUrl"":""https://www.jacars.net/adv/2528745_honda-fit-1-5l-2022/"",""imageVerifiedAt"":""2026-10-10T21:01:33.387Z"",""imageIntegrityVersion"":""2026-10-07.1"",""brand"":""Fit"",""transmission"":""Automatic"",""fuel"":""Petrol"",""bodyType"":""HatchBack"",""mileageKm"":69000,""detailsVerifiedAt"":""2026-10-10T20:45:31.479532+00:00"",""detailsSourceUrl"":""https://www.jacars.net/adv/2528745_honda-fit-1-5l-2022/"",""details"":[{""label"":""Year"",""value"":""2022""},{""label"":""Mileage"",""value"":""69000 km""},{""label"":""Body style"",""value"":""HatchBack""},{""label"":""Transmission"",""value"":""Automatic""},{""label"":""Fuel"",""value"":""Petrol""}],""year"":""2022"",""sourceSpecifications"":[{""label"":""Year"",""value"":""2022""},{""label"":""Mileage"",""value"":""69000 km""},{""label"":""Body style"",""value"":""HatchBack""},{""label"":""Transmission"",""value"":""Automatic""},{""label"":""Fuel"",""value"":""Petrol""}],""listingIdentity"":{""version"":""2026-10-07.1"",""sourceUrl"":""https://www.jacars.net/adv/2528745_honda-fit-1-5l-2022/"",""title"":""Honda Fit 1,5L 2022"",""images"":[""https://cdn2.jacars.net/media/cache/70/b9/70b9c0a1456e4d754bda27f2d3bdf590.webp"",""https://cdn2.jacars.net/media/cache/b7/9c/b79cf0f4e3d37275fc532745be56ded0.webp"",""https://cdn2.jacars.net/media/cache/53/dd/53ddcdfd2b134af41b2ca5919ebe9f94.webp"",""https://cdn2.jacars.net/media/cache/9c/10/9c10aa360c7902f282c17be70dc0f76d.webp""],""phones"":[""+18765049414""],""sellerId"":"""",""city"":""Saint Andrew"",""checkedAt"":""2026-10-10T21:01:33.387Z""},""detailsVersion"":""2026-10-07.3""}",active,2026-10-10T20:30:43Z,200,Matching listing has an available source offer,2026-10-10T20:30:43Z,https://www.jacars.net/adv/2528745_honda-fit-1-5l-2022/,0,,visible,,,
jacars-2528743,published,vehicles,vehicles,vehicles,"Honda Fit 1,5L 2021","JA$ 2,600,000",2600000,JMD,Saint Andrew,Jamaica,Kaptin auto sales and imports,+18765049414,Newly imported fuel efficient,https://cdn2.jacars.net/media/cache/70/03/70035d4740056731d9ef3daf0ee4b0c3.webp|https://cdn2.jacars.net/media/cache/93/79/937986fd3321949b04b158743f4477b3.webp|https://cdn2.jacars.net/media/cache/6b/c5/6bc5acecd7c495a21a22b22ce3e96859.webp|https://cdn2.jacars.net/media/cache/da/43/da43065de9338f0d2f5cb3adf89d641f.webp,JACars,https://www.jacars.net/adv/2528743_honda-fit-1-5l-2021/,2026-10-08T18:31:14Z,,,,2021,,Automatic,,68000,"{""parser"":""public_marketplace_refresh"",""contactSource"":""https://www.jacars.net/adv/2528743_honda-fit-1-5l-2021/"",""phoneVerifiedAt"":""2026-10-08T18:31:14Z"",""imageSourceUrl"":""https://www.jacars.net/adv/2528743_honda-fit-1-5l-2021/"",""imageVerifiedAt"":""2026-10-10T21:01:33.387Z"",""imageIntegrityVersion"":""2026-10-07.1"",""brand"":""Fit"",""transmission"":""Automatic"",""fuel"":""Petrol"",""bodyType"":""HatchBack"",""mileageKm"":68000,""detailsVerifiedAt"":""2026-10-10T20:45:31.479532+00:00"",""detailsSourceUrl"":""https://www.jacars.net/adv/2528743_honda-fit-1-5l-2021/"",""details"":[{""label"":""Year"",""value"":""2021""},{""label"":""Mileage"",""value"":""68000 km""},{""label"":""Body style"",""value"":""HatchBack""},{""label"":""Transmission"",""value"":""Automatic""},{""label"":""Fuel"",""value"":""Petrol""}],""year"":""2021"",""sourceSpecifications"":[{""label"":""Year"",""value"":""2021""},{""label"":""Mileage"",""value"":""68000 km""},{""label"":""Body style"",""value"":""HatchBack""},{""label"":""Transmission"",""value"":""Automatic""},{""label"":""Fuel"",""value"":""Petrol""}],""listingIdentity"":{""version"":""2026-10-07.1"",""sourceUrl"":""https://www.jacars.net/adv/2528743_honda-fit-1-5l-2021/"",""title"":""Honda Fit 1,5L 2021"",""images"":[""https://cdn2.jacars.net/media/cache/70/03/70035d4740056731d9ef3daf0ee4b0c3.webp"",""https://cdn2.jacars.net/media/cache/93/79/937986fd3321949b04b158743f4477b3.webp"",""https://cdn2.jacars.net/media/cache/6b/c5/6bc5acecd7c495a21a22b22ce3e96859.webp"",""https://cdn2.jacars.net/media/cache/da/43/da43065de9338f0d2f5cb3adf89d641f.webp""],""phones"":[""+18765049414""],""sellerId"":"""",""city"":""Saint Andrew"",""checkedAt"":""2026-10-10T21:01:33.387Z""},""detailsVersion"":""2026-10-07.3""}",active,2026-10-10T20:30:43Z,200,Matching listing has an available source offer,2026-10-10T20:30:43Z,https://www.jacars.net/adv/2528743_honda-fit-1-5l-2021/,0,,visible,,,
jacars-2528728,published,vehicles,vehicles,vehicles,"Porsche Macan 2,0L 2022","JA$ 10,500,000",10500000,JMD,Kingston,Jamaica,calvin,+18765405256,Make an offer,https://cdn2.jacars.net/media/cache/c0/ff/c0ff6352802bd6622c850c16338b588a.webp|https://cdn2.jacars.net/media/cache/01/2d/012dfd784946761d65cc7cfdb0cacb0c.webp|https://cdn2.jacars.net/media/cache/78/c5/78c562a5d8f62f4e5ed0dc33142d5449.webp|https://cdn2.jacars.net/media/cache/f6/54/f654479f33d3cc5686fe5e8da8427f00.webp,JACars,https://www.jacars.net/adv/2528728_porsche-macan-2-0l-2022/,2026-10-08T18:31:14Z,,,,2022,,Automatic,,27000,"{""parser"":""public_marketplace_refresh"",""contactSource"":""https://www.jacars.net/adv/2528728_porsche-macan-2-0l-2022/"",""phoneVerifiedAt"":""2026-10-08T18:31:14Z"",""imageSourceUrl"":""https://www.jacars.net/adv/2528728_porsche-macan-2-0l-2022/"",""imageVerifiedAt"":""2026-10-10T21:01:33.387Z"",""imageIntegrityVersion"":""2026-10-07.1"",""brand"":""Macan"",""transmission"":""Automatic"",""fuel"":""Petrol"",""bodyType"":""HatchBack"",""mileageKm"":27000,""detailsVerifiedAt"":""2026-10-10T20:45:31.479532+00:00"",""detailsSourceUrl"":""https://www.jacars.net/adv/2528728_porsche-macan-2-0l-2022/"",""details"":[{""label"":""Year"",""value"":""2022""},{""label"":""Mileage"",""value"":""27000 km""},{""label"":""Body style"",""value"":""HatchBack""},{""label"":""Transmission"",""value"":""Automatic""},{""label"":""Fuel"",""value"":""Petrol""}],""year"":""2022"",""sourceSpecifications"":[{""label"":""Year"",""value"":""2022""},{""label"":""Mileage"",""value"":""27000 km""},{""label"":""Body style"",""value"":""HatchBack""},{""label"":""Transmission"",""value"":""Automatic""},{""label"":""Fuel"",""value"":""Petrol""}],""listingIdentity"":{""version"":""2026-10-07.1"",""sourceUrl"":""https://www.jacars.net/adv/2528728_porsche-macan-2-0l-2022/"",""title"":""Porsche Macan 2,0L 2022"",""images"":[""https://cdn2.jacars.net/media/cache/c0/ff/c0ff6352802bd6622c850c16338b588a.webp"",""https://cdn2.jacars.net/media/cache/01/2d/012dfd784946761d65cc7cfdb0cacb0c.webp"",""https://cdn2.jacars.net/media/cache/78/c5/78c562a5d8f62f4e5ed0dc33142d5449.webp"",""https://cdn2.jacars.net/media/cache/f6/54/f654479f33d3cc5686fe5e8da8427f00.webp""],""phones"":[""+18765405256""],""sellerId"":"""",""city"":""Kingston"",""checkedAt"":""2026-10-10T21:01:33.387Z""},""detailsVersion"":""2026-10-07.3""}",active,2026-10-10T20:30:43Z,200,Matching listing has an available source offer,2026-10-10T20:30:43Z,https://www.jacars.net/adv/2528728_porsche-macan-2-0l-2022/,0,,visible,,,
jacars-2528713,published,vehicles,vehicles,vehicles,"Toyota Hiace 3,0L 2016",Contact seller,,JMD,Saint Ann,Jamaica,Steel Wheel Auto Limited,+18764706672,"2016 Toyota Hiace
Newly Imported
Super GL
Button Start
Navi Tv
Reverse Camera
Two Side Sliding Door
Diesel
3L
2wd",https://cdn2.jacars.net/media/cache/30/84/308413d30260bd9ee15f613539d894c0.webp|https://cdn2.jacars.net/media/cache/bf/a5/bfa56f19c9f7aebec97aaf4c98a3f188.webp|https://cdn2.jacars.net/media/cache/07/f7/07f753991d221fb748f7560b9eacb860.webp|https://cdn2.jacars.net/media/cache/af/92/af925dfa65cff686038ca3e087b6a1bc.webp,JACars,https://www.jacars.net/adv/2528713_toyota-hiace-3-0l-2016/,2026-10-08T18:31:14Z,,,,2016,,Automatic,,,"{""parser"":""public_marketplace_refresh"",""contactSource"":""https://www.jacars.net/adv/2528713_toyota-hiace-3-0l-2016/"",""phoneVerifiedAt"":""2026-10-08T18:31:14Z"",""imageSourceUrl"":""https://www.jacars.net/adv/2528713_toyota-hiace-3-0l-2016/"",""imageVerifiedAt"":""2026-10-10T21:01:33.387Z"",""imageIntegrityVersion"":""2026-10-07.1"",""brand"":""Hiace"",""transmission"":""Automatic"",""fuel"":""Diesel"",""bodyType"":""Vans"",""detailsVerifiedAt"":""2026-10-10T20:45:31.479532+00:00"",""detailsSourceUrl"":""https://www.jacars.net/adv/2528713_toyota-hiace-3-0l-2016/"",""details"":[{""label"":""Year"",""value"":""2016""},{""label"":""Body style"",""value"":""Vans""},{""label"":""Transmission"",""value"":""Automatic""},{""label"":""Fuel"",""value"":""Diesel""}],""year"":""2016"",""sourceSpecifications"":[{""label"":""Year"",""value"":""2016""},{""label"":""Body style"",""value"":""Vans""},{""label"":""Transmission"",""value"":""Automatic""},{""label"":""Fuel"",""value"":""Diesel""}],""listingIdentity"":{""version"":""2026-10-07.1"",""sourceUrl"":""https://www.jacars.net/adv/2528713_toyota-hiace-3-0l-2016/"",""title"":""Toyota Hiace 3,0L 2016"",""images"":[""https://cdn2.jacars.net/media/cache/30/84/308413d30260bd9ee15f613539d894c0.webp"",""https://cdn2.jacars.net/media/cache/bf/a5/bfa56f19c9f7aebec97aaf4c98a3f188.webp"",""https://cdn2.jacars.net/media/cache/07/f7/07f753991d221fb748f7560b9eacb860.webp"",""https://cdn2.jacars.net/media/cache/af/92/af925dfa65cff686038ca3e087b6a1bc.webp""],""phones"":[""+18764706672""],""sellerId"":"""",""city"":""Saint Ann"",""checkedAt"":""2026-10-10T21:01:33.387Z""},""detailsVersion"":""2026-10-07.3""}",active,2026-10-10T20:30:43Z,200,Matching listing has an available source offer,2026-10-10T20:30:43Z,https://www.jacars.net/adv/2528713_toyota-hiace-3-0l-2016/,0,,visible,,,
jacars-2527611,published,vehicles,vehicles,vehicles,"Audi Q5 2,0L 2023","JA$ 6,850,000",6850000,JMD,Kingston,Jamaica,Darren,+18768616235,"NEED TO GO ASAP!!!

🚗✨ LADY DRIVEN | DEALER BOUGHT | FULL SERVICE PACKAGE | UNDER WARRANTY-NEED

🛡️ Warranty

Covered under warranty until November 2027 or 100,000 km, whichever comes first.

🔧 Vehicle Accessories & Features
❄️ Air Conditioning (Automatic Climate Control)
🚗 Power Steering
↕️ Tilt Steering (Manual)
🔄 Telescopic Steering (Manual)
🎛️ Multifunction Steering Wheel
📱 Bluetooth
🔑 Smart Key (W/Button Start)
🔐 Keyless Entry
💡 Alarm System
🪑 6 Airbags
🛞 Front/Side/Side Curtain Airbags
🖥️ Tachometer
📊 Trip Computer
🌡️ External Temperature Display
⚡ Power Mirrors (Signalized/Retractable)
🪟 Power Windows
🔒 Central Locking
💺 5 Seats
🪑 Front Pre-Tensioned Seatbelts
🔥 Power Seat
🛋️ Synthetic Leather Upholstery
📻 Radio/CD Player
🎛️ Anti-Theft System
💡 LED Headlamps
💡 Front Colour Keyed Bumper
🚘 Alloy Rims (Factory 19 Inch)
🪞 Colour Keyed Exterior Mirrors
🪞 Tint (Aftermarket)
🚘 Rocker Panel Mouldings
🛡️ Roof Mouldings
🎨 Two-Tone Exterior
🛑 Mudguards
🪟…",https://cdn2.jacars.net/media/cache/95/fe/95febfefa3dfa01e0b4cb3638017fe9e.webp|https://cdn2.jacars.net/media/cache/59/da/59daa87c83c79fe7d4a4048a37be9881.webp|https://cdn2.jacars.net/media/cache/b3/69/b3694db925bce96ea092ce6e04718aa6.webp|https://cdn2.jacars.net/media/cache/f5/4c/f54c7da4d1c375b88c89386dc1b10e70.webp,JACars,https://www.jacars.net/adv/2527611_audi-q5-2-0l-2023/,2026-10-08T18:31:14Z,,,,2023,,Automatic,,41000,"{""parser"":""public_marketplace_refresh"",""contactSource"":""https://www.jacars.net/adv/2527611_audi-q5-2-0l-2023/"",""phoneVerifiedAt"":""2026-10-08T18:31:14Z"",""imageSourceUrl"":""https://www.jacars.net/adv/2527611_audi-q5-2-0l-2023/"",""imageVerifiedAt"":""2026-10-10T21:01:33.387Z"",""imageIntegrityVersion"":""2026-10-07.1"",""brand"":""Q5"",""transmission"":""Automatic"",""fuel"":""Diesel"",""bodyType"":""SUV"",""mileageKm"":41000,""detailsVerifiedAt"":""2026-10-10T20:45:31.479532+00:00"",""detailsSourceUrl"":""https://www.jacars.net/adv/2527611_audi-q5-2-0l-2023/"",""details"":[{""label"":""Year"",""value"":""2023""},{""label"":""Mileage"",""value"":""41000 km""},{""label"":""Seats"",""value"":""5""},{""label"":""Body style"",""value"":""SUV""},{""label"":""Transmission"",""value"":""Automatic""},{""label"":""Fuel"",""value"":""Diesel""}],""year"":""2023"",""sourceSpecifications"":[{""label"":""Year"",""value"":""2023""},{""label"":""Mileage"",""value"":""41000 km""},{""label"":""Seats"",""value"":""5""},{""label"":""Body style"",""value"":""SUV""},{""label"":""Transmission"",""value"":""Automatic""},{""label"":""Fuel"",""value"":""Diesel""}],""listingIdentity"":{""version"":""2026-10-07.1"",""sourceUrl"":""https://www.jacars.net/adv/2527611_audi-q5-2-0l-2023/"",""title"":""Audi Q5 2,0L 2023"",""images"":[""https://cdn2.jacars.net/media/cache/95/fe/95febfefa3dfa01e0b4cb3638017fe9e.webp"",""https://cdn2.jacars.net/media/cache/59/da/59daa87c83c79fe7d4a4048a37be9881.webp"",""https://cdn2.jacars.net/media/cache/b3/69/b3694db925bce96ea092ce6e04718aa6.webp"",""https://cdn2.jacars.net/media/cache/f5/4c/f54c7da4d1c375b88c89386dc1b10e70.webp""],""phones"":[""+18768616235""],""sellerId"":"""",""city"":""Kingston"",""checkedAt"":""2026-10-10T21:01:33.387Z""},""seats"":""5"",""detailsVersion"":""2026-10-07.3""}",active,2026-10-10T20:30:43Z,200,Matching listing has an available source offer,2026-10-10T20:30:43Z,https://www.jacars.net/adv/2527611_audi-q5-2-0l-2023/,0,,visible,,,
jacars-2527538,published,vehicles,vehicles,vehicles,"Toyota Wish 2,0L 2012","JA$ 1,300,000",1300000,JMD,Saint Catherine,Jamaica,Jabari Ormsby,+18767870251,"Contact
8765569541",https://cdn2.jacars.net/media/cache/ae/be/aebe4bb4782fa7ad557dae47b347703e.webp|https://cdn2.jacars.net/media/cache/3a/ac/3aacb49993c0b422c1f20d55cbbe55eb.webp|https://cdn2.jacars.net/media/cache/a1/b1/a1b1378db80e811171769cc10aae97d8.webp|https://cdn2.jacars.net/media/cache/0d/d9/0dd9563816cf36c2d1d1b2fc27cfe3ec.webp,JACars,https://www.jacars.net/adv/2527538_toyota-wish-2-0l-2012/,2026-10-08T18:31:14Z,,,,2012,,Automatic,,485172,"{""parser"":""public_marketplace_refresh"",""contactSource"":""https://www.jacars.net/adv/2527538_toyota-wish-2-0l-2012/"",""phoneVerifiedAt"":""2026-10-08T18:31:14Z"",""imageSourceUrl"":""https://www.jacars.net/adv/2527538_toyota-wish-2-0l-2012/"",""imageVerifiedAt"":""2026-10-10T21:01:33.387Z"",""imageIntegrityVersion"":""2026-10-07.1"",""brand"":""Wish"",""transmission"":""Automatic"",""fuel"":""Petrol"",""bodyType"":""Wagon"",""mileageKm"":485172,""detailsVerifiedAt"":""2026-10-10T20:45:31.479532+00:00"",""detailsSourceUrl"":""https://www.jacars.net/adv/2527538_toyota-wish-2-0l-2012/"",""details"":[{""label"":""Year"",""value"":""2012""},{""label"":""Mileage"",""value"":""485172 km""},{""label"":""Body style"",""value"":""Wagon""},{""label"":""Transmission"",""value"":""Automatic""},{""label"":""Fuel"",""value"":""Petrol""}],""year"":""2012"",""sourceSpecifications"":[{""label"":""Year"",""value"":""2012""},{""label"":""Mileage"",""value"":""485172 km""},{""label"":""Body style"",""value"":""Wagon""},{""label"":""Transmission"",""value"":""Automatic""},{""label"":""Fuel"",""value"":""Petrol""}],""listingIdentity"":{""version"":""2026-10-07.1"",""sourceUrl"":""https://www.jacars.net/adv/2527538_toyota-wish-2-0l-2012/"",""title"":""Toyota Wish 2,0L 2012"",""images"":[""https://cdn2.jacars.net/media/cache/ae/be/aebe4bb4782fa7ad557dae47b347703e.webp"",""https://cdn2.jacars.net/media/cache/3a/ac/3aacb49993c0b422c1f20d55cbbe55eb.webp"",""https://cdn2.jacars.net/media/cache/a1/b1/a1b1378db80e811171769cc10aae97d8.webp"",""https://cdn2.jacars.net/media/cache/0d/d9/0dd9563816cf36c2d1d1b2fc27cfe3ec.webp""],""phones"":[""+18767870251""],""sellerId"":"""",""city"":""Saint Catherine"",""checkedAt"":""2026-10-10T21:01:33.387Z""},""detailsVersion"":""2026-10-07.3""}",active,2026-10-10T20:30:43Z,200,Matching listing has an available source offer,2026-10-10T20:30:43Z,https://www.jacars.net/adv/2527538_toyota-wish-2-0l-2012/,0,,visible,,,
jacars-2528689,published,vehicles,vehicles,vehicles,"Honda BR-V 1,5L 2023","JA$ 3,800,000",3800000,JMD,Kingston,Jamaica,Chris,+18768381418,"Dual AC
7 Seater
Spare wheel
Excellent gas consumption
Touchscreen radio
Steering radio control
Reverse camera
Backup sensor",https://cdn2.jacars.net/media/cache/e9/03/e903740a1ae4249fc46e34f64eba33f0.webp|https://cdn2.jacars.net/media/cache/41/2d/412d87b86814ea05012deed4819aabba.webp|https://cdn2.jacars.net/media/cache/b8/a0/b8a02f24fda0dadd769e0196139bf97e.webp|https://cdn2.jacars.net/media/cache/d9/61/d9610ab2c7059c7e81269fe45cd59f17.webp,JACars,https://www.jacars.net/adv/2528689_honda-br-v-1-5l-2023/,2026-10-08T18:31:14Z,,,,2023,,Automatic,,65000,"{""parser"":""public_marketplace_refresh"",""contactSource"":""https://www.jacars.net/adv/2528689_honda-br-v-1-5l-2023/"",""phoneVerifiedAt"":""2026-10-08T18:31:14Z"",""imageSourceUrl"":""https://www.jacars.net/adv/2528689_honda-br-v-1-5l-2023/"",""imageVerifiedAt"":""2026-10-10T21:01:33.387Z"",""imageIntegrityVersion"":""2026-10-07.1"",""brand"":""BR-V"",""transmission"":""Automatic"",""fuel"":""Petrol"",""bodyType"":""SUV"",""mileageKm"":65000,""detailsVerifiedAt"":""2026-10-10T20:45:31.479532+00:00"",""detailsSourceUrl"":""https://www.jacars.net/adv/2528689_honda-br-v-1-5l-2023/"",""details"":[{""label"":""Year"",""value"":""2023""},{""label"":""Mileage"",""value"":""65000 km""},{""label"":""Seats"",""value"":""7""},{""label"":""Body style"",""value"":""SUV""},{""label"":""Transmission"",""value"":""Automatic""},{""label"":""Fuel"",""value"":""Petrol""}],""year"":""2023"",""sourceSpecifications"":[{""label"":""Year"",""value"":""2023""},{""label"":""Mileage"",""value"":""65000 km""},{""label"":""Seats"",""value"":""7""},{""label"":""Body style"",""value"":""SUV""},{""label"":""Transmission"",""value"":""Automatic""},{""label"":""Fuel"",""value"":""Petrol""}],""listingIdentity"":{""version"":""2026-10-07.1"",""sourceUrl"":""https://www.jacars.net/adv/2528689_honda-br-v-1-5l-2023/"",""title"":""Honda BR-V 1,5L 2023"",""images"":[""https://cdn2.jacars.net/media/cache/e9/03/e903740a1ae4249fc46e34f64eba33f0.webp"",""https://cdn2.jacars.net/media/cache/41/2d/412d87b86814ea05012deed4819aabba.webp"",""https://cdn2.jacars.net/media/cache/b8/a0/b8a02f24fda0dadd769e0196139bf97e.webp"",""https://cdn2.jacars.net/media/cache/d9/61/d9610ab2c7059c7e81269fe45cd59f17.webp""],""phones"":[""+18768381418""],""sellerId"":"""",""city"":""Kingston"",""checkedAt"":""2026-10-10T21:01:33.387Z""},""seats"":""7"",""detailsVersion"":""2026-10-07.3""}",active,2026-10-10T20:30:43Z,200,Matching listing has an available source offer,2026-10-10T20:30:43Z,https://www.jacars.net/adv/2528689_honda-br-v-1-5l-2023/,0,,visible,,,
jacars-2528687,published,vehicles,vehicles,vehicles,"Honda Grace 1,5L 2015",Contact seller,,JMD,Manchester,Jamaica,White Line Auto Hub,+18768316636,"2015 Honda Grace
$1,899,999
876 831 6636",https://cdn2.jacars.net/media/cache/b1/c0/b1c0ab15ffebe321777f13d28b7fad7d.webp|https://cdn2.jacars.net/media/cache/e8/52/e852b6316d432d8044250e8855e084c8.webp|https://cdn2.jacars.net/media/cache/5a/c5/5ac5ed7876c6ba29a806f0e6c531d12e.webp|https://cdn2.jacars.net/media/cache/f2/8f/f28fd8c17801cd2e5409865908a26c04.webp,JACars,https://www.jacars.net/adv/2528687_honda-grace-1-5l-2015/,2026-10-08T18:31:14Z,,,,2015,,Automatic,,,"{""parser"":""public_marketplace_refresh"",""contactSource"":""https://www.jacars.net/adv/2528687_honda-grace-1-5l-2015/"",""phoneVerifiedAt"":""2026-10-08T18:31:14Z"",""imageSourceUrl"":""https://www.jacars.net/adv/2528687_honda-grace-1-5l-2015/"",""imageVerifiedAt"":""2026-10-10T21:01:33.387Z"",""imageIntegrityVersion"":""2026-10-07.1"",""brand"":""Grace"",""transmission"":""Automatic"",""fuel"":""Hybrid/Electric"",""bodyType"":""Sedan"",""detailsVerifiedAt"":""2026-10-10T20:45:31.479532+00:00"",""detailsSourceUrl"":""https://www.jacars.net/adv/2528687_honda-grace-1-5l-2015/"",""details"":[{""label"":""Year"",""value"":""2015""},{""label"":""Body style"",""value"":""Sedan""},{""label"":""Transmission"",""value"":""Automatic""},{""label"":""Fuel"",""value"":""Hybrid/Electric""}],""year"":""2015"",""sourceSpecifications"":[{""label"":""Year"",""value"":""2015""},{""label"":""Body style"",""value"":""Sedan""},{""label"":""Transmission"",""value"":""Automatic""},{""label"":""Fuel"",""value"":""Hybrid/Electric""}],""listingIdentity"":{""version"":""2026-10-07.1"",""sourceUrl"":""https://www.jacars.net/adv/2528687_honda-grace-1-5l-2015/"",""title"":""Honda Grace 1,5L 2015"",""images"":[""https://cdn2.jacars.net/media/cache/b1/c0/b1c0ab15ffebe321777f13d28b7fad7d.webp"",""https://cdn2.jacars.net/media/cache/e8/52/e852b6316d432d8044250e8855e084c8.webp"",""https://cdn2.jacars.net/media/cache/5a/c5/5ac5ed7876c6ba29a806f0e6c531d12e.webp"",""https://cdn2.jacars.net/media/cache/f2/8f/f28fd8c17801cd2e5409865908a26c04.webp""],""phones"":[""+18768316636""],""sellerId"":"""",""city"":""Manchester"",""checkedAt"":""2026-10-10T21:01:33.387Z""},""detailsVersion"":""2026-10-07.3""}",active,2026-10-10T20:30:43Z,200,Matching listing has an available source offer,2026-10-10T20:30:43Z,https://www.jacars.net/adv/2528687_honda-grace-1-5l-2015/,0,,visible,,,
jacars-2528672,published,vehicles,vehicles,vehicles,"Honda Grace 1,5L 2015","JA$ 1,750,000",1750000,JMD,Saint Elizabeth,Jamaica,Dem3tri Automotive & Rentals LTD,+18764834863,"Newly Imported
876-483-4863",https://cdn2.jacars.net/media/cache/22/82/2282c484f1e201ca269b6ee5bdcd49b9.webp|https://cdn2.jacars.net/media/cache/5d/14/5d14a2298f02b7317ad6a8bccf4667be.webp|https://cdn2.jacars.net/media/cache/68/71/687191bc9e214c04f27f7ed17461a55e.webp|https://cdn2.jacars.net/media/cache/a8/e9/a8e9e800b1259862e5467e1de086afae.webp,JACars,https://www.jacars.net/adv/2528672_honda-grace-1-5l-2015/,2026-10-08T18:31:14Z,,,,2015,,Automatic,,150000,"{""parser"":""public_marketplace_refresh"",""contactSource"":""https://www.jacars.net/adv/2528672_honda-grace-1-5l-2015/"",""phoneVerifiedAt"":""2026-10-08T18:31:14Z"",""imageSourceUrl"":""https://www.jacars.net/adv/2528672_honda-grace-1-5l-2015/"",""imageVerifiedAt"":""2026-10-10T21:01:33.387Z"",""imageIntegrityVersion"":""2026-10-07.1"",""brand"":""Grace"",""transmission"":""Automatic"",""fuel"":""Hybrid/Electric"",""bodyType"":""Sedan"",""mileageKm"":150000,""detailsVerifiedAt"":""2026-10-10T20:45:31.479532+00:00"",""detailsSourceUrl"":""https://www.jacars.net/adv/2528672_honda-grace-1-5l-2015/"",""details"":[{""label"":""Year"",""value"":""2015""},{""label"":""Mileage"",""value"":""150000 km""},{""label"":""Body style"",""value"":""Sedan""},{""label"":""Transmission"",""value"":""Automatic""},{""label"":""Fuel"",""value"":""Hybrid/Electric""}],""year"":""2015"",""sourceSpecifications"":[{""label"":""Year"",""value"":""2015""},{""label"":""Mileage"",""value"":""150000 km""},{""label"":""Body style"",""value"":""Sedan""},{""label"":""Transmission"",""value"":""Automatic""},{""label"":""Fuel"",""value"":""Hybrid/Electric""}],""listingIdentity"":{""version"":""2026-10-07.1"",""sourceUrl"":""https://www.jacars.net/adv/2528672_honda-grace-1-5l-2015/"",""title"":""Honda Grace 1,5L 2015"",""images"":[""https://cdn2.jacars.net/media/cache/22/82/2282c484f1e201ca269b6ee5bdcd49b9.webp"",""https://cdn2.jacars.net/media/cache/5d/14/5d14a2298f02b7317ad6a8bccf4667be.webp"",""https://cdn2.jacars.net/media/cache/68/71/687191bc9e214c04f27f7ed17461a55e.webp"",""https://cdn2.jacars.net/media/cache/a8/e9/a8e9e800b1259862e5467e1de086afae.webp""],""phones"":[""+18764834863""],""sellerId"":"""",""city"":""Saint Elizabeth"",""checkedAt"":""2026-10-10T21:01:33.387Z""},""detailsVersion"":""2026-10-07.3""}",active,2026-10-10T20:30:43Z,200,Matching listing has an available source offer,2026-10-10T20:30:43Z,https://www.jacars.net/adv/2528672_honda-grace-1-5l-2015/,0,,visible,,,
jacars-2528655,published,vehicles,vehicles,vehicles,"Toyota Noah 2,0L 2015","JA$ 2,800,000",2800000,JMD,Saint Ann,Jamaica,Leahcim Auto Sales,+18765189847,Newly imported roof monitor 2 power door,https://cdn2.jacars.net/media/cache/17/0c/170ce9b2e01f682f235d9bea271625a8.webp|https://cdn2.jacars.net/media/cache/69/80/69809edf1680fdadb6b3a72cd87b7d6d.webp|https://cdn2.jacars.net/media/cache/7c/35/7c35ecd495cce9dca8fbb088f739ea62.webp|https://cdn2.jacars.net/media/cache/d8/67/d867bca81a825f87d4fc15204db98fd6.webp,JACars,https://www.jacars.net/adv/2528655_toyota-noah-2-0l-2015/,2026-10-08T18:31:14Z,,,,2015,,Automatic,,113000,"{""parser"":""public_marketplace_refresh"",""contactSource"":""https://www.jacars.net/adv/2528655_toyota-noah-2-0l-2015/"",""phoneVerifiedAt"":""2026-10-08T18:31:14Z"",""imageSourceUrl"":""https://www.jacars.net/adv/2528655_toyota-noah-2-0l-2015/"",""imageVerifiedAt"":""2026-10-10T21:01:33.387Z"",""imageIntegrityVersion"":""2026-10-07.1"",""brand"":""Noah"",""transmission"":""Automatic"",""fuel"":""Petrol"",""bodyType"":""Vans"",""mileageKm"":113000,""detailsVerifiedAt"":""2026-10-10T20:45:31.479532+00:00"",""detailsSourceUrl"":""https://www.jacars.net/adv/2528655_toyota-noah-2-0l-2015/"",""details"":[{""label"":""Year"",""value"":""2015""},{""label"":""Mileage"",""value"":""113000 km""},{""label"":""Body style"",""value"":""Vans""},{""label"":""Transmission"",""value"":""Automatic""},{""label"":""Fuel"",""value"":""Petrol""}],""year"":""2015"",""sourceSpecifications"":[{""label"":""Year"",""value"":""2015""},{""label"":""Mileage"",""value"":""113000 km""},{""label"":""Body style"",""value"":""Vans""},{""label"":""Transmission"",""value"":""Automatic""},{""label"":""Fuel"",""value"":""Petrol""}],""listingIdentity"":{""version"":""2026-10-07.1"",""sourceUrl"":""https://www.jacars.net/adv/2528655_toyota-noah-2-0l-2015/"",""title"":""Toyota Noah 2,0L 2015"",""images"":[""https://cdn2.jacars.net/media/cache/17/0c/170ce9b2e01f682f235d9bea271625a8.webp"",""https://cdn2.jacars.net/media/cache/69/80/69809edf1680fdadb6b3a72cd87b7d6d.webp"",""https://cdn2.jacars.net/media/cache/7c/35/7c35ecd495cce9dca8fbb088f739ea62.webp"",""https://cdn2.jacars.net/media/cache/d8/67/d867bca81a825f87d4fc15204db98fd6.webp""],""phones"":[""+18765189847""],""sellerId"":"""",""city"":""Saint Ann"",""checkedAt"":""2026-10-10T21:01:33.387Z""},""detailsVersion"":""2026-10-07.3""}",active,2026-10-10T20:30:43Z,200,Matching listing has an available source offer,2026-10-10T20:30:43Z,https://www.jacars.net/adv/2528655_toyota-noah-2-0l-2015/,0,,visible,,,
jacars-2527794,published,vehicles,vehicles,vehicles,"Honda Fit Shuttle 1,5L 2015","JA$ 1,499,000",1499000,JMD,Saint Elizabeth,Jamaica,Rory Holness,+18764778862,"Leather interior,Sport package,factory alloy rims,
New import ,2015 Honda Fit Shuttle EXL",https://cdn2.jacars.net/media/cache/3f/9b/3f9b9363bf7c68bef35300a715a1addb.webp|https://cdn2.jacars.net/media/cache/44/8a/448a0dee2a19115bca979c5c19cd8925.webp|https://cdn2.jacars.net/media/cache/cc/76/cc7600d23a354a5a0d8f98eaee686b11.webp|https://cdn2.jacars.net/media/cache/62/1a/621a2f932aea8659e3be89ec85a74558.webp,JACars,https://www.jacars.net/adv/2527794_honda-fit-shuttle-1-5l-2015/,2026-10-08T18:31:14Z,,,,2015,,Automatic,,87000,"{""parser"":""public_marketplace_refresh"",""contactSource"":""https://www.jacars.net/adv/2527794_honda-fit-shuttle-1-5l-2015/"",""phoneVerifiedAt"":""2026-10-08T18:31:14Z"",""imageSourceUrl"":""https://www.jacars.net/adv/2527794_honda-fit-shuttle-1-5l-2015/"",""imageVerifiedAt"":""2026-10-10T21:01:33.387Z"",""imageIntegrityVersion"":""2026-10-07.1"",""brand"":""Fit Shuttle"",""transmission"":""Automatic"",""fuel"":""Petrol"",""bodyType"":""HatchBack"",""mileageKm"":87000,""detailsVerifiedAt"":""2026-10-10T20:45:31.479532+00:00"",""detailsSourceUrl"":""https://www.jacars.net/adv/2527794_honda-fit-shuttle-1-5l-2015/"",""details"":[{""label"":""Year"",""value"":""2015""},{""label"":""Mileage"",""value"":""87000 km""},{""label"":""Body style"",""value"":""HatchBack""},{""label"":""Transmission"",""value"":""Automatic""},{""label"":""Fuel"",""value"":""Petrol""}],""year"":""2015"",""sourceSpecifications"":[{""label"":""Year"",""value"":""2015""},{""label"":""Mileage"",""value"":""87000 km""},{""label"":""Body style"",""value"":""HatchBack""},{""label"":""Transmission"",""value"":""Automatic""},{""label"":""Fuel"",""value"":""Petrol""}],""listingIdentity"":{""version"":""2026-10-07.1"",""sourceUrl"":""https://www.jacars.net/adv/2527794_honda-fit-shuttle-1-5l-2015/"",""title"":""Honda Fit Shuttle 1,5L 2015"",""images"":[""https://cdn2.jacars.net/media/cache/3f/9b/3f9b9363bf7c68bef35300a715a1addb.webp"",""https://cdn2.jacars.net/media/cache/44/8a/448a0dee2a19115bca979c5c19cd8925.webp"",""https://cdn2.jacars.net/media/cache/cc/76/cc7600d23a354a5a0d8f98eaee686b11.webp"",""https://cdn2.jacars.net/media/cache/62/1a/621a2f932aea8659e3be89ec85a74558.webp""],""phones"":[""+18764778862""],""sellerId"":"""",""city"":""Saint Elizabeth"",""checkedAt"":""2026-10-10T21:01:33.387Z""},""detailsVersion"":""2026-10-07.3""}",active,2026-10-10T20:30:43Z,200,Matching listing has an available source offer,2026-10-10T20:30:43Z,https://www.jacars.net/adv/2527794_honda-fit-shuttle-1-5l-2015/,0,,visible,,,
jacars-2481720,published,vehicles,vehicles,vehicles,"Audi Q3 2,0L 2015","JA$ 1,980,000",1980000,JMD,Saint James,Jamaica,Rayan Smith,+18767962771,"2015 AUDI Q3
$1,980,000 (NEG)

✅POWERED SEATS WITH LUMBAR SUPPORT
✅TINTED
✅AUTO WINDSHIELD WIPERS
✅KEYLESS ENTRY
✅ KEYLESS IGNITION
✅ 2 LITER TURBO ENGINE
✅ BLUETOOTH STEREO (AUDI MMI)
✅TILT & TELESCOPIC STEERING WHEEL
✅AUDIO CONTROL ON STEERING
✅ELECTRIC POWER STEERING
✅REAR VIEW CAMERA
✅FRONT & REAR PARKING SENSOR
✅7 SPEED S-TRONIC
✅ VARIOUS DRIVE MODES
Etc

…………………………………………………………….",https://cdn2.jacars.net/media/cache/52/ce/52ce07d7d1389bf846cc45d7bb0ca74f.webp|https://cdn2.jacars.net/media/cache/6e/48/6e482e9a49dbde78ac77fd31ffdced53.webp|https://cdn2.jacars.net/media/cache/04/96/0496470c323d0dd80709ac2ebd6e45ed.webp|https://cdn2.jacars.net/media/cache/3f/8a/3f8abc4c658ec4c6476286d0d3d87a62.webp,JACars,https://www.jacars.net/adv/2481720_audi-q3-2-0l-2015/,2026-10-08T18:31:14Z,,,,2015,,Automatic,,160,"{""parser"":""public_marketplace_refresh"",""contactSource"":""https://www.jacars.net/adv/2481720_audi-q3-2-0l-2015/"",""phoneVerifiedAt"":""2026-10-08T18:31:14Z"",""imageSourceUrl"":""https://www.jacars.net/adv/2481720_audi-q3-2-0l-2015/"",""imageVerifiedAt"":""2026-10-10T21:01:33.387Z"",""imageIntegrityVersion"":""2026-10-07.1"",""brand"":""Q3"",""transmission"":""Automatic"",""fuel"":""Petrol"",""bodyType"":""SUV"",""mileageKm"":160,""detailsVerifiedAt"":""2026-10-10T20:45:31.479532+00:00"",""detailsSourceUrl"":""https://www.jacars.net/adv/2481720_audi-q3-2-0l-2015/"",""details"":[{""label"":""Year"",""value"":""2015""},{""label"":""Mileage"",""value"":""160 km""},{""label"":""Body style"",""value"":""SUV""},{""label"":""Transmission"",""value"":""Automatic""},{""label"":""Fuel"",""value"":""Petrol""}],""year"":""2015"",""sourceSpecifications"":[{""label"":""Year"",""value"":""2015""},{""label"":""Mileage"",""value"":""160 km""},{""label"":""Body style"",""value"":""SUV""},{""label"":""Transmission"",""value"":""Automatic""},{""label"":""Fuel"",""value"":""Petrol""}],""listingIdentity"":{""version"":""2026-10-07.1"",""sourceUrl"":""https://www.jacars.net/adv/2481720_audi-q3-2-0l-2015/"",""title"":""Audi Q3 2,0L 2015"",""images"":[""https://cdn2.jacars.net/media/cache/52/ce/52ce07d7d1389bf846cc45d7bb0ca74f.webp"",""https://cdn2.jacars.net/media/cache/6e/48/6e482e9a49dbde78ac77fd31ffdced53.webp"",""https://cdn2.jacars.net/media/cache/04/96/0496470c323d0dd80709ac2ebd6e45ed.webp"",""https://cdn2.jacars.net/media/cache/3f/8a/3f8abc4c658ec4c6476286d0d3d87a62.webp""],""phones"":[""+18767962771""],""sellerId"":"""",""city"":""Saint James"",""checkedAt"":""2026-10-10T21:01:33.387Z""},""detailsVersion"":""2026-10-07.3""}",active,2026-10-10T20:30:43Z,200,Matching listing has an available source offer,2026-10-10T20:30:43Z,https://www.jacars.net/adv/2481720_audi-q3-2-0l-2015/,0,,visible,,,
jacars-2528617,published,vehicles,vehicles,vehicles,"Toyota Fielder 1,5L 2021","JA$ 2,350,000",2350000,JMD,Saint Elizabeth,Jamaica,JCP AUTO SALES,+18765543426,"2021 TOYOTA CAROLLA FIELDER LOCATED AT JCP AUTO SALES, TOP HILL DISTRICT, JUNCTION P.O. ST ELIZABETH",https://cdn2.jacars.net/media/cache/80/b6/80b6e56a59c61ec94799a3d03cf36b46.webp|https://cdn2.jacars.net/media/cache/16/af/16af4e794ac924382008375e26d97953.webp|https://cdn2.jacars.net/media/cache/7c/fc/7cfc879314f10d968cb970bed5f8c811.webp|https://cdn2.jacars.net/media/cache/47/d1/47d10be14585a18dd0cd08774251157d.webp,JACars,https://www.jacars.net/adv/2528617_toyota-fielder-1-5l-2021/,2026-10-08T18:31:14Z,,,,2021,,Automatic,,53855,"{""parser"":""public_marketplace_refresh"",""contactSource"":""https://www.jacars.net/adv/2528617_toyota-fielder-1-5l-2021/"",""phoneVerifiedAt"":""2026-10-08T18:31:14Z"",""imageSourceUrl"":""https://www.jacars.net/adv/2528617_toyota-fielder-1-5l-2021/"",""imageVerifiedAt"":""2026-10-10T21:01:33.387Z"",""imageIntegrityVersion"":""2026-10-07.1"",""brand"":""Fielder"",""transmission"":""Automatic"",""fuel"":""Hybrid/Electric"",""bodyType"":""Wagon"",""mileageKm"":53855,""detailsVerifiedAt"":""2026-10-10T20:45:31.479532+00:00"",""detailsSourceUrl"":""https://www.jacars.net/adv/2528617_toyota-fielder-1-5l-2021/"",""details"":[{""label"":""Year"",""value"":""2021""},{""label"":""Mileage"",""value"":""53855 km""},{""label"":""Body style"",""value"":""Wagon""},{""label"":""Transmission"",""value"":""Automatic""},{""label"":""Fuel"",""value"":""Hybrid/Electric""}],""year"":""2021"",""sourceSpecifications"":[{""label"":""Year"",""value"":""2021""},{""label"":""Mileage"",""value"":""53855 km""},{""label"":""Body style"",""value"":""Wagon""},{""label"":""Transmission"",""value"":""Automatic""},{""label"":""Fuel"",""value"":""Hybrid/Electric""}],""listingIdentity"":{""version"":""2026-10-07.1"",""sourceUrl"":""https://www.jacars.net/adv/2528617_toyota-fielder-1-5l-2021/"",""title"":""Toyota Fielder 1,5L 2021"",""images"":[""https://cdn2.jacars.net/media/cache/80/b6/80b6e56a59c61ec94799a3d03cf36b46.webp"",""https://cdn2.jacars.net/media/cache/16/af/16af4e794ac924382008375e26d97953.webp"",""https://cdn2.jacars.net/media/cache/7c/fc/7cfc879314f10d968cb970bed5f8c811.webp"",""https://cdn2.jacars.net/media/cache/47/d1/47d10be14585a18dd0cd08774251157d.webp""],""phones"":[""+18765543426""],""sellerId"":"""",""city"":""Saint Elizabeth"",""checkedAt"":""2026-10-10T21:01:33.387Z""},""detailsVersion"":""2026-10-07.3""}",active,2026-10-10T20:30:43Z,200,Matching listing has an available source offer,2026-10-10T20:30:43Z,https://www.jacars.net/adv/2528617_toyota-fielder-1-5l-2021/,0,,visible,,,
jacars-2527858,published,vehicles,vehicles,vehicles,"Nissan X-Trail 2,0L 2022","JA$ 4,650,000",4650000,JMD,Kingston,Jamaica,CSL AUTO SALES LIMITED SALES REPRESENTATIVE,+18765973919,"✅FULL SERVICE DONE

✅FREE VALUATION

✅FREE FITNESS

✅WARRANTY ON ENGINE & TRANSMISSION",https://cdn2.jacars.net/media/cache/0d/78/0d781031b0d40c24e6cfa4e3c86a1074.webp|https://cdn2.jacars.net/media/cache/3c/53/3c530cff4439f58ca9060bdd27d6f75a.webp|https://cdn2.jacars.net/media/cache/73/09/730906aeb0d4664a0749ad7fc087d62d.webp|https://cdn2.jacars.net/media/cache/23/f9/23f98f1377aac7ed4bff1f621fc0890e.webp,JACars,https://www.jacars.net/adv/2527858_nissan-x-trail-2-0l-2022/,2026-10-08T18:31:14Z,,,,2022,,Automatic,,,"{""parser"":""public_marketplace_refresh"",""contactSource"":""https://www.jacars.net/adv/2527858_nissan-x-trail-2-0l-2022/"",""phoneVerifiedAt"":""2026-10-08T18:31:14Z"",""imageSourceUrl"":""https://www.jacars.net/adv/2527858_nissan-x-trail-2-0l-2022/"",""imageVerifiedAt"":""2026-10-10T21:01:33.387Z"",""imageIntegrityVersion"":""2026-10-07.1"",""brand"":""X-Trail"",""transmission"":""Automatic"",""fuel"":""Petrol"",""bodyType"":""Sedan"",""detailsVerifiedAt"":""2026-10-10T20:45:31.479532+00:00"",""detailsSourceUrl"":""https://www.jacars.net/adv/2527858_nissan-x-trail-2-0l-2022/"",""details"":[{""label"":""Year"",""value"":""2022""},{""label"":""Body style"",""value"":""Sedan""},{""label"":""Transmission"",""value"":""Automatic""},{""label"":""Fuel"",""value"":""Petrol""}],""year"":""2022"",""sourceSpecifications"":[{""label"":""Year"",""value"":""2022""},{""label"":""Body style"",""value"":""Sedan""},{""label"":""Transmission"",""value"":""Automatic""},{""label"":""Fuel"",""value"":""Petrol""}],""listingIdentity"":{""version"":""2026-10-07.1"",""sourceUrl"":""https://www.jacars.net/adv/2527858_nissan-x-trail-2-0l-2022/"",""title"":""Nissan X-Trail 2,0L 2022"",""images"":[""https://cdn2.jacars.net/media/cache/0d/78/0d781031b0d40c24e6cfa4e3c86a1074.webp"",""https://cdn2.jacars.net/media/cache/3c/53/3c530cff4439f58ca9060bdd27d6f75a.webp"",""https://cdn2.jacars.net/media/cache/73/09/730906aeb0d4664a0749ad7fc087d62d.webp"",""https://cdn2.jacars.net/media/cache/23/f9/23f98f1377aac7ed4bff1f621fc0890e.webp""],""phones"":[""+18765973919""],""sellerId"":"""",""city"":""Kingston"",""checkedAt"":""2026-10-10T21:01:33.387Z""},""detailsVersion"":""2026-10-07.3""}",active,2026-10-10T20:30:43Z,200,Matching listing has an available source offer,2026-10-10T20:30:43Z,https://www.jacars.net/adv/2527858_nissan-x-trail-2-0l-2022/,0,,visible,,,
jacars-2528601,published,vehicles,vehicles,vehicles,"Toyota Hilux 2,4L 2023","JA$ 8,500,000",8500000,JMD,Manchester,Jamaica,Wheelz by Jamcruz,+18764868566,"✅PRICE:$8,500,000!!
✅NEWLY IMPORTED 2023 TOYOTA HILUX REVO GR
✅DVD/cd player
✅Parking sensors
✅Lane assist
✅Collision assist
✅Paddle Shift
✅Fog Lamp
✅SideStep
✅Reverse camera
✅KeyLessEntry
✅Button start
✅4x4
✅Stock alloy wheels
✅WILLING TO TRADE.!!
📞 Contact:1876-314-2835",https://cdn2.jacars.net/media/cache/09/78/097874803c9e8edba207ec4efd5583d3.webp|https://cdn2.jacars.net/media/cache/30/90/3090435f54e13e48e6490017f3b24c1b.webp|https://cdn2.jacars.net/media/cache/31/12/311219015cf309941bfbcf935db398a2.webp|https://cdn2.jacars.net/media/cache/26/c0/26c04c217efcf26022802d430a23c4f7.webp,JACars,https://www.jacars.net/adv/2528601_toyota-hilux-2-4l-2023/,2026-10-08T18:31:14Z,,,,2023,,Automatic,,,"{""parser"":""public_marketplace_refresh"",""contactSource"":""https://www.jacars.net/adv/2528601_toyota-hilux-2-4l-2023/"",""phoneVerifiedAt"":""2026-10-08T18:31:14Z"",""imageSourceUrl"":""https://www.jacars.net/adv/2528601_toyota-hilux-2-4l-2023/"",""imageVerifiedAt"":""2026-10-10T21:01:33.387Z"",""imageIntegrityVersion"":""2026-10-07.1"",""brand"":""Hilux"",""transmission"":""Automatic"",""fuel"":""Diesel"",""bodyType"":""Pickup"",""detailsVerifiedAt"":""2026-10-10T20:45:31.479532+00:00"",""detailsSourceUrl"":""https://www.jacars.net/adv/2528601_toyota-hilux-2-4l-2023/"",""details"":[{""label"":""Year"",""value"":""2023""},{""label"":""Body style"",""value"":""Pickup""},{""label"":""Transmission"",""value"":""Automatic""},{""label"":""Fuel"",""value"":""Diesel""}],""year"":""2023"",""sourceSpecifications"":[{""label"":""Year"",""value"":""2023""},{""label"":""Body style"",""value"":""Pickup""},{""label"":""Transmission"",""value"":""Automatic""},{""label"":""Fuel"",""value"":""Diesel""}],""listingIdentity"":{""version"":""2026-10-07.1"",""sourceUrl"":""https://www.jacars.net/adv/2528601_toyota-hilux-2-4l-2023/"",""title"":""Toyota Hilux 2,4L 2023"",""images"":[""https://cdn2.jacars.net/media/cache/09/78/097874803c9e8edba207ec4efd5583d3.webp"",""https://cdn2.jacars.net/media/cache/30/90/3090435f54e13e48e6490017f3b24c1b.webp"",""https://cdn2.jacars.net/media/cache/31/12/311219015cf309941bfbcf935db398a2.webp"",""https://cdn2.jacars.net/media/cache/26/c0/26c04c217efcf26022802d430a23c4f7.webp""],""phones"":[""+18764868566""],""sellerId"":"""",""city"":""Manchester"",""checkedAt"":""2026-10-10T21:01:33.387Z""},""detailsVersion"":""2026-10-07.3""}",active,2026-10-10T20:30:43Z,200,Matching listing has an available source offer,2026-10-10T20:30:43Z,https://www.jacars.net/adv/2528601_toyota-hilux-2-4l-2023/,0,,visible,,,
jacars-2528598,published,vehicles,vehicles,vehicles,"Toyota Axio 1,5L 2018","JA$ 2,030,000",2030000,JMD,Kingston,Jamaica,Starzmotors876,+18769094613,Cleanest,https://cdn2.jacars.net/media/cache/a2/01/a201d8763072d3cf8750212a88a89003.webp|https://cdn2.jacars.net/media/cache/a4/da/a4da69e0cc8983b22abb59e510d70896.webp|https://cdn2.jacars.net/media/cache/7f/10/7f101e5e13c207fc7aa2a291de1f9cc0.webp|https://cdn2.jacars.net/media/cache/00/99/0099f19bb75a2db9a9209499bf8dcff5.webp,JACars,https://www.jacars.net/adv/2528598_toyota-axio-1-5l-2018/,2026-10-08T18:31:14Z,,,,2018,,Automatic,,68596,"{""parser"":""public_marketplace_refresh"",""contactSource"":""https://www.jacars.net/adv/2528598_toyota-axio-1-5l-2018/"",""phoneVerifiedAt"":""2026-10-08T18:31:14Z"",""imageSourceUrl"":""https://www.jacars.net/adv/2528598_toyota-axio-1-5l-2018/"",""imageVerifiedAt"":""2026-10-10T21:01:33.387Z"",""imageIntegrityVersion"":""2026-10-07.1"",""brand"":""Axio"",""transmission"":""Automatic"",""fuel"":""Petrol"",""bodyType"":""Sedan"",""mileageKm"":68596,""detailsVerifiedAt"":""2026-10-10T20:45:31.479532+00:00"",""detailsSourceUrl"":""https://www.jacars.net/adv/2528598_toyota-axio-1-5l-2018/"",""details"":[{""label"":""Year"",""value"":""2018""},{""label"":""Mileage"",""value"":""68596 km""},{""label"":""Body style"",""value"":""Sedan""},{""label"":""Transmission"",""value"":""Automatic""},{""label"":""Fuel"",""value"":""Petrol""}],""year"":""2018"",""sourceSpecifications"":[{""label"":""Year"",""value"":""2018""},{""label"":""Mileage"",""value"":""68596 km""},{""label"":""Body style"",""value"":""Sedan""},{""label"":""Transmission"",""value"":""Automatic""},{""label"":""Fuel"",""value"":""Petrol""}],""listingIdentity"":{""version"":""2026-10-07.1"",""sourceUrl"":""https://www.jacars.net/adv/2528598_toyota-axio-1-5l-2018/"",""title"":""Toyota Axio 1,5L 2018"",""images"":[""https://cdn2.jacars.net/media/cache/a2/01/a201d8763072d3cf8750212a88a89003.webp"",""https://cdn2.jacars.net/media/cache/a4/da/a4da69e0cc8983b22abb59e510d70896.webp"",""https://cdn2.jacars.net/media/cache/7f/10/7f101e5e13c207fc7aa2a291de1f9cc0.webp"",""https://cdn2.jacars.net/media/cache/00/99/0099f19bb75a2db9a9209499bf8dcff5.webp""],""phones"":[""+18769094613""],""sellerId"":"""",""city"":""Kingston"",""checkedAt"":""2026-10-10T21:01:33.387Z""},""detailsVersion"":""2026-10-07.3""}",active,2026-10-10T20:30:43Z,200,Matching listing has an available source offer,2026-10-10T20:30:43Z,https://www.jacars.net/adv/2528598_toyota-axio-1-5l-2018/,0,,visible,,,
jacars-2528590,published,vehicles,vehicles,vehicles,"Toyota RAV4 2,0L 2023","JA$ 6,590,000",6590000,JMD,Manchester,Jamaica,TOP RATED AUTOMOTIVE LTD,+18765122128,"2023 TOYOTA RAV4 GZ PACKAGE FULLY LOADED
PRICE: $6,590,000..WILLING TO TRADE

💎 Excellent Condition | GZ Package

✔️ GZ Package
✔️ Fully Loaded
✔️ Sporty Exterior Styling
✔️ Premium Interior
✔️ Leather Seats
✔️ Power Driver Seat
✔️ Push Start
✔️ Smart Key Entry
✔️ Digital Climate Control
✔️ Dual-Zone A/C
✔️ Reverse Camera
✔️ 360° Camera
✔️ Large Touchscreen Display
✔️ Apple CarPlay & Android Auto
✔️ Bluetooth Connectivity
✔️ Multifunction Steering Wheel
✔️ Cruise Control
✔️ Lane Departure Alert
✔️ Pre-Collision Safety System
✔️ Adaptive Cruise Control
✔️ Blind Spot Monitoring
✔️ Rear Cross-Traffic Alert
✔️ Alloy Wheels
✔️ LED Headlights
✔️ Fog Lights
✔️ Power Windows & Mirrors
✔️ Keyless Entry
✔️ Electric Tailgate
✔️ Excellent Fuel Economy
✔️ Smooth, Comfortable & Reliable

🏆 TOP RATED AUTOMOTIVE LTD
Kingsland Pen Lot 4 & 5, Mandeville
Manchester, Jamaica
📞 876-512-2128

🚗 WE BUY 🤝 WE SELL 🤝 WE TRADE

#ToyotaRAV4 #RAV4GZ #RAV4Jamaica #ToyotaJamaica #SUVJamaica",https://cdn2.jacars.net/media/cache/4b/01/4b018f8d7c7979eea0c0cdc6ac19a628.webp|https://cdn2.jacars.net/media/cache/f7/14/f714298f75986508b8374a4a4ee730d6.webp|https://cdn2.jacars.net/media/cache/4e/79/4e79efca632f48a6e41fa12dc726e415.webp|https://cdn2.jacars.net/media/cache/61/a9/61a9520caaf5d066a066060f5afc982e.webp,JACars,https://www.jacars.net/adv/2528590_toyota-rav4-2-0l-2023/,2026-10-08T18:31:14Z,,,,2023,,Automatic,,74508,"{""parser"":""public_marketplace_refresh"",""contactSource"":""https://www.jacars.net/adv/2528590_toyota-rav4-2-0l-2023/"",""phoneVerifiedAt"":""2026-10-08T18:31:14Z"",""imageSourceUrl"":""https://www.jacars.net/adv/2528590_toyota-rav4-2-0l-2023/"",""imageVerifiedAt"":""2026-10-10T21:01:33.387Z"",""imageIntegrityVersion"":""2026-10-07.1"",""brand"":""RAV4"",""transmission"":""Automatic"",""fuel"":""Petrol"",""bodyType"":""SUV"",""mileageKm"":74508,""detailsVerifiedAt"":""2026-10-10T20:45:31.479532+00:00"",""detailsSourceUrl"":""https://www.jacars.net/adv/2528590_toyota-rav4-2-0l-2023/"",""details"":[{""label"":""Year"",""value"":""2023""},{""label"":""Mileage"",""value"":""74508 km""},{""label"":""Body style"",""value"":""SUV""},{""label"":""Transmission"",""value"":""Automatic""},{""label"":""Fuel"",""value"":""Petrol""}],""year"":""2023"",""sourceSpecifications"":[{""label"":""Year"",""value"":""2023""},{""label"":""Mileage"",""value"":""74508 km""},{""label"":""Body style"",""value"":""SUV""},{""label"":""Transmission"",""value"":""Automatic""},{""label"":""Fuel"",""value"":""Petrol""}],""listingIdentity"":{""version"":""2026-10-07.1"",""sourceUrl"":""https://www.jacars.net/adv/2528590_toyota-rav4-2-0l-2023/"",""title"":""Toyota RAV4 2,0L 2023"",""images"":[""https://cdn2.jacars.net/media/cache/4b/01/4b018f8d7c7979eea0c0cdc6ac19a628.webp"",""https://cdn2.jacars.net/media/cache/f7/14/f714298f75986508b8374a4a4ee730d6.webp"",""https://cdn2.jacars.net/media/cache/4e/79/4e79efca632f48a6e41fa12dc726e415.webp"",""https://cdn2.jacars.net/media/cache/61/a9/61a9520caaf5d066a066060f5afc982e.webp""],""phones"":[""+18765122128""],""sellerId"":"""",""city"":""Manchester"",""checkedAt"":""2026-10-10T21:01:33.387Z""},""detailsVersion"":""2026-10-07.3""}",active,2026-10-10T20:30:43Z,200,Matching listing has an available source offer,2026-10-10T20:30:43Z,https://www.jacars.net/adv/2528590_toyota-rav4-2-0l-2023/,0,,visible,,,
jacars-2527873,published,vehicles,vehicles,vehicles,"Toyota Axio 1,6L 2018","JA$ 1,850,000",1850000,JMD,Kingston,Jamaica,Starzmotors876,+18769094613,"Clean, all documents up to date",https://cdn2.jacars.net/media/cache/62/ac/62ac584547ec31cac32a0e6d612cf200.webp|https://cdn2.jacars.net/media/cache/48/26/48267e5c625215aa6fa2d2dea1ff91bd.webp|https://cdn2.jacars.net/media/cache/a0/ab/a0ab173c8f66efc2c6f22e83b202bf43.webp|https://cdn2.jacars.net/media/cache/b7/40/b74024f3534be416829e92d232a15c51.webp,JACars,https://www.jacars.net/adv/2527873_toyota-axio-1-6l-2018/,2026-10-08T18:31:14Z,,,,2018,,Automatic,,2946,"{""parser"":""public_marketplace_refresh"",""contactSource"":""https://www.jacars.net/adv/2527873_toyota-axio-1-6l-2018/"",""phoneVerifiedAt"":""2026-10-08T18:31:14Z"",""imageSourceUrl"":""https://www.jacars.net/adv/2527873_toyota-axio-1-6l-2018/"",""imageVerifiedAt"":""2026-10-10T21:01:33.387Z"",""imageIntegrityVersion"":""2026-10-07.1"",""brand"":""Axio"",""transmission"":""Automatic"",""fuel"":""Petrol"",""bodyType"":""Sedan"",""mileageKm"":2946,""detailsVerifiedAt"":""2026-10-10T20:45:31.479532+00:00"",""detailsSourceUrl"":""https://www.jacars.net/adv/2527873_toyota-axio-1-6l-2018/"",""details"":[{""label"":""Year"",""value"":""2018""},{""label"":""Mileage"",""value"":""2946 km""},{""label"":""Body style"",""value"":""Sedan""},{""label"":""Transmission"",""value"":""Automatic""},{""label"":""Fuel"",""value"":""Petrol""}],""year"":""2018"",""sourceSpecifications"":[{""label"":""Year"",""value"":""2018""},{""label"":""Mileage"",""value"":""2946 km""},{""label"":""Body style"",""value"":""Sedan""},{""label"":""Transmission"",""value"":""Automatic""},{""label"":""Fuel"",""value"":""Petrol""}],""listingIdentity"":{""version"":""2026-10-07.1"",""sourceUrl"":""https://www.jacars.net/adv/2527873_toyota-axio-1-6l-2018/"",""title"":""Toyota Axio 1,6L 2018"",""images"":[""https://cdn2.jacars.net/media/cache/62/ac/62ac584547ec31cac32a0e6d612cf200.webp"",""https://cdn2.jacars.net/media/cache/48/26/48267e5c625215aa6fa2d2dea1ff91bd.webp"",""https://cdn2.jacars.net/media/cache/a0/ab/a0ab173c8f66efc2c6f22e83b202bf43.webp"",""https://cdn2.jacars.net/media/cache/b7/40/b74024f3534be416829e92d232a15c51.webp""],""phones"":[""+18769094613""],""sellerId"":"""",""city"":""Kingston"",""checkedAt"":""2026-10-10T21:01:33.387Z""},""detailsVersion"":""2026-10-07.3""}",active,2026-10-10T20:30:43Z,200,Matching listing has an available source offer,2026-10-10T20:30:43Z,https://www.jacars.net/adv/2527873_toyota-axio-1-6l-2018/,0,,visible,,,
jacars-2528528,published,vehicles,vehicles,vehicles,"Land Rover Defender 3,0L 2022","JA$ 12,300,000",12300000,JMD,Kingston,Jamaica,Brandon,+18768695532,"Fully Loaded Dealer Bought & Maintained Defender with All the Options including mini fridge, AC Seats, Wireless Apple CarPlay, etc Price to Sell !!!!",https://cdn2.jacars.net/media/cache/2d/94/2d94773d5de558c2fc1912f7457e868d.webp|https://cdn2.jacars.net/media/cache/ab/e5/abe50125be4959815a4e936786abd235.webp|https://cdn2.jacars.net/media/cache/2c/55/2c5576d85a190a2b34ff7ebdf11e1dd1.webp|https://cdn2.jacars.net/media/cache/08/f2/08f2ad201d70052255c71a8b8902b466.webp,JACars,https://www.jacars.net/adv/2528528_land-rover-defender-3-0l-2022/,2026-10-08T18:31:14Z,,,,2022,,Automatic,,45000,"{""parser"":""public_marketplace_refresh"",""contactSource"":""https://www.jacars.net/adv/2528528_land-rover-defender-3-0l-2022/"",""phoneVerifiedAt"":""2026-10-08T18:31:14Z"",""imageSourceUrl"":""https://www.jacars.net/adv/2528528_land-rover-defender-3-0l-2022/"",""imageVerifiedAt"":""2026-10-10T21:01:33.387Z"",""imageIntegrityVersion"":""2026-10-07.1"",""brand"":""Defender"",""transmission"":""Automatic"",""fuel"":""Petrol"",""bodyType"":""SUV"",""mileageKm"":45000,""detailsVerifiedAt"":""2026-10-10T20:45:31.479532+00:00"",""detailsSourceUrl"":""https://www.jacars.net/adv/2528528_land-rover-defender-3-0l-2022/"",""details"":[{""label"":""Year"",""value"":""2022""},{""label"":""Mileage"",""value"":""45000 km""},{""label"":""Body style"",""value"":""SUV""},{""label"":""Transmission"",""value"":""Automatic""},{""label"":""Fuel"",""value"":""Petrol""}],""year"":""2022"",""sourceSpecifications"":[{""label"":""Year"",""value"":""2022""},{""label"":""Mileage"",""value"":""45000 km""},{""label"":""Body style"",""value"":""SUV""},{""label"":""Transmission"",""value"":""Automatic""},{""label"":""Fuel"",""value"":""Petrol""}],""listingIdentity"":{""version"":""2026-10-07.1"",""sourceUrl"":""https://www.jacars.net/adv/2528528_land-rover-defender-3-0l-2022/"",""title"":""Land Rover Defender 3,0L 2022"",""images"":[""https://cdn2.jacars.net/media/cache/2d/94/2d94773d5de558c2fc1912f7457e868d.webp"",""https://cdn2.jacars.net/media/cache/ab/e5/abe50125be4959815a4e936786abd235.webp"",""https://cdn2.jacars.net/media/cache/2c/55/2c5576d85a190a2b34ff7ebdf11e1dd1.webp"",""https://cdn2.jacars.net/media/cache/08/f2/08f2ad201d70052255c71a8b8902b466.webp""],""phones"":[""+18768695532""],""sellerId"":"""",""city"":""Kingston"",""checkedAt"":""2026-10-10T21:01:33.387Z""},""detailsVersion"":""2026-10-07.3""}",active,2026-10-10T20:30:43Z,200,Matching listing has an available source offer,2026-10-10T20:30:43Z,https://www.jacars.net/adv/2528528_land-rover-defender-3-0l-2022/,0,,visible,,,
jacars-2528509,published,vehicles,vehicles,vehicles,"Honda Fit 1,5L 2019","JA$ 2,500,000",2500000,JMD,Trelawny,Jamaica,neil,+18764214417,"……………………………………………………….
……………………………………………………….
Newly imported, push to start, DVD Bluetooth , reverse camera sport mode ,eco mode ,drivers great ,etc
………………………………………………………..
………………………………………………………..
Call: (876) 421-4417/ (876) 498-9666
Email: actionpackasrltd@yahoo.com
Instagram:actionpackautosalesrentalltd
Facebook: actionpackautosales&rentalltd
TikTok: actionpacksale

#actionpackautosales
#toyotavoxy
#jacars
#autoadds_0624
#carsfor
cheap",https://cdn2.jacars.net/media/cache/cd/21/cd211a19be3b4e43595d4f821fb2f190.webp|https://cdn2.jacars.net/media/cache/03/19/031956f63089ba21a931c5e990e78e3e.webp|https://cdn2.jacars.net/media/cache/4c/6e/4c6e323fcc42e2307babc806a8329422.webp|https://cdn2.jacars.net/media/cache/ba/f0/baf07636bef0f8ac856340572c465c81.webp,JACars,https://www.jacars.net/adv/2528509_honda-fit-1-5l-2019/,2026-10-08T18:31:14Z,,,,2019,,Automatic,,11700,"{""parser"":""public_marketplace_refresh"",""contactSource"":""https://www.jacars.net/adv/2528509_honda-fit-1-5l-2019/"",""phoneVerifiedAt"":""2026-10-08T18:31:14Z"",""imageSourceUrl"":""https://www.jacars.net/adv/2528509_honda-fit-1-5l-2019/"",""imageVerifiedAt"":""2026-10-10T21:01:33.387Z"",""imageIntegrityVersion"":""2026-10-07.1"",""brand"":""Fit"",""transmission"":""Automatic"",""fuel"":""Petrol"",""bodyType"":""HatchBack"",""mileageKm"":11700,""detailsVerifiedAt"":""2026-10-10T20:45:31.479532+00:00"",""detailsSourceUrl"":""https://www.jacars.net/adv/2528509_honda-fit-1-5l-2019/"",""details"":[{""label"":""Year"",""value"":""2019""},{""label"":""Mileage"",""value"":""11700 km""},{""label"":""Body style"",""value"":""HatchBack""},{""label"":""Transmission"",""value"":""Automatic""},{""label"":""Fuel"",""value"":""Petrol""}],""year"":""2019"",""sourceSpecifications"":[{""label"":""Year"",""value"":""2019""},{""label"":""Mileage"",""value"":""11700 km""},{""label"":""Body style"",""value"":""HatchBack""},{""label"":""Transmission"",""value"":""Automatic""},{""label"":""Fuel"",""value"":""Petrol""}],""listingIdentity"":{""version"":""2026-10-07.1"",""sourceUrl"":""https://www.jacars.net/adv/2528509_honda-fit-1-5l-2019/"",""title"":""Honda Fit 1,5L 2019"",""images"":[""https://cdn2.jacars.net/media/cache/cd/21/cd211a19be3b4e43595d4f821fb2f190.webp"",""https://cdn2.jacars.net/media/cache/03/19/031956f63089ba21a931c5e990e78e3e.webp"",""https://cdn2.jacars.net/media/cache/4c/6e/4c6e323fcc42e2307babc806a8329422.webp"",""https://cdn2.jacars.net/media/cache/ba/f0/baf07636bef0f8ac856340572c465c81.webp""],""phones"":[""+18764214417""],""sellerId"":"""",""city"":""Trelawny"",""checkedAt"":""2026-10-10T21:01:33.387Z""},""detailsVersion"":""2026-10-07.3""}",active,2026-10-10T20:30:43Z,200,Matching listing has an available source offer,2026-10-10T20:30:43Z,https://www.jacars.net/adv/2528509_honda-fit-1-5l-2019/,0,,visible,,,
jacars-2528506,published,vehicles,vehicles,vehicles,"BMW X4 1,9L 2021","JA$ 6,850,000",6850000,JMD,Saint Ann,Jamaica,Micki,+18762535357,"M Sports Package
M Sporta Suspension
Apple Car Play
Harmon/Kardon Surround System
Turbo Charger
Powered Steering
Powered Windows
Keyless Entry
Cruise Control
Lane Departure Warning
Auto Start/Stop Function
Factory LED Headlamps
Powered Seats (Driver Seat Memory)
Partial Leather
Alloy Rims
Powered Tail Door
Reverse Camera
Front & Rear Proximity Sensors
2 Keys",https://cdn2.jacars.net/media/cache/ed/d0/edd05310014b25f5b6410396031dc176.webp|https://cdn2.jacars.net/media/cache/5e/60/5e60df8037a8f185ca7155ae9a38829f.webp|https://cdn2.jacars.net/media/cache/d8/3b/d83bc625c818db2b20b6e99270308ffe.webp|https://cdn2.jacars.net/media/cache/33/45/334541d74f98a2474f7c75d4ae2d887e.webp,JACars,https://www.jacars.net/adv/2528506_bmw-x4-1-9l-2021/,2026-10-08T18:31:14Z,,,,2021,,Automatic,,92000,"{""parser"":""public_marketplace_refresh"",""contactSource"":""https://www.jacars.net/adv/2528506_bmw-x4-1-9l-2021/"",""phoneVerifiedAt"":""2026-10-08T18:31:14Z"",""imageSourceUrl"":""https://www.jacars.net/adv/2528506_bmw-x4-1-9l-2021/"",""imageVerifiedAt"":""2026-10-10T21:01:33.387Z"",""imageIntegrityVersion"":""2026-10-07.1"",""brand"":""X4"",""transmission"":""Automatic"",""fuel"":""Petrol"",""bodyType"":""SUV"",""mileageKm"":92000,""detailsVerifiedAt"":""2026-10-10T20:45:31.479532+00:00"",""detailsSourceUrl"":""https://www.jacars.net/adv/2528506_bmw-x4-1-9l-2021/"",""details"":[{""label"":""Year"",""value"":""2021""},{""label"":""Mileage"",""value"":""92000 km""},{""label"":""Body style"",""value"":""SUV""},{""label"":""Transmission"",""value"":""Automatic""},{""label"":""Fuel"",""value"":""Petrol""}],""year"":""2021"",""sourceSpecifications"":[{""label"":""Year"",""value"":""2021""},{""label"":""Mileage"",""value"":""92000 km""},{""label"":""Body style"",""value"":""SUV""},{""label"":""Transmission"",""value"":""Automatic""},{""label"":""Fuel"",""value"":""Petrol""}],""listingIdentity"":{""version"":""2026-10-07.1"",""sourceUrl"":""https://www.jacars.net/adv/2528506_bmw-x4-1-9l-2021/"",""title"":""BMW X4 1,9L 2021"",""images"":[""https://cdn2.jacars.net/media/cache/ed/d0/edd05310014b25f5b6410396031dc176.webp"",""https://cdn2.jacars.net/media/cache/5e/60/5e60df8037a8f185ca7155ae9a38829f.webp"",""https://cdn2.jacars.net/media/cache/d8/3b/d83bc625c818db2b20b6e99270308ffe.webp"",""https://cdn2.jacars.net/media/cache/33/45/334541d74f98a2474f7c75d4ae2d887e.webp""],""phones"":[""+18762535357""],""sellerId"":"""",""city"":""Saint Ann"",""checkedAt"":""2026-10-10T21:01:33.387Z""},""detailsVersion"":""2026-10-07.3""}",active,2026-10-10T20:30:43Z,200,Matching listing has an available source offer,2026-10-10T20:30:43Z,https://www.jacars.net/adv/2528506_bmw-x4-1-9l-2021/,0,,visible,,,
jacars-2528304,published,vehicles,vehicles,auto_parts,Toyota Hiace mirror,"JA$ 150,000",150000,JMD,Saint James,Jamaica,Shane,+18763380933,"Toyota Hiace 200 series LED Fiber Carbon Side View Mirrors Electrically Operated
Price is negotiable",https://cdn2.jacars.net/media/cache/cd/76/cd765c9f498a831e298b009da4a9b4dd.webp|https://cdn2.jacars.net/media/cache/a1/47/a1474a1a82b70169b8ee5939290ca781.webp|https://cdn2.jacars.net/media/cache/72/e9/72e94e2846182e6b5c24793cc983c072.webp,JACars,https://www.jacars.net/adv/2528304_toyota-hiace-mirror/,2026-10-08T18:31:14Z,,,,,,,,,"{""parser"":""public_marketplace_refresh"",""contactSource"":""https://www.jacars.net/adv/2528304_toyota-hiace-mirror/"",""phoneVerifiedAt"":""2026-10-08T18:31:14Z"",""imageSourceUrl"":""https://www.jacars.net/adv/2528304_toyota-hiace-mirror/"",""imageVerifiedAt"":""2026-10-10T21:01:33.387Z"",""imageIntegrityVersion"":""2026-10-07.1"",""brand"":""Toyota"",""detailsVerifiedAt"":""2026-10-10T20:45:31.479532+00:00"",""detailsSourceUrl"":""https://www.jacars.net/adv/2528304_toyota-hiace-mirror/"",""details"":[{""label"":""Price flexibility"",""value"":""Yes""}],""sourceSpecifications"":[{""label"":""Price flexibility"",""value"":""Yes""}],""listingIdentity"":{""version"":""2026-10-07.1"",""sourceUrl"":""https://www.jacars.net/adv/2528304_toyota-hiace-mirror/"",""title"":""Toyota Hiace mirror"",""images"":[""https://cdn2.jacars.net/media/cache/cd/76/cd765c9f498a831e298b009da4a9b4dd.webp"",""https://cdn2.jacars.net/media/cache/a1/47/a1474a1a82b70169b8ee5939290ca781.webp"",""https://cdn2.jacars.net/media/cache/72/e9/72e94e2846182e6b5c24793cc983c072.webp""],""phones"":[""+18763380933""],""sellerId"":"""",""city"":""Saint James"",""checkedAt"":""2026-10-10T21:01:33.387Z""},""negotiable"":true,""detailsVersion"":""2026-10-07.3""}",active,2026-10-10T20:30:43Z,200,Matching listing has an available source offer,2026-10-10T20:30:43Z,https://www.jacars.net/adv/2528304_toyota-hiace-mirror/,0,,visible,,,
jacars-2528775,published,vehicles,vehicles,auto_parts,1nr Toyota transmission,JA$ 1,1,JMD,Kingston,Jamaica,Dave,+18764951324,1nr toyota transmission for sale,https://cdn2.jacars.net/media/cache/81/80/8180a4258ddf9b15843f1607666659bd.webp|https://cdn2.jacars.net/media/cache/a0/2b/a02bbad758ce726222f8a32a6d2aa32c.webp|https://cdn2.jacars.net/media/cache/ac/58/ac58bae18997f04ade531a5478d24462.webp|https://cdn2.jacars.net/media/cache/fb/35/fb359586dd0583904ffe6a1c0efb4c75.webp,JACars,https://www.jacars.net/adv/2528775_toyota-probox-1-3l-2016/,2026-10-08T18:31:14Z,,,,,,,,,"{""parser"":""public_marketplace_refresh"",""contactSource"":""https://www.jacars.net/adv/2528775_toyota-probox-1-3l-2016/"",""phoneVerifiedAt"":""2026-10-08T18:31:14Z"",""imageSourceUrl"":""https://www.jacars.net/adv/2528775_toyota-probox-1-3l-2016/"",""imageVerifiedAt"":""2026-10-10T21:01:33.387Z"",""imageIntegrityVersion"":""2026-10-07.1"",""brand"":""Toyota"",""detailsVerifiedAt"":""2026-10-10T20:45:31.479532+00:00"",""detailsSourceUrl"":""https://www.jacars.net/adv/2528775_toyota-probox-1-3l-2016/"",""details"":[],""sourceSpecifications"":[],""listingIdentity"":{""version"":""2026-10-07.1"",""sourceUrl"":""https://www.jacars.net/adv/2528775_toyota-probox-1-3l-2016/"",""title"":""1nr Toyota transmission"",""images"":[""https://cdn2.jacars.net/media/cache/81/80/8180a4258ddf9b15843f1607666659bd.webp"",""https://cdn2.jacars.net/media/cache/a0/2b/a02bbad758ce726222f8a32a6d2aa32c.webp"",""https://cdn2.jacars.net/media/cache/ac/58/ac58bae18997f04ade531a5478d24462.webp"",""https://cdn2.jacars.net/media/cache/fb/35/fb359586dd0583904ffe6a1c0efb4c75.webp""],""phones"":[""+18764951324""],""sellerId"":"""",""city"":""Kingston"",""checkedAt"":""2026-10-10T21:01:33.387Z""},""detailsVersion"":""2026-10-07.3""}",active,2026-10-10T20:30:43Z,200,Matching listing has an available source offer,2026-10-10T20:30:43Z,https://www.jacars.net/adv/2528775_toyota-probox-1-3l-2016/,0,,visible,,,
jacars-2528736,published,vehicles,vehicles,auto_parts,Toyota Voxy Left side front and back door,"JA$ 200,000",200000,JMD,Kingston,Jamaica,Andre,+18765738884,"Toyota Voxy Left side; front and back door for sale….. selling as is…..Great deal

Additional contact (876)561-1518",https://cdn2.jacars.net/media/cache/19/49/1949f9e6da3f17894916aff361ef3366.webp|https://cdn2.jacars.net/media/cache/fb/fe/fbfef89fd571760626af12a049e4d416.webp|https://cdn2.jacars.net/media/cache/3e/9e/3e9eb36baaaef79283578ba3002ddf2b.webp|https://cdn2.jacars.net/media/cache/c1/98/c198932a3b442f57e0f213a252c84e8d.webp,JACars,https://www.jacars.net/adv/2528736_toyota-voxy-3-5l-2014/,2026-10-08T18:31:14Z,,,,,,,,,"{""parser"":""public_marketplace_refresh"",""contactSource"":""https://www.jacars.net/adv/2528736_toyota-voxy-3-5l-2014/"",""phoneVerifiedAt"":""2026-10-08T18:31:14Z"",""imageSourceUrl"":""https://www.jacars.net/adv/2528736_toyota-voxy-3-5l-2014/"",""imageVerifiedAt"":""2026-10-10T21:01:33.387Z"",""imageIntegrityVersion"":""2026-10-07.1"",""brand"":""Toyota"",""detailsVerifiedAt"":""2026-10-10T20:45:31.479532+00:00"",""detailsSourceUrl"":""https://www.jacars.net/adv/2528736_toyota-voxy-3-5l-2014/"",""details"":[],""sourceSpecifications"":[],""listingIdentity"":{""version"":""2026-10-07.1"",""sourceUrl"":""https://www.jacars.net/adv/2528736_toyota-voxy-3-5l-2014/"",""title"":""Toyota Voxy Left side front and back door"",""images"":[""https://cdn2.jacars.net/media/cache/19/49/1949f9e6da3f17894916aff361ef3366.webp"",""https://cdn2.jacars.net/media/cache/fb/fe/fbfef89fd571760626af12a049e4d416.webp"",""https://cdn2.jacars.net/media/cache/3e/9e/3e9eb36baaaef79283578ba3002ddf2b.webp"",""https://cdn2.jacars.net/media/cache/c1/98/c198932a3b442f57e0f213a252c84e8d.webp""],""phones"":[""+18765738884""],""sellerId"":"""",""city"":""Kingston"",""checkedAt"":""2026-10-10T21:01:33.387Z""},""detailsVersion"":""2026-10-07.3""}",active,2026-10-10T20:30:43Z,200,Matching listing has an available source offer,2026-10-10T20:30:43Z,https://www.jacars.net/adv/2528736_toyota-voxy-3-5l-2014/,0,,visible,,,
jacars-2528649,published,vehicles,vehicles,auto_parts,10th Gen Accord Touring Rear Shocks with ADS,"JA$ 155,000",155000,JMD,Saint Catherine,Jamaica,2018 Honda Accord Rear Shock Absorbers,+18764504606,These are Genuine Shocks from Honda.,https://cdn2.jacars.net/media/cache/7b/57/7b5759bf0565ccbe8bc0551b35d4cae7.webp,JACars,https://www.jacars.net/adv/2528649_10th-gen-accord-touring-rear-shocks-with-ads/,2026-10-08T18:31:14Z,,,,,,,,,"{""parser"":""public_marketplace_refresh"",""contactSource"":""https://www.jacars.net/adv/2528649_10th-gen-accord-touring-rear-shocks-with-ads/"",""phoneVerifiedAt"":""2026-10-08T18:31:14Z"",""imageSourceUrl"":""https://www.jacars.net/adv/2528649_10th-gen-accord-touring-rear-shocks-with-ads/"",""imageVerifiedAt"":""2026-10-10T21:01:33.387Z"",""imageIntegrityVersion"":""2026-10-07.1"",""brand"":""Acura Honda"",""detailsVerifiedAt"":""2026-10-10T20:45:31.479532+00:00"",""detailsSourceUrl"":""https://www.jacars.net/adv/2528649_10th-gen-accord-touring-rear-shocks-with-ads/"",""details"":[],""sourceSpecifications"":[],""listingIdentity"":{""version"":""2026-10-07.1"",""sourceUrl"":""https://www.jacars.net/adv/2528649_10th-gen-accord-touring-rear-shocks-with-ads/"",""title"":""10th Gen Accord Touring Rear Shocks with ADS"",""images"":[""https://cdn2.jacars.net/media/cache/7b/57/7b5759bf0565ccbe8bc0551b35d4cae7.webp""],""phones"":[""+18764504606""],""sellerId"":"""",""city"":""Saint Catherine"",""checkedAt"":""2026-10-10T21:01:33.387Z""},""detailsVersion"":""2026-10-07.3""}",active,2026-10-10T20:30:43Z,200,Matching listing has an available source offer,2026-10-10T20:30:43Z,https://www.jacars.net/adv/2528649_10th-gen-accord-touring-rear-shocks-with-ads/,0,,visible,,,
jacars-2528563,published,vehicles,vehicles,auto_parts,"Toyota Hiace KDH/TRH 2004-2010 Genuine Front Bumper, Headlights & Grill",JA$ 1,1,JMD,Manchester,Jamaica,Zig Zag Auto Parts & Car Sales Limited,+18768739901,"🚐 Toyota Hiace / RegiusAce KDH200 / TRH200 2004-2010 Genuine Facelift Front Bumper, Headlights & Grille 🚐

🔥 Ready Stock Available 🔥

✅ Genuine Toyota Facelift Front Bumper
✅ Genuine Headlights
✅ Genuine Front Grille
✅ Fits Toyota Hiace / RegiusAce KDH200 & TRH200 Models
✅ 1KD / 2KD Models
✅ Original Genuine OEM Parts
✅ Quality Used Parts Imported from Japan 🇯🇵

🏬 Zig Zag Auto Parts & Car Sales Ltd.
📍 73 Manchester Road, Mandeville
📞 Call/WhatsApp: (876) 873-9901 / (876) 235-4486

💬 Contact us today for pricing and availability! 🔧🚐🔥",https://cdn2.jacars.net/media/cache/cb/5e/cb5e4d7c6809d45a21ef0f62b3f047ba.webp|https://cdn2.jacars.net/media/cache/37/75/3775845d24540c9ddcc5ec6978fc1f69.webp|https://cdn2.jacars.net/media/cache/b9/94/b9945a9da10b94e2050e1d94f91adb18.webp|https://cdn2.jacars.net/media/cache/6c/44/6c44ec5d791823a4b098c385c1a5e671.webp,JACars,https://www.jacars.net/adv/2528563_toyota-hiace-kdh-trh-2004-2010-genuine-front-bumper-headlights-grill/,2026-10-08T18:31:14Z,,,,,,,,,"{""parser"":""public_marketplace_refresh"",""contactSource"":""https://www.jacars.net/adv/2528563_toyota-hiace-kdh-trh-2004-2010-genuine-front-bumper-headlights-grill/"",""phoneVerifiedAt"":""2026-10-08T18:31:14Z"",""imageSourceUrl"":""https://www.jacars.net/adv/2528563_toyota-hiace-kdh-trh-2004-2010-genuine-front-bumper-headlights-grill/"",""imageVerifiedAt"":""2026-10-10T21:01:33.387Z"",""imageIntegrityVersion"":""2026-10-07.1"",""brand"":""Toyota"",""detailsVerifiedAt"":""2026-10-10T20:45:31.479532+00:00"",""detailsSourceUrl"":""https://www.jacars.net/adv/2528563_toyota-hiace-kdh-trh-2004-2010-genuine-front-bumper-headlights-grill/"",""details"":[],""sourceSpecifications"":[],""listingIdentity"":{""version"":""2026-10-07.1"",""sourceUrl"":""https://www.jacars.net/adv/2528563_toyota-hiace-kdh-trh-2004-2010-genuine-front-bumper-headlights-grill/"",""title"":""Toyota Hiace KDH/TRH 2004-2010 Genuine Front Bumper, Headlights & Grill"",""images"":[""https://cdn2.jacars.net/media/cache/cb/5e/cb5e4d7c6809d45a21ef0f62b3f047ba.webp"",""https://cdn2.jacars.net/media/cache/37/75/3775845d24540c9ddcc5ec6978fc1f69.webp"",""https://cdn2.jacars.net/media/cache/b9/94/b9945a9da10b94e2050e1d94f91adb18.webp"",""https://cdn2.jacars.net/media/cache/6c/44/6c44ec5d791823a4b098c385c1a5e671.webp""],""phones"":[""+18768739901""],""sellerId"":"""",""city"":""Manchester"",""checkedAt"":""2026-10-10T21:01:33.387Z""},""detailsVersion"":""2026-10-07.3""}",active,2026-10-10T20:30:43Z,200,Matching listing has an available source offer,2026-10-10T20:30:43Z,https://www.jacars.net/adv/2528563_toyota-hiace-kdh-trh-2004-2010-genuine-front-bumper-headlights-grill/,0,,visible,,,
jacars-2528541,published,vehicles,vehicles,auto_parts,Honda Civic EK1-EK9 Sedan/Hatchback Genuine Rear Bumper,JA$ 1,1,JMD,Manchester,Jamaica,Zig Zag Auto Parts & Car Sales Limited,+18768739901,"🚗 Honda Civic EK1-EK9 (Sedan/Hatchback) Genuine Rear Bumper 🚗

🔥 Ready Stock Available 🔥

✅ Genuine Honda Rear Bumpers
✅ Fits Honda Civic EK1-EK9 Models
✅ Sedan & Hatchback Options Available
✅ Original Genuine OEM Parts
✅ Original Factory Fitment
✅ Quality Used Parts Imported from Japan 🇯🇵

🏬 Zig Zag Auto Parts & Car Sales Ltd.
📍 73 Manchester Road, Mandeville
📞 Call/WhatsApp: (876) 873-9901 / (876) 235-4486

💬 Contact us today for pricing and availability! 🔧🚗🔥",https://cdn2.jacars.net/media/cache/6e/ce/6ecea5e40551ff1a22be40f483a10847.webp|https://cdn2.jacars.net/media/cache/0f/15/0f1590e266d5022d30245786bb365080.webp|https://cdn2.jacars.net/media/cache/33/ba/33ba85d0afed1d6cc6f42cc044651f19.webp|https://cdn2.jacars.net/media/cache/11/df/11dfd221443788a6a63e926e31106e52.webp,JACars,https://www.jacars.net/adv/2528541_honda-civic-ek1-ek9-sedan-hatchback-genuine-rear-bumper/,2026-10-08T18:31:14Z,,,,,,,,,"{""parser"":""public_marketplace_refresh"",""contactSource"":""https://www.jacars.net/adv/2528541_honda-civic-ek1-ek9-sedan-hatchback-genuine-rear-bumper/"",""phoneVerifiedAt"":""2026-10-08T18:31:14Z"",""imageSourceUrl"":""https://www.jacars.net/adv/2528541_honda-civic-ek1-ek9-sedan-hatchback-genuine-rear-bumper/"",""imageVerifiedAt"":""2026-10-10T21:01:33.387Z"",""imageIntegrityVersion"":""2026-10-07.1"",""brand"":""Acura Honda"",""detailsVerifiedAt"":""2026-10-10T20:45:31.479532+00:00"",""detailsSourceUrl"":""https://www.jacars.net/adv/2528541_honda-civic-ek1-ek9-sedan-hatchback-genuine-rear-bumper/"",""details"":[],""sourceSpecifications"":[],""listingIdentity"":{""version"":""2026-10-07.1"",""sourceUrl"":""https://www.jacars.net/adv/2528541_honda-civic-ek1-ek9-sedan-hatchback-genuine-rear-bumper/"",""title"":""Honda Civic EK1-EK9 Sedan/Hatchback Genuine Rear Bumper"",""images"":[""https://cdn2.jacars.net/media/cache/6e/ce/6ecea5e40551ff1a22be40f483a10847.webp"",""https://cdn2.jacars.net/media/cache/0f/15/0f1590e266d5022d30245786bb365080.webp"",""https://cdn2.jacars.net/media/cache/33/ba/33ba85d0afed1d6cc6f42cc044651f19.webp"",""https://cdn2.jacars.net/media/cache/11/df/11dfd221443788a6a63e926e31106e52.webp""],""phones"":[""+18768739901""],""sellerId"":"""",""city"":""Manchester"",""checkedAt"":""2026-10-10T21:01:33.387Z""},""detailsVersion"":""2026-10-07.3""}",active,2026-10-10T20:30:43Z,200,Matching listing has an available source offer,2026-10-10T20:30:43Z,https://www.jacars.net/adv/2528541_honda-civic-ek1-ek9-sedan-hatchback-genuine-rear-bumper/,0,,visible,,,
jacars-2528464,published,vehicles,vehicles,auto_parts,Genuine Nissan Pulsar GTI-R RNN14 OEM Parts,JA$ 1,1,JMD,Manchester,Jamaica,Zig Zag Auto Parts & Car Sales Limited,+18768739901,"🚗 Genuine Nissan Pulsar GTI-R (RNN14) OEM Parts 🚗

🔥 Rare JDM Parts – Ready Stock Available 🔥

✅ Genuine Nissan OEM Parts
✅ Fits Nissan Pulsar GTI-R RNN14
✅ Original Factory Parts
✅ Quality Used Parts Imported from Japan 🇯🇵
✅ Hard-to-Find JDM Parts

🏬 Zig Zag Auto Parts & Car Sales Ltd.
📍 73 Manchester Road, Mandeville
📞 Call/WhatsApp: (876) 873-9901 / (876) 235-4486

💬 Contact us for available parts, pricing and more information! 🔧🔥",https://cdn2.jacars.net/media/cache/45/c1/45c1a4ee75c2f66221006de2a69ffdc0.webp|https://cdn2.jacars.net/media/cache/fc/32/fc32180d652f58f69ab0c5dfb1c56126.webp|https://cdn2.jacars.net/media/cache/9e/e8/9ee8185040408dbae5778bec0633ed1b.webp|https://cdn2.jacars.net/media/cache/66/c3/66c3e223cad297614fe6f924fc74a1c3.webp,JACars,https://www.jacars.net/adv/2528464_genuine-nissan-pulsar-gti-r-rnn14-oem-parts/,2026-10-08T18:31:14Z,,,,,,,,,"{""parser"":""public_marketplace_refresh"",""contactSource"":""https://www.jacars.net/adv/2528464_genuine-nissan-pulsar-gti-r-rnn14-oem-parts/"",""phoneVerifiedAt"":""2026-10-08T18:31:14Z"",""imageSourceUrl"":""https://www.jacars.net/adv/2528464_genuine-nissan-pulsar-gti-r-rnn14-oem-parts/"",""imageVerifiedAt"":""2026-10-10T21:01:33.387Z"",""imageIntegrityVersion"":""2026-10-07.1"",""brand"":""Nissan"",""detailsVerifiedAt"":""2026-10-10T20:45:31.479532+00:00"",""detailsSourceUrl"":""https://www.jacars.net/adv/2528464_genuine-nissan-pulsar-gti-r-rnn14-oem-parts/"",""details"":[],""sourceSpecifications"":[],""listingIdentity"":{""version"":""2026-10-07.1"",""sourceUrl"":""https://www.jacars.net/adv/2528464_genuine-nissan-pulsar-gti-r-rnn14-oem-parts/"",""title"":""Genuine Nissan Pulsar GTI-R RNN14 OEM Parts"",""images"":[""https://cdn2.jacars.net/media/cache/45/c1/45c1a4ee75c2f66221006de2a69ffdc0.webp"",""https://cdn2.jacars.net/media/cache/fc/32/fc32180d652f58f69ab0c5dfb1c56126.webp"",""https://cdn2.jacars.net/media/cache/9e/e8/9ee8185040408dbae5778bec0633ed1b.webp"",""https://cdn2.jacars.net/media/cache/66/c3/66c3e223cad297614fe6f924fc74a1c3.webp""],""phones"":[""+18768739901""],""sellerId"":"""",""city"":""Manchester"",""checkedAt"":""2026-10-10T21:01:33.387Z""},""detailsVersion"":""2026-10-07.3""}",active,2026-10-10T20:30:43Z,200,Matching listing has an available source offer,2026-10-10T20:30:43Z,https://www.jacars.net/adv/2528464_genuine-nissan-pulsar-gti-r-rnn14-oem-parts/,0,,visible,,,
jacars-2528461,published,vehicles,vehicles,auto_parts,Isuzu Bighorn Genuine Front & Rear Bumpers,JA$ 1,1,JMD,Manchester,Jamaica,Zig Zag Auto Parts & Car Sales Limited,+18768739901,"🚙 Isuzu Bighorn Genuine Front & Rear Bumpers 🚙

🔥 Ready Stock Available 🔥

✅ Genuine Isuzu Front Bumpers
✅ Genuine Isuzu Rear Bumpers
✅ Fits Isuzu Bighorn Models
✅ Original Genuine OEM Parts
✅ Original Factory Fitment
✅ Quality Used Parts Imported from Japan 🇯🇵

🏬 Zig Zag Auto Parts & Car Sales Ltd.
📍 73 Manchester Road, Mandeville
📞 Call/WhatsApp: (876) 873-9901 / (876) 235-4486",https://cdn2.jacars.net/media/cache/fe/f7/fef704c3ac516fdd4c447c51ae2a6608.webp|https://cdn2.jacars.net/media/cache/09/35/0935f2891add593819dc3425aaf2db08.webp,JACars,https://www.jacars.net/adv/2528461_isuzu-bighorn-genuine-front-rear-bumpers/,2026-10-08T18:31:14Z,,,,,,,,,"{""parser"":""public_marketplace_refresh"",""contactSource"":""https://www.jacars.net/adv/2528461_isuzu-bighorn-genuine-front-rear-bumpers/"",""phoneVerifiedAt"":""2026-10-08T18:31:14Z"",""imageSourceUrl"":""https://www.jacars.net/adv/2528461_isuzu-bighorn-genuine-front-rear-bumpers/"",""imageVerifiedAt"":""2026-10-10T21:01:33.387Z"",""imageIntegrityVersion"":""2026-10-07.1"",""brand"":""Isuzu"",""detailsVerifiedAt"":""2026-10-10T20:45:31.479532+00:00"",""detailsSourceUrl"":""https://www.jacars.net/adv/2528461_isuzu-bighorn-genuine-front-rear-bumpers/"",""details"":[],""sourceSpecifications"":[],""listingIdentity"":{""version"":""2026-10-07.1"",""sourceUrl"":""https://www.jacars.net/adv/2528461_isuzu-bighorn-genuine-front-rear-bumpers/"",""title"":""Isuzu Bighorn Genuine Front & Rear Bumpers"",""images"":[""https://cdn2.jacars.net/media/cache/fe/f7/fef704c3ac516fdd4c447c51ae2a6608.webp"",""https://cdn2.jacars.net/media/cache/09/35/0935f2891add593819dc3425aaf2db08.webp""],""phones"":[""+18768739901""],""sellerId"":"""",""city"":""Manchester"",""checkedAt"":""2026-10-10T21:01:33.387Z""},""detailsVersion"":""2026-10-07.3""}",active,2026-10-10T20:30:43Z,200,Matching listing has an available source offer,2026-10-10T20:30:43Z,https://www.jacars.net/adv/2528461_isuzu-bighorn-genuine-front-rear-bumpers/,0,,visible,,,
jacars-2528460,published,vehicles,vehicles,auto_parts,Isuzu Elf Genuine Front Bumper,JA$ 1,1,JMD,Manchester,Jamaica,Zig Zag Auto Parts & Car Sales Limited,+18768739901,"🚚 Isuzu Elf Genuine Front Bumper 🚚

🔥 Ready Stock Available 🔥

✅ Genuine Isuzu Front Bumper
✅ Fits Isuzu Elf Models
✅ Original Genuine OEM Part
✅ Original Factory Fitment
✅ Quality Used Part Imported from Japan 🇯🇵

🏬 Zig Zag Auto Parts & Car Sales Ltd.
📍 73 Manchester Road, Mandeville
📞 Call/WhatsApp: (876) 873-9901 / (876) 235-4486

💬 Contact us today for pricing and availability! 🔧🚚🔥",https://cdn2.jacars.net/media/cache/ae/63/ae63dfda9d33ed95ab4fd0758842d6e5.webp|https://cdn2.jacars.net/media/cache/10/d3/10d30f2e4dcb556fc553384b3f4ad1a3.webp,JACars,https://www.jacars.net/adv/2528460_isuzu-elf-genuine-front-bumper/,2026-10-08T18:31:14Z,,,,,,,,,"{""parser"":""public_marketplace_refresh"",""contactSource"":""https://www.jacars.net/adv/2528460_isuzu-elf-genuine-front-bumper/"",""phoneVerifiedAt"":""2026-10-08T18:31:14Z"",""imageSourceUrl"":""https://www.jacars.net/adv/2528460_isuzu-elf-genuine-front-bumper/"",""imageVerifiedAt"":""2026-10-10T21:01:33.387Z"",""imageIntegrityVersion"":""2026-10-07.1"",""brand"":""Isuzu"",""detailsVerifiedAt"":""2026-10-10T20:45:31.479532+00:00"",""detailsSourceUrl"":""https://www.jacars.net/adv/2528460_isuzu-elf-genuine-front-bumper/"",""details"":[],""sourceSpecifications"":[],""listingIdentity"":{""version"":""2026-10-07.1"",""sourceUrl"":""https://www.jacars.net/adv/2528460_isuzu-elf-genuine-front-bumper/"",""title"":""Isuzu Elf Genuine Front Bumper"",""images"":[""https://cdn2.jacars.net/media/cache/ae/63/ae63dfda9d33ed95ab4fd0758842d6e5.webp"",""https://cdn2.jacars.net/media/cache/10/d3/10d30f2e4dcb556fc553384b3f4ad1a3.webp""],""phones"":[""+18768739901""],""sellerId"":"""",""city"":""Manchester"",""checkedAt"":""2026-10-10T21:01:33.387Z""},""detailsVersion"":""2026-10-07.3""}",active,2026-10-10T20:30:43Z,200,Matching listing has an available source offer,2026-10-10T20:30:43Z,https://www.jacars.net/adv/2528460_isuzu-elf-genuine-front-bumper/,0,,visible,,,
jacars-2528459,published,vehicles,vehicles,auto_parts,BMW 3 Series E46 1998-2006 Genuine Front & Rear Bumpers,JA$ 1,1,JMD,Manchester,Jamaica,Zig Zag Auto Parts & Car Sales Limited,+18768739901,"🚗 BMW 3 Series (E46) 1998-2006 Genuine Front & Rear Bumpers 🚗

🔥 Ready Stock Available 🔥

✅ Genuine BMW Front Bumpers
✅ Genuine BMW Rear Bumpers
✅ Fits BMW 3 Series E46 Models
✅ Original Genuine OEM Parts
✅ Original Factory Fitment
✅ Quality Used Parts Imported from Japan 🇯🇵

🏬 Zig Zag Auto Parts & Car Sales Ltd.
📍 73 Manchester Road, Mandeville
📞 Call/WhatsApp: (876) 873-9901 / (876) 235-4486

💬 Contact us today for pricing and availability! 🔧🚗🔥",https://cdn2.jacars.net/media/cache/ce/b0/ceb032097f6ed35f3a81ce2bc826ed10.webp|https://cdn2.jacars.net/media/cache/a1/27/a12778d99db709a86328cc563f24f35b.webp|https://cdn2.jacars.net/media/cache/cd/36/cd36dc2d25a54e8bb524587bebf8254c.webp,JACars,https://www.jacars.net/adv/2528459_bmw-3-series-e46-1998-2006-genuine-front-rear-bumpers/,2026-10-08T18:31:14Z,,,,,,,,,"{""parser"":""public_marketplace_refresh"",""contactSource"":""https://www.jacars.net/adv/2528459_bmw-3-series-e46-1998-2006-genuine-front-rear-bumpers/"",""phoneVerifiedAt"":""2026-10-08T18:31:14Z"",""imageSourceUrl"":""https://www.jacars.net/adv/2528459_bmw-3-series-e46-1998-2006-genuine-front-rear-bumpers/"",""imageVerifiedAt"":""2026-10-10T21:01:33.387Z"",""imageIntegrityVersion"":""2026-10-07.1"",""brand"":""BMW"",""detailsVerifiedAt"":""2026-10-10T20:45:31.479532+00:00"",""detailsSourceUrl"":""https://www.jacars.net/adv/2528459_bmw-3-series-e46-1998-2006-genuine-front-rear-bumpers/"",""details"":[],""sourceSpecifications"":[],""listingIdentity"":{""version"":""2026-10-07.1"",""sourceUrl"":""https://www.jacars.net/adv/2528459_bmw-3-series-e46-1998-2006-genuine-front-rear-bumpers/"",""title"":""BMW 3 Series E46 1998-2006 Genuine Front & Rear Bumpers"",""images"":[""https://cdn2.jacars.net/media/cache/ce/b0/ceb032097f6ed35f3a81ce2bc826ed10.webp"",""https://cdn2.jacars.net/media/cache/a1/27/a12778d99db709a86328cc563f24f35b.webp"",""https://cdn2.jacars.net/media/cache/cd/36/cd36dc2d25a54e8bb524587bebf8254c.webp""],""phones"":[""+18768739901""],""sellerId"":"""",""city"":""Manchester"",""checkedAt"":""2026-10-10T21:01:33.387Z""},""detailsVersion"":""2026-10-07.3""}",active,2026-10-10T20:30:43Z,200,Matching listing has an available source offer,2026-10-10T20:30:43Z,https://www.jacars.net/adv/2528459_bmw-3-series-e46-1998-2006-genuine-front-rear-bumpers/,0,,visible,,,
jacars-2528457,published,vehicles,vehicles,auto_parts,Mazda Premacy 2005-2010 Genuine Rear Bumper,JA$ 1,1,JMD,Manchester,Jamaica,Zig Zag Auto Parts & Car Sales Limited,+18768739901,"🚗 Mazda Premacy 2005-2010 Genuine Rear Bumper 🚗

🔥 Ready Stock Available 🔥

✅ Genuine Mazda Rear Bumper
✅ Fits Mazda Premacy 2005-2010 Models
✅ Original Genuine OEM Part
✅ Original Factory Fitment
✅ Quality Used Part Imported from Japan 🇯🇵

🏬 Zig Zag Auto Parts & Car Sales Ltd.
📍 73 Manchester Road, Mandeville
📞 Call/WhatsApp: (876) 873-9901 / (876) 235-4486

💬 Contact us today for pricing and availability! 🔧🚗🔥",https://cdn2.jacars.net/media/cache/48/f6/48f6fe87e8d2d2126b1eb52bf4d7e721.webp|https://cdn2.jacars.net/media/cache/ad/ca/adca05945ee7ea9ea1bf41d618db25a9.webp,JACars,https://www.jacars.net/adv/2528457_mazda-premacy-2005-2010-genuine-rear-bumper/,2026-10-08T18:31:14Z,,,,,,,,,"{""parser"":""public_marketplace_refresh"",""contactSource"":""https://www.jacars.net/adv/2528457_mazda-premacy-2005-2010-genuine-rear-bumper/"",""phoneVerifiedAt"":""2026-10-08T18:31:14Z"",""imageSourceUrl"":""https://www.jacars.net/adv/2528457_mazda-premacy-2005-2010-genuine-rear-bumper/"",""imageVerifiedAt"":""2026-10-10T21:01:33.387Z"",""imageIntegrityVersion"":""2026-10-07.1"",""brand"":""Mazda"",""detailsVerifiedAt"":""2026-10-10T20:45:31.479532+00:00"",""detailsSourceUrl"":""https://www.jacars.net/adv/2528457_mazda-premacy-2005-2010-genuine-rear-bumper/"",""details"":[],""sourceSpecifications"":[],""listingIdentity"":{""version"":""2026-10-07.1"",""sourceUrl"":""https://www.jacars.net/adv/2528457_mazda-premacy-2005-2010-genuine-rear-bumper/"",""title"":""Mazda Premacy 2005-2010 Genuine Rear Bumper"",""images"":[""https://cdn2.jacars.net/media/cache/48/f6/48f6fe87e8d2d2126b1eb52bf4d7e721.webp"",""https://cdn2.jacars.net/media/cache/ad/ca/adca05945ee7ea9ea1bf41d618db25a9.webp""],""phones"":[""+18768739901""],""sellerId"":"""",""city"":""Manchester"",""checkedAt"":""2026-10-10T21:01:33.387Z""},""detailsVersion"":""2026-10-07.3""}",active,2026-10-10T20:30:43Z,200,Matching listing has an available source offer,2026-10-10T20:30:43Z,https://www.jacars.net/adv/2528457_mazda-premacy-2005-2010-genuine-rear-bumper/,0,,visible,,,
jacars-2528456,published,vehicles,vehicles,auto_parts,Mazda Demio 2007-2014 Genuine Front & Rear Bumpers,JA$ 1,1,JMD,Manchester,Jamaica,Zig Zag Auto Parts & Car Sales Limited,+18768739901,"🚗 Mazda Demio 2007-2014 Genuine Front & Rear Bumpers 🚗

🔥 Ready Stock Available 🔥

✅ Genuine Mazda Front Bumpers
✅ Genuine Mazda Rear Bumpers
✅ Fits Mazda Demio 2007-2014 Models
✅ Original Genuine OEM Parts
✅ Original Factory Fitment
✅ Quality Used Parts Imported from Japan 🇯🇵

🏬 Zig Zag Auto Parts & Car Sales Ltd.
📍 73 Manchester Road, Mandeville
📞 Call/WhatsApp: (876) 873-9901 / (876) 235-4486

💬 Contact us today for pricing and availability! 🔧🚗🔥",https://cdn2.jacars.net/media/cache/03/2d/032df4510979c1a3b0187136d252397f.webp|https://cdn2.jacars.net/media/cache/08/14/08140785a184a9a0da5b8208ba33e4f3.webp,JACars,https://www.jacars.net/adv/2528456_mazda-demio-2007-2014-genuine-front-rear-bumpers/,2026-10-08T18:31:14Z,,,,,,,,,"{""parser"":""public_marketplace_refresh"",""contactSource"":""https://www.jacars.net/adv/2528456_mazda-demio-2007-2014-genuine-front-rear-bumpers/"",""phoneVerifiedAt"":""2026-10-08T18:31:14Z"",""imageSourceUrl"":""https://www.jacars.net/adv/2528456_mazda-demio-2007-2014-genuine-front-rear-bumpers/"",""imageVerifiedAt"":""2026-10-10T21:01:33.387Z"",""imageIntegrityVersion"":""2026-10-07.1"",""brand"":""Mazda"",""detailsVerifiedAt"":""2026-10-10T20:45:31.479532+00:00"",""detailsSourceUrl"":""https://www.jacars.net/adv/2528456_mazda-demio-2007-2014-genuine-front-rear-bumpers/"",""details"":[],""sourceSpecifications"":[],""listingIdentity"":{""version"":""2026-10-07.1"",""sourceUrl"":""https://www.jacars.net/adv/2528456_mazda-demio-2007-2014-genuine-front-rear-bumpers/"",""title"":""Mazda Demio 2007-2014 Genuine Front & Rear Bumpers"",""images"":[""https://cdn2.jacars.net/media/cache/03/2d/032df4510979c1a3b0187136d252397f.webp"",""https://cdn2.jacars.net/media/cache/08/14/08140785a184a9a0da5b8208ba33e4f3.webp""],""phones"":[""+18768739901""],""sellerId"":"""",""city"":""Manchester"",""checkedAt"":""2026-10-10T21:01:33.387Z""},""detailsVersion"":""2026-10-07.3""}",active,2026-10-10T20:30:43Z,200,Matching listing has an available source offer,2026-10-10T20:30:43Z,https://www.jacars.net/adv/2528456_mazda-demio-2007-2014-genuine-front-rear-bumpers/,0,,visible,,,
jacars-2528455,published,vehicles,vehicles,auto_parts,Toyota Corona Premio 1997-2001 Genuine Front Bumper,JA$ 1,1,JMD,Manchester,Jamaica,Zig Zag Auto Parts & Car Sales Limited,+18768739901,"🚗 Toyota Corona Premio 1997-2001 Genuine Front Bumper 🚗

🔥 Ready Stock Available 🔥

✅ Genuine Toyota Front Bumper
✅ Fits Toyota Corona Premio 1997-2001 Models
✅ Original Genuine OEM Part
✅ Original Factory Fitment
✅ Quality Used Part Imported from Japan 🇯🇵

🏬 Zig Zag Auto Parts & Car Sales Ltd.
📍 73 Manchester Road, Mandeville
📞 Call/WhatsApp: (876) 873-9901 / (876) 235-4486

💬 Contact us today for pricing and availability! 🔧🚗🔥",https://cdn2.jacars.net/media/cache/1e/b5/1eb5ffff42ec0c09c05266fd317d84a9.webp|https://cdn2.jacars.net/media/cache/6e/73/6e7376afcd7d587e2c35bbc1faf6bf65.webp,JACars,https://www.jacars.net/adv/2528455_toyota-corona-premio-1997-2001-genuine-front-bumper/,2026-10-08T18:31:14Z,,,,,,,,,"{""parser"":""public_marketplace_refresh"",""contactSource"":""https://www.jacars.net/adv/2528455_toyota-corona-premio-1997-2001-genuine-front-bumper/"",""phoneVerifiedAt"":""2026-10-08T18:31:14Z"",""imageSourceUrl"":""https://www.jacars.net/adv/2528455_toyota-corona-premio-1997-2001-genuine-front-bumper/"",""imageVerifiedAt"":""2026-10-10T21:01:33.387Z"",""imageIntegrityVersion"":""2026-10-07.1"",""brand"":""Toyota"",""detailsVerifiedAt"":""2026-10-10T20:45:31.479532+00:00"",""detailsSourceUrl"":""https://www.jacars.net/adv/2528455_toyota-corona-premio-1997-2001-genuine-front-bumper/"",""details"":[],""sourceSpecifications"":[],""listingIdentity"":{""version"":""2026-10-07.1"",""sourceUrl"":""https://www.jacars.net/adv/2528455_toyota-corona-premio-1997-2001-genuine-front-bumper/"",""title"":""Toyota Corona Premio 1997-2001 Genuine Front Bumper"",""images"":[""https://cdn2.jacars.net/media/cache/1e/b5/1eb5ffff42ec0c09c05266fd317d84a9.webp"",""https://cdn2.jacars.net/media/cache/6e/73/6e7376afcd7d587e2c35bbc1faf6bf65.webp""],""phones"":[""+18768739901""],""sellerId"":"""",""city"":""Manchester"",""checkedAt"":""2026-10-10T21:01:33.387Z""},""detailsVersion"":""2026-10-07.3""}",active,2026-10-10T20:30:43Z,200,Matching listing has an available source offer,2026-10-10T20:30:43Z,https://www.jacars.net/adv/2528455_toyota-corona-premio-1997-2001-genuine-front-bumper/,0,,visible,,,
jacars-2528454,published,vehicles,vehicles,auto_parts,Mitsubishi Airtrek 2003 Genuine Rear Bumper,JA$ 1,1,JMD,Manchester,Jamaica,Zig Zag Auto Parts & Car Sales Limited,+18768739901,"🚗 Mitsubishi Airtrek 2003 Genuine Rear Bumper 🚗

🔥 Ready Stock Available 🔥

✅ Genuine Mitsubishi Rear Bumper
✅ Fits Mitsubishi Airtrek 2003 Models
✅ Original Genuine OEM Part
✅ Original Factory Fitment
✅ Quality Used Part Imported from Japan 🇯🇵

🏬 Zig Zag Auto Parts & Car Sales Ltd.
📍 73 Manchester Road, Mandeville
📞 Call/WhatsApp: (876) 873-9901 / (876) 235-4486

💬 Contact us today for pricing and availability! 🔧🚗🔥",https://cdn2.jacars.net/media/cache/1e/81/1e81a309713b203fb196293592a35bcd.webp|https://cdn2.jacars.net/media/cache/41/64/4164a90cddfc2b7c6b35cd1d9ad43077.webp,JACars,https://www.jacars.net/adv/2528454_mitsubishi-airtrek-2003-genuine-rear-bumper/,2026-10-08T18:31:14Z,,,,,,,,,"{""parser"":""public_marketplace_refresh"",""contactSource"":""https://www.jacars.net/adv/2528454_mitsubishi-airtrek-2003-genuine-rear-bumper/"",""phoneVerifiedAt"":""2026-10-08T18:31:14Z"",""imageSourceUrl"":""https://www.jacars.net/adv/2528454_mitsubishi-airtrek-2003-genuine-rear-bumper/"",""imageVerifiedAt"":""2026-10-10T21:01:33.387Z"",""imageIntegrityVersion"":""2026-10-07.1"",""brand"":""Mitsubishi"",""detailsVerifiedAt"":""2026-10-10T20:45:31.479532+00:00"",""detailsSourceUrl"":""https://www.jacars.net/adv/2528454_mitsubishi-airtrek-2003-genuine-rear-bumper/"",""details"":[],""sourceSpecifications"":[],""listingIdentity"":{""version"":""2026-10-07.1"",""sourceUrl"":""https://www.jacars.net/adv/2528454_mitsubishi-airtrek-2003-genuine-rear-bumper/"",""title"":""Mitsubishi Airtrek 2003 Genuine Rear Bumper"",""images"":[""https://cdn2.jacars.net/media/cache/1e/81/1e81a309713b203fb196293592a35bcd.webp"",""https://cdn2.jacars.net/media/cache/41/64/4164a90cddfc2b7c6b35cd1d9ad43077.webp""],""phones"":[""+18768739901""],""sellerId"":"""",""city"":""Manchester"",""checkedAt"":""2026-10-10T21:01:33.387Z""},""detailsVersion"":""2026-10-07.3""}",active,2026-10-10T20:30:43Z,200,Matching listing has an available source offer,2026-10-10T20:30:43Z,https://www.jacars.net/adv/2528454_mitsubishi-airtrek-2003-genuine-rear-bumper/,0,,visible,,,
jacars-2528453,published,vehicles,vehicles,auto_parts,Mitsubishi Lancer Evolution IV CN9A 1996-1998 Genuine Rear Bumper,JA$ 1,1,JMD,Manchester,Jamaica,Zig Zag Auto Parts & Car Sales Limited,+18768739901,"🚗 Mitsubishi Lancer Evolution IV (CN9A) 1996-1998 Genuine Rear Bumper 🚗

🔥 Ready Stock Available 🔥

✅ Genuine Mitsubishi Rear Bumper
✅ Fits Mitsubishi Lancer Evolution IV (CN9A)
✅ Original Genuine OEM Part
✅ Original Factory Fitment
✅ Quality Used Part Imported from Japan 🇯🇵

🏬 Zig Zag Auto Parts & Car Sales Ltd.
📍 73 Manchester Road, Mandeville
📞 Call/WhatsApp: (876) 873-9901 / (876) 235-4486

💬 Contact us today for pricing and availability! 🔧🚗🔥",https://cdn2.jacars.net/media/cache/cb/db/cbdb6a2b800b4bcb535fb0361f0f2388.webp|https://cdn2.jacars.net/media/cache/e0/52/e052eabd341461d0c9a0f0a79db6ab3f.webp,JACars,https://www.jacars.net/adv/2528453_mitsubishi-lancer-evolution-iv-cn9a-1996-1998-genuine-rear-bumper/,2026-10-08T18:31:14Z,,,,,,,,,"{""parser"":""public_marketplace_refresh"",""contactSource"":""https://www.jacars.net/adv/2528453_mitsubishi-lancer-evolution-iv-cn9a-1996-1998-genuine-rear-bumper/"",""phoneVerifiedAt"":""2026-10-08T18:31:14Z"",""imageSourceUrl"":""https://www.jacars.net/adv/2528453_mitsubishi-lancer-evolution-iv-cn9a-1996-1998-genuine-rear-bumper/"",""imageVerifiedAt"":""2026-10-10T21:01:33.387Z"",""imageIntegrityVersion"":""2026-10-07.1"",""brand"":""Mitsubishi"",""detailsVerifiedAt"":""2026-10-10T20:45:31.479532+00:00"",""detailsSourceUrl"":""https://www.jacars.net/adv/2528453_mitsubishi-lancer-evolution-iv-cn9a-1996-1998-genuine-rear-bumper/"",""details"":[],""sourceSpecifications"":[],""listingIdentity"":{""version"":""2026-10-07.1"",""sourceUrl"":""https://www.jacars.net/adv/2528453_mitsubishi-lancer-evolution-iv-cn9a-1996-1998-genuine-rear-bumper/"",""title"":""Mitsubishi Lancer Evolution IV CN9A 1996-1998 Genuine Rear Bumper"",""images"":[""https://cdn2.jacars.net/media/cache/cb/db/cbdb6a2b800b4bcb535fb0361f0f2388.webp"",""https://cdn2.jacars.net/media/cache/e0/52/e052eabd341461d0c9a0f0a79db6ab3f.webp""],""phones"":[""+18768739901""],""sellerId"":"""",""city"":""Manchester"",""checkedAt"":""2026-10-10T21:01:33.387Z""},""detailsVersion"":""2026-10-07.3""}",active,2026-10-10T20:30:43Z,200,Matching listing has an available source offer,2026-10-10T20:30:43Z,https://www.jacars.net/adv/2528453_mitsubishi-lancer-evolution-iv-cn9a-1996-1998-genuine-rear-bumper/,0,,visible,,,
jacars-2528452,published,vehicles,vehicles,auto_parts,Nissan Bluebird U12 1992 Genuine Rear Bumper,JA$ 1,1,JMD,Manchester,Jamaica,Zig Zag Auto Parts & Car Sales Limited,+18768739901,"🚗 Nissan Bluebird U12 1992 Genuine Rear Bumper 🚗

🔥 Ready Stock Available 🔥

✅ Original Genuine Nissan Rear Bumper
✅ Fits Nissan Bluebird U12 Models
✅ Genuine OEM Factory Part
✅ Quality Used Part Imported from Japan 🇯🇵
✅ Original Factory Fitment

🏬 Zig Zag Auto Parts & Car Sales Ltd.
📍 73 Manchester Road, Mandeville
📞 Call/WhatsApp: (876) 873-9901 / (876) 235-4486

💬 Contact us today for pricing and availability! 🔧🚗🔥",https://cdn2.jacars.net/media/cache/6b/ba/6bbafcdbf613b6cfd20ab42dcc87e8b3.webp|https://cdn2.jacars.net/media/cache/94/03/940327cd1456f7e10b62e972fbff8101.webp,JACars,https://www.jacars.net/adv/2528452_nissan-bluebird-u12-1992-genuine-rear-bumper/,2026-10-08T18:31:14Z,,,,,,,,,"{""parser"":""public_marketplace_refresh"",""contactSource"":""https://www.jacars.net/adv/2528452_nissan-bluebird-u12-1992-genuine-rear-bumper/"",""phoneVerifiedAt"":""2026-10-08T18:31:14Z"",""imageSourceUrl"":""https://www.jacars.net/adv/2528452_nissan-bluebird-u12-1992-genuine-rear-bumper/"",""imageVerifiedAt"":""2026-10-10T21:01:33.387Z"",""imageIntegrityVersion"":""2026-10-07.1"",""brand"":""Acura Honda"",""detailsVerifiedAt"":""2026-10-10T20:45:31.479532+00:00"",""detailsSourceUrl"":""https://www.jacars.net/adv/2528452_nissan-bluebird-u12-1992-genuine-rear-bumper/"",""details"":[],""sourceSpecifications"":[],""listingIdentity"":{""version"":""2026-10-07.1"",""sourceUrl"":""https://www.jacars.net/adv/2528452_nissan-bluebird-u12-1992-genuine-rear-bumper/"",""title"":""Nissan Bluebird U12 1992 Genuine Rear Bumper"",""images"":[""https://cdn2.jacars.net/media/cache/6b/ba/6bbafcdbf613b6cfd20ab42dcc87e8b3.webp"",""https://cdn2.jacars.net/media/cache/94/03/940327cd1456f7e10b62e972fbff8101.webp""],""phones"":[""+18768739901""],""sellerId"":"""",""city"":""Manchester"",""checkedAt"":""2026-10-10T21:01:33.387Z""},""detailsVersion"":""2026-10-07.3""}",active,2026-10-10T20:30:43Z,200,Matching listing has an available source offer,2026-10-10T20:30:43Z,https://www.jacars.net/adv/2528452_nissan-bluebird-u12-1992-genuine-rear-bumper/,0,,visible,,,
jacars-2528451,published,vehicles,vehicles,auto_parts,Nissan Bluebird Sylphy / Almera / Sentra 2000-2005 Genuine Rear Bumper,JA$ 1,1,JMD,Manchester,Jamaica,Zig Zag Auto Parts & Car Sales Limited,+18768739901,"🚗 Nissan Bluebird Sylphy / Almera / Sentra 2000-2005 Genuine Rear Bumper 🚗

🔥 Ready Stock Available 🔥

✅ Genuine Nissan Rear Bumpers
✅ Fits Nissan Bluebird Sylphy / Almera / Sentra 2000-2005 Models
✅ Original Genuine OEM Parts
✅ Factory Fitment Guaranteed
✅ Quality Used Parts Imported from Japan 🇯🇵

🏬 Zig Zag Auto Parts & Car Sales Ltd.
📍 73 Manchester Road, Mandeville
📞 Call/WhatsApp: (876) 873-9901 / (876) 235-4486

💬 Contact us today for pricing and availability! 🔧🚗🔥",https://cdn2.jacars.net/media/cache/7e/c7/7ec7818bbeb2fc72487f7048eb98b057.webp|https://cdn2.jacars.net/media/cache/80/59/8059020ba0743d01ffb5e25b401b6fd0.webp|https://cdn2.jacars.net/media/cache/99/5f/995f1a80a592a5ff22632fbaaf5520c4.webp,JACars,https://www.jacars.net/adv/2528451_nissan-bluebird-sylphy-almera-sentra-2000-2005-genuine-rear-bumper/,2026-10-08T18:31:14Z,,,,,,,,,"{""parser"":""public_marketplace_refresh"",""contactSource"":""https://www.jacars.net/adv/2528451_nissan-bluebird-sylphy-almera-sentra-2000-2005-genuine-rear-bumper/"",""phoneVerifiedAt"":""2026-10-08T18:31:14Z"",""imageSourceUrl"":""https://www.jacars.net/adv/2528451_nissan-bluebird-sylphy-almera-sentra-2000-2005-genuine-rear-bumper/"",""imageVerifiedAt"":""2026-10-10T21:01:33.387Z"",""imageIntegrityVersion"":""2026-10-07.1"",""brand"":""Nissan"",""detailsVerifiedAt"":""2026-10-10T20:45:31.479532+00:00"",""detailsSourceUrl"":""https://www.jacars.net/adv/2528451_nissan-bluebird-sylphy-almera-sentra-2000-2005-genuine-rear-bumper/"",""details"":[],""sourceSpecifications"":[],""listingIdentity"":{""version"":""2026-10-07.1"",""sourceUrl"":""https://www.jacars.net/adv/2528451_nissan-bluebird-sylphy-almera-sentra-2000-2005-genuine-rear-bumper/"",""title"":""Nissan Bluebird Sylphy / Almera / Sentra 2000-2005 Genuine Rear Bumper"",""images"":[""https://cdn2.jacars.net/media/cache/7e/c7/7ec7818bbeb2fc72487f7048eb98b057.webp"",""https://cdn2.jacars.net/media/cache/80/59/8059020ba0743d01ffb5e25b401b6fd0.webp"",""https://cdn2.jacars.net/media/cache/99/5f/995f1a80a592a5ff22632fbaaf5520c4.webp""],""phones"":[""+18768739901""],""sellerId"":"""",""city"":""Manchester"",""checkedAt"":""2026-10-10T21:01:33.387Z""},""detailsVersion"":""2026-10-07.3""}",active,2026-10-10T20:30:43Z,200,Matching listing has an available source offer,2026-10-10T20:30:43Z,https://www.jacars.net/adv/2528451_nissan-bluebird-sylphy-almera-sentra-2000-2005-genuine-rear-bumper/,0,,visible,,,
jacars-2528449,published,vehicles,vehicles,auto_parts,Nissan Bluebird Sylphy 2005-2012 Genuine Rear Bumper,JA$ 1,1,JMD,Manchester,Jamaica,Zig Zag Auto Parts & Car Sales Limited,+18768739901,"🚗 Nissan Bluebird Sylphy 2005-2012 Genuine Rear Bumper 🚗

🔥 Ready Stock Available 🔥

✅ Genuine Nissan Rear Bumpers
✅ Fits Nissan Bluebird Sylphy 2005-2012 Models
✅ Original Genuine OEM Parts
✅ Factory Fitment Guaranteed
✅ Quality Used Parts Imported from Japan 🇯🇵

🏬 Zig Zag Auto Parts & Car Sales Ltd.
📍 73 Manchester Road, Mandeville
📞 Call/WhatsApp: (876) 873-9901 / (876) 235-4486

💬 Contact us today for pricing and availability! 🔧🚗🔥",https://cdn2.jacars.net/media/cache/4d/fd/4dfd7351069e260ce8201672bbe38776.webp|https://cdn2.jacars.net/media/cache/e1/a7/e1a7ef48a6a89d100eaa1b016f25c299.webp,JACars,https://www.jacars.net/adv/2528449_nissan-bluebird-sylphy-2005-2012-genuine-rear-bumper/,2026-10-08T18:31:14Z,,,,,,,,,"{""parser"":""public_marketplace_refresh"",""contactSource"":""https://www.jacars.net/adv/2528449_nissan-bluebird-sylphy-2005-2012-genuine-rear-bumper/"",""phoneVerifiedAt"":""2026-10-08T18:31:14Z"",""imageSourceUrl"":""https://www.jacars.net/adv/2528449_nissan-bluebird-sylphy-2005-2012-genuine-rear-bumper/"",""imageVerifiedAt"":""2026-10-10T21:01:33.387Z"",""imageIntegrityVersion"":""2026-10-07.1"",""brand"":""Nissan"",""detailsVerifiedAt"":""2026-10-10T20:45:31.479532+00:00"",""detailsSourceUrl"":""https://www.jacars.net/adv/2528449_nissan-bluebird-sylphy-2005-2012-genuine-rear-bumper/"",""details"":[],""sourceSpecifications"":[],""listingIdentity"":{""version"":""2026-10-07.1"",""sourceUrl"":""https://www.jacars.net/adv/2528449_nissan-bluebird-sylphy-2005-2012-genuine-rear-bumper/"",""title"":""Nissan Bluebird Sylphy 2005-2012 Genuine Rear Bumper"",""images"":[""https://cdn2.jacars.net/media/cache/4d/fd/4dfd7351069e260ce8201672bbe38776.webp"",""https://cdn2.jacars.net/media/cache/e1/a7/e1a7ef48a6a89d100eaa1b016f25c299.webp""],""phones"":[""+18768739901""],""sellerId"":"""",""city"":""Manchester"",""checkedAt"":""2026-10-10T21:01:33.387Z""},""detailsVersion"":""2026-10-07.3""}",active,2026-10-10T20:30:43Z,200,Matching listing has an available source offer,2026-10-10T20:30:43Z,https://www.jacars.net/adv/2528449_nissan-bluebird-sylphy-2005-2012-genuine-rear-bumper/,0,,visible,,,
jacars-2528448,published,vehicles,vehicles,auto_parts,Nissan Serena C25 2005 Genuine Rear Bumper,JA$ 1,1,JMD,Manchester,Jamaica,Zig Zag Auto Parts & Car Sales Limited,+18768739901,"🚐 Nissan Serena C25 2005 Genuine Rear Bumper 🚐

🔥 Ready Stock Available 🔥

✅ Genuine Nissan Rear Bumpers
✅ Fits Nissan Serena C25 Models
✅ Original Genuine OEM Parts
✅ Factory Fitment Guaranteed
✅ Quality Used Parts Imported from Japan 🇯🇵

🏬 Zig Zag Auto Parts & Car Sales Ltd.
📍 73 Manchester Road, Mandeville
📞 Call/WhatsApp: (876) 873-9901 / (876) 235-4486

💬 Contact us today for pricing and availability! 🔧🚐🔥",https://cdn2.jacars.net/media/cache/df/3e/df3e5ad7f321872fb66b75c792e9069c.webp|https://cdn2.jacars.net/media/cache/80/ba/80ba7fcd0ca3ff7665399ea71961d4fb.webp,JACars,https://www.jacars.net/adv/2528448_nissan-serena-c25-2005-genuine-rear-bumper/,2026-10-08T18:31:14Z,,,,,,,,,"{""parser"":""public_marketplace_refresh"",""contactSource"":""https://www.jacars.net/adv/2528448_nissan-serena-c25-2005-genuine-rear-bumper/"",""phoneVerifiedAt"":""2026-10-08T18:31:14Z"",""imageSourceUrl"":""https://www.jacars.net/adv/2528448_nissan-serena-c25-2005-genuine-rear-bumper/"",""imageVerifiedAt"":""2026-10-10T21:01:33.387Z"",""imageIntegrityVersion"":""2026-10-07.1"",""brand"":""Nissan"",""detailsVerifiedAt"":""2026-10-10T20:45:31.479532+00:00"",""detailsSourceUrl"":""https://www.jacars.net/adv/2528448_nissan-serena-c25-2005-genuine-rear-bumper/"",""details"":[],""sourceSpecifications"":[],""listingIdentity"":{""version"":""2026-10-07.1"",""sourceUrl"":""https://www.jacars.net/adv/2528448_nissan-serena-c25-2005-genuine-rear-bumper/"",""title"":""Nissan Serena C25 2005 Genuine Rear Bumper"",""images"":[""https://cdn2.jacars.net/media/cache/df/3e/df3e5ad7f321872fb66b75c792e9069c.webp"",""https://cdn2.jacars.net/media/cache/80/ba/80ba7fcd0ca3ff7665399ea71961d4fb.webp""],""phones"":[""+18768739901""],""sellerId"":"""",""city"":""Manchester"",""checkedAt"":""2026-10-10T21:01:33.387Z""},""detailsVersion"":""2026-10-07.3""}",active,2026-10-10T20:30:43Z,200,Matching listing has an available source offer,2026-10-10T20:30:43Z,https://www.jacars.net/adv/2528448_nissan-serena-c25-2005-genuine-rear-bumper/,0,,visible,,,
jacars-2528447,published,vehicles,vehicles,auto_parts,Nissan Caravan E25 2001-2012 Genuine Rear Bumper,JA$ 1,1,JMD,Manchester,Jamaica,Zig Zag Auto Parts & Car Sales Limited,+18768739901,"🚐 Nissan Caravan E25 2001-2012 Genuine Rear Bumper 🚐

🔥 Ready Stock Available 🔥

✅ Genuine Nissan Rear Bumpers
✅ Fits Nissan Caravan E25 2001-2012 Models
✅ Original Genuine OEM Parts
✅ Factory Fitment Guaranteed
✅ Quality Used Parts Imported from Japan 🇯🇵

🏬 Zig Zag Auto Parts & Car Sales Ltd.
📍 73 Manchester Road, Mandeville
📞 Call/WhatsApp: (876) 873-9901 / (876) 235-4486

💬 Contact us today for pricing and availability! 🔧🚐🔥",https://cdn2.jacars.net/media/cache/33/78/3378646548d8eac45257672cc9b1c9a5.webp|https://cdn2.jacars.net/media/cache/91/06/9106b73163cceae2be1c7abfc7fbbbb8.webp,JACars,https://www.jacars.net/adv/2528447_nissan-caravan-e25-2001-2012-genuine-rear-bumper/,2026-10-08T18:31:14Z,,,,,,,,,"{""parser"":""public_marketplace_refresh"",""contactSource"":""https://www.jacars.net/adv/2528447_nissan-caravan-e25-2001-2012-genuine-rear-bumper/"",""phoneVerifiedAt"":""2026-10-08T18:31:14Z"",""imageSourceUrl"":""https://www.jacars.net/adv/2528447_nissan-caravan-e25-2001-2012-genuine-rear-bumper/"",""imageVerifiedAt"":""2026-10-10T21:01:33.387Z"",""imageIntegrityVersion"":""2026-10-07.1"",""brand"":""Nissan"",""detailsVerifiedAt"":""2026-10-10T20:45:31.479532+00:00"",""detailsSourceUrl"":""https://www.jacars.net/adv/2528447_nissan-caravan-e25-2001-2012-genuine-rear-bumper/"",""details"":[],""sourceSpecifications"":[],""listingIdentity"":{""version"":""2026-10-07.1"",""sourceUrl"":""https://www.jacars.net/adv/2528447_nissan-caravan-e25-2001-2012-genuine-rear-bumper/"",""title"":""Nissan Caravan E25 2001-2012 Genuine Rear Bumper"",""images"":[""https://cdn2.jacars.net/media/cache/33/78/3378646548d8eac45257672cc9b1c9a5.webp"",""https://cdn2.jacars.net/media/cache/91/06/9106b73163cceae2be1c7abfc7fbbbb8.webp""],""phones"":[""+18768739901""],""sellerId"":"""",""city"":""Manchester"",""checkedAt"":""2026-10-10T21:01:33.387Z""},""detailsVersion"":""2026-10-07.3""}",active,2026-10-10T20:30:43Z,200,Matching listing has an available source offer,2026-10-10T20:30:43Z,https://www.jacars.net/adv/2528447_nissan-caravan-e25-2001-2012-genuine-rear-bumper/,0,,visible,,,
jacars-2528446,published,vehicles,vehicles,auto_parts,Nissan Note E11 2008-2012 Genuine Front Bumper,JA$ 1,1,JMD,Manchester,Jamaica,Zig Zag Auto Parts & Car Sales Limited,+18768739901,"🚗 Nissan Note E11 2008-2012 Genuine Front Bumper 🚗

🔥 Ready Stock Available 🔥

✅ Genuine Nissan Front Bumpers
✅ Fits Nissan Note E11 2008-2012 Models
✅ Original Genuine OEM Parts
✅ Factory Fitment Guaranteed
✅ Quality Used Parts Imported from Japan 🇯🇵

🏬 Zig Zag Auto Parts & Car Sales Ltd.
📍 73 Manchester Road, Mandeville
📞 Call/WhatsApp: (876) 873-9901 / (876) 235-4486

💬 Contact us today for pricing and availability! 🔧🚗🔥",https://cdn2.jacars.net/media/cache/ef/2b/ef2bc68eb4c36ebd12d8cac0103389a9.webp|https://cdn2.jacars.net/media/cache/87/41/874144d2214c2f3b689930a98bd18029.webp,JACars,https://www.jacars.net/adv/2528446_nissan-note-e11-2008-2012-genuine-front-bumper/,2026-10-08T18:31:14Z,,,,,,,,,"{""parser"":""public_marketplace_refresh"",""contactSource"":""https://www.jacars.net/adv/2528446_nissan-note-e11-2008-2012-genuine-front-bumper/"",""phoneVerifiedAt"":""2026-10-08T18:31:14Z"",""imageSourceUrl"":""https://www.jacars.net/adv/2528446_nissan-note-e11-2008-2012-genuine-front-bumper/"",""imageVerifiedAt"":""2026-10-10T21:01:33.387Z"",""imageIntegrityVersion"":""2026-10-07.1"",""brand"":""Nissan"",""detailsVerifiedAt"":""2026-10-10T20:45:31.479532+00:00"",""detailsSourceUrl"":""https://www.jacars.net/adv/2528446_nissan-note-e11-2008-2012-genuine-front-bumper/"",""details"":[],""sourceSpecifications"":[],""listingIdentity"":{""version"":""2026-10-07.1"",""sourceUrl"":""https://www.jacars.net/adv/2528446_nissan-note-e11-2008-2012-genuine-front-bumper/"",""title"":""Nissan Note E11 2008-2012 Genuine Front Bumper"",""images"":[""https://cdn2.jacars.net/media/cache/ef/2b/ef2bc68eb4c36ebd12d8cac0103389a9.webp"",""https://cdn2.jacars.net/media/cache/87/41/874144d2214c2f3b689930a98bd18029.webp""],""phones"":[""+18768739901""],""sellerId"":"""",""city"":""Manchester"",""checkedAt"":""2026-10-10T21:01:33.387Z""},""detailsVersion"":""2026-10-07.3""}",active,2026-10-10T20:30:43Z,200,Matching listing has an available source offer,2026-10-10T20:30:43Z,https://www.jacars.net/adv/2528446_nissan-note-e11-2008-2012-genuine-front-bumper/,0,,visible,,,
jacars-2528445,published,vehicles,vehicles,auto_parts,Nissan Lafesta B30 Genuine Front & Rear Bumpers,JA$ 1,1,JMD,Manchester,Jamaica,Zig Zag Auto Parts & Car Sales Limited,+18768739901,"🚗 Nissan Lafesta B30 Genuine Front & Rear Bumpers 🚗

🔥 Ready Stock Available 🔥

✅ Genuine Nissan Front Bumpers
✅ Genuine Nissan Rear Bumpers
✅ Fits Nissan Lafesta B30 Models
✅ Original Genuine OEM Parts
✅ Factory Fitment Guaranteed
✅ Quality Used Parts Imported from Japan 🇯🇵

🏬 Zig Zag Auto Parts & Car Sales Ltd.
📍 73 Manchester Road, Mandeville
📞 Call/WhatsApp: (876) 873-9901 / (876) 235-4486

💬 Contact us today for pricing and availability! 🔧🚗🔥",https://cdn2.jacars.net/media/cache/7a/bd/7abdfd5154df24c57bc5f4e0a6980b84.webp|https://cdn2.jacars.net/media/cache/ab/f2/abf28db2766f43226ee776276854b1af.webp|https://cdn2.jacars.net/media/cache/3f/9f/3f9fc819304e0d5a1252c6cc96267f02.webp|https://cdn2.jacars.net/media/cache/a9/17/a9179735c9d665aedbae62b79faa3f52.webp,JACars,https://www.jacars.net/adv/2528445_nissan-lafesta-b30-genuine-front-rear-bumpers/,2026-10-08T18:31:14Z,,,,,,,,,"{""parser"":""public_marketplace_refresh"",""contactSource"":""https://www.jacars.net/adv/2528445_nissan-lafesta-b30-genuine-front-rear-bumpers/"",""phoneVerifiedAt"":""2026-10-08T18:31:14Z"",""imageSourceUrl"":""https://www.jacars.net/adv/2528445_nissan-lafesta-b30-genuine-front-rear-bumpers/"",""imageVerifiedAt"":""2026-10-10T21:01:33.387Z"",""imageIntegrityVersion"":""2026-10-07.1"",""brand"":""Nissan"",""detailsVerifiedAt"":""2026-10-10T20:45:31.479532+00:00"",""detailsSourceUrl"":""https://www.jacars.net/adv/2528445_nissan-lafesta-b30-genuine-front-rear-bumpers/"",""details"":[],""sourceSpecifications"":[],""listingIdentity"":{""version"":""2026-10-07.1"",""sourceUrl"":""https://www.jacars.net/adv/2528445_nissan-lafesta-b30-genuine-front-rear-bumpers/"",""title"":""Nissan Lafesta B30 Genuine Front & Rear Bumpers"",""images"":[""https://cdn2.jacars.net/media/cache/7a/bd/7abdfd5154df24c57bc5f4e0a6980b84.webp"",""https://cdn2.jacars.net/media/cache/ab/f2/abf28db2766f43226ee776276854b1af.webp"",""https://cdn2.jacars.net/media/cache/3f/9f/3f9fc819304e0d5a1252c6cc96267f02.webp"",""https://cdn2.jacars.net/media/cache/a9/17/a9179735c9d665aedbae62b79faa3f52.webp""],""phones"":[""+18768739901""],""sellerId"":"""",""city"":""Manchester"",""checkedAt"":""2026-10-10T21:01:33.387Z""},""detailsVersion"":""2026-10-07.3""}",active,2026-10-10T20:30:43Z,200,Matching listing has an available source offer,2026-10-10T20:30:43Z,https://www.jacars.net/adv/2528445_nissan-lafesta-b30-genuine-front-rear-bumpers/,0,,visible,,,
jacars-2528443,published,vehicles,vehicles,auto_parts,Honda Accord Euro CL7-CL9 2002-2008 Genuine Rear Bumper,JA$ 1,1,JMD,Manchester,Jamaica,Zig Zag Auto Parts & Car Sales Limited,+18768739901,"🚗 Honda Accord Euro CL7-CL9 2002-2008 Genuine Rear Bumper 🚗

🔥 Ready Stock Available 🔥

✅ Genuine Honda Rear Bumpers
✅ Fits Honda Accord Euro CL7 / CL8 / CL9 Models
✅ Original Genuine OEM Parts
✅ Factory Fitment Guaranteed
✅ Quality Used Parts Imported from Japan 🇯🇵

🏬 Zig Zag Auto Parts & Car Sales Ltd.
📍 73 Manchester Road, Mandeville
📞 Call/WhatsApp: (876) 873-9901 / (876) 235-4486

💬 Contact us today for pricing and availability! 🔧🚗🔥",https://cdn2.jacars.net/media/cache/5b/0a/5b0ad4faedb33da5a5dadf42e08605a4.webp|https://cdn2.jacars.net/media/cache/40/7b/407b2d8323a63194d637dc74bfee5f6b.webp,JACars,https://www.jacars.net/adv/2528443_honda-accord-euro-cl7-cl9-2002-2008-genuine-rear-bumper/,2026-10-08T18:31:14Z,,,,,,,,,"{""parser"":""public_marketplace_refresh"",""contactSource"":""https://www.jacars.net/adv/2528443_honda-accord-euro-cl7-cl9-2002-2008-genuine-rear-bumper/"",""phoneVerifiedAt"":""2026-10-08T18:31:14Z"",""imageSourceUrl"":""https://www.jacars.net/adv/2528443_honda-accord-euro-cl7-cl9-2002-2008-genuine-rear-bumper/"",""imageVerifiedAt"":""2026-10-10T21:01:33.387Z"",""imageIntegrityVersion"":""2026-10-07.1"",""brand"":""Acura Honda"",""detailsVerifiedAt"":""2026-10-10T20:45:31.479532+00:00"",""detailsSourceUrl"":""https://www.jacars.net/adv/2528443_honda-accord-euro-cl7-cl9-2002-2008-genuine-rear-bumper/"",""details"":[],""sourceSpecifications"":[],""listingIdentity"":{""version"":""2026-10-07.1"",""sourceUrl"":""https://www.jacars.net/adv/2528443_honda-accord-euro-cl7-cl9-2002-2008-genuine-rear-bumper/"",""title"":""Honda Accord Euro CL7-CL9 2002-2008 Genuine Rear Bumper"",""images"":[""https://cdn2.jacars.net/media/cache/5b/0a/5b0ad4faedb33da5a5dadf42e08605a4.webp"",""https://cdn2.jacars.net/media/cache/40/7b/407b2d8323a63194d637dc74bfee5f6b.webp""],""phones"":[""+18768739901""],""sellerId"":"""",""city"":""Manchester"",""checkedAt"":""2026-10-10T21:01:33.387Z""},""detailsVersion"":""2026-10-07.3""}",active,2026-10-10T20:30:43Z,200,Matching listing has an available source offer,2026-10-10T20:30:43Z,https://www.jacars.net/adv/2528443_honda-accord-euro-cl7-cl9-2002-2008-genuine-rear-bumper/,0,,visible,,,
jacars-2528442,published,vehicles,vehicles,auto_parts,1996-02 HONDA ORTHIA EL1-3 GENUINE FRONT BUMPER,JA$ 1,1,JMD,Manchester,Jamaica,Zig Zag Auto Parts & Car Sales Limited,+18768739901,"🚗 Honda Orthia EL1-EL3 1996-2002 Genuine Front Bumper 🚗

🔥 Ready Stock Available 🔥

✅ Genuine Honda Front Bumpers
✅ Fits Honda Orthia EL1 / EL2 / EL3 Models
✅ Original Genuine OEM Parts
✅ Factory Fitment Guaranteed
✅ Quality Used Parts Imported from Japan 🇯🇵

🏬 Zig Zag Auto Parts & Car Sales Ltd.
📍 73 Manchester Road, Mandeville
📞 Call/WhatsApp: (876) 873-9901 / (876) 235-4486

💬 Contact us today for pricing and availability! 🔧🚗🔥",https://cdn2.jacars.net/media/cache/25/e2/25e214077b11f53db0050d2fa39da64f.webp|https://cdn2.jacars.net/media/cache/43/72/43729bcb7a154aadafe36b56eb638a9c.webp,JACars,https://www.jacars.net/adv/2528442_1996-02-honda-orthia-el1-3-genuine-front-bumper/,2026-10-08T18:31:14Z,,,,,,,,,"{""parser"":""public_marketplace_refresh"",""contactSource"":""https://www.jacars.net/adv/2528442_1996-02-honda-orthia-el1-3-genuine-front-bumper/"",""phoneVerifiedAt"":""2026-10-08T18:31:14Z"",""imageSourceUrl"":""https://www.jacars.net/adv/2528442_1996-02-honda-orthia-el1-3-genuine-front-bumper/"",""imageVerifiedAt"":""2026-10-10T21:01:33.387Z"",""imageIntegrityVersion"":""2026-10-07.1"",""brand"":""Acura Honda"",""detailsVerifiedAt"":""2026-10-10T20:45:31.479532+00:00"",""detailsSourceUrl"":""https://www.jacars.net/adv/2528442_1996-02-honda-orthia-el1-3-genuine-front-bumper/"",""details"":[],""sourceSpecifications"":[],""listingIdentity"":{""version"":""2026-10-07.1"",""sourceUrl"":""https://www.jacars.net/adv/2528442_1996-02-honda-orthia-el1-3-genuine-front-bumper/"",""title"":""1996-02 HONDA ORTHIA EL1-3 GENUINE FRONT BUMPER"",""images"":[""https://cdn2.jacars.net/media/cache/25/e2/25e214077b11f53db0050d2fa39da64f.webp"",""https://cdn2.jacars.net/media/cache/43/72/43729bcb7a154aadafe36b56eb638a9c.webp""],""phones"":[""+18768739901""],""sellerId"":"""",""city"":""Manchester"",""checkedAt"":""2026-10-10T21:01:33.387Z""},""detailsVersion"":""2026-10-07.3""}",active,2026-10-10T20:30:43Z,200,Matching listing has an available source offer,2026-10-10T20:30:43Z,https://www.jacars.net/adv/2528442_1996-02-honda-orthia-el1-3-genuine-front-bumper/,0,,visible,,,
jacars-2528441,published,vehicles,vehicles,auto_parts,Honda Civic EU1-EU8 2001-2005 Genuine Rear Bumper,JA$ 1,1,JMD,Manchester,Jamaica,Zig Zag Auto Parts & Car Sales Limited,+18768739901,"🚗 Honda Civic EU1-EU8 2001-2005 Genuine Rear Bumper 🚗

🔥 Ready Stock Available 🔥

✅ Genuine Honda Rear Bumpers
✅ Fits Honda Civic EU1-EU8 Models
✅ Original Genuine OEM Parts
✅ Factory Fitment Guaranteed
✅ Quality Used Parts Imported from Japan 🇯🇵

🏬 Zig Zag Auto Parts & Car Sales Ltd.
📍 73 Manchester Road, Mandeville
📞 Call/WhatsApp: (876) 873-9901 / (876) 235-4486

💬 Contact us today for pricing and availability! 🔧🚗🔥",https://cdn2.jacars.net/media/cache/88/4e/884ebcbd2ab6ca5e8ce51cd3eafb5fb7.webp|https://cdn2.jacars.net/media/cache/cb/13/cb13da8bfecb6f0a0e62711fc73aebbd.webp,JACars,https://www.jacars.net/adv/2528441_honda-civic-eu1-eu8-2001-2005-genuine-rear-bumper/,2026-10-08T18:31:14Z,,,,,,,,,"{""parser"":""public_marketplace_refresh"",""contactSource"":""https://www.jacars.net/adv/2528441_honda-civic-eu1-eu8-2001-2005-genuine-rear-bumper/"",""phoneVerifiedAt"":""2026-10-08T18:31:14Z"",""imageSourceUrl"":""https://www.jacars.net/adv/2528441_honda-civic-eu1-eu8-2001-2005-genuine-rear-bumper/"",""imageVerifiedAt"":""2026-10-10T21:01:33.387Z"",""imageIntegrityVersion"":""2026-10-07.1"",""brand"":""Acura Honda"",""detailsVerifiedAt"":""2026-10-10T20:45:31.479532+00:00"",""detailsSourceUrl"":""https://www.jacars.net/adv/2528441_honda-civic-eu1-eu8-2001-2005-genuine-rear-bumper/"",""details"":[],""sourceSpecifications"":[],""listingIdentity"":{""version"":""2026-10-07.1"",""sourceUrl"":""https://www.jacars.net/adv/2528441_honda-civic-eu1-eu8-2001-2005-genuine-rear-bumper/"",""title"":""Honda Civic EU1-EU8 2001-2005 Genuine Rear Bumper"",""images"":[""https://cdn2.jacars.net/media/cache/88/4e/884ebcbd2ab6ca5e8ce51cd3eafb5fb7.webp"",""https://cdn2.jacars.net/media/cache/cb/13/cb13da8bfecb6f0a0e62711fc73aebbd.webp""],""phones"":[""+18768739901""],""sellerId"":"""",""city"":""Manchester"",""checkedAt"":""2026-10-10T21:01:33.387Z""},""detailsVersion"":""2026-10-07.3""}",active,2026-10-10T20:30:43Z,200,Matching listing has an available source offer,2026-10-10T20:30:43Z,https://www.jacars.net/adv/2528441_honda-civic-eu1-eu8-2001-2005-genuine-rear-bumper/,0,,visible,,,
jacars-2528440,published,vehicles,vehicles,auto_parts,Honda Odyssey RA6-RA9 1999-2003 Genuine Rear Bumper,JA$ 1,1,JMD,Manchester,Jamaica,Zig Zag Auto Parts & Car Sales Limited,+18768739901,"🚐 Honda Odyssey RA6-RA9 1999-2003 Genuine Rear Bumper 🚐

🔥 Ready Stock Available 🔥

✅ Genuine Honda Rear Bumpers
✅ Fits Honda Odyssey RA6 / RA7 / RA8 / RA9 Models
✅ Original Genuine OEM Parts
✅ Factory Fitment Guaranteed
✅ Quality Used Parts Imported from Japan 🇯🇵

🏬 Zig Zag Auto Parts & Car Sales Ltd.
📍 73 Manchester Road, Mandeville
📞 Call/WhatsApp: (876) 873-9901 / (876) 235-4486

💬 Contact us today for pricing and availability! 🔧🚐🔥",https://cdn2.jacars.net/media/cache/85/68/85684a5c5cc8416c39a25ffd73716d6c.webp|https://cdn2.jacars.net/media/cache/f2/6c/f26c1770ce11c698c824c44ec7892cdf.webp,JACars,https://www.jacars.net/adv/2528440_honda-odyssey-ra6-ra9-1999-2003-genuine-rear-bumper/,2026-10-08T18:31:14Z,,,,,,,,,"{""parser"":""public_marketplace_refresh"",""contactSource"":""https://www.jacars.net/adv/2528440_honda-odyssey-ra6-ra9-1999-2003-genuine-rear-bumper/"",""phoneVerifiedAt"":""2026-10-08T18:31:14Z"",""imageSourceUrl"":""https://www.jacars.net/adv/2528440_honda-odyssey-ra6-ra9-1999-2003-genuine-rear-bumper/"",""imageVerifiedAt"":""2026-10-10T21:01:33.387Z"",""imageIntegrityVersion"":""2026-10-07.1"",""brand"":""Acura Honda"",""detailsVerifiedAt"":""2026-10-10T20:45:31.479532+00:00"",""detailsSourceUrl"":""https://www.jacars.net/adv/2528440_honda-odyssey-ra6-ra9-1999-2003-genuine-rear-bumper/"",""details"":[],""sourceSpecifications"":[],""listingIdentity"":{""version"":""2026-10-07.1"",""sourceUrl"":""https://www.jacars.net/adv/2528440_honda-odyssey-ra6-ra9-1999-2003-genuine-rear-bumper/"",""title"":""Honda Odyssey RA6-RA9 1999-2003 Genuine Rear Bumper"",""images"":[""https://cdn2.jacars.net/media/cache/85/68/85684a5c5cc8416c39a25ffd73716d6c.webp"",""https://cdn2.jacars.net/media/cache/f2/6c/f26c1770ce11c698c824c44ec7892cdf.webp""],""phones"":[""+18768739901""],""sellerId"":"""",""city"":""Manchester"",""checkedAt"":""2026-10-10T21:01:33.387Z""},""detailsVersion"":""2026-10-07.3""}",active,2026-10-10T20:30:43Z,200,Matching listing has an available source offer,2026-10-10T20:30:43Z,https://www.jacars.net/adv/2528440_honda-odyssey-ra6-ra9-1999-2003-genuine-rear-bumper/,0,,visible,,,
jacars-2528439,published,vehicles,vehicles,auto_parts,Honda Integra DA5-DA9 1989-1993 Genuine Rear Bumper,JA$ 1,1,JMD,Manchester,Jamaica,Zig Zag Auto Parts & Car Sales Limited,+18768739901,"🚗 Honda Integra DA5-DA9 1989-1993 Genuine Rear Bumper 🚗

🔥 Ready Stock Available 🔥

✅ Genuine Honda Rear Bumpers
✅ Fits Honda Integra DA5 / DA6 / DA7 / DA8 / DA9 Models
✅ Original Genuine OEM Parts
✅ Factory Fitment Guaranteed
✅ Quality Used Parts Imported from Japan 🇯🇵

🏬 Zig Zag Auto Parts & Car Sales Ltd.
📍 73 Manchester Road, Mandeville
📞 Call/WhatsApp: (876) 873-9901 / (876) 235-4486

💬 Contact us today for pricing and availability! 🔧🚗🔥",https://cdn2.jacars.net/media/cache/61/90/6190ad65a307e921a57e4db30c002c14.webp|https://cdn2.jacars.net/media/cache/29/5d/295d31538de5b71fdd852347d1b14cd6.webp,JACars,https://www.jacars.net/adv/2528439_honda-integra-da5-da9-1989-1993-genuine-rear-bumper/,2026-10-08T18:31:14Z,,,,,,,,,"{""parser"":""public_marketplace_refresh"",""contactSource"":""https://www.jacars.net/adv/2528439_honda-integra-da5-da9-1989-1993-genuine-rear-bumper/"",""phoneVerifiedAt"":""2026-10-08T18:31:14Z"",""imageSourceUrl"":""https://www.jacars.net/adv/2528439_honda-integra-da5-da9-1989-1993-genuine-rear-bumper/"",""imageVerifiedAt"":""2026-10-10T21:01:33.387Z"",""imageIntegrityVersion"":""2026-10-07.1"",""brand"":""Acura Honda"",""detailsVerifiedAt"":""2026-10-10T20:45:31.479532+00:00"",""detailsSourceUrl"":""https://www.jacars.net/adv/2528439_honda-integra-da5-da9-1989-1993-genuine-rear-bumper/"",""details"":[],""sourceSpecifications"":[],""listingIdentity"":{""version"":""2026-10-07.1"",""sourceUrl"":""https://www.jacars.net/adv/2528439_honda-integra-da5-da9-1989-1993-genuine-rear-bumper/"",""title"":""Honda Integra DA5-DA9 1989-1993 Genuine Rear Bumper"",""images"":[""https://cdn2.jacars.net/media/cache/61/90/6190ad65a307e921a57e4db30c002c14.webp"",""https://cdn2.jacars.net/media/cache/29/5d/295d31538de5b71fdd852347d1b14cd6.webp""],""phones"":[""+18768739901""],""sellerId"":"""",""city"":""Manchester"",""checkedAt"":""2026-10-10T21:01:33.387Z""},""detailsVersion"":""2026-10-07.3""}",active,2026-10-10T20:30:43Z,200,Matching listing has an available source offer,2026-10-10T20:30:43Z,https://www.jacars.net/adv/2528439_honda-integra-da5-da9-1989-1993-genuine-rear-bumper/,0,,visible,,,
jacars-2528438,published,vehicles,vehicles,auto_parts,Honda Civic ES1-ES9 2000-2005 Genuine Rear Bumper,JA$ 1,1,JMD,Manchester,Jamaica,Zig Zag Auto Parts & Car Sales Limited,+18768739901,"🚗 Honda Civic ES1-ES9 2000-2005 Genuine Rear Bumper 🚗

🔥 Ready Stock Available 🔥

✅ Genuine Honda Rear Bumpers
✅ Fits Honda Civic ES1 / ES2 / ES3 / ES4 / ES5 / ES6 / ES7 / ES8 / ES9 Models
✅ Original Genuine OEM Parts
✅ Factory Fitment Guaranteed
✅ Quality Used Parts Imported from Japan 🇯🇵

🏬 Zig Zag Auto Parts & Car Sales Ltd.
📍 73 Manchester Road, Mandeville
📞 Call/WhatsApp: (876) 873-9901 / (876) 235-4486

💬 Contact us today for pricing and availability! 🔧🚗🔥",https://cdn2.jacars.net/media/cache/70/0a/700a040a21b0efd0c7f4a661f1ddebd1.webp|https://cdn2.jacars.net/media/cache/07/ef/07ef6d5916506e2aba0765ee2007e4af.webp,JACars,https://www.jacars.net/adv/2528438_honda-civic-es1-es9-2000-2005-genuine-rear-bumper/,2026-10-08T18:31:14Z,,,,,,,,,"{""parser"":""public_marketplace_refresh"",""contactSource"":""https://www.jacars.net/adv/2528438_honda-civic-es1-es9-2000-2005-genuine-rear-bumper/"",""phoneVerifiedAt"":""2026-10-08T18:31:14Z"",""imageSourceUrl"":""https://www.jacars.net/adv/2528438_honda-civic-es1-es9-2000-2005-genuine-rear-bumper/"",""imageVerifiedAt"":""2026-10-10T21:01:33.387Z"",""imageIntegrityVersion"":""2026-10-07.1"",""brand"":""Acura Honda"",""detailsVerifiedAt"":""2026-10-10T20:45:31.479532+00:00"",""detailsSourceUrl"":""https://www.jacars.net/adv/2528438_honda-civic-es1-es9-2000-2005-genuine-rear-bumper/"",""details"":[],""sourceSpecifications"":[],""listingIdentity"":{""version"":""2026-10-07.1"",""sourceUrl"":""https://www.jacars.net/adv/2528438_honda-civic-es1-es9-2000-2005-genuine-rear-bumper/"",""title"":""Honda Civic ES1-ES9 2000-2005 Genuine Rear Bumper"",""images"":[""https://cdn2.jacars.net/media/cache/70/0a/700a040a21b0efd0c7f4a661f1ddebd1.webp"",""https://cdn2.jacars.net/media/cache/07/ef/07ef6d5916506e2aba0765ee2007e4af.webp""],""phones"":[""+18768739901""],""sellerId"":"""",""city"":""Manchester"",""checkedAt"":""2026-10-10T21:01:33.387Z""},""detailsVersion"":""2026-10-07.3""}",active,2026-10-10T20:30:43Z,200,Matching listing has an available source offer,2026-10-10T20:30:43Z,https://www.jacars.net/adv/2528438_honda-civic-es1-es9-2000-2005-genuine-rear-bumper/,0,,visible,,,
jacars-2528335,published,vehicles,vehicles,tires_rims,19 Inch Rims,"JA$ 135,000",135000,JMD,Kingston,Jamaica,Peter,+18768783525,"Set of 4 used size 19 rims. They were used for 5 months and have have absolutely no scratches. Lug pattern 5x114.3, offset 38mm. Fits Toyota, Honda, Nissan, etc. Price is negotiable, please call 876-878-3525 or 876-875-2208 to negotiate a deal.",https://cdn2.jacars.net/media/cache/da/2b/da2b33aa40127771e0618932b0276dde.webp,JACars,https://www.jacars.net/adv/2528335_19-inch-rims/,2026-10-08T18:31:14Z,,,,,,,,,"{""parser"":""public_marketplace_refresh"",""contactSource"":""https://www.jacars.net/adv/2528335_19-inch-rims/"",""phoneVerifiedAt"":""2026-10-08T18:31:14Z"",""imageSourceUrl"":""https://www.jacars.net/adv/2528335_19-inch-rims/"",""imageVerifiedAt"":""2026-10-10T21:01:33.387Z"",""imageIntegrityVersion"":""2026-10-07.1"",""detailsVerifiedAt"":""2026-10-10T20:45:31.479532+00:00"",""detailsSourceUrl"":""https://www.jacars.net/adv/2528335_19-inch-rims/"",""details"":[{""label"":""Price flexibility"",""value"":""Yes""}],""sourceSpecifications"":[{""label"":""Price flexibility"",""value"":""Yes""}],""listingIdentity"":{""version"":""2026-10-07.1"",""sourceUrl"":""https://www.jacars.net/adv/2528335_19-inch-rims/"",""title"":""19 Inch Rims"",""images"":[""https://cdn2.jacars.net/media/cache/da/2b/da2b33aa40127771e0618932b0276dde.webp""],""phones"":[""+18768783525""],""sellerId"":"""",""city"":""Kingston"",""checkedAt"":""2026-10-10T21:01:33.387Z""},""negotiable"":true,""detailsVersion"":""2026-10-07.3""}",active,2026-10-10T20:30:43Z,200,Matching listing has an available source offer,2026-10-10T20:30:43Z,https://www.jacars.net/adv/2528335_19-inch-rims/,0,,visible,,,
jacars-2528425,published,vehicles,vehicles,tires_rims,19 Inch Rims and 5 Lugs Staggered..New Arrival Brand New,"JA$ 130,000",130000,JMD,Manchester,Jamaica,Zig Zag Auto Parts & Car Sales Limited,+18762354486,"🚨NEW ARRIVAL🚨
🔥 FOR SALE ‼️ IN STOCK NOW ‼️
19” Rims & 5 Lugs 🔥 Staggered
Price: $130,000
Size: 19x8.5 / 9.5 | Offset: 30 / 35 | P.C.D: 5x120
🆕 Condition: Brand New

📍 Location: 73 Manchester Road, Mandeville
📞 Tel: (876) 873-9901
💬 WhatsApp: (876) 235-4486 for more info",https://cdn2.jacars.net/media/cache/74/cf/74cfcf4d5da2b8f26589c64a40c33080.webp|https://cdn2.jacars.net/media/cache/72/3f/723f3c855361e733c8f0755a2b9b0113.webp|https://cdn2.jacars.net/media/cache/1b/5f/1b5f96d806c3012528fc6f3ed8a854b2.webp,JACars,https://www.jacars.net/adv/2528425_19-inch-rims-and-5-lugs-staggered-new-arrival-brand-new/,2026-10-08T18:31:14Z,,,,,,,,,"{""parser"":""public_marketplace_refresh"",""contactSource"":""https://www.jacars.net/adv/2528425_19-inch-rims-and-5-lugs-staggered-new-arrival-brand-new/"",""phoneVerifiedAt"":""2026-10-08T18:31:14Z"",""imageSourceUrl"":""https://www.jacars.net/adv/2528425_19-inch-rims-and-5-lugs-staggered-new-arrival-brand-new/"",""imageVerifiedAt"":""2026-10-10T21:01:33.387Z"",""imageIntegrityVersion"":""2026-10-07.1"",""detailsVerifiedAt"":""2026-10-10T20:45:31.479532+00:00"",""detailsSourceUrl"":""https://www.jacars.net/adv/2528425_19-inch-rims-and-5-lugs-staggered-new-arrival-brand-new/"",""details"":[{""label"":""Size"",""value"":""19x8.5 / 9.5 | Offset: 30 / 35 | P.C.D: 5x120""}],""sourceSpecifications"":[{""label"":""Size"",""value"":""19x8.5 / 9.5 | Offset: 30 / 35 | P.C.D: 5x120""}],""listingIdentity"":{""version"":""2026-10-07.1"",""sourceUrl"":""https://www.jacars.net/adv/2528425_19-inch-rims-and-5-lugs-staggered-new-arrival-brand-new/"",""title"":""19 Inch Rims and 5 Lugs Staggered..New Arrival Brand New"",""images"":[""https://cdn2.jacars.net/media/cache/74/cf/74cfcf4d5da2b8f26589c64a40c33080.webp"",""https://cdn2.jacars.net/media/cache/72/3f/723f3c855361e733c8f0755a2b9b0113.webp"",""https://cdn2.jacars.net/media/cache/1b/5f/1b5f96d806c3012528fc6f3ed8a854b2.webp""],""phones"":[""+18762354486""],""sellerId"":"""",""city"":""Manchester"",""checkedAt"":""2026-10-10T21:01:33.387Z""},""size"":""19x8.5 / 9.5 | Offset: 30 / 35 | P.C.D: 5x120"",""detailsVersion"":""2026-10-07.3""}",active,2026-10-10T20:30:43Z,200,Matching listing has an available source offer,2026-10-10T20:30:43Z,https://www.jacars.net/adv/2528425_19-inch-rims-and-5-lugs-staggered-new-arrival-brand-new/,0,,visible,,,
jacars-2528424,published,vehicles,vehicles,tires_rims,19 Inch Rims and 5 Lugs..New Arrival Brand New,"JA$ 130,000",130000,JMD,Manchester,Jamaica,Zig Zag Auto Parts & Car Sales Limited,+18762354486,"🚨NEW ARRIVAL🚨
🔥 FOR SALE ‼️ IN STOCK NOW ‼️
19” Rims & 5 Lugs 🔥
Price: $130,000
Size: 19x8.5 | Offset: 35 | P.C.D: 5x120
🆕 Condition: Brand New

📍 Location: 73 Manchester Road, Mandeville
📞 Tel: (876) 873-9901
💬 WhatsApp: (876) 235-4486 for more info",https://cdn2.jacars.net/media/cache/b6/25/b62575bd351c896a17b04b40e7e761b0.webp|https://cdn2.jacars.net/media/cache/39/4c/394cc840d04473d0cd42c8ae2a40fcf2.webp|https://cdn2.jacars.net/media/cache/e7/db/e7db4da99fbd20cb98c681a3a3a04480.webp,JACars,https://www.jacars.net/adv/2528424_19-inch-rims-and-5-lugs-new-arrival-brand-new/,2026-10-08T18:31:14Z,,,,,,,,,"{""parser"":""public_marketplace_refresh"",""contactSource"":""https://www.jacars.net/adv/2528424_19-inch-rims-and-5-lugs-new-arrival-brand-new/"",""phoneVerifiedAt"":""2026-10-08T18:31:14Z"",""imageSourceUrl"":""https://www.jacars.net/adv/2528424_19-inch-rims-and-5-lugs-new-arrival-brand-new/"",""imageVerifiedAt"":""2026-10-10T21:01:33.387Z"",""imageIntegrityVersion"":""2026-10-07.1"",""detailsVerifiedAt"":""2026-10-10T20:45:31.479532+00:00"",""detailsSourceUrl"":""https://www.jacars.net/adv/2528424_19-inch-rims-and-5-lugs-new-arrival-brand-new/"",""details"":[{""label"":""Size"",""value"":""19x8.5 | Offset: 35 | P.C.D: 5x120""}],""sourceSpecifications"":[{""label"":""Size"",""value"":""19x8.5 | Offset: 35 | P.C.D: 5x120""}],""listingIdentity"":{""version"":""2026-10-07.1"",""sourceUrl"":""https://www.jacars.net/adv/2528424_19-inch-rims-and-5-lugs-new-arrival-brand-new/"",""title"":""19 Inch Rims and 5 Lugs..New Arrival Brand New"",""images"":[""https://cdn2.jacars.net/media/cache/b6/25/b62575bd351c896a17b04b40e7e761b0.webp"",""https://cdn2.jacars.net/media/cache/39/4c/394cc840d04473d0cd42c8ae2a40fcf2.webp"",""https://cdn2.jacars.net/media/cache/e7/db/e7db4da99fbd20cb98c681a3a3a04480.webp""],""phones"":[""+18762354486""],""sellerId"":"""",""city"":""Manchester"",""checkedAt"":""2026-10-10T21:01:33.387Z""},""size"":""19x8.5 | Offset: 35 | P.C.D: 5x120"",""detailsVersion"":""2026-10-07.3""}",active,2026-10-10T20:30:43Z,200,Matching listing has an available source offer,2026-10-10T20:30:43Z,https://www.jacars.net/adv/2528424_19-inch-rims-and-5-lugs-new-arrival-brand-new/,0,,visible,,,
jacars-2528423,published,vehicles,vehicles,tires_rims,18 Inch Rims and 5 Lugs..New Arrival Brand New,"JA$ 95,000",95000,JMD,Manchester,Jamaica,Zig Zag Auto Parts & Car Sales Limited,+18762354486,"🚨NEW ARRIVAL🚨
🔥 FOR SALE ‼️ IN STOCK NOW ‼️
18” Rims & 5 Lugs 🔥
Price: $95,000
Size: 18x8 | Offset: 35 | P.C.D: 5x100
🆕 Condition: Brand New

📍 Location: 73 Manchester Road, Mandeville
📞 Tel: (876) 873-9901
💬 WhatsApp: (876) 235-4486 for more info",https://cdn2.jacars.net/media/cache/88/c0/88c0884d688a7e2d8cb504a55aa4f1b6.webp|https://cdn2.jacars.net/media/cache/21/71/2171f98e3518be5e7624be8fc7a7286a.webp|https://cdn2.jacars.net/media/cache/22/b4/22b4a3d143eda54231ed269fe7d698f5.webp,JACars,https://www.jacars.net/adv/2528423_18-inch-rims-and-5-lugs-new-arrival-brand-new/,2026-10-08T18:31:14Z,,,,,,,,,"{""parser"":""public_marketplace_refresh"",""contactSource"":""https://www.jacars.net/adv/2528423_18-inch-rims-and-5-lugs-new-arrival-brand-new/"",""phoneVerifiedAt"":""2026-10-08T18:31:14Z"",""imageSourceUrl"":""https://www.jacars.net/adv/2528423_18-inch-rims-and-5-lugs-new-arrival-brand-new/"",""imageVerifiedAt"":""2026-10-10T21:01:33.387Z"",""imageIntegrityVersion"":""2026-10-07.1"",""detailsVerifiedAt"":""2026-10-10T20:45:31.479532+00:00"",""detailsSourceUrl"":""https://www.jacars.net/adv/2528423_18-inch-rims-and-5-lugs-new-arrival-brand-new/"",""details"":[{""label"":""Size"",""value"":""18x8 | Offset: 35 | P.C.D: 5x100""}],""sourceSpecifications"":[{""label"":""Size"",""value"":""18x8 | Offset: 35 | P.C.D: 5x100""}],""listingIdentity"":{""version"":""2026-10-07.1"",""sourceUrl"":""https://www.jacars.net/adv/2528423_18-inch-rims-and-5-lugs-new-arrival-brand-new/"",""title"":""18 Inch Rims and 5 Lugs..New Arrival Brand New"",""images"":[""https://cdn2.jacars.net/media/cache/88/c0/88c0884d688a7e2d8cb504a55aa4f1b6.webp"",""https://cdn2.jacars.net/media/cache/21/71/2171f98e3518be5e7624be8fc7a7286a.webp"",""https://cdn2.jacars.net/media/cache/22/b4/22b4a3d143eda54231ed269fe7d698f5.webp""],""phones"":[""+18762354486""],""sellerId"":"""",""city"":""Manchester"",""checkedAt"":""2026-10-10T21:01:33.387Z""},""size"":""18x8 | Offset: 35 | P.C.D: 5x100"",""detailsVersion"":""2026-10-07.3""}",active,2026-10-10T20:30:43Z,200,Matching listing has an available source offer,2026-10-10T20:30:43Z,https://www.jacars.net/adv/2528423_18-inch-rims-and-5-lugs-new-arrival-brand-new/,0,,visible,,,
jacars-2528422,published,vehicles,vehicles,tires_rims,18 Inch Rims and 5 Lugs..New Arrival Brand New,"JA$ 95,000",95000,JMD,Manchester,Jamaica,Zig Zag Auto Parts & Car Sales Limited,+18762354486,"🚨NEW ARRIVAL🚨
🔥 FOR SALE ‼️ IN STOCK NOW ‼️
18” Rims & 5 Lugs 🔥
Price: $95,000
Size: 18x8 | Offset: 35 | P.C.D: 5x114.3
🆕 Condition: Brand New

📍 Location: 73 Manchester Road, Mandeville
📞 Tel: (876) 873-9901
💬 WhatsApp: (876) 235-4486 for more info",https://cdn2.jacars.net/media/cache/58/00/5800c544a480bf3d62ff77cdb4e52c68.webp|https://cdn2.jacars.net/media/cache/d3/f4/d3f4358507bcf62a0ca679e41462c75e.webp|https://cdn2.jacars.net/media/cache/5c/c0/5cc0e44154795b0c83b4ec0772b48faf.webp,JACars,https://www.jacars.net/adv/2528422_18-inch-rims-and-5-lugs-new-arrival-brand-new/,2026-10-08T18:31:14Z,,,,,,,,,"{""parser"":""public_marketplace_refresh"",""contactSource"":""https://www.jacars.net/adv/2528422_18-inch-rims-and-5-lugs-new-arrival-brand-new/"",""phoneVerifiedAt"":""2026-10-08T18:31:14Z"",""imageSourceUrl"":""https://www.jacars.net/adv/2528422_18-inch-rims-and-5-lugs-new-arrival-brand-new/"",""imageVerifiedAt"":""2026-10-10T21:01:33.387Z"",""imageIntegrityVersion"":""2026-10-07.1"",""detailsVerifiedAt"":""2026-10-10T20:45:31.479532+00:00"",""detailsSourceUrl"":""https://www.jacars.net/adv/2528422_18-inch-rims-and-5-lugs-new-arrival-brand-new/"",""details"":[{""label"":""Size"",""value"":""18x8 | Offset: 35 | P.C.D: 5x114.3""}],""sourceSpecifications"":[{""label"":""Size"",""value"":""18x8 | Offset: 35 | P.C.D: 5x114.3""}],""listingIdentity"":{""version"":""2026-10-07.1"",""sourceUrl"":""https://www.jacars.net/adv/2528422_18-inch-rims-and-5-lugs-new-arrival-brand-new/"",""title"":""18 Inch Rims and 5 Lugs..New Arrival Brand New"",""images"":[""https://cdn2.jacars.net/media/cache/58/00/5800c544a480bf3d62ff77cdb4e52c68.webp"",""https://cdn2.jacars.net/media/cache/d3/f4/d3f4358507bcf62a0ca679e41462c75e.webp"",""https://cdn2.jacars.net/media/cache/5c/c0/5cc0e44154795b0c83b4ec0772b48faf.webp""],""phones"":[""+18762354486""],""sellerId"":"""",""city"":""Manchester"",""checkedAt"":""2026-10-10T21:01:33.387Z""},""size"":""18x8 | Offset: 35 | P.C.D: 5x114.3"",""detailsVersion"":""2026-10-07.3""}",active,2026-10-10T20:30:43Z,200,Matching listing has an available source offer,2026-10-10T20:30:43Z,https://www.jacars.net/adv/2528422_18-inch-rims-and-5-lugs-new-arrival-brand-new/,0,,visible,,,
jacars-2528421,published,vehicles,vehicles,tires_rims,17 Inch Rims and 5 Lugs..New Arrival Brand New,"JA$ 89,000",89000,JMD,Manchester,Jamaica,Zig Zag Auto Parts & Car Sales Limited,+18762354486,"🚨NEW ARRIVAL🚨
🔥 FOR SALE ‼️ IN STOCK NOW ‼️
17” Rims & 5 Lugs 🔥
Price: $89,000
Size: 17x7.5 | Offset: 35 | P.C.D: 5x114.3
🆕 Condition: Brand New

📍 Location: 73 Manchester Road, Mandeville
📞 Tel: (876) 873-9901
💬 WhatsApp: (876) 235-4486 for more info",https://cdn2.jacars.net/media/cache/bf/52/bf52cc00d41bcca286d8192742e7c2ac.webp|https://cdn2.jacars.net/media/cache/c5/89/c5891cd93ce32f90cc2a5ffa9a9793bf.webp|https://cdn2.jacars.net/media/cache/de/2b/de2bf78012440a10e9d8fb2db876e703.webp,JACars,https://www.jacars.net/adv/2528421_17-inch-rims-and-5-lugs-new-arrival-brand-new/,2026-10-08T18:31:14Z,,,,,,,,,"{""parser"":""public_marketplace_refresh"",""contactSource"":""https://www.jacars.net/adv/2528421_17-inch-rims-and-5-lugs-new-arrival-brand-new/"",""phoneVerifiedAt"":""2026-10-08T18:31:14Z"",""imageSourceUrl"":""https://www.jacars.net/adv/2528421_17-inch-rims-and-5-lugs-new-arrival-brand-new/"",""imageVerifiedAt"":""2026-10-10T21:01:33.387Z"",""imageIntegrityVersion"":""2026-10-07.1"",""detailsVerifiedAt"":""2026-10-10T20:45:31.479532+00:00"",""detailsSourceUrl"":""https://www.jacars.net/adv/2528421_17-inch-rims-and-5-lugs-new-arrival-brand-new/"",""details"":[{""label"":""Size"",""value"":""17x7.5 | Offset: 35 | P.C.D: 5x114.3""}],""sourceSpecifications"":[{""label"":""Size"",""value"":""17x7.5 | Offset: 35 | P.C.D: 5x114.3""}],""listingIdentity"":{""version"":""2026-10-07.1"",""sourceUrl"":""https://www.jacars.net/adv/2528421_17-inch-rims-and-5-lugs-new-arrival-brand-new/"",""title"":""17 Inch Rims and 5 Lugs..New Arrival Brand New"",""images"":[""https://cdn2.jacars.net/media/cache/bf/52/bf52cc00d41bcca286d8192742e7c2ac.webp"",""https://cdn2.jacars.net/media/cache/c5/89/c5891cd93ce32f90cc2a5ffa9a9793bf.webp"",""https://cdn2.jacars.net/media/cache/de/2b/de2bf78012440a10e9d8fb2db876e703.webp""],""phones"":[""+18762354486""],""sellerId"":"""",""city"":""Manchester"",""checkedAt"":""2026-10-10T21:01:33.387Z""},""size"":""17x7.5 | Offset: 35 | P.C.D: 5x114.3"",""detailsVersion"":""2026-10-07.3""}",active,2026-10-10T20:30:43Z,200,Matching listing has an available source offer,2026-10-10T20:30:43Z,https://www.jacars.net/adv/2528421_17-inch-rims-and-5-lugs-new-arrival-brand-new/,0,,visible,,,
jacars-2528419,published,vehicles,vehicles,tires_rims,17 Inch Rims and 5 Lugs..New ArrivalBrand New,"JA$ 89,000",89000,JMD,Manchester,Jamaica,Zig Zag Auto Parts & Car Sales Limited,+18762354486,"🚨NEW ARRIVAL🚨
🔥 FOR SALE ‼️ IN STOCK NOW ‼️
17” Rims & 5 Lugs 🔥
Price: $89,000
Size: 17x7.5 | Offset: 35 | P.C.D: 5x114.3
🆕 Condition: Brand New

📍 Location: 73 Manchester Road, Mandeville
📞 Tel: (876) 873-9901
💬 WhatsApp: (876) 235-4486 for more info",https://cdn2.jacars.net/media/cache/44/7b/447b76678775e5db94b7210c8061fa6a.webp|https://cdn2.jacars.net/media/cache/0f/72/0f726079cdfb535d83127a3d45e19d53.webp|https://cdn2.jacars.net/media/cache/0d/02/0d020f022a45ab860627fd6a3b2444d2.webp,JACars,https://www.jacars.net/adv/2528419_17-inch-rims-and-5-lugs-new-arrivalbrand-new/,2026-10-08T18:31:14Z,,,,,,,,,"{""parser"":""public_marketplace_refresh"",""contactSource"":""https://www.jacars.net/adv/2528419_17-inch-rims-and-5-lugs-new-arrivalbrand-new/"",""phoneVerifiedAt"":""2026-10-08T18:31:14Z"",""imageSourceUrl"":""https://www.jacars.net/adv/2528419_17-inch-rims-and-5-lugs-new-arrivalbrand-new/"",""imageVerifiedAt"":""2026-10-10T21:01:33.387Z"",""imageIntegrityVersion"":""2026-10-07.1"",""detailsVerifiedAt"":""2026-10-10T20:45:31.479532+00:00"",""detailsSourceUrl"":""https://www.jacars.net/adv/2528419_17-inch-rims-and-5-lugs-new-arrivalbrand-new/"",""details"":[{""label"":""Size"",""value"":""17x7.5 | Offset: 35 | P.C.D: 5x114.3""}],""sourceSpecifications"":[{""label"":""Size"",""value"":""17x7.5 | Offset: 35 | P.C.D: 5x114.3""}],""listingIdentity"":{""version"":""2026-10-07.1"",""sourceUrl"":""https://www.jacars.net/adv/2528419_17-inch-rims-and-5-lugs-new-arrivalbrand-new/"",""title"":""17 Inch Rims and 5 Lugs..New ArrivalBrand New"",""images"":[""https://cdn2.jacars.net/media/cache/44/7b/447b76678775e5db94b7210c8061fa6a.webp"",""https://cdn2.jacars.net/media/cache/0f/72/0f726079cdfb535d83127a3d45e19d53.webp"",""https://cdn2.jacars.net/media/cache/0d/02/0d020f022a45ab860627fd6a3b2444d2.webp""],""phones"":[""+18762354486""],""sellerId"":"""",""city"":""Manchester"",""checkedAt"":""2026-10-10T21:01:33.387Z""},""size"":""17x7.5 | Offset: 35 | P.C.D: 5x114.3"",""detailsVersion"":""2026-10-07.3""}",active,2026-10-10T20:30:43Z,200,Matching listing has an available source offer,2026-10-10T20:30:43Z,https://www.jacars.net/adv/2528419_17-inch-rims-and-5-lugs-new-arrivalbrand-new/,0,,visible,,,
jacars-2528418,published,vehicles,vehicles,tires_rims,17 Inch Rims and 5 Lugs..New Arrival Brand New,"JA$ 89,000",89000,JMD,Manchester,Jamaica,Zig Zag Auto Parts & Car Sales Limited,+18762354486,"🚨NEW ARRIVAL🚨
🔥 FOR SALE ‼️ IN STOCK NOW ‼️
17” Rims & 5 Lugs 🔥
Price: $89,000
Size: 17x7.5 | Offset: 35 | P.C.D: 5x112
🆕 Condition: Brand New

📍 Location: 73 Manchester Road, Mandeville
📞 Tel: (876) 873-9901
💬 WhatsApp: (876) 235-4486 for more info",https://cdn2.jacars.net/media/cache/22/8d/228d0ef05530096aecf7aefa456541ab.webp|https://cdn2.jacars.net/media/cache/6a/88/6a882825f3b148d715c0c882c2f841a3.webp|https://cdn2.jacars.net/media/cache/cd/a9/cda9214eb1909c900fac02b31925b435.webp,JACars,https://www.jacars.net/adv/2528418_17-inch-rims-and-5-lugs-new-arrival-brand-new/,2026-10-08T18:31:14Z,,,,,,,,,"{""parser"":""public_marketplace_refresh"",""contactSource"":""https://www.jacars.net/adv/2528418_17-inch-rims-and-5-lugs-new-arrival-brand-new/"",""phoneVerifiedAt"":""2026-10-08T18:31:14Z"",""imageSourceUrl"":""https://www.jacars.net/adv/2528418_17-inch-rims-and-5-lugs-new-arrival-brand-new/"",""imageVerifiedAt"":""2026-10-10T21:01:33.387Z"",""imageIntegrityVersion"":""2026-10-07.1"",""detailsVerifiedAt"":""2026-10-10T20:45:31.479532+00:00"",""detailsSourceUrl"":""https://www.jacars.net/adv/2528418_17-inch-rims-and-5-lugs-new-arrival-brand-new/"",""details"":[{""label"":""Size"",""value"":""17x7.5 | Offset: 35 | P.C.D: 5x112""}],""sourceSpecifications"":[{""label"":""Size"",""value"":""17x7.5 | Offset: 35 | P.C.D: 5x112""}],""listingIdentity"":{""version"":""2026-10-07.1"",""sourceUrl"":""https://www.jacars.net/adv/2528418_17-inch-rims-and-5-lugs-new-arrival-brand-new/"",""title"":""17 Inch Rims and 5 Lugs..New Arrival Brand New"",""images"":[""https://cdn2.jacars.net/media/cache/22/8d/228d0ef05530096aecf7aefa456541ab.webp"",""https://cdn2.jacars.net/media/cache/6a/88/6a882825f3b148d715c0c882c2f841a3.webp"",""https://cdn2.jacars.net/media/cache/cd/a9/cda9214eb1909c900fac02b31925b435.webp""],""phones"":[""+18762354486""],""sellerId"":"""",""city"":""Manchester"",""checkedAt"":""2026-10-10T21:01:33.387Z""},""size"":""17x7.5 | Offset: 35 | P.C.D: 5x112"",""detailsVersion"":""2026-10-07.3""}",active,2026-10-10T20:30:43Z,200,Matching listing has an available source offer,2026-10-10T20:30:43Z,https://www.jacars.net/adv/2528418_17-inch-rims-and-5-lugs-new-arrival-brand-new/,0,,visible,,,
jacars-2528416,published,vehicles,vehicles,tires_rims,17 Inch Rims and 5 Lugs..New Arrival Brand New,"JA$ 89,000",89000,JMD,Manchester,Jamaica,Zig Zag Auto Parts & Car Sales Limited,+18762354486,"🚨NEW ARRIVAL🚨
🔥 FOR SALE ‼️ IN STOCK NOW ‼️
17” Rims & 5 Lugs 🔥
Price: $89,000
Size: 17x7.5 | Offset: 35 | P.C.D: 5x114.3
🆕 Condition: Brand New

📍 Location: 73 Manchester Road, Mandeville
📞 Tel: (876) 873-9901
💬 WhatsApp: (876) 235-4486 for more info",https://cdn2.jacars.net/media/cache/30/26/30261ac3dec5684f8e8cb5bb1673e31b.webp|https://cdn2.jacars.net/media/cache/90/4f/904fb8db23b961794cdf94e0369c9a03.webp|https://cdn2.jacars.net/media/cache/24/64/246452c8f81892179f4f3a4985d3db65.webp,JACars,https://www.jacars.net/adv/2528416_17-inch-rims-and-5-lugs-new-arrival-brand-new/,2026-10-08T18:31:14Z,,,,,,,,,"{""parser"":""public_marketplace_refresh"",""contactSource"":""https://www.jacars.net/adv/2528416_17-inch-rims-and-5-lugs-new-arrival-brand-new/"",""phoneVerifiedAt"":""2026-10-08T18:31:14Z"",""imageSourceUrl"":""https://www.jacars.net/adv/2528416_17-inch-rims-and-5-lugs-new-arrival-brand-new/"",""imageVerifiedAt"":""2026-10-10T21:01:33.387Z"",""imageIntegrityVersion"":""2026-10-07.1"",""detailsVerifiedAt"":""2026-10-10T20:45:31.479532+00:00"",""detailsSourceUrl"":""https://www.jacars.net/adv/2528416_17-inch-rims-and-5-lugs-new-arrival-brand-new/"",""details"":[{""label"":""Size"",""value"":""17x7.5 | Offset: 35 | P.C.D: 5x114.3""}],""sourceSpecifications"":[{""label"":""Size"",""value"":""17x7.5 | Offset: 35 | P.C.D: 5x114.3""}],""listingIdentity"":{""version"":""2026-10-07.1"",""sourceUrl"":""https://www.jacars.net/adv/2528416_17-inch-rims-and-5-lugs-new-arrival-brand-new/"",""title"":""17 Inch Rims and 5 Lugs..New Arrival Brand New"",""images"":[""https://cdn2.jacars.net/media/cache/30/26/30261ac3dec5684f8e8cb5bb1673e31b.webp"",""https://cdn2.jacars.net/media/cache/90/4f/904fb8db23b961794cdf94e0369c9a03.webp"",""https://cdn2.jacars.net/media/cache/24/64/246452c8f81892179f4f3a4985d3db65.webp""],""phones"":[""+18762354486""],""sellerId"":"""",""city"":""Manchester"",""checkedAt"":""2026-10-10T21:01:33.387Z""},""size"":""17x7.5 | Offset: 35 | P.C.D: 5x114.3"",""detailsVersion"":""2026-10-07.3""}",active,2026-10-10T20:30:43Z,200,Matching listing has an available source offer,2026-10-10T20:30:43Z,https://www.jacars.net/adv/2528416_17-inch-rims-and-5-lugs-new-arrival-brand-new/,0,,visible,,,
jacars-2528162,published,vehicles,vehicles,tires_rims,16 Inch Rims and 5 Lugs..RESTOCK ALERT,"JA$ 75,000",75000,JMD,Manchester,Jamaica,Zig Zag Auto Parts & Car Sales Limited,+18762354486,"🚨NEW ARRIVAL🚨
🔥 FOR SALE ‼️ IN STOCK NOW ‼️
16” Rims & 5 Lugs 🔥
Price: $75,000
Size: 16x7 | Offset: 30 | P.C.D: 5x100
🆕 Condition: Brand New

📍 Location: 73 Manchester Road, Mandeville
📞 Tel: (876) 873-9901
💬 WhatsApp: (876) 235-4486 for more info",https://cdn2.jacars.net/media/cache/d2/9e/d29e3d53989cab9af9d7c5e3d4387159.webp|https://cdn2.jacars.net/media/cache/69/65/69652960417b01c1c7f99b897270f603.webp|https://cdn2.jacars.net/media/cache/fc/92/fc929e7e2ec156234b1b22a12caf767e.webp,JACars,https://www.jacars.net/adv/2528162_16-inch-rims-and-5-lugs-restock-alert/,2026-10-08T18:31:14Z,,,,,,,,,"{""parser"":""public_marketplace_refresh"",""contactSource"":""https://www.jacars.net/adv/2528162_16-inch-rims-and-5-lugs-restock-alert/"",""phoneVerifiedAt"":""2026-10-08T18:31:14Z"",""imageSourceUrl"":""https://www.jacars.net/adv/2528162_16-inch-rims-and-5-lugs-restock-alert/"",""imageVerifiedAt"":""2026-10-10T21:01:33.387Z"",""imageIntegrityVersion"":""2026-10-07.1"",""detailsVerifiedAt"":""2026-10-10T20:45:31.479532+00:00"",""detailsSourceUrl"":""https://www.jacars.net/adv/2528162_16-inch-rims-and-5-lugs-restock-alert/"",""details"":[{""label"":""Size"",""value"":""16x7 | Offset: 30 | P.C.D: 5x100""}],""sourceSpecifications"":[{""label"":""Size"",""value"":""16x7 | Offset: 30 | P.C.D: 5x100""}],""listingIdentity"":{""version"":""2026-10-07.1"",""sourceUrl"":""https://www.jacars.net/adv/2528162_16-inch-rims-and-5-lugs-restock-alert/"",""title"":""16 Inch Rims and 5 Lugs..RESTOCK ALERT"",""images"":[""https://cdn2.jacars.net/media/cache/d2/9e/d29e3d53989cab9af9d7c5e3d4387159.webp"",""https://cdn2.jacars.net/media/cache/69/65/69652960417b01c1c7f99b897270f603.webp"",""https://cdn2.jacars.net/media/cache/fc/92/fc929e7e2ec156234b1b22a12caf767e.webp""],""phones"":[""+18762354486""],""sellerId"":"""",""city"":""Manchester"",""checkedAt"":""2026-10-10T21:01:33.387Z""},""size"":""16x7 | Offset: 30 | P.C.D: 5x100"",""detailsVersion"":""2026-10-07.3""}",active,2026-10-10T20:30:43Z,200,Matching listing has an available source offer,2026-10-10T20:30:43Z,https://www.jacars.net/adv/2528162_16-inch-rims-and-5-lugs-restock-alert/,0,,visible,,,
jacars-2528161,published,vehicles,vehicles,tires_rims,15 Inch Rims and 4 Lugs..RESTOCK ALERT,"JA$ 65,000",65000,JMD,Manchester,Jamaica,Zig Zag Auto Parts & Car Sales Limited,+18762354486,"🚨NEW ARRIVAL🚨
🔥 FOR SALE ‼️ IN STOCK NOW ‼️
15” Rims & 4 Lugs 🔥
Price: $65,000
Size: 15X8.25 | Offset: 0mm | P.C.D: 4x100/114.3
🆕 Condition: Brand New

📍 Location: 73 Manchester Road, Mandeville
📞 Tel: (876) 873-9901
💬 WhatsApp: (876) 235-4486 for more info",https://cdn2.jacars.net/media/cache/c8/cd/c8cd11403d1cfe3a149c7f32dd2837f2.webp|https://cdn2.jacars.net/media/cache/68/eb/68eb46784779320d55772e9ccc2ff50a.webp|https://cdn2.jacars.net/media/cache/16/d1/16d1d474583581152af7db8eeb42d50f.webp,JACars,https://www.jacars.net/adv/2528161_15-inch-rims-and-4-lugs-restock-alert/,2026-10-08T18:31:14Z,,,,,,,,,"{""parser"":""public_marketplace_refresh"",""contactSource"":""https://www.jacars.net/adv/2528161_15-inch-rims-and-4-lugs-restock-alert/"",""phoneVerifiedAt"":""2026-10-08T18:31:14Z"",""imageSourceUrl"":""https://www.jacars.net/adv/2528161_15-inch-rims-and-4-lugs-restock-alert/"",""imageVerifiedAt"":""2026-10-10T21:01:33.387Z"",""imageIntegrityVersion"":""2026-10-07.1"",""detailsVerifiedAt"":""2026-10-10T20:45:31.479532+00:00"",""detailsSourceUrl"":""https://www.jacars.net/adv/2528161_15-inch-rims-and-4-lugs-restock-alert/"",""details"":[{""label"":""Size"",""value"":""15X8.25 | Offset: 0mm | P.C.D: 4x100/114.3""}],""sourceSpecifications"":[{""label"":""Size"",""value"":""15X8.25 | Offset: 0mm | P.C.D: 4x100/114.3""}],""listingIdentity"":{""version"":""2026-10-07.1"",""sourceUrl"":""https://www.jacars.net/adv/2528161_15-inch-rims-and-4-lugs-restock-alert/"",""title"":""15 Inch Rims and 4 Lugs..RESTOCK ALERT"",""images"":[""https://cdn2.jacars.net/media/cache/c8/cd/c8cd11403d1cfe3a149c7f32dd2837f2.webp"",""https://cdn2.jacars.net/media/cache/68/eb/68eb46784779320d55772e9ccc2ff50a.webp"",""https://cdn2.jacars.net/media/cache/16/d1/16d1d474583581152af7db8eeb42d50f.webp""],""phones"":[""+18762354486""],""sellerId"":"""",""city"":""Manchester"",""checkedAt"":""2026-10-10T21:01:33.387Z""},""size"":""15X8.25 | Offset: 0mm | P.C.D: 4x100/114.3"",""detailsVersion"":""2026-10-07.3""}",active,2026-10-10T20:30:43Z,200,Matching listing has an available source offer,2026-10-10T20:30:43Z,https://www.jacars.net/adv/2528161_15-inch-rims-and-4-lugs-restock-alert/,0,,visible,,,
jacars-2528160,published,vehicles,vehicles,tires_rims,15 Inch Rims and 4 Lugs..RESTOCK ALERT,"JA$ 65,000",65000,JMD,Manchester,Jamaica,Zig Zag Auto Parts & Car Sales Limited,+18762354486,"🚨NEW ARRIVAL🚨
🔥 FOR SALE ‼️ IN STOCK NOW ‼️
15” Rims & 4 Lugs 🔥
Price: $65,000
Size: 15X8 | Offset: 0mm | P.C.D: 4x100/114.3
🆕 Condition: Brand New

📍 Location: 73 Manchester Road, Mandeville
📞 Tel: (876) 873-9901
💬 WhatsApp: (876) 235-4486 for more info",https://cdn2.jacars.net/media/cache/fe/94/fe94da957df8a2fb2bf1d05bc3afc443.webp|https://cdn2.jacars.net/media/cache/24/db/24db7927f766db91121679413496d2ae.webp|https://cdn2.jacars.net/media/cache/91/e4/91e4afd0139210a50e01f0671263eb1c.webp,JACars,https://www.jacars.net/adv/2528160_15-inch-rims-and-4-lugs-restock-alert/,2026-10-08T18:31:14Z,,,,,,,,,"{""parser"":""public_marketplace_refresh"",""contactSource"":""https://www.jacars.net/adv/2528160_15-inch-rims-and-4-lugs-restock-alert/"",""phoneVerifiedAt"":""2026-10-08T18:31:14Z"",""imageSourceUrl"":""https://www.jacars.net/adv/2528160_15-inch-rims-and-4-lugs-restock-alert/"",""imageVerifiedAt"":""2026-10-10T21:01:33.387Z"",""imageIntegrityVersion"":""2026-10-07.1"",""detailsVerifiedAt"":""2026-10-10T20:45:31.479532+00:00"",""detailsSourceUrl"":""https://www.jacars.net/adv/2528160_15-inch-rims-and-4-lugs-restock-alert/"",""details"":[{""label"":""Size"",""value"":""15X8 | Offset: 0mm | P.C.D: 4x100/114.3""}],""sourceSpecifications"":[{""label"":""Size"",""value"":""15X8 | Offset: 0mm | P.C.D: 4x100/114.3""}],""listingIdentity"":{""version"":""2026-10-07.1"",""sourceUrl"":""https://www.jacars.net/adv/2528160_15-inch-rims-and-4-lugs-restock-alert/"",""title"":""15 Inch Rims and 4 Lugs..RESTOCK ALERT"",""images"":[""https://cdn2.jacars.net/media/cache/fe/94/fe94da957df8a2fb2bf1d05bc3afc443.webp"",""https://cdn2.jacars.net/media/cache/24/db/24db7927f766db91121679413496d2ae.webp"",""https://cdn2.jacars.net/media/cache/91/e4/91e4afd0139210a50e01f0671263eb1c.webp""],""phones"":[""+18762354486""],""sellerId"":"""",""city"":""Manchester"",""checkedAt"":""2026-10-10T21:01:33.387Z""},""size"":""15X8 | Offset: 0mm | P.C.D: 4x100/114.3"",""detailsVersion"":""2026-10-07.3""}",active,2026-10-10T20:30:43Z,200,Matching listing has an available source offer,2026-10-10T20:30:43Z,https://www.jacars.net/adv/2528160_15-inch-rims-and-4-lugs-restock-alert/,0,,visible,,,
jacars-2528157,published,vehicles,vehicles,tires_rims,15 Inch Rims and 4 Lugs..RESTOCK ALERT,"JA$ 65,000",65000,JMD,Manchester,Jamaica,Zig Zag Auto Parts & Car Sales Limited,+18762354486,"🚨NEW ARRIVAL🚨
🔥 FOR SALE ‼️ IN STOCK NOW ‼️
15” Rims & 4 Lugs 🔥
Price: $65,000
Size: 15X8.25 | Offset: 0mm | P.C.D: 4x100/114.3
🆕 Condition: Brand New

📍 Location: 73 Manchester Road, Mandeville
📞 Tel: (876) 873-9901
💬 WhatsApp: (876) 235-4486 for more info",https://cdn2.jacars.net/media/cache/6d/33/6d33fd89c3355cd6ca7e8673ebc6d5ec.webp|https://cdn2.jacars.net/media/cache/be/d9/bed99f12621347a0c2acfdee88fbfb9c.webp|https://cdn2.jacars.net/media/cache/b3/0e/b30e89f1e217d0a9c4fa807ef6d0dab9.webp,JACars,https://www.jacars.net/adv/2528157_15-inch-rims-and-4-lugs-restock-alert/,2026-10-08T18:31:14Z,,,,,,,,,"{""parser"":""public_marketplace_refresh"",""contactSource"":""https://www.jacars.net/adv/2528157_15-inch-rims-and-4-lugs-restock-alert/"",""phoneVerifiedAt"":""2026-10-08T18:31:14Z"",""imageSourceUrl"":""https://www.jacars.net/adv/2528157_15-inch-rims-and-4-lugs-restock-alert/"",""imageVerifiedAt"":""2026-10-10T21:01:33.387Z"",""imageIntegrityVersion"":""2026-10-07.1"",""detailsVerifiedAt"":""2026-10-10T20:45:31.479532+00:00"",""detailsSourceUrl"":""https://www.jacars.net/adv/2528157_15-inch-rims-and-4-lugs-restock-alert/"",""details"":[{""label"":""Size"",""value"":""15X8.25 | Offset: 0mm | P.C.D: 4x100/114.3""}],""sourceSpecifications"":[{""label"":""Size"",""value"":""15X8.25 | Offset: 0mm | P.C.D: 4x100/114.3""}],""listingIdentity"":{""version"":""2026-10-07.1"",""sourceUrl"":""https://www.jacars.net/adv/2528157_15-inch-rims-and-4-lugs-restock-alert/"",""title"":""15 Inch Rims and 4 Lugs..RESTOCK ALERT"",""images"":[""https://cdn2.jacars.net/media/cache/6d/33/6d33fd89c3355cd6ca7e8673ebc6d5ec.webp"",""https://cdn2.jacars.net/media/cache/be/d9/bed99f12621347a0c2acfdee88fbfb9c.webp"",""https://cdn2.jacars.net/media/cache/b3/0e/b30e89f1e217d0a9c4fa807ef6d0dab9.webp""],""phones"":[""+18762354486""],""sellerId"":"""",""city"":""Manchester"",""checkedAt"":""2026-10-10T21:01:33.387Z""},""size"":""15X8.25 | Offset: 0mm | P.C.D: 4x100/114.3"",""detailsVersion"":""2026-10-07.3""}",active,2026-10-10T20:30:43Z,200,Matching listing has an available source offer,2026-10-10T20:30:43Z,https://www.jacars.net/adv/2528157_15-inch-rims-and-4-lugs-restock-alert/,0,,visible,,,
jacars-2528155,published,vehicles,vehicles,tires_rims,15 Inch Rims and 4 Lugs..RESTOCK ALERT,"JA$ 65,000",65000,JMD,Manchester,Jamaica,Zig Zag Auto Parts & Car Sales Limited,+18762354486,"🚨NEW ARRIVAL🚨
🔥 FOR SALE ‼️ IN STOCK NOW ‼️
15” Rims & 4 Lugs 🔥
Price: $65,000
Size: 15X8.25 | Offset: 0mm | P.C.D: 4x100/114.3
🆕 Condition: Brand New

📍 Location: 73 Manchester Road, Mandeville
📞 Tel: (876) 873-9901
💬 WhatsApp: (876) 235-4486 for more info",https://cdn2.jacars.net/media/cache/da/c1/dac12dc5249807a5307a4525cfde96e9.webp|https://cdn2.jacars.net/media/cache/79/44/7944ee76e27e00aa0c1de95c0e749eea.webp|https://cdn2.jacars.net/media/cache/53/38/53382747a2f09f00c9ff074fb55787bf.webp,JACars,https://www.jacars.net/adv/2528155_15-inch-rims-and-4-lugs-restock-alert/,2026-10-08T18:31:14Z,,,,,,,,,"{""parser"":""public_marketplace_refresh"",""contactSource"":""https://www.jacars.net/adv/2528155_15-inch-rims-and-4-lugs-restock-alert/"",""phoneVerifiedAt"":""2026-10-08T18:31:14Z"",""imageSourceUrl"":""https://www.jacars.net/adv/2528155_15-inch-rims-and-4-lugs-restock-alert/"",""imageVerifiedAt"":""2026-10-10T21:01:33.387Z"",""imageIntegrityVersion"":""2026-10-07.1"",""detailsVerifiedAt"":""2026-10-10T20:45:31.479532+00:00"",""detailsSourceUrl"":""https://www.jacars.net/adv/2528155_15-inch-rims-and-4-lugs-restock-alert/"",""details"":[{""label"":""Size"",""value"":""15X8.25 | Offset: 0mm | P.C.D: 4x100/114.3""}],""sourceSpecifications"":[{""label"":""Size"",""value"":""15X8.25 | Offset: 0mm | P.C.D: 4x100/114.3""}],""listingIdentity"":{""version"":""2026-10-07.1"",""sourceUrl"":""https://www.jacars.net/adv/2528155_15-inch-rims-and-4-lugs-restock-alert/"",""title"":""15 Inch Rims and 4 Lugs..RESTOCK ALERT"",""images"":[""https://cdn2.jacars.net/media/cache/da/c1/dac12dc5249807a5307a4525cfde96e9.webp"",""https://cdn2.jacars.net/media/cache/79/44/7944ee76e27e00aa0c1de95c0e749eea.webp"",""https://cdn2.jacars.net/media/cache/53/38/53382747a2f09f00c9ff074fb55787bf.webp""],""phones"":[""+18762354486""],""sellerId"":"""",""city"":""Manchester"",""checkedAt"":""2026-10-10T21:01:33.387Z""},""size"":""15X8.25 | Offset: 0mm | P.C.D: 4x100/114.3"",""detailsVersion"":""2026-10-07.3""}",active,2026-10-10T20:30:43Z,200,Matching listing has an available source offer,2026-10-10T20:30:43Z,https://www.jacars.net/adv/2528155_15-inch-rims-and-4-lugs-restock-alert/,0,,visible,,,
jacars-2528092,published,vehicles,vehicles,tires_rims,19 Staggered 275/30/19245/35/19 StaggeredStaggered ones are the 30 series,JA$ 200,200,JMD,Saint Catherine,Jamaica,Harry,+18768729874,Slight damages must sell new tyres,https://cdn2.jacars.net/media/cache/d0/27/d027fcff76e66dde08910feba73e5d36.webp,JACars,https://www.jacars.net/adv/2528092_19-staggered-275-30-19245-35-19-staggeredstaggered-ones-are-the-30-series/,2026-10-08T18:31:14Z,,,,,,,,,"{""parser"":""public_marketplace_refresh"",""contactSource"":""https://www.jacars.net/adv/2528092_19-staggered-275-30-19245-35-19-staggeredstaggered-ones-are-the-30-series/"",""phoneVerifiedAt"":""2026-10-08T18:31:14Z"",""imageSourceUrl"":""https://www.jacars.net/adv/2528092_19-staggered-275-30-19245-35-19-staggeredstaggered-ones-are-the-30-series/"",""imageVerifiedAt"":""2026-10-10T21:01:33.387Z"",""imageIntegrityVersion"":""2026-10-07.1"",""detailsVerifiedAt"":""2026-10-10T20:45:31.479532+00:00"",""detailsSourceUrl"":""https://www.jacars.net/adv/2528092_19-staggered-275-30-19245-35-19-staggeredstaggered-ones-are-the-30-series/"",""details"":[],""sourceSpecifications"":[],""listingIdentity"":{""version"":""2026-10-07.1"",""sourceUrl"":""https://www.jacars.net/adv/2528092_19-staggered-275-30-19245-35-19-staggeredstaggered-ones-are-the-30-series/"",""title"":""19 Staggered 275/30/19245/35/19 StaggeredStaggered ones are the 30 series"",""images"":[""https://cdn2.jacars.net/media/cache/d0/27/d027fcff76e66dde08910feba73e5d36.webp""],""phones"":[""+18768729874""],""sellerId"":"""",""city"":""Saint Catherine"",""checkedAt"":""2026-10-10T21:01:33.387Z""},""detailsVersion"":""2026-10-07.3""}",active,2026-10-10T20:30:43Z,200,Matching listing has an available source offer,2026-10-10T20:30:43Z,https://www.jacars.net/adv/2528092_19-staggered-275-30-19245-35-19-staggeredstaggered-ones-are-the-30-series/,0,,visible,,,
jacars-2527892,published,vehicles,vehicles,tires_rims,BMW Factory Alloy Rims + 4 New Tyres 16 inch,"JA$ 120,000",120000,JMD,Kingston,Jamaica,SWAT Auto,+18768020252,"BMW Factory Alloy Rims 16” + 4 Brand New Tyres (205/60/16)

Details:
Like New, super clean
No dents, no cracks, never been worked on

Follow us on instagram @swatauto and send us a message on WhatsApp for any serious inquires",https://cdn2.jacars.net/media/cache/cd/b1/cdb1491838ac77577fbd30272c50c0ce.webp|https://cdn2.jacars.net/media/cache/22/95/2295d5c08438090cd79c5ebe1553cc3d.webp|https://cdn2.jacars.net/media/cache/11/44/1144fa61f414c6f989521e8cb26783c3.webp|https://cdn2.jacars.net/media/cache/dd/48/dd48cf3d012b89ac1aa4fc22c49f5306.webp,JACars,https://www.jacars.net/adv/2527892_bmw-factory-alloy-rims-tyres-16-inch/,2026-10-08T18:31:14Z,,,,,,,,,"{""parser"":""public_marketplace_refresh"",""contactSource"":""https://www.jacars.net/adv/2527892_bmw-factory-alloy-rims-tyres-16-inch/"",""phoneVerifiedAt"":""2026-10-08T18:31:14Z"",""imageSourceUrl"":""https://www.jacars.net/adv/2527892_bmw-factory-alloy-rims-tyres-16-inch/"",""imageVerifiedAt"":""2026-10-10T21:01:33.387Z"",""imageIntegrityVersion"":""2026-10-07.1"",""detailsVerifiedAt"":""2026-10-10T20:45:31.479532+00:00"",""detailsSourceUrl"":""https://www.jacars.net/adv/2527892_bmw-factory-alloy-rims-tyres-16-inch/"",""details"":[],""sourceSpecifications"":[],""listingIdentity"":{""version"":""2026-10-07.1"",""sourceUrl"":""https://www.jacars.net/adv/2527892_bmw-factory-alloy-rims-tyres-16-inch/"",""title"":""BMW Factory Alloy Rims + 4 New Tyres 16 inch"",""images"":[""https://cdn2.jacars.net/media/cache/cd/b1/cdb1491838ac77577fbd30272c50c0ce.webp"",""https://cdn2.jacars.net/media/cache/22/95/2295d5c08438090cd79c5ebe1553cc3d.webp"",""https://cdn2.jacars.net/media/cache/11/44/1144fa61f414c6f989521e8cb26783c3.webp"",""https://cdn2.jacars.net/media/cache/dd/48/dd48cf3d012b89ac1aa4fc22c49f5306.webp""],""phones"":[""+18768020252""],""sellerId"":"""",""city"":""Kingston"",""checkedAt"":""2026-10-10T21:01:33.387Z""},""detailsVersion"":""2026-10-07.3""}",active,2026-10-10T20:30:43Z,200,Matching listing has an available source offer,2026-10-10T20:30:43Z,https://www.jacars.net/adv/2527892_bmw-factory-alloy-rims-tyres-16-inch/,0,,visible,,,
jacars-2527861,published,vehicles,vehicles,tires_rims,Michelin 19 Tyres 245/35ZR19,"JA$ 25,000",25000,JMD,Kingston,Jamaica,Sherona,+18762795964,Partially used Michelin tyres,https://cdn2.jacars.net/media/cache/22/9d/229d7252bb86476a12cf9051652274e4.webp,JACars,https://www.jacars.net/adv/2527861_michelin-19-tyres-245-35zr19/,2026-10-08T18:31:14Z,,,,,,,,,"{""parser"":""public_marketplace_refresh"",""contactSource"":""https://www.jacars.net/adv/2527861_michelin-19-tyres-245-35zr19/"",""phoneVerifiedAt"":""2026-10-08T18:31:14Z"",""imageSourceUrl"":""https://www.jacars.net/adv/2527861_michelin-19-tyres-245-35zr19/"",""imageVerifiedAt"":""2026-10-10T21:01:33.387Z"",""imageIntegrityVersion"":""2026-10-07.1"",""detailsVerifiedAt"":""2026-10-10T20:45:31.479532+00:00"",""detailsSourceUrl"":""https://www.jacars.net/adv/2527861_michelin-19-tyres-245-35zr19/"",""details"":[],""sourceSpecifications"":[],""listingIdentity"":{""version"":""2026-10-07.1"",""sourceUrl"":""https://www.jacars.net/adv/2527861_michelin-19-tyres-245-35zr19/"",""title"":""Michelin 19 Tyres 245/35ZR19"",""images"":[""https://cdn2.jacars.net/media/cache/22/9d/229d7252bb86476a12cf9051652274e4.webp""],""phones"":[""+18762795964""],""sellerId"":"""",""city"":""Kingston"",""checkedAt"":""2026-10-10T21:01:33.387Z""},""detailsVersion"":""2026-10-07.3""}",active,2026-10-10T20:30:43Z,200,Matching listing has an available source offer,2026-10-10T20:30:43Z,https://www.jacars.net/adv/2527861_michelin-19-tyres-245-35zr19/,0,,visible,,,
jacars-2527389,published,vehicles,vehicles,vehicles,"Toyota Harrier 2,0L 2021","JA$ 5,900,000",5900000,JMD,Saint Elizabeth,Jamaica,Swabys Auto Sales & Import,+18764955642,"New import
Call or WhatsApp 876495-5642",https://cdn2.jacars.net/media/cache/f2/78/f278f79fb96264d37f396840ab75aaf9.webp|https://cdn2.jacars.net/media/cache/52/e5/52e5fc18fc9873505070872d36deebde.webp|https://cdn2.jacars.net/media/cache/cc/7d/cc7d89d428b8a12e9ea7cadd1a1cde7c.webp|https://cdn2.jacars.net/media/cache/20/8e/208e582a7e535be5065492610403e5c6.webp,JACars,https://www.jacars.net/adv/2527389_toyota-harrier-2-0l-2021/,2026-10-10T20:30:43Z,,,,2021,,Automatic,,,"{""parser"":""public_marketplace_refresh"",""contactSource"":""https://www.jacars.net/adv/2527389_toyota-harrier-2-0l-2021/"",""phoneVerifiedAt"":""2026-10-10T20:30:43Z"",""imageSourceUrl"":""https://www.jacars.net/adv/2527389_toyota-harrier-2-0l-2021/"",""imageVerifiedAt"":""2026-10-10T21:01:33.387Z"",""imageIntegrityVersion"":""2026-10-07.1"",""brand"":""Harrier"",""transmission"":""Automatic"",""fuel"":""Petrol"",""bodyType"":""SUV"",""details"":[],""detailsSourceUrl"":""https://www.jacars.net/adv/2527389_toyota-harrier-2-0l-2021/"",""detailsVerifiedAt"":""2026-10-10T20:45:31.479532+00:00"",""year"":""2021"",""sourceSpecifications"":[],""listingIdentity"":{""version"":""2026-10-07.1"",""sourceUrl"":""https://www.jacars.net/adv/2527389_toyota-harrier-2-0l-2021/"",""title"":""Toyota Harrier 2,0L 2021"",""images"":[""https://cdn2.jacars.net/media/cache/f2/78/f278f79fb96264d37f396840ab75aaf9.webp"",""https://cdn2.jacars.net/media/cache/52/e5/52e5fc18fc9873505070872d36deebde.webp"",""https://cdn2.jacars.net/media/cache/cc/7d/cc7d89d428b8a12e9ea7cadd1a1cde7c.webp"",""https://cdn2.jacars.net/media/cache/20/8e/208e582a7e535be5065492610403e5c6.webp""],""phones"":[""+18764955642""],""sellerId"":"""",""city"":""Saint Elizabeth"",""checkedAt"":""2026-10-10T21:01:33.387Z""}}",active,2026-10-10T20:30:43Z,200,,2026-10-10T20:30:43Z,https://www.jacars.net/adv/2527389_toyota-harrier-2-0l-2021/,0,,visible,,,
jacars-2529076,published,vehicles,vehicles,vehicles,"Toyota Corolla Touring 2,0L 2021","JA$ 3,000,000",3000000,JMD,Saint Elizabeth,Jamaica,Swabys Auto Sales & Import,+18764955642,"Non-hybrid
New import
Call or WhatsApp 876495-5642",https://cdn2.jacars.net/media/cache/19/eb/19eb5d96c9997258ebfe8d4cc26e6f6b.webp|https://cdn2.jacars.net/media/cache/97/f4/97f45ed018285b2b52ea13381f347ad5.webp|https://cdn2.jacars.net/media/cache/19/1c/191ccfd4d646298016d6512f9788cd48.webp|https://cdn2.jacars.net/media/cache/37/f1/37f111f021de964919907c222fc2d61c.webp,JACars,https://www.jacars.net/adv/2529076_toyota-corolla-touring-2-0l-2021/,2026-10-10T20:30:43Z,,,,2021,,Automatic,,42561,"{""parser"":""public_marketplace_refresh"",""contactSource"":""https://www.jacars.net/adv/2529076_toyota-corolla-touring-2-0l-2021/"",""phoneVerifiedAt"":""2026-10-10T20:30:43Z"",""imageSourceUrl"":""https://www.jacars.net/adv/2529076_toyota-corolla-touring-2-0l-2021/"",""imageVerifiedAt"":""2026-10-10T21:01:33.387Z"",""imageIntegrityVersion"":""2026-10-07.1"",""brand"":""Corolla Touring"",""transmission"":""Automatic"",""fuel"":""Petrol"",""bodyType"":""HatchBack"",""mileageKm"":42561,""details"":[],""detailsSourceUrl"":""https://www.jacars.net/adv/2529076_toyota-corolla-touring-2-0l-2021/"",""detailsVerifiedAt"":""2026-10-10T20:45:31.479532+00:00"",""year"":""2021"",""sourceSpecifications"":[],""listingIdentity"":{""version"":""2026-10-07.1"",""sourceUrl"":""https://www.jacars.net/adv/2529076_toyota-corolla-touring-2-0l-2021/"",""title"":""Toyota Corolla Touring 2,0L 2021"",""images"":[""https://cdn2.jacars.net/media/cache/19/eb/19eb5d96c9997258ebfe8d4cc26e6f6b.webp"",""https://cdn2.jacars.net/media/cache/97/f4/97f45ed018285b2b52ea13381f347ad5.webp"",""https://cdn2.jacars.net/media/cache/19/1c/191ccfd4d646298016d6512f9788cd48.webp"",""https://cdn2.jacars.net/media/cache/37/f1/37f111f021de964919907c222fc2d61c.webp""],""phones"":[""+18764955642""],""sellerId"":"""",""city"":""Saint Elizabeth"",""checkedAt"":""2026-10-10T21:01:33.387Z""}}",active,2026-10-10T20:30:43Z,200,,2026-10-10T20:30:43Z,https://www.jacars.net/adv/2529076_toyota-corolla-touring-2-0l-2021/,0,,visible,,,
jacars-2529037,published,vehicles,vehicles,vehicles,"Honda Shuttle 1,5L 2019","JA$ 1,800,000",1800000,JMD,Saint Catherine,Jamaica,Tarik,+18765079657,"Imported June 2025, first local owner.
Fitness expire: July 2028
Contact me for further details",https://cdn2.jacars.net/media/cache/72/90/7290f57b523292adec8c42f984f10c8e.webp|https://cdn2.jacars.net/media/cache/fa/e9/fae967b9dbff404ccc07ce8fc64341f7.webp|https://cdn2.jacars.net/media/cache/b9/32/b932c7f8d69e587131783766bc259574.webp|https://cdn2.jacars.net/media/cache/3c/22/3c22397a61d1933caa0fb4d6a882faaa.webp,JACars,https://www.jacars.net/adv/2529037_honda-shuttle-1-5l-2019/,2026-10-10T20:30:43Z,,,,2019,,Automatic,,,"{""parser"":""public_marketplace_refresh"",""contactSource"":""https://www.jacars.net/adv/2529037_honda-shuttle-1-5l-2019/"",""phoneVerifiedAt"":""2026-10-10T20:30:43Z"",""imageSourceUrl"":""https://www.jacars.net/adv/2529037_honda-shuttle-1-5l-2019/"",""imageVerifiedAt"":""2026-10-10T21:01:33.387Z"",""imageIntegrityVersion"":""2026-10-07.1"",""brand"":""Shuttle"",""transmission"":""Automatic"",""fuel"":""Petrol"",""bodyType"":""Wagon"",""details"":[],""detailsSourceUrl"":""https://www.jacars.net/adv/2529037_honda-shuttle-1-5l-2019/"",""detailsVerifiedAt"":""2026-10-10T20:45:31.479532+00:00"",""year"":""2019"",""sourceSpecifications"":[],""listingIdentity"":{""version"":""2026-10-07.1"",""sourceUrl"":""https://www.jacars.net/adv/2529037_honda-shuttle-1-5l-2019/"",""title"":""Honda Shuttle 1,5L 2019"",""images"":[""https://cdn2.jacars.net/media/cache/72/90/7290f57b523292adec8c42f984f10c8e.webp"",""https://cdn2.jacars.net/media/cache/fa/e9/fae967b9dbff404ccc07ce8fc64341f7.webp"",""https://cdn2.jacars.net/media/cache/b9/32/b932c7f8d69e587131783766bc259574.webp"",""https://cdn2.jacars.net/media/cache/3c/22/3c22397a61d1933caa0fb4d6a882faaa.webp""],""phones"":[""+18765079657""],""sellerId"":"""",""city"":""Saint Catherine"",""checkedAt"":""2026-10-10T21:01:33.387Z""}}",active,2026-10-10T20:30:43Z,200,,2026-10-10T20:30:43Z,https://www.jacars.net/adv/2529037_honda-shuttle-1-5l-2019/,0,,visible,,,
jacars-2529041,published,vehicles,vehicles,vehicles,"Subaru XV 2,0L 2012","JA$ 1,120,000",1120000,JMD,Manchester,Jamaica,Starr,+18768040038,"2012 SUBARU XV FOR SALE
LOW MILEAGE 92,000KM
ENGINE SOLID
TRANSMISSION SOLID
AC COLD 🥶
ANDROID RADIO
STEERING WHEEL CINTROLS
SUNROOF
PADDLE SHIFT
2 ORIGINAL SUBARU KEYS
4 EXCELLENT TIRES
TITLE STAMPED OUT
DOCUMENTS UP TO DATE
MINOR TLC NEEDED HENCE PRICE
SLIGHTLY NEGOTIABLE
8768040038",https://cdn2.jacars.net/media/cache/ee/7a/ee7afea6c85d2fd20984eb2db8ddea29.webp|https://cdn2.jacars.net/media/cache/8b/14/8b14883afcd1fda21d61eaddaef4b389.webp|https://cdn2.jacars.net/media/cache/8a/b7/8ab7ca399e22d53f7882302b6f674e86.webp|https://cdn2.jacars.net/media/cache/a6/53/a6533a6fb5362048cc95c7e88eee7c93.webp,JACars,https://www.jacars.net/adv/2529041_subaru-xv-2-0l-2012/,2026-10-10T20:30:43Z,,,,2012,,Automatic,,92000,"{""parser"":""public_marketplace_refresh"",""contactSource"":""https://www.jacars.net/adv/2529041_subaru-xv-2-0l-2012/"",""phoneVerifiedAt"":""2026-10-10T20:30:43Z"",""imageSourceUrl"":""https://www.jacars.net/adv/2529041_subaru-xv-2-0l-2012/"",""imageVerifiedAt"":""2026-10-10T21:01:33.387Z"",""imageIntegrityVersion"":""2026-10-07.1"",""brand"":""XV"",""transmission"":""Automatic"",""fuel"":""Petrol"",""bodyType"":""SUV"",""mileageKm"":92000,""details"":[],""detailsSourceUrl"":""https://www.jacars.net/adv/2529041_subaru-xv-2-0l-2012/"",""detailsVerifiedAt"":""2026-10-10T20:45:31.479532+00:00"",""year"":""2012"",""sourceSpecifications"":[],""listingIdentity"":{""version"":""2026-10-07.1"",""sourceUrl"":""https://www.jacars.net/adv/2529041_subaru-xv-2-0l-2012/"",""title"":""Subaru XV 2,0L 2012"",""images"":[""https://cdn2.jacars.net/media/cache/ee/7a/ee7afea6c85d2fd20984eb2db8ddea29.webp"",""https://cdn2.jacars.net/media/cache/8b/14/8b14883afcd1fda21d61eaddaef4b389.webp"",""https://cdn2.jacars.net/media/cache/8a/b7/8ab7ca399e22d53f7882302b6f674e86.webp"",""https://cdn2.jacars.net/media/cache/a6/53/a6533a6fb5362048cc95c7e88eee7c93.webp""],""phones"":[""+18768040038""],""sellerId"":"""",""city"":""Manchester"",""checkedAt"":""2026-10-10T21:01:33.387Z""}}",active,2026-10-10T20:30:43Z,200,,2026-10-10T20:30:43Z,https://www.jacars.net/adv/2529041_subaru-xv-2-0l-2012/,0,,visible,,,
jacars-2529035,published,vehicles,vehicles,vehicles,"Audi A3 2,0L 2014","JA$ 2,100,000",2100000,JMD,Kingston,Jamaica,Obrian,+18763784582,"2014 Audi A3 for Sale 🚗

Looking for a stylish, sporty, and comfortable car? This 2014 Audi A3 is a great option! Enjoy the sleek luxury design, comfortable interior, and smooth driving experience that Audi is known for. Its compact size makes it perfect for everyday commuting and city driving.

✅ Luxury Audi styling
✅ Turbocharged engine
✅ Comfortable interior
✅ Great for daily driving
✅ Stylish and sporty design

Serious inquiries only. Message me for more information or to arrange a viewing!

Negotiable",https://cdn2.jacars.net/media/cache/3b/00/3b000dd35e33ea9f74567bfbdaca1232.webp|https://cdn2.jacars.net/media/cache/ae/ce/aece08978ffdcbda07d34e4b92ca040c.webp|https://cdn2.jacars.net/media/cache/1e/1e/1e1e9cb1cda3e8d57dde1e90a3a03574.webp|https://cdn2.jacars.net/media/cache/31/06/3106182f864dd6d30f933174505d6047.webp,JACars,https://www.jacars.net/adv/2529035_audi-a3-2-0l-2014/,2026-10-10T20:30:43Z,,,,2014,,Automatic,,140000,"{""parser"":""public_marketplace_refresh"",""contactSource"":""https://www.jacars.net/adv/2529035_audi-a3-2-0l-2014/"",""phoneVerifiedAt"":""2026-10-10T20:30:43Z"",""imageSourceUrl"":""https://www.jacars.net/adv/2529035_audi-a3-2-0l-2014/"",""imageVerifiedAt"":""2026-10-10T21:01:33.387Z"",""imageIntegrityVersion"":""2026-10-07.1"",""brand"":""A3"",""transmission"":""Automatic"",""fuel"":""Diesel"",""bodyType"":""Sedan"",""mileageKm"":140000,""details"":[],""detailsSourceUrl"":""https://www.jacars.net/adv/2529035_audi-a3-2-0l-2014/"",""detailsVerifiedAt"":""2026-10-10T20:45:31.479532+00:00"",""year"":""2014"",""sourceSpecifications"":[],""listingIdentity"":{""version"":""2026-10-07.1"",""sourceUrl"":""https://www.jacars.net/adv/2529035_audi-a3-2-0l-2014/"",""title"":""Audi A3 2,0L 2014"",""images"":[""https://cdn2.jacars.net/media/cache/3b/00/3b000dd35e33ea9f74567bfbdaca1232.webp"",""https://cdn2.jacars.net/media/cache/ae/ce/aece08978ffdcbda07d34e4b92ca040c.webp"",""https://cdn2.jacars.net/media/cache/1e/1e/1e1e9cb1cda3e8d57dde1e90a3a03574.webp"",""https://cdn2.jacars.net/media/cache/31/06/3106182f864dd6d30f933174505d6047.webp""],""phones"":[""+18763784582""],""sellerId"":"""",""city"":""Kingston"",""checkedAt"":""2026-10-10T21:01:33.387Z""}}",active,2026-10-10T20:30:43Z,200,,2026-10-10T20:30:43Z,https://www.jacars.net/adv/2529035_audi-a3-2-0l-2014/,0,,visible,,,
jacars-2529031,published,vehicles,vehicles,vehicles,"Honda Vezel 1,5L 2015","JA$ 2,399,999",2399999,JMD,Manchester,Jamaica,White Line Auto Hub,+18768316636,"2015 Honda Vezel
$2,399,999
876 831 6636",https://cdn2.jacars.net/media/cache/07/43/07439b2fdfbb3a6144cc156a6f47355c.webp|https://cdn2.jacars.net/media/cache/6a/74/6a7455e90ff0fae1ac0c652df1cc293f.webp|https://cdn2.jacars.net/media/cache/1a/4f/1a4f0f8b56399a2c9bd31dd02cb130d6.webp|https://cdn2.jacars.net/media/cache/7a/8e/7a8ecd4c971f10ecf9d5876b88584948.webp,JACars,https://www.jacars.net/adv/2529031_honda-vezel-1-5l-2015/,2026-10-10T20:30:43Z,,,,2015,,Automatic,,,"{""parser"":""public_marketplace_refresh"",""contactSource"":""https://www.jacars.net/adv/2529031_honda-vezel-1-5l-2015/"",""phoneVerifiedAt"":""2026-10-10T20:30:43Z"",""imageSourceUrl"":""https://www.jacars.net/adv/2529031_honda-vezel-1-5l-2015/"",""imageVerifiedAt"":""2026-10-10T21:01:33.387Z"",""imageIntegrityVersion"":""2026-10-07.1"",""brand"":""Vezel"",""transmission"":""Automatic"",""fuel"":""Hybrid/Electric"",""bodyType"":""SUV"",""details"":[],""detailsSourceUrl"":""https://www.jacars.net/adv/2529031_honda-vezel-1-5l-2015/"",""detailsVerifiedAt"":""2026-10-10T20:45:31.479532+00:00"",""year"":""2015"",""sourceSpecifications"":[],""listingIdentity"":{""version"":""2026-10-07.1"",""sourceUrl"":""https://www.jacars.net/adv/2529031_honda-vezel-1-5l-2015/"",""title"":""Honda Vezel 1,5L 2015"",""images"":[""https://cdn2.jacars.net/media/cache/07/43/07439b2fdfbb3a6144cc156a6f47355c.webp"",""https://cdn2.jacars.net/media/cache/6a/74/6a7455e90ff0fae1ac0c652df1cc293f.webp"",""https://cdn2.jacars.net/media/cache/1a/4f/1a4f0f8b56399a2c9bd31dd02cb130d6.webp"",""https://cdn2.jacars.net/media/cache/7a/8e/7a8ecd4c971f10ecf9d5876b88584948.webp""],""phones"":[""+18768316636""],""sellerId"":"""",""city"":""Manchester"",""checkedAt"":""2026-10-10T21:01:33.387Z""}}",active,2026-10-10T20:30:43Z,200,,2026-10-10T20:30:43Z,https://www.jacars.net/adv/2529031_honda-vezel-1-5l-2015/,0,,visible,,,
jacars-2529016,published,vehicles,vehicles,vehicles,"Toyota Prado 2,8L 2024",Contact seller,,JMD,Kingston,Jamaica,Latoya,+18768490377,"Newly imported
Fully loaded
Excellent condition",https://cdn2.jacars.net/media/cache/5b/bf/5bbf74dbd197afe9fec0136242596613.webp|https://cdn2.jacars.net/media/cache/ba/12/ba1245634b9b7a3da51fb4e6a2509d2a.webp|https://cdn2.jacars.net/media/cache/fe/3d/fe3d5d208f8bd1a958bbcc6da1e1a7d9.webp|https://cdn2.jacars.net/media/cache/8f/4c/8f4cb434aaf0ec30bee666bbc955409b.webp,JACars,https://www.jacars.net/adv/2529016_toyota-prado-2-8l-2024/,2026-10-10T20:30:43Z,,,,2024,,Automatic,,,"{""parser"":""public_marketplace_refresh"",""contactSource"":""https://www.jacars.net/adv/2529016_toyota-prado-2-8l-2024/"",""phoneVerifiedAt"":""2026-10-10T20:30:43Z"",""imageSourceUrl"":""https://www.jacars.net/adv/2529016_toyota-prado-2-8l-2024/"",""imageVerifiedAt"":""2026-10-10T21:01:33.387Z"",""imageIntegrityVersion"":""2026-10-07.1"",""brand"":""Prado"",""transmission"":""Automatic"",""fuel"":""Diesel"",""bodyType"":""SUV"",""details"":[],""detailsSourceUrl"":""https://www.jacars.net/adv/2529016_toyota-prado-2-8l-2024/"",""detailsVerifiedAt"":""2026-10-10T20:45:31.479532+00:00"",""year"":""2024"",""sourceSpecifications"":[],""listingIdentity"":{""version"":""2026-10-07.1"",""sourceUrl"":""https://www.jacars.net/adv/2529016_toyota-prado-2-8l-2024/"",""title"":""Toyota Prado 2,8L 2024"",""images"":[""https://cdn2.jacars.net/media/cache/5b/bf/5bbf74dbd197afe9fec0136242596613.webp"",""https://cdn2.jacars.net/media/cache/ba/12/ba1245634b9b7a3da51fb4e6a2509d2a.webp"",""https://cdn2.jacars.net/media/cache/fe/3d/fe3d5d208f8bd1a958bbcc6da1e1a7d9.webp"",""https://cdn2.jacars.net/media/cache/8f/4c/8f4cb434aaf0ec30bee666bbc955409b.webp""],""phones"":[""+18768490377""],""sellerId"":"""",""city"":""Kingston"",""checkedAt"":""2026-10-10T21:01:33.387Z""}}",active,2026-10-10T20:30:43Z,200,,2026-10-10T20:30:43Z,https://www.jacars.net/adv/2529016_toyota-prado-2-8l-2024/,0,,visible,,,
jacars-2520219,published,vehicles,vehicles,vehicles,"Land Rover Defender 2,0L 2020","JA$ 8,450,000",8450000,JMD,Kingston,Jamaica,Andre,+18762820166,"Immaculate condition, mint interior, intercooler, turbo charge, panoramic sunroof, stability control, alloy rims, dealer bought , service by dealer, Well maintained,. Recently valuation report is available, Very nice car, the owner is willing to negotiate. call today.",https://cdn2.jacars.net/media/cache/e6/31/e631a23b7898b29f105b84546348e02c.webp|https://cdn2.jacars.net/media/cache/7d/c2/7dc27825a277396864bfdb273cc7a937.webp|https://cdn2.jacars.net/media/cache/39/dd/39ddaab27ad0e66bd439daed8afc4411.webp|https://cdn2.jacars.net/media/cache/bd/f6/bdf61cb8b9f5decf396744750d02e978.webp,JACars,https://www.jacars.net/adv/2520219_land-rover-defender-2-0l-2020/,2026-10-10T20:30:43Z,,,,2020,,Automatic,,60000,"{""parser"":""public_marketplace_refresh"",""contactSource"":""https://www.jacars.net/adv/2520219_land-rover-defender-2-0l-2020/"",""phoneVerifiedAt"":""2026-10-10T20:30:43Z"",""imageSourceUrl"":""https://www.jacars.net/adv/2520219_land-rover-defender-2-0l-2020/"",""imageVerifiedAt"":""2026-10-10T21:01:33.387Z"",""imageIntegrityVersion"":""2026-10-07.1"",""brand"":""Defender"",""transmission"":""Automatic"",""fuel"":""Petrol"",""bodyType"":""SUV"",""mileageKm"":60000,""details"":[],""detailsSourceUrl"":""https://www.jacars.net/adv/2520219_land-rover-defender-2-0l-2020/"",""detailsVerifiedAt"":""2026-10-10T20:45:31.479532+00:00"",""year"":""2020"",""sourceSpecifications"":[],""listingIdentity"":{""version"":""2026-10-07.1"",""sourceUrl"":""https://www.jacars.net/adv/2520219_land-rover-defender-2-0l-2020/"",""title"":""Land Rover Defender 2,0L 2020"",""images"":[""https://cdn2.jacars.net/media/cache/e6/31/e631a23b7898b29f105b84546348e02c.webp"",""https://cdn2.jacars.net/media/cache/7d/c2/7dc27825a277396864bfdb273cc7a937.webp"",""https://cdn2.jacars.net/media/cache/39/dd/39ddaab27ad0e66bd439daed8afc4411.webp"",""https://cdn2.jacars.net/media/cache/bd/f6/bdf61cb8b9f5decf396744750d02e978.webp""],""phones"":[""+18762820166""],""sellerId"":"""",""city"":""Kingston"",""checkedAt"":""2026-10-10T21:01:33.387Z""}}",active,2026-10-10T20:30:43Z,200,,2026-10-10T20:30:43Z,https://www.jacars.net/adv/2520219_land-rover-defender-2-0l-2020/,0,,visible,,,
jacars-2528979,published,vehicles,vehicles,vehicles,"BMW 3-Series 1,6L 2016","JA$ 1,650,000",1650000,JMD,Saint Catherine,Jamaica,Anna,+18764168520,"✅Lady driven
✅New shocks and tires
✅Sunroof
✅Cold A.C
✅ATL serviced/maintained
Let’s negotiate",https://cdn2.jacars.net/media/cache/5b/43/5b43b3d93d328a54f9af4aca5c175e57.webp|https://cdn2.jacars.net/media/cache/95/09/95097d4ebbbae9972490c7218d97a46e.webp|https://cdn2.jacars.net/media/cache/20/ef/20ef9b0f2737e489dbbc019d9dc7c1f9.webp|https://cdn2.jacars.net/media/cache/71/78/717842d8f7329183248c0841ea747816.webp,JACars,https://www.jacars.net/adv/2528979_bmw-3-series-1-6l-2016/,2026-10-10T20:30:43Z,,,,2016,,Automatic,,92520,"{""parser"":""public_marketplace_refresh"",""contactSource"":""https://www.jacars.net/adv/2528979_bmw-3-series-1-6l-2016/"",""phoneVerifiedAt"":""2026-10-10T20:30:43Z"",""imageSourceUrl"":""https://www.jacars.net/adv/2528979_bmw-3-series-1-6l-2016/"",""imageVerifiedAt"":""2026-10-10T21:01:33.387Z"",""imageIntegrityVersion"":""2026-10-07.1"",""brand"":""3-Series"",""transmission"":""Automatic"",""fuel"":""Petrol"",""bodyType"":""Sedan"",""mileageKm"":92520,""details"":[],""detailsSourceUrl"":""https://www.jacars.net/adv/2528979_bmw-3-series-1-6l-2016/"",""detailsVerifiedAt"":""2026-10-10T20:45:31.479532+00:00"",""year"":""2016"",""sourceSpecifications"":[],""listingIdentity"":{""version"":""2026-10-07.1"",""sourceUrl"":""https://www.jacars.net/adv/2528979_bmw-3-series-1-6l-2016/"",""title"":""BMW 3-Series 1,6L 2016"",""images"":[""https://cdn2.jacars.net/media/cache/5b/43/5b43b3d93d328a54f9af4aca5c175e57.webp"",""https://cdn2.jacars.net/media/cache/95/09/95097d4ebbbae9972490c7218d97a46e.webp"",""https://cdn2.jacars.net/media/cache/20/ef/20ef9b0f2737e489dbbc019d9dc7c1f9.webp"",""https://cdn2.jacars.net/media/cache/71/78/717842d8f7329183248c0841ea747816.webp""],""phones"":[""+18764168520""],""sellerId"":"""",""city"":""Saint Catherine"",""checkedAt"":""2026-10-10T21:01:33.387Z""}}",active,2026-10-10T20:30:43Z,200,,2026-10-10T20:30:43Z,https://www.jacars.net/adv/2528979_bmw-3-series-1-6l-2016/,0,,visible,,,
jacars-2528472,published,vehicles,vehicles,vehicles,"Toyota Mark X 2,5L 2013","JA$ 1,850,000",1850000,JMD,Westmoreland,Jamaica,kurt mckenzie,+18764320271,"Key start
9"" android radio
Trunk lip added
Mark x custom front door lights
Dual dash cam
High Quality horn
Ceramic coated Headlights
1st local owner since January 2024
114k mileage
Cosmetic strip on bonnet, roof and fenders
NEGOTIATIONS WELCOME...absolutely no issues other than strip mentioned.",https://cdn2.jacars.net/media/cache/ac/45/ac4569cbd54da9bfc32fab8042d06040.webp|https://cdn2.jacars.net/media/cache/4b/c3/4bc3a6220c35e4b82cfc05a7cfe9c5cc.webp|https://cdn2.jacars.net/media/cache/72/82/7282a34d0b3996b80c3345202a2dc0cf.webp|https://cdn2.jacars.net/media/cache/fa/c4/fac457a71bee3bceb599c1bc0ebe2f65.webp,JACars,https://www.jacars.net/adv/2528472_toyota-mark-x-2-5l-2013/,2026-10-10T20:30:43Z,,,,2013,,Automatic,,114000,"{""parser"":""public_marketplace_refresh"",""contactSource"":""https://www.jacars.net/adv/2528472_toyota-mark-x-2-5l-2013/"",""phoneVerifiedAt"":""2026-10-10T20:30:43Z"",""imageSourceUrl"":""https://www.jacars.net/adv/2528472_toyota-mark-x-2-5l-2013/"",""imageVerifiedAt"":""2026-10-10T21:01:33.387Z"",""imageIntegrityVersion"":""2026-10-07.1"",""brand"":""Mark X"",""transmission"":""Automatic"",""fuel"":""Petrol"",""bodyType"":""Sedan"",""mileageKm"":114000,""details"":[],""detailsSourceUrl"":""https://www.jacars.net/adv/2528472_toyota-mark-x-2-5l-2013/"",""detailsVerifiedAt"":""2026-10-10T20:45:31.479532+00:00"",""year"":""2013"",""sourceSpecifications"":[],""listingIdentity"":{""version"":""2026-10-07.1"",""sourceUrl"":""https://www.jacars.net/adv/2528472_toyota-mark-x-2-5l-2013/"",""title"":""Toyota Mark X 2,5L 2013"",""images"":[""https://cdn2.jacars.net/media/cache/ac/45/ac4569cbd54da9bfc32fab8042d06040.webp"",""https://cdn2.jacars.net/media/cache/4b/c3/4bc3a6220c35e4b82cfc05a7cfe9c5cc.webp"",""https://cdn2.jacars.net/media/cache/72/82/7282a34d0b3996b80c3345202a2dc0cf.webp"",""https://cdn2.jacars.net/media/cache/fa/c4/fac457a71bee3bceb599c1bc0ebe2f65.webp""],""phones"":[""+18764320271""],""sellerId"":"""",""city"":""Westmoreland"",""checkedAt"":""2026-10-10T21:01:33.387Z""}}",active,2026-10-10T20:30:43Z,200,,2026-10-10T20:30:43Z,https://www.jacars.net/adv/2528472_toyota-mark-x-2-5l-2013/,0,,visible,,,
jacars-2526671,published,vehicles,vehicles,vehicles,"Honda CR-V 2,0L 2015",Contact seller,,JMD,Saint Mary,Jamaica,North Coast Auto Sales,+18767904717,"2015 HONDA CRV
Contact 8767904717",https://cdn2.jacars.net/media/cache/04/f1/04f1b33de1231115d03183c4d6d479eb.webp|https://cdn2.jacars.net/media/cache/0a/95/0a95f8ec00823f81b3a1053e3a71a612.webp|https://cdn2.jacars.net/media/cache/4a/29/4a295920b53fa28df9ca0a2d28c06339.webp|https://cdn2.jacars.net/media/cache/47/20/4720689f0509c431554b4cbac2dc2b56.webp,JACars,https://www.jacars.net/adv/2526671_honda-cr-v-2-0l-2015/,2026-10-10T20:30:43Z,,,,2015,,Automatic,,,"{""parser"":""public_marketplace_refresh"",""contactSource"":""https://www.jacars.net/adv/2526671_honda-cr-v-2-0l-2015/"",""phoneVerifiedAt"":""2026-10-10T20:30:43Z"",""imageSourceUrl"":""https://www.jacars.net/adv/2526671_honda-cr-v-2-0l-2015/"",""imageVerifiedAt"":""2026-10-10T21:01:33.387Z"",""imageIntegrityVersion"":""2026-10-07.1"",""brand"":""CR-V"",""transmission"":""Automatic"",""fuel"":""Petrol"",""bodyType"":""SUV"",""details"":[],""detailsSourceUrl"":""https://www.jacars.net/adv/2526671_honda-cr-v-2-0l-2015/"",""detailsVerifiedAt"":""2026-10-10T20:45:31.479532+00:00"",""year"":""2015"",""sourceSpecifications"":[],""listingIdentity"":{""version"":""2026-10-07.1"",""sourceUrl"":""https://www.jacars.net/adv/2526671_honda-cr-v-2-0l-2015/"",""title"":""Honda CR-V 2,0L 2015"",""images"":[""https://cdn2.jacars.net/media/cache/04/f1/04f1b33de1231115d03183c4d6d479eb.webp"",""https://cdn2.jacars.net/media/cache/0a/95/0a95f8ec00823f81b3a1053e3a71a612.webp"",""https://cdn2.jacars.net/media/cache/4a/29/4a295920b53fa28df9ca0a2d28c06339.webp"",""https://cdn2.jacars.net/media/cache/47/20/4720689f0509c431554b4cbac2dc2b56.webp""],""phones"":[""+18767904717""],""sellerId"":"""",""city"":""Saint Mary"",""checkedAt"":""2026-10-10T21:01:33.387Z""}}",active,2026-10-10T20:30:43Z,200,,2026-10-10T20:30:43Z,https://www.jacars.net/adv/2526671_honda-cr-v-2-0l-2015/,0,,visible,,,
jacars-2528958,published,vehicles,vehicles,vehicles,"Toyota Axio 1,5L 2014","JA$ 1,460,000",1460000,JMD,Saint Catherine,Jamaica,Damion,+18768817510,Excellent Condition. Must sell!,https://cdn2.jacars.net/media/cache/b4/f8/b4f8fc60dc877ccc978cb871cc610815.webp|https://cdn2.jacars.net/media/cache/06/6b/066bf12caae03d6cbf30deca187902bb.webp,JACars,https://www.jacars.net/adv/2528958_toyota-axio-1-5l-2014/,2026-10-10T20:30:43Z,,,,2014,,Automatic,,,"{""parser"":""public_marketplace_refresh"",""contactSource"":""https://www.jacars.net/adv/2528958_toyota-axio-1-5l-2014/"",""phoneVerifiedAt"":""2026-10-10T20:30:43Z"",""imageSourceUrl"":""https://www.jacars.net/adv/2528958_toyota-axio-1-5l-2014/"",""imageVerifiedAt"":""2026-10-10T21:01:33.387Z"",""imageIntegrityVersion"":""2026-10-07.1"",""brand"":""Axio"",""transmission"":""Automatic"",""fuel"":""Petrol"",""bodyType"":""Sedan"",""details"":[],""detailsSourceUrl"":""https://www.jacars.net/adv/2528958_toyota-axio-1-5l-2014/"",""detailsVerifiedAt"":""2026-10-10T20:45:31.479532+00:00"",""year"":""2014"",""sourceSpecifications"":[],""listingIdentity"":{""version"":""2026-10-07.1"",""sourceUrl"":""https://www.jacars.net/adv/2528958_toyota-axio-1-5l-2014/"",""title"":""Toyota Axio 1,5L 2014"",""images"":[""https://cdn2.jacars.net/media/cache/b4/f8/b4f8fc60dc877ccc978cb871cc610815.webp"",""https://cdn2.jacars.net/media/cache/06/6b/066bf12caae03d6cbf30deca187902bb.webp""],""phones"":[""+18768817510""],""sellerId"":"""",""city"":""Saint Catherine"",""checkedAt"":""2026-10-10T21:01:33.387Z""}}",active,2026-10-10T20:30:43Z,200,,2026-10-10T20:30:43Z,https://www.jacars.net/adv/2528958_toyota-axio-1-5l-2014/,0,,visible,,,
jacars-2528944,published,vehicles,vehicles,vehicles,"Toyota Yaris 1,0L 2023","JA$ 2,399,999",2399999,JMD,Manchester,Jamaica,White Line Auto Hub,+18768316636,"2023 Toyota Yaris
$2,399,999
876 831 6636",https://cdn2.jacars.net/media/cache/36/89/368949094ed4daecbf6241b59c847b60.webp|https://cdn2.jacars.net/media/cache/5e/c0/5ec08046a486330b3b1d344904960f25.webp|https://cdn2.jacars.net/media/cache/ef/9a/ef9a506b7fdb2040e6ae3e09b4191007.webp|https://cdn2.jacars.net/media/cache/18/1f/181f435c6d7a84cdd3d23899ea77732f.webp,JACars,https://www.jacars.net/adv/2528944_toyota-yaris-1-0l-2023/,2026-10-10T20:30:43Z,,,,2023,,Automatic,,,"{""parser"":""public_marketplace_refresh"",""contactSource"":""https://www.jacars.net/adv/2528944_toyota-yaris-1-0l-2023/"",""phoneVerifiedAt"":""2026-10-10T20:30:43Z"",""imageSourceUrl"":""https://www.jacars.net/adv/2528944_toyota-yaris-1-0l-2023/"",""imageVerifiedAt"":""2026-10-10T21:01:33.387Z"",""imageIntegrityVersion"":""2026-10-07.1"",""brand"":""Yaris"",""transmission"":""Automatic"",""fuel"":""Petrol"",""bodyType"":""HatchBack"",""details"":[],""detailsSourceUrl"":""https://www.jacars.net/adv/2528944_toyota-yaris-1-0l-2023/"",""detailsVerifiedAt"":""2026-10-10T20:45:31.479532+00:00"",""year"":""2023"",""sourceSpecifications"":[],""listingIdentity"":{""version"":""2026-10-07.1"",""sourceUrl"":""https://www.jacars.net/adv/2528944_toyota-yaris-1-0l-2023/"",""title"":""Toyota Yaris 1,0L 2023"",""images"":[""https://cdn2.jacars.net/media/cache/36/89/368949094ed4daecbf6241b59c847b60.webp"",""https://cdn2.jacars.net/media/cache/5e/c0/5ec08046a486330b3b1d344904960f25.webp"",""https://cdn2.jacars.net/media/cache/ef/9a/ef9a506b7fdb2040e6ae3e09b4191007.webp"",""https://cdn2.jacars.net/media/cache/18/1f/181f435c6d7a84cdd3d23899ea77732f.webp""],""phones"":[""+18768316636""],""sellerId"":"""",""city"":""Manchester"",""checkedAt"":""2026-10-10T21:01:33.387Z""}}",active,2026-10-10T20:30:43Z,200,,2026-10-10T20:30:43Z,https://www.jacars.net/adv/2528944_toyota-yaris-1-0l-2023/,0,,visible,,,
jacars-2528939,published,vehicles,vehicles,vehicles,"Subaru G4 2,0L 2017","JA$ 2,099,999",2099999,JMD,Manchester,Jamaica,White Line Auto Hub,+18768316636,"2017 Subaru G4
$2,099,999
876 831 6636",https://cdn2.jacars.net/media/cache/3d/bb/3dbbda175445326e9d09bfd315a9a4e0.webp|https://cdn2.jacars.net/media/cache/92/30/92302bda245bf6ec68337078789a07da.webp|https://cdn2.jacars.net/media/cache/56/9d/569d01dceb0cf34ffe0ada1d764608a9.webp|https://cdn2.jacars.net/media/cache/1c/d9/1cd9cbb327545292f49307daf3ef4593.webp,JACars,https://www.jacars.net/adv/2528939_subaru-g4-2-0l-2017/,2026-10-10T20:30:43Z,,,,2017,,Automatic,,,"{""parser"":""public_marketplace_refresh"",""contactSource"":""https://www.jacars.net/adv/2528939_subaru-g4-2-0l-2017/"",""phoneVerifiedAt"":""2026-10-10T20:30:43Z"",""imageSourceUrl"":""https://www.jacars.net/adv/2528939_subaru-g4-2-0l-2017/"",""imageVerifiedAt"":""2026-10-10T21:01:33.387Z"",""imageIntegrityVersion"":""2026-10-07.1"",""brand"":""G4"",""transmission"":""Automatic"",""fuel"":""Petrol"",""bodyType"":""Sedan"",""details"":[],""detailsSourceUrl"":""https://www.jacars.net/adv/2528939_subaru-g4-2-0l-2017/"",""detailsVerifiedAt"":""2026-10-10T20:45:31.479532+00:00"",""year"":""2017"",""sourceSpecifications"":[],""listingIdentity"":{""version"":""2026-10-07.1"",""sourceUrl"":""https://www.jacars.net/adv/2528939_subaru-g4-2-0l-2017/"",""title"":""Subaru G4 2,0L 2017"",""images"":[""https://cdn2.jacars.net/media/cache/3d/bb/3dbbda175445326e9d09bfd315a9a4e0.webp"",""https://cdn2.jacars.net/media/cache/92/30/92302bda245bf6ec68337078789a07da.webp"",""https://cdn2.jacars.net/media/cache/56/9d/569d01dceb0cf34ffe0ada1d764608a9.webp"",""https://cdn2.jacars.net/media/cache/1c/d9/1cd9cbb327545292f49307daf3ef4593.webp""],""phones"":[""+18768316636""],""sellerId"":"""",""city"":""Manchester"",""checkedAt"":""2026-10-10T21:01:33.387Z""}}",active,2026-10-10T20:30:43Z,200,,2026-10-10T20:30:43Z,https://www.jacars.net/adv/2528939_subaru-g4-2-0l-2017/,0,,visible,,,
jacars-2528937,published,vehicles,vehicles,vehicles,"Toyota Succeed 1,5L 2016","JA$ 1,780,000",1780000,JMD,Manchester,Jamaica,White Line Auto Hub,+18768316636,"2016 Toyota Succeed
$1,780,000
876 831 6636",https://cdn2.jacars.net/media/cache/c5/56/c5569ab8871a45f7821f2e8b49d41333.webp|https://cdn2.jacars.net/media/cache/da/16/da16bf949661d2c8f7979e9b88e06261.webp|https://cdn2.jacars.net/media/cache/8e/d0/8ed08a747c80bfb3a651d0e2604f4e90.webp|https://cdn2.jacars.net/media/cache/15/ac/15ac618476141f1d1a740636d7bf9483.webp,JACars,https://www.jacars.net/adv/2528937_toyota-succeed-1-5l-2016/,2026-10-10T20:30:43Z,,,,2016,,Automatic,,,"{""parser"":""public_marketplace_refresh"",""contactSource"":""https://www.jacars.net/adv/2528937_toyota-succeed-1-5l-2016/"",""phoneVerifiedAt"":""2026-10-10T20:30:43Z"",""imageSourceUrl"":""https://www.jacars.net/adv/2528937_toyota-succeed-1-5l-2016/"",""imageVerifiedAt"":""2026-10-10T21:01:33.387Z"",""imageIntegrityVersion"":""2026-10-07.1"",""brand"":""Succeed"",""transmission"":""Automatic"",""fuel"":""Petrol"",""bodyType"":""Wagon"",""details"":[],""detailsSourceUrl"":""https://www.jacars.net/adv/2528937_toyota-succeed-1-5l-2016/"",""detailsVerifiedAt"":""2026-10-10T20:45:31.479532+00:00"",""year"":""2016"",""sourceSpecifications"":[],""listingIdentity"":{""version"":""2026-10-07.1"",""sourceUrl"":""https://www.jacars.net/adv/2528937_toyota-succeed-1-5l-2016/"",""title"":""Toyota Succeed 1,5L 2016"",""images"":[""https://cdn2.jacars.net/media/cache/c5/56/c5569ab8871a45f7821f2e8b49d41333.webp"",""https://cdn2.jacars.net/media/cache/da/16/da16bf949661d2c8f7979e9b88e06261.webp"",""https://cdn2.jacars.net/media/cache/8e/d0/8ed08a747c80bfb3a651d0e2604f4e90.webp"",""https://cdn2.jacars.net/media/cache/15/ac/15ac618476141f1d1a740636d7bf9483.webp""],""phones"":[""+18768316636""],""sellerId"":"""",""city"":""Manchester"",""checkedAt"":""2026-10-10T21:01:33.387Z""}}",active,2026-10-10T20:30:43Z,200,,2026-10-10T20:30:43Z,https://www.jacars.net/adv/2528937_toyota-succeed-1-5l-2016/,0,,visible,,,
jacars-2527893,published,vehicles,vehicles,vehicles,"Toyota Raize 1,2L 2024","JA$ 4,100,000",4100000,JMD,Saint Elizabeth,Jamaica,powmas business group,+18765097850,Here we go newly imported 2024 raize ready to go,https://cdn2.jacars.net/media/cache/20/e0/20e02f4a23e820f25c1bd0b4de0d7856.webp|https://cdn2.jacars.net/media/cache/4c/a7/4ca795e30b17e9c02862c5d09ec37434.webp|https://cdn2.jacars.net/media/cache/c7/f6/c7f6442c65ceac92f23a2e39354d63a3.webp|https://cdn2.jacars.net/media/cache/86/e6/86e6ada95b7fd63c6df3ae63abbce550.webp,JACars,https://www.jacars.net/adv/2527893_toyota-raize-1-2l-2024/,2026-10-10T20:30:43Z,,,,2024,,Automatic,,43000,"{""parser"":""public_marketplace_refresh"",""contactSource"":""https://www.jacars.net/adv/2527893_toyota-raize-1-2l-2024/"",""phoneVerifiedAt"":""2026-10-10T20:30:43Z"",""imageSourceUrl"":""https://www.jacars.net/adv/2527893_toyota-raize-1-2l-2024/"",""imageVerifiedAt"":""2026-10-10T21:01:33.387Z"",""imageIntegrityVersion"":""2026-10-07.1"",""brand"":""Raize"",""transmission"":""Automatic"",""fuel"":""Petrol"",""bodyType"":""SUV"",""mileageKm"":43000,""details"":[],""detailsSourceUrl"":""https://www.jacars.net/adv/2527893_toyota-raize-1-2l-2024/"",""detailsVerifiedAt"":""2026-10-10T20:45:31.479532+00:00"",""year"":""2024"",""sourceSpecifications"":[],""listingIdentity"":{""version"":""2026-10-07.1"",""sourceUrl"":""https://www.jacars.net/adv/2527893_toyota-raize-1-2l-2024/"",""title"":""Toyota Raize 1,2L 2024"",""images"":[""https://cdn2.jacars.net/media/cache/20/e0/20e02f4a23e820f25c1bd0b4de0d7856.webp"",""https://cdn2.jacars.net/media/cache/4c/a7/4ca795e30b17e9c02862c5d09ec37434.webp"",""https://cdn2.jacars.net/media/cache/c7/f6/c7f6442c65ceac92f23a2e39354d63a3.webp"",""https://cdn2.jacars.net/media/cache/86/e6/86e6ada95b7fd63c6df3ae63abbce550.webp""],""phones"":[""+18765097850""],""sellerId"":"""",""city"":""Saint Elizabeth"",""checkedAt"":""2026-10-10T21:01:33.387Z""}}",active,2026-10-10T20:30:43Z,200,,2026-10-10T20:30:43Z,https://www.jacars.net/adv/2527893_toyota-raize-1-2l-2024/,0,,visible,,,
jacars-2528914,published,vehicles,vehicles,vehicles,"Audi A3 1,0L 2018","JA$ 2,150,000",2150000,JMD,Kingston,Jamaica,Jayy WGM,+18764536377,"Migration Sale
Flash Deal
$2,150,000Firm
No Faults
Car is well maintained come & view the u it it speaks for itself",https://cdn2.jacars.net/media/cache/89/11/8911455643b1300dcc2b14a933c67895.webp|https://cdn2.jacars.net/media/cache/c0/58/c0580cc0d779d015a5d2e9d03f0f28d0.webp|https://cdn2.jacars.net/media/cache/49/d7/49d7885d3b143cb51b3becff3e199708.webp|https://cdn2.jacars.net/media/cache/38/09/3809988626a846a5dde286b356cad358.webp,JACars,https://www.jacars.net/adv/2528914_audi-a3-1-0l-2018/,2026-10-10T20:30:43Z,,,,2018,,Automatic,,55000,"{""parser"":""public_marketplace_refresh"",""contactSource"":""https://www.jacars.net/adv/2528914_audi-a3-1-0l-2018/"",""phoneVerifiedAt"":""2026-10-10T20:30:43Z"",""imageSourceUrl"":""https://www.jacars.net/adv/2528914_audi-a3-1-0l-2018/"",""imageVerifiedAt"":""2026-10-10T21:01:33.387Z"",""imageIntegrityVersion"":""2026-10-07.1"",""brand"":""A3"",""transmission"":""Automatic"",""fuel"":""Petrol"",""bodyType"":""Sedan"",""mileageKm"":55000,""details"":[],""detailsSourceUrl"":""https://www.jacars.net/adv/2528914_audi-a3-1-0l-2018/"",""detailsVerifiedAt"":""2026-10-10T20:45:31.479532+00:00"",""year"":""2018"",""sourceSpecifications"":[],""listingIdentity"":{""version"":""2026-10-07.1"",""sourceUrl"":""https://www.jacars.net/adv/2528914_audi-a3-1-0l-2018/"",""title"":""Audi A3 1,0L 2018"",""images"":[""https://cdn2.jacars.net/media/cache/89/11/8911455643b1300dcc2b14a933c67895.webp"",""https://cdn2.jacars.net/media/cache/c0/58/c0580cc0d779d015a5d2e9d03f0f28d0.webp"",""https://cdn2.jacars.net/media/cache/49/d7/49d7885d3b143cb51b3becff3e199708.webp"",""https://cdn2.jacars.net/media/cache/38/09/3809988626a846a5dde286b356cad358.webp""],""phones"":[""+18764536377""],""sellerId"":"""",""city"":""Kingston"",""checkedAt"":""2026-10-10T21:01:33.387Z""}}",active,2026-10-10T20:30:43Z,200,,2026-10-10T20:30:43Z,https://www.jacars.net/adv/2528914_audi-a3-1-0l-2018/,0,,visible,,,
jacars-2528616,published,vehicles,vehicles,vehicles,"Toyota Probox 1,3L 2021","JA$ 2,150,000",2150000,JMD,Saint Elizabeth,Jamaica,JCP AUTO SALES,+18765543426,"2021 TOYOTA PROBOX NEWLY IMPORTED , JCP AUTO TOP HILL DISTRICT JUNCTION P.O. ST ELIZABETH,",https://cdn2.jacars.net/media/cache/2d/42/2d42b2bbb20b5a0583cbf015c3436706.webp|https://cdn2.jacars.net/media/cache/01/fc/01fcdec114f093aaacc1533d3689201e.webp|https://cdn2.jacars.net/media/cache/65/0c/650c58150555fdcc449e2f01f91f9421.webp|https://cdn2.jacars.net/media/cache/29/73/2973f23d8c34d3f6c51df9bdb26dbd77.webp,JACars,https://www.jacars.net/adv/2528616_toyota-probox-1-3l-2021/,2026-10-10T20:30:43Z,,,,2021,,Automatic,,48160,"{""parser"":""public_marketplace_refresh"",""contactSource"":""https://www.jacars.net/adv/2528616_toyota-probox-1-3l-2021/"",""phoneVerifiedAt"":""2026-10-10T20:30:43Z"",""imageSourceUrl"":""https://www.jacars.net/adv/2528616_toyota-probox-1-3l-2021/"",""imageVerifiedAt"":""2026-10-10T21:01:33.387Z"",""imageIntegrityVersion"":""2026-10-07.1"",""brand"":""Probox"",""transmission"":""Automatic"",""fuel"":""Petrol"",""bodyType"":""Wagon"",""mileageKm"":48160,""details"":[],""detailsSourceUrl"":""https://www.jacars.net/adv/2528616_toyota-probox-1-3l-2021/"",""detailsVerifiedAt"":""2026-10-10T20:45:31.479532+00:00"",""year"":""2021"",""sourceSpecifications"":[],""listingIdentity"":{""version"":""2026-10-07.1"",""sourceUrl"":""https://www.jacars.net/adv/2528616_toyota-probox-1-3l-2021/"",""title"":""Toyota Probox 1,3L 2021"",""images"":[""https://cdn2.jacars.net/media/cache/2d/42/2d42b2bbb20b5a0583cbf015c3436706.webp"",""https://cdn2.jacars.net/media/cache/01/fc/01fcdec114f093aaacc1533d3689201e.webp"",""https://cdn2.jacars.net/media/cache/65/0c/650c58150555fdcc449e2f01f91f9421.webp"",""https://cdn2.jacars.net/media/cache/29/73/2973f23d8c34d3f6c51df9bdb26dbd77.webp""],""phones"":[""+18765543426""],""sellerId"":"""",""city"":""Saint Elizabeth"",""checkedAt"":""2026-10-10T21:01:33.387Z""}}",active,2026-10-10T20:30:43Z,200,,2026-10-10T20:30:43Z,https://www.jacars.net/adv/2528616_toyota-probox-1-3l-2021/,0,,visible,,,
jacars-2528618,published,vehicles,vehicles,vehicles,"Honda Fit 1,5L 2021","JA$ 2,350,000",2350000,JMD,Saint Elizabeth,Jamaica,JCP AUTO SALES,+18765543426,"2021 HONDA FIT LOCATED AT JCP AUTO SALES, TOP HILL DISTRICT, JUNCTION P.O. ST ELIZABETH",https://cdn2.jacars.net/media/cache/a7/93/a793dff0e24b36edecd5c5947c98ee7e.webp|https://cdn2.jacars.net/media/cache/e0/89/e089c05bebe1cbf5cc11056bbfa30503.webp|https://cdn2.jacars.net/media/cache/80/5a/805a48eb68b21c5a4456fe3b35d6c624.webp|https://cdn2.jacars.net/media/cache/99/c2/99c221a3ce5d15942cdcec9288cad33a.webp,JACars,https://www.jacars.net/adv/2528618_honda-fit-1-5l-2021/,2026-10-10T20:30:43Z,,,,2021,,Automatic,,43665,"{""parser"":""public_marketplace_refresh"",""contactSource"":""https://www.jacars.net/adv/2528618_honda-fit-1-5l-2021/"",""phoneVerifiedAt"":""2026-10-10T20:30:43Z"",""imageSourceUrl"":""https://www.jacars.net/adv/2528618_honda-fit-1-5l-2021/"",""imageVerifiedAt"":""2026-10-10T21:01:33.387Z"",""imageIntegrityVersion"":""2026-10-07.1"",""brand"":""Fit"",""transmission"":""Automatic"",""fuel"":""Hybrid/Electric"",""bodyType"":""HatchBack"",""mileageKm"":43665,""details"":[],""detailsSourceUrl"":""https://www.jacars.net/adv/2528618_honda-fit-1-5l-2021/"",""detailsVerifiedAt"":""2026-10-10T20:45:31.479532+00:00"",""year"":""2021"",""sourceSpecifications"":[],""listingIdentity"":{""version"":""2026-10-07.1"",""sourceUrl"":""https://www.jacars.net/adv/2528618_honda-fit-1-5l-2021/"",""title"":""Honda Fit 1,5L 2021"",""images"":[""https://cdn2.jacars.net/media/cache/a7/93/a793dff0e24b36edecd5c5947c98ee7e.webp"",""https://cdn2.jacars.net/media/cache/e0/89/e089c05bebe1cbf5cc11056bbfa30503.webp"",""https://cdn2.jacars.net/media/cache/80/5a/805a48eb68b21c5a4456fe3b35d6c624.webp"",""https://cdn2.jacars.net/media/cache/99/c2/99c221a3ce5d15942cdcec9288cad33a.webp""],""phones"":[""+18765543426""],""sellerId"":"""",""city"":""Saint Elizabeth"",""checkedAt"":""2026-10-10T21:01:33.387Z""}}",active,2026-10-10T20:30:43Z,200,,2026-10-10T20:30:43Z,https://www.jacars.net/adv/2528618_honda-fit-1-5l-2021/,0,,visible,,,
jacars-2528497,published,vehicles,vehicles,vehicles,"Toyota Probox 1,5L 2020","JA$ 1,800,000",1800000,JMD,Kingston,Jamaica,Nelson,+18768786208,Purchases this car in December 2025 just import for a Driver… drive for 3 months until I got red plates… found out driver is too old for comprehensive insurance will have to pay extra… don’t worth it… park for over 3 months now selling… very very good condition every thing works … Price neg…low Mileage… keyless Entry … back Up Camera… hybrid …,https://cdn2.jacars.net/media/cache/24/12/241214b72fb15ea72a7356dbf0251a5f.webp|https://cdn2.jacars.net/media/cache/89/ae/89aeec7eed2c28ac85baa8693b6069f9.webp|https://cdn2.jacars.net/media/cache/49/68/4968e7f7bbb62950d1296d6848b78279.webp|https://cdn2.jacars.net/media/cache/54/d4/54d4cabceebd6baa614a1f1cf94d375b.webp,JACars,https://www.jacars.net/adv/2528497_toyota-probox-1-5l-2020/,2026-10-10T20:30:43Z,,,,2020,,Automatic,,65000,"{""parser"":""public_marketplace_refresh"",""contactSource"":""https://www.jacars.net/adv/2528497_toyota-probox-1-5l-2020/"",""phoneVerifiedAt"":""2026-10-10T20:30:43Z"",""imageSourceUrl"":""https://www.jacars.net/adv/2528497_toyota-probox-1-5l-2020/"",""imageVerifiedAt"":""2026-10-10T21:01:33.387Z"",""imageIntegrityVersion"":""2026-10-07.1"",""brand"":""Probox"",""transmission"":""Automatic"",""fuel"":""Hybrid/Electric"",""bodyType"":""Wagon"",""mileageKm"":65000,""details"":[],""detailsSourceUrl"":""https://www.jacars.net/adv/2528497_toyota-probox-1-5l-2020/"",""detailsVerifiedAt"":""2026-10-10T20:45:31.479532+00:00"",""year"":""2020"",""sourceSpecifications"":[],""listingIdentity"":{""version"":""2026-10-07.1"",""sourceUrl"":""https://www.jacars.net/adv/2528497_toyota-probox-1-5l-2020/"",""title"":""Toyota Probox 1,5L 2020"",""images"":[""https://cdn2.jacars.net/media/cache/24/12/241214b72fb15ea72a7356dbf0251a5f.webp"",""https://cdn2.jacars.net/media/cache/89/ae/89aeec7eed2c28ac85baa8693b6069f9.webp"",""https://cdn2.jacars.net/media/cache/49/68/4968e7f7bbb62950d1296d6848b78279.webp"",""https://cdn2.jacars.net/media/cache/54/d4/54d4cabceebd6baa614a1f1cf94d375b.webp""],""phones"":[""+18768786208""],""sellerId"":"""",""city"":""Kingston"",""checkedAt"":""2026-10-10T21:01:33.387Z""}}",active,2026-10-10T20:30:43Z,200,,2026-10-10T20:30:43Z,https://www.jacars.net/adv/2528497_toyota-probox-1-5l-2020/,0,,visible,,,
jacars-2528886,published,vehicles,vehicles,vehicles,"Toyota Wish 1,8L 2016","JA$ 2,480,000",2480000,JMD,Westmoreland,Jamaica,Negril Auto Sales,+18765423007,"2016 Toyota wish, fully loaded, immaculate condition, 56,000 km",https://cdn2.jacars.net/media/cache/d9/a2/d9a2d22bba62fa5a8803abef2dddbb0e.webp|https://cdn2.jacars.net/media/cache/a1/49/a1490d712a4fc575a47e3e9df9b6bc84.webp|https://cdn2.jacars.net/media/cache/e1/13/e113f1f660fa7002d1e389a99107f21b.webp|https://cdn2.jacars.net/media/cache/e8/9a/e89a3866311f89443d1f0afb029cb70e.webp,JACars,https://www.jacars.net/adv/2528886_toyota-wish-1-8l-2016/,2026-10-10T20:30:43Z,,,,2016,,Automatic,,56000,"{""parser"":""public_marketplace_refresh"",""contactSource"":""https://www.jacars.net/adv/2528886_toyota-wish-1-8l-2016/"",""phoneVerifiedAt"":""2026-10-10T20:30:43Z"",""imageSourceUrl"":""https://www.jacars.net/adv/2528886_toyota-wish-1-8l-2016/"",""imageVerifiedAt"":""2026-10-10T21:01:33.387Z"",""imageIntegrityVersion"":""2026-10-07.1"",""brand"":""Wish"",""transmission"":""Automatic"",""fuel"":""Petrol"",""bodyType"":""Vans"",""mileageKm"":56000,""details"":[],""detailsSourceUrl"":""https://www.jacars.net/adv/2528886_toyota-wish-1-8l-2016/"",""detailsVerifiedAt"":""2026-10-10T20:45:31.479532+00:00"",""year"":""2016"",""sourceSpecifications"":[],""listingIdentity"":{""version"":""2026-10-07.1"",""sourceUrl"":""https://www.jacars.net/adv/2528886_toyota-wish-1-8l-2016/"",""title"":""Toyota Wish 1,8L 2016"",""images"":[""https://cdn2.jacars.net/media/cache/d9/a2/d9a2d22bba62fa5a8803abef2dddbb0e.webp"",""https://cdn2.jacars.net/media/cache/a1/49/a1490d712a4fc575a47e3e9df9b6bc84.webp"",""https://cdn2.jacars.net/media/cache/e1/13/e113f1f660fa7002d1e389a99107f21b.webp"",""https://cdn2.jacars.net/media/cache/e8/9a/e89a3866311f89443d1f0afb029cb70e.webp""],""phones"":[""+18765423007""],""sellerId"":"""",""city"":""Westmoreland"",""checkedAt"":""2026-10-10T21:01:33.387Z""}}",active,2026-10-10T20:30:43Z,200,,2026-10-10T20:30:43Z,https://www.jacars.net/adv/2528886_toyota-wish-1-8l-2016/,0,,visible,,,
jacars-2528874,published,vehicles,vehicles,vehicles,"Toyota Crown Athlete 2,5L 2015","JA$ 3,650,000",3650000,JMD,Saint James,Jamaica,Sure to rich motorsale limited,+18764246841,Newly imported,https://cdn2.jacars.net/media/cache/df/06/df06e8b781c96f40c7a74c4621e0d7ed.webp|https://cdn2.jacars.net/media/cache/1a/43/1a43582c7dbdd140c23a36b00573b965.webp|https://cdn2.jacars.net/media/cache/9c/f0/9cf09f43f8ba325694cac340784e962d.webp|https://cdn2.jacars.net/media/cache/80/4f/804fba60f882b3dc613fdf63a0609a7a.webp,JACars,https://www.jacars.net/adv/2528874_toyota-crown-athlete-2-5l-2015/,2026-10-10T20:30:43Z,,,,2015,,Automatic,,,"{""parser"":""public_marketplace_refresh"",""contactSource"":""https://www.jacars.net/adv/2528874_toyota-crown-athlete-2-5l-2015/"",""phoneVerifiedAt"":""2026-10-10T20:30:43Z"",""imageSourceUrl"":""https://www.jacars.net/adv/2528874_toyota-crown-athlete-2-5l-2015/"",""imageVerifiedAt"":""2026-10-10T21:01:33.387Z"",""imageIntegrityVersion"":""2026-10-07.1"",""brand"":""Crown Athlete"",""transmission"":""Automatic"",""fuel"":""Petrol"",""bodyType"":""Sedan"",""details"":[],""detailsSourceUrl"":""https://www.jacars.net/adv/2528874_toyota-crown-athlete-2-5l-2015/"",""detailsVerifiedAt"":""2026-10-10T20:45:31.479532+00:00"",""year"":""2015"",""sourceSpecifications"":[],""listingIdentity"":{""version"":""2026-10-07.1"",""sourceUrl"":""https://www.jacars.net/adv/2528874_toyota-crown-athlete-2-5l-2015/"",""title"":""Toyota Crown Athlete 2,5L 2015"",""images"":[""https://cdn2.jacars.net/media/cache/df/06/df06e8b781c96f40c7a74c4621e0d7ed.webp"",""https://cdn2.jacars.net/media/cache/1a/43/1a43582c7dbdd140c23a36b00573b965.webp"",""https://cdn2.jacars.net/media/cache/9c/f0/9cf09f43f8ba325694cac340784e962d.webp"",""https://cdn2.jacars.net/media/cache/80/4f/804fba60f882b3dc613fdf63a0609a7a.webp""],""phones"":[""+18764246841""],""sellerId"":"""",""city"":""Saint James"",""checkedAt"":""2026-10-10T21:01:33.387Z""}}",active,2026-10-10T20:30:43Z,200,,2026-10-10T20:30:43Z,https://www.jacars.net/adv/2528874_toyota-crown-athlete-2-5l-2015/,0,,visible,,,
jacars-2528872,published,vehicles,vehicles,vehicles,"Toyota Mark X 2,5L 2015","JA$ 2,400,000",2400000,JMD,Saint James,Jamaica,Sure to rich motorsale limited,+18764246841,Pre owner (drive like New#),https://cdn2.jacars.net/media/cache/ea/3d/ea3de272d247821462089cd660715e6b.webp|https://cdn2.jacars.net/media/cache/7e/19/7e193fa306e69375ba6b722982e31c4b.webp|https://cdn2.jacars.net/media/cache/31/47/3147cc623924be605f499c72a2e1de2b.webp|https://cdn2.jacars.net/media/cache/85/14/85145c2e1c9c1be992fe400751c2e3b5.webp,JACars,https://www.jacars.net/adv/2528872_toyota-mark-x-2-5l-2015/,2026-10-10T20:30:43Z,,,,2015,,Automatic,,,"{""parser"":""public_marketplace_refresh"",""contactSource"":""https://www.jacars.net/adv/2528872_toyota-mark-x-2-5l-2015/"",""phoneVerifiedAt"":""2026-10-10T20:30:43Z"",""imageSourceUrl"":""https://www.jacars.net/adv/2528872_toyota-mark-x-2-5l-2015/"",""imageVerifiedAt"":""2026-10-10T21:01:33.387Z"",""imageIntegrityVersion"":""2026-10-07.1"",""brand"":""Mark X"",""transmission"":""Automatic"",""fuel"":""Petrol"",""bodyType"":""Sedan"",""details"":[],""detailsSourceUrl"":""https://www.jacars.net/adv/2528872_toyota-mark-x-2-5l-2015/"",""detailsVerifiedAt"":""2026-10-10T20:45:31.479532+00:00"",""year"":""2015"",""sourceSpecifications"":[],""listingIdentity"":{""version"":""2026-10-07.1"",""sourceUrl"":""https://www.jacars.net/adv/2528872_toyota-mark-x-2-5l-2015/"",""title"":""Toyota Mark X 2,5L 2015"",""images"":[""https://cdn2.jacars.net/media/cache/ea/3d/ea3de272d247821462089cd660715e6b.webp"",""https://cdn2.jacars.net/media/cache/7e/19/7e193fa306e69375ba6b722982e31c4b.webp"",""https://cdn2.jacars.net/media/cache/31/47/3147cc623924be605f499c72a2e1de2b.webp"",""https://cdn2.jacars.net/media/cache/85/14/85145c2e1c9c1be992fe400751c2e3b5.webp""],""phones"":[""+18764246841""],""sellerId"":"""",""city"":""Saint James"",""checkedAt"":""2026-10-10T21:01:33.387Z""}}",active,2026-10-10T20:30:43Z,200,,2026-10-10T20:30:43Z,https://www.jacars.net/adv/2528872_toyota-mark-x-2-5l-2015/,0,,visible,,,
jacars-2527777,published,vehicles,vehicles,vehicles,"Toyota Voxy 2,0L 2016","JA$ 2,850,000",2850000,JMD,Saint Mary,Jamaica,Native auto traders,+18762334760,2016 Toyota Voxy 8 seater,https://cdn2.jacars.net/media/cache/4a/f3/4af31993b6b0e23c567639800b71781f.webp|https://cdn2.jacars.net/media/cache/17/80/1780c7ab6e6aa235f767f92bedb884a1.webp|https://cdn2.jacars.net/media/cache/e6/4f/e64fe83cdf25ea5b163dae42500d6c03.webp|https://cdn2.jacars.net/media/cache/0f/8c/0f8c48da58b5d5ee6f07f8491f078d20.webp,JACars,https://www.jacars.net/adv/2527777_toyota-voxy-2-0l-2016/,2026-10-10T20:30:43Z,,,,2016,,Automatic,,,"{""parser"":""public_marketplace_refresh"",""contactSource"":""https://www.jacars.net/adv/2527777_toyota-voxy-2-0l-2016/"",""phoneVerifiedAt"":""2026-10-10T20:30:43Z"",""imageSourceUrl"":""https://www.jacars.net/adv/2527777_toyota-voxy-2-0l-2016/"",""imageVerifiedAt"":""2026-10-10T21:01:33.387Z"",""imageIntegrityVersion"":""2026-10-07.1"",""brand"":""Voxy"",""transmission"":""Automatic"",""fuel"":""Petrol"",""bodyType"":""Wagon"",""details"":[],""detailsSourceUrl"":""https://www.jacars.net/adv/2527777_toyota-voxy-2-0l-2016/"",""detailsVerifiedAt"":""2026-10-10T20:45:31.479532+00:00"",""year"":""2016"",""sourceSpecifications"":[],""listingIdentity"":{""version"":""2026-10-07.1"",""sourceUrl"":""https://www.jacars.net/adv/2527777_toyota-voxy-2-0l-2016/"",""title"":""Toyota Voxy 2,0L 2016"",""images"":[""https://cdn2.jacars.net/media/cache/4a/f3/4af31993b6b0e23c567639800b71781f.webp"",""https://cdn2.jacars.net/media/cache/17/80/1780c7ab6e6aa235f767f92bedb884a1.webp"",""https://cdn2.jacars.net/media/cache/e6/4f/e64fe83cdf25ea5b163dae42500d6c03.webp"",""https://cdn2.jacars.net/media/cache/0f/8c/0f8c48da58b5d5ee6f07f8491f078d20.webp""],""phones"":[""+18762334760""],""sellerId"":"""",""city"":""Saint Mary"",""checkedAt"":""2026-10-10T21:01:33.387Z""}}",active,2026-10-10T20:30:43Z,200,,2026-10-10T20:30:43Z,https://www.jacars.net/adv/2527777_toyota-voxy-2-0l-2016/,0,,visible,,,
jacars-2528835,published,vehicles,vehicles,vehicles,"Toyota Noah 1,8L 2020","JA$ 3,250,000",3250000,JMD,Kingston,Jamaica,KAJ AUTO,+18764376117,"Newly Imported
Excellent condition
front and back camera
all round sensor
power door",https://cdn2.jacars.net/media/cache/1a/55/1a5525bc7b42d34f4b4df26c38a586d3.webp|https://cdn2.jacars.net/media/cache/89/35/893574dd757f67337f6d81a37fc0f40d.webp|https://cdn2.jacars.net/media/cache/69/3a/693a31410c0b6690f572d6d4d95b0893.webp|https://cdn2.jacars.net/media/cache/a1/3e/a13e7b5b1243142ea20e9fa128b7fd3a.webp,JACars,https://www.jacars.net/adv/2528835_toyota-noah-1-8l-2020/,2026-10-10T20:30:43Z,,,,2020,,Automatic,,,"{""parser"":""public_marketplace_refresh"",""contactSource"":""https://www.jacars.net/adv/2528835_toyota-noah-1-8l-2020/"",""phoneVerifiedAt"":""2026-10-10T20:30:43Z"",""imageSourceUrl"":""https://www.jacars.net/adv/2528835_toyota-noah-1-8l-2020/"",""imageVerifiedAt"":""2026-10-10T21:01:33.387Z"",""imageIntegrityVersion"":""2026-10-07.1"",""brand"":""Noah"",""transmission"":""Automatic"",""fuel"":""Hybrid/Electric"",""bodyType"":""Vans"",""details"":[],""detailsSourceUrl"":""https://www.jacars.net/adv/2528835_toyota-noah-1-8l-2020/"",""detailsVerifiedAt"":""2026-10-10T20:45:31.479532+00:00"",""year"":""2020"",""sourceSpecifications"":[],""listingIdentity"":{""version"":""2026-10-07.1"",""sourceUrl"":""https://www.jacars.net/adv/2528835_toyota-noah-1-8l-2020/"",""title"":""Toyota Noah 1,8L 2020"",""images"":[""https://cdn2.jacars.net/media/cache/1a/55/1a5525bc7b42d34f4b4df26c38a586d3.webp"",""https://cdn2.jacars.net/media/cache/89/35/893574dd757f67337f6d81a37fc0f40d.webp"",""https://cdn2.jacars.net/media/cache/69/3a/693a31410c0b6690f572d6d4d95b0893.webp"",""https://cdn2.jacars.net/media/cache/a1/3e/a13e7b5b1243142ea20e9fa128b7fd3a.webp""],""phones"":[""+18764376117""],""sellerId"":"""",""city"":""Kingston"",""checkedAt"":""2026-10-10T21:01:33.387Z""}}",active,2026-10-10T20:30:43Z,200,,2026-10-10T20:30:43Z,https://www.jacars.net/adv/2528835_toyota-noah-1-8l-2020/,0,,visible,,,
jacars-2528671,published,vehicles,vehicles,vehicles,"Honda Vezel 1,5L 2016","JA$ 2,390,000",2390000,JMD,Saint Elizabeth,Jamaica,Dem3tri Automotive & Rentals LTD,+18764834863,"Newly Imported
876-483-4863",https://cdn2.jacars.net/media/cache/a3/40/a34094c2a748d7351f307209b387c84b.webp|https://cdn2.jacars.net/media/cache/5b/cd/5bcd7c5d049faff603fb92b00a8266e4.webp|https://cdn2.jacars.net/media/cache/f4/cf/f4cf9b5f6f0d50598dfacbca1c94e5fc.webp|https://cdn2.jacars.net/media/cache/7b/d0/7bd0ddfc697ad1d47d986e8d9bdae68d.webp,JACars,https://www.jacars.net/adv/2528671_honda-vezel-1-5l-2016/,2026-10-10T20:30:43Z,,,,2016,,Automatic,,125000,"{""parser"":""public_marketplace_refresh"",""contactSource"":""https://www.jacars.net/adv/2528671_honda-vezel-1-5l-2016/"",""phoneVerifiedAt"":""2026-10-10T20:30:43Z"",""imageSourceUrl"":""https://www.jacars.net/adv/2528671_honda-vezel-1-5l-2016/"",""imageVerifiedAt"":""2026-10-10T21:01:33.387Z"",""imageIntegrityVersion"":""2026-10-07.1"",""brand"":""Vezel"",""transmission"":""Automatic"",""fuel"":""Hybrid/Electric"",""bodyType"":""HatchBack"",""mileageKm"":125000,""details"":[],""detailsSourceUrl"":""https://www.jacars.net/adv/2528671_honda-vezel-1-5l-2016/"",""detailsVerifiedAt"":""2026-10-10T20:45:31.479532+00:00"",""year"":""2016"",""sourceSpecifications"":[],""listingIdentity"":{""version"":""2026-10-07.1"",""sourceUrl"":""https://www.jacars.net/adv/2528671_honda-vezel-1-5l-2016/"",""title"":""Honda Vezel 1,5L 2016"",""images"":[""https://cdn2.jacars.net/media/cache/a3/40/a34094c2a748d7351f307209b387c84b.webp"",""https://cdn2.jacars.net/media/cache/5b/cd/5bcd7c5d049faff603fb92b00a8266e4.webp"",""https://cdn2.jacars.net/media/cache/f4/cf/f4cf9b5f6f0d50598dfacbca1c94e5fc.webp"",""https://cdn2.jacars.net/media/cache/7b/d0/7bd0ddfc697ad1d47d986e8d9bdae68d.webp""],""phones"":[""+18764834863""],""sellerId"":"""",""city"":""Saint Elizabeth"",""checkedAt"":""2026-10-10T21:01:33.387Z""}}",active,2026-10-10T20:30:43Z,200,,2026-10-10T20:30:43Z,https://www.jacars.net/adv/2528671_honda-vezel-1-5l-2016/,0,,visible,,,
jacars-2518226,rejected,vehicles,vehicles,auto_parts,Honda Stream RN1 / RN2 / RN3 / RN4 / RN5 2001-2006 Genuine Front & Rear Bumpers,JA$ 1,1,JMD,Manchester,Jamaica,Zig Zag Auto Parts & Car Sales Limited,+18768739901,"Honda Stream RN1 / RN2 / RN3 / RN4 / RN5 2001-2006 Genuine Front & Rear Bumpers 🚗

🔥 Ready Stock Available 🔥

✅ Genuine Honda Front Bumpers
✅ Genuine Honda Rear Bumpers
✅ Fits Honda Stream RN1 / RN2 / RN3 / RN4 / RN5 Models
✅ Original Genuine OEM Parts
✅ Factory Fitment Guaranteed
✅ Quality Used Parts Imported from Japan 🇯🇵

🏬 Zig Zag Auto Parts & Car Sales Ltd.
📍 73 Manchester Road, Mandeville
📞 Call/WhatsApp: (876) 873-9901 / (876) 235-4486

💬 Contact us today for pricing and availability! 🔧🚗🔥",https://cdn2.jacars.net/media/cache/c4/3c/c43c5a752fd09d6aefdecb799c40cd61.webp,JACars,https://www.jacars.net/adv/2518226_honda-stream-rn1-rn2-rn3-rn4-rn5-2001-2006-genuine-front-rear-bumpers/,2026-10-10T20:30:43Z,,,,,,,,,"{""parser"":""public_marketplace_refresh"",""contactSource"":""https://www.jacars.net/adv/2518226_honda-stream-rn1-rn2-rn3-rn4-rn5-2001-2006-genuine-front-rear-bumpers/"",""phoneVerifiedAt"":""2026-10-10T20:30:43Z"",""imageSourceUrl"":""https://www.jacars.net/adv/2518226_honda-stream-rn1-rn2-rn3-rn4-rn5-2001-2006-genuine-front-rear-bumpers/"",""imageVerifiedAt"":""2026-10-10T21:01:33.387Z"",""imageIntegrityVersion"":""2026-10-07.1"",""brand"":""Acura Honda"",""details"":[],""detailsSourceUrl"":""https://www.jacars.net/adv/2518226_honda-stream-rn1-rn2-rn3-rn4-rn5-2001-2006-genuine-front-rear-bumpers/"",""detailsVerifiedAt"":""2026-10-10T20:45:31.479532+00:00"",""sourceSpecifications"":[],""listingIdentity"":{""version"":""2026-10-07.1"",""sourceUrl"":""https://www.jacars.net/adv/2518226_honda-stream-rn1-rn2-rn3-rn4-rn5-2001-2006-genuine-front-rear-bumpers/"",""title"":""Honda Stream RN1 / RN2 / RN3 / RN4 / RN5 2001-2006 Genuine Front & Rear Bumpers"",""images"":[""https://cdn2.jacars.net/media/cache/c4/3c/c43c5a752fd09d6aefdecb799c40cd61.webp""],""phones"":[""+18768739901""],""sellerId"":"""",""city"":""Manchester"",""checkedAt"":""2026-10-10T21:01:33.387Z""}}",active,2026-10-10T20:30:43Z,200,,2026-10-10T20:30:43Z,https://www.jacars.net/adv/2518226_honda-stream-rn1-rn2-rn3-rn4-rn5-2001-2006-genuine-front-rear-bumpers/,0,,reviewed_image_mismatch,Source gallery shows a car-model advertising collage rather than the advertised front or rear bumper.,,
jacars-2525575,published,vehicles,vehicles,auto_parts,SUSPENSION FOR 2026 TOYOTA HILUX,"JA$ 115,000",115000,JMD,Kingston,Jamaica,Lawrence,+18765785555,"Genuine factory suspension components removed from a brand new 2026 Toyota Hilux (taken off during lift kit installation — never used on the road). Sold individually or as a full set.

Front Upper Control Arms (pair) — OEM, complete w/ ball joints & bushings
💰 $60,000 ONO

Front Coilover Shock/Spring Assemblies (pair) — OEM specs, complete units
💰 $75,000 ONO

🎁 FULL SET BUNDLE
💰 $115,000 ONO— save buying it all together

Condition: Brand new take-off — zero mileage, removed only to fit an aftermarket lift kit. No wear, no rust, no damage.",https://cdn2.jacars.net/media/cache/cb/42/cb421124f3b42c0377c66a4d784f18fb.webp,JACars,https://www.jacars.net/adv/2525575_suspension-for-2026-toyota-hilux/,2026-10-10T20:30:43Z,,,,,"Brand new take-off — zero mileage, removed only to fit an aftermarket lift kit. No wear, no rust, no damage.",,,,"{""parser"":""public_marketplace_refresh"",""contactSource"":""https://www.jacars.net/adv/2525575_suspension-for-2026-toyota-hilux/"",""phoneVerifiedAt"":""2026-10-10T20:30:43Z"",""imageSourceUrl"":""https://www.jacars.net/adv/2525575_suspension-for-2026-toyota-hilux/"",""imageVerifiedAt"":""2026-10-10T21:01:33.387Z"",""imageIntegrityVersion"":""2026-10-07.1"",""brand"":""Toyota"",""details"":[],""detailsSourceUrl"":""https://www.jacars.net/adv/2525575_suspension-for-2026-toyota-hilux/"",""detailsVerifiedAt"":""2026-10-10T20:45:31.479532+00:00"",""condition"":""Brand new take-off — zero mileage, removed only to fit an aftermarket lift kit. No wear, no rust, no damage."",""sourceSpecifications"":[],""listingIdentity"":{""version"":""2026-10-07.1"",""sourceUrl"":""https://www.jacars.net/adv/2525575_suspension-for-2026-toyota-hilux/"",""title"":""SUSPENSION FOR 2026 TOYOTA HILUX"",""images"":[""https://cdn2.jacars.net/media/cache/cb/42/cb421124f3b42c0377c66a4d784f18fb.webp""],""phones"":[""+18765785555""],""sellerId"":"""",""city"":""Kingston"",""checkedAt"":""2026-10-10T21:01:33.387Z""}}",active,2026-10-10T20:30:43Z,200,,2026-10-10T20:30:43Z,https://www.jacars.net/adv/2525575_suspension-for-2026-toyota-hilux/,0,,visible,,,
jacars-2529044,published,vehicles,vehicles,auto_parts,Genuine New Toyota C-HR Rear Bumper Cover,"JA$ 30,000",30000,JMD,Saint Andrew,Jamaica,Garfield Little,+18764687307,"Rear Bumper Cover.
Fits Toyota C-HR (2018-2022).
Condition: Genuine, New, no scratches
Colour: Unpainted.
Still in manufacturer's package
$30,000",https://cdn2.jacars.net/media/cache/3d/88/3d88873e69c7dae4149e49f67956090e.webp|https://cdn2.jacars.net/media/cache/b3/60/b3607b56dadebd8c679fcc8a2baa9ce5.webp,JACars,https://www.jacars.net/adv/2529044_genuine-new-toyota-c-hr-rear-bumper-cover/,2026-10-10T20:30:43Z,,,,,"Genuine, New, no scratches",,Unpainted.,,"{""parser"":""public_marketplace_refresh"",""contactSource"":""https://www.jacars.net/adv/2529044_genuine-new-toyota-c-hr-rear-bumper-cover/"",""phoneVerifiedAt"":""2026-10-10T20:30:43Z"",""imageSourceUrl"":""https://www.jacars.net/adv/2529044_genuine-new-toyota-c-hr-rear-bumper-cover/"",""imageVerifiedAt"":""2026-10-10T21:01:33.387Z"",""imageIntegrityVersion"":""2026-10-07.1"",""brand"":""Toyota"",""details"":[],""detailsSourceUrl"":""https://www.jacars.net/adv/2529044_genuine-new-toyota-c-hr-rear-bumper-cover/"",""detailsVerifiedAt"":""2026-10-10T20:45:31.479532+00:00"",""condition"":""Genuine, New, no scratches"",""color"":""Unpainted."",""sourceSpecifications"":[],""listingIdentity"":{""version"":""2026-10-07.1"",""sourceUrl"":""https://www.jacars.net/adv/2529044_genuine-new-toyota-c-hr-rear-bumper-cover/"",""title"":""Genuine New Toyota C-HR Rear Bumper Cover"",""images"":[""https://cdn2.jacars.net/media/cache/3d/88/3d88873e69c7dae4149e49f67956090e.webp"",""https://cdn2.jacars.net/media/cache/b3/60/b3607b56dadebd8c679fcc8a2baa9ce5.webp""],""phones"":[""+18764687307""],""sellerId"":"""",""city"":""Saint Andrew"",""checkedAt"":""2026-10-10T21:01:33.387Z""}}",active,2026-10-10T20:30:43Z,200,,2026-10-10T20:30:43Z,https://www.jacars.net/adv/2529044_genuine-new-toyota-c-hr-rear-bumper-cover/,0,,visible,,,
jacars-2529021,published,vehicles,vehicles,auto_parts,"Genuine Lower R-RH Control Arm for C-HR, Corolla, Corolla Cross, Prius and Yaris","JA$ 7,000",7000,JMD,Saint Andrew,Jamaica,Garfield Little,+18764687307,"Genuine Toyota rear lower RH Control Arm for sale.

Fits: C-HR, Corolla, Corolla Cross, Prius and Yaris.

$7,000",https://cdn2.jacars.net/media/cache/6d/39/6d398a278811de4ef1240d31814885e2.webp|https://cdn2.jacars.net/media/cache/3f/10/3f10517480cb97045a337a1719cba2c9.webp|https://cdn2.jacars.net/media/cache/f5/95/f595cf9ce5bcbc6402427f7cae8af4ae.webp,JACars,https://www.jacars.net/adv/2529021_genuine-lower-r-rh-control-arm-for-toyota-c-hr-2018-2022/,2026-10-10T20:30:43Z,,,,,,,,,"{""parser"":""public_marketplace_refresh"",""contactSource"":""https://www.jacars.net/adv/2529021_genuine-lower-r-rh-control-arm-for-toyota-c-hr-2018-2022/"",""phoneVerifiedAt"":""2026-10-10T20:30:43Z"",""imageSourceUrl"":""https://www.jacars.net/adv/2529021_genuine-lower-r-rh-control-arm-for-toyota-c-hr-2018-2022/"",""imageVerifiedAt"":""2026-10-10T21:01:33.387Z"",""imageIntegrityVersion"":""2026-10-07.1"",""brand"":""Toyota"",""details"":[],""detailsSourceUrl"":""https://www.jacars.net/adv/2529021_genuine-lower-r-rh-control-arm-for-toyota-c-hr-2018-2022/"",""detailsVerifiedAt"":""2026-10-10T20:45:31.479532+00:00"",""sourceSpecifications"":[],""listingIdentity"":{""version"":""2026-10-07.1"",""sourceUrl"":""https://www.jacars.net/adv/2529021_genuine-lower-r-rh-control-arm-for-toyota-c-hr-2018-2022/"",""title"":""Genuine Lower R-RH Control Arm for C-HR, Corolla, Corolla Cross, Prius and Yaris"",""images"":[""https://cdn2.jacars.net/media/cache/6d/39/6d398a278811de4ef1240d31814885e2.webp"",""https://cdn2.jacars.net/media/cache/3f/10/3f10517480cb97045a337a1719cba2c9.webp"",""https://cdn2.jacars.net/media/cache/f5/95/f595cf9ce5bcbc6402427f7cae8af4ae.webp""],""phones"":[""+18764687307""],""sellerId"":"""",""city"":""Saint Andrew"",""checkedAt"":""2026-10-10T21:01:33.387Z""}}",active,2026-10-10T20:30:43Z,200,,2026-10-10T20:30:43Z,https://www.jacars.net/adv/2529021_genuine-lower-r-rh-control-arm-for-toyota-c-hr-2018-2022/,0,,visible,,,
jacars-2529019,published,vehicles,vehicles,auto_parts,"Genuine Toyota Cross-member/subframe, for C-HR Rear 2018 - 2022","JA$ 80,000",80000,JMD,Saint Andrew,Jamaica,Garfield Little,+18764687307,"Genuine Used C-HR Rear Cross-member/subframe for sale.

Unit straight and in very good condition.

Fits Toyota C-HR (2018 - 2022)",https://cdn2.jacars.net/media/cache/f1/13/f1137bd8fa5e9b6e5b726d119e69b2e1.webp|https://cdn2.jacars.net/media/cache/58/b3/58b337598a0ac6c67123d116eee9c7f5.webp|https://cdn2.jacars.net/media/cache/d1/fa/d1fa7a62c2e367ff10998bd3773de478.webp,JACars,https://www.jacars.net/adv/2529019_c-hr-rear-cross-member-subframe-2018-2022/,2026-10-10T20:30:43Z,,,,,,,,,"{""parser"":""public_marketplace_refresh"",""contactSource"":""https://www.jacars.net/adv/2529019_c-hr-rear-cross-member-subframe-2018-2022/"",""phoneVerifiedAt"":""2026-10-10T20:30:43Z"",""imageSourceUrl"":""https://www.jacars.net/adv/2529019_c-hr-rear-cross-member-subframe-2018-2022/"",""imageVerifiedAt"":""2026-10-10T21:01:33.387Z"",""imageIntegrityVersion"":""2026-10-07.1"",""brand"":""Toyota"",""details"":[],""detailsSourceUrl"":""https://www.jacars.net/adv/2529019_c-hr-rear-cross-member-subframe-2018-2022/"",""detailsVerifiedAt"":""2026-10-10T20:45:31.479532+00:00"",""sourceSpecifications"":[],""listingIdentity"":{""version"":""2026-10-07.1"",""sourceUrl"":""https://www.jacars.net/adv/2529019_c-hr-rear-cross-member-subframe-2018-2022/"",""title"":""Genuine Toyota Cross-member/subframe, for C-HR Rear 2018 - 2022"",""images"":[""https://cdn2.jacars.net/media/cache/f1/13/f1137bd8fa5e9b6e5b726d119e69b2e1.webp"",""https://cdn2.jacars.net/media/cache/58/b3/58b337598a0ac6c67123d116eee9c7f5.webp"",""https://cdn2.jacars.net/media/cache/d1/fa/d1fa7a62c2e367ff10998bd3773de478.webp""],""phones"":[""+18764687307""],""sellerId"":"""",""city"":""Saint Andrew"",""checkedAt"":""2026-10-10T21:01:33.387Z""}}",active,2026-10-10T20:30:43Z,200,,2026-10-10T20:30:43Z,https://www.jacars.net/adv/2529019_c-hr-rear-cross-member-subframe-2018-2022/,0,,visible,,,
jacars-2529006,published,vehicles,vehicles,auto_parts,2006 Honda Fit Aria Back Bumper,"JA$ 30,000",30000,JMD,Saint James,Jamaica,Andrae,+18763855613,"Used 2006 Honda Fit Aria Back Bumper in great condition….price negotiable

Serious inquiries only",https://cdn2.jacars.net/media/cache/f1/1e/f11e6bcd456e630b814d08bd929e7e4c.webp,JACars,https://www.jacars.net/adv/2529006_2006-honda-fit-aria-back-bumper/,2026-10-10T20:30:43Z,,,,,,,,,"{""parser"":""public_marketplace_refresh"",""contactSource"":""https://www.jacars.net/adv/2529006_2006-honda-fit-aria-back-bumper/"",""phoneVerifiedAt"":""2026-10-10T20:30:43Z"",""imageSourceUrl"":""https://www.jacars.net/adv/2529006_2006-honda-fit-aria-back-bumper/"",""imageVerifiedAt"":""2026-10-10T21:01:33.387Z"",""imageIntegrityVersion"":""2026-10-07.1"",""brand"":""Other car brands"",""details"":[],""detailsSourceUrl"":""https://www.jacars.net/adv/2529006_2006-honda-fit-aria-back-bumper/"",""detailsVerifiedAt"":""2026-10-10T20:45:31.479532+00:00"",""sourceSpecifications"":[],""listingIdentity"":{""version"":""2026-10-07.1"",""sourceUrl"":""https://www.jacars.net/adv/2529006_2006-honda-fit-aria-back-bumper/"",""title"":""2006 Honda Fit Aria Back Bumper"",""images"":[""https://cdn2.jacars.net/media/cache/f1/1e/f11e6bcd456e630b814d08bd929e7e4c.webp""],""phones"":[""+18763855613""],""sellerId"":"""",""city"":""Saint James"",""checkedAt"":""2026-10-10T21:01:33.387Z""}}",active,2026-10-10T20:30:43Z,200,,2026-10-10T20:30:43Z,https://www.jacars.net/adv/2529006_2006-honda-fit-aria-back-bumper/,0,,visible,,,
jacars-2528931,published,vehicles,vehicles,auto_parts,2019 Type R Engine and parts,JA$ 1,1,JMD,Manchester,Jamaica,None,+18762265573,"2019 Type R Engine and parts for sale

Call for price",https://cdn2.jacars.net/media/cache/3d/61/3d61b34da5ad8d1c0742b30242bee481.webp|https://cdn2.jacars.net/media/cache/c5/e3/c5e37d6ee97b3805bd4928e8674249a8.webp|https://cdn2.jacars.net/media/cache/85/b0/85b0887816b5f20ce38b2a3ce726eb29.webp|https://cdn2.jacars.net/media/cache/ff/4f/ff4faef1c198ee5a9734a10bb252c36d.webp,JACars,https://www.jacars.net/adv/2528931_2019-type-r-engine-and-parts/,2026-10-10T20:30:43Z,,,,,,,,,"{""parser"":""public_marketplace_refresh"",""contactSource"":""https://www.jacars.net/adv/2528931_2019-type-r-engine-and-parts/"",""phoneVerifiedAt"":""2026-10-10T20:30:43Z"",""imageSourceUrl"":""https://www.jacars.net/adv/2528931_2019-type-r-engine-and-parts/"",""imageVerifiedAt"":""2026-10-10T21:01:33.387Z"",""imageIntegrityVersion"":""2026-10-07.1"",""brand"":""Other car brands"",""details"":[],""detailsSourceUrl"":""https://www.jacars.net/adv/2528931_2019-type-r-engine-and-parts/"",""detailsVerifiedAt"":""2026-10-10T20:45:31.479532+00:00"",""sourceSpecifications"":[],""listingIdentity"":{""version"":""2026-10-07.1"",""sourceUrl"":""https://www.jacars.net/adv/2528931_2019-type-r-engine-and-parts/"",""title"":""2019 Type R Engine and parts"",""images"":[""https://cdn2.jacars.net/media/cache/3d/61/3d61b34da5ad8d1c0742b30242bee481.webp"",""https://cdn2.jacars.net/media/cache/c5/e3/c5e37d6ee97b3805bd4928e8674249a8.webp"",""https://cdn2.jacars.net/media/cache/85/b0/85b0887816b5f20ce38b2a3ce726eb29.webp"",""https://cdn2.jacars.net/media/cache/ff/4f/ff4faef1c198ee5a9734a10bb252c36d.webp""],""phones"":[""+18762265573""],""sellerId"":"""",""city"":""Manchester"",""checkedAt"":""2026-10-10T21:01:33.387Z""}}",active,2026-10-10T20:30:43Z,200,,2026-10-10T20:30:43Z,https://www.jacars.net/adv/2528931_2019-type-r-engine-and-parts/,0,,visible,,,
jacars-2528861,published,vehicles,vehicles,auto_parts,1nr Toyota transmission,JA$ 1,1,JMD,Kingston,Jamaica,Dave,+18764951324,Buy and drive,https://cdn2.jacars.net/media/cache/89/36/893634c385f9ddd9c54e6cc64edcaa0d.webp|https://cdn2.jacars.net/media/cache/31/bc/31bcdcf454aa2bd3568461ce57604491.webp|https://cdn2.jacars.net/media/cache/d4/f4/d4f4b4db8af7c679f62eb343cd0a4528.webp|https://cdn2.jacars.net/media/cache/93/4f/934fa4e63648a83497b58436bee4f4f1.webp,JACars,https://www.jacars.net/adv/2528861_1nr-toyota-transmission/,2026-10-10T20:30:43Z,,,,,,,,,"{""parser"":""public_marketplace_refresh"",""contactSource"":""https://www.jacars.net/adv/2528861_1nr-toyota-transmission/"",""phoneVerifiedAt"":""2026-10-10T20:30:43Z"",""imageSourceUrl"":""https://www.jacars.net/adv/2528861_1nr-toyota-transmission/"",""imageVerifiedAt"":""2026-10-10T21:01:33.387Z"",""imageIntegrityVersion"":""2026-10-07.1"",""brand"":""Toyota"",""details"":[],""detailsSourceUrl"":""https://www.jacars.net/adv/2528861_1nr-toyota-transmission/"",""detailsVerifiedAt"":""2026-10-10T20:45:31.479532+00:00"",""sourceSpecifications"":[],""listingIdentity"":{""version"":""2026-10-07.1"",""sourceUrl"":""https://www.jacars.net/adv/2528861_1nr-toyota-transmission/"",""title"":""1nr Toyota transmission"",""images"":[""https://cdn2.jacars.net/media/cache/89/36/893634c385f9ddd9c54e6cc64edcaa0d.webp"",""https://cdn2.jacars.net/media/cache/31/bc/31bcdcf454aa2bd3568461ce57604491.webp"",""https://cdn2.jacars.net/media/cache/d4/f4/d4f4b4db8af7c679f62eb343cd0a4528.webp"",""https://cdn2.jacars.net/media/cache/93/4f/934fa4e63648a83497b58436bee4f4f1.webp""],""phones"":[""+18764951324""],""sellerId"":"""",""city"":""Kingston"",""checkedAt"":""2026-10-10T21:01:33.387Z""}}",active,2026-10-10T20:30:43Z,200,,2026-10-10T20:30:43Z,https://www.jacars.net/adv/2528861_1nr-toyota-transmission/,0,,visible,,,
jacars-2529017,published,vehicles,vehicles,tires_rims,"Toyota Spare/Donut 16inch Rim for Voxy, Noah, C-HR, Prius, Yaris Cross and Scion","JA$ 20,000",20000,JMD,Saint Andrew,Jamaica,Garfield Little,+18764687307,"Brand new Genuine Toyota 16inch Spare/Donut Rim.

Fits: Voxy, Noah, C-HR, Y Rim for Voxy, Noah, C-HR, Yaris Cross, Scion & Prius.",https://cdn2.jacars.net/media/cache/72/4d/724d5d04d763a153fa631aae51a23cf1.webp|https://cdn2.jacars.net/media/cache/8d/5a/8d5a4c32735e01b7bcd40c2162498381.webp|https://cdn2.jacars.net/media/cache/15/07/1507a9ce5462a1283ce452a7387b2b28.webp|https://cdn2.jacars.net/media/cache/ff/49/ff49d8fcee14713da42b6849434828aa.webp,JACars,https://www.jacars.net/adv/2529017_toyota-spare-donut-rim/,2026-10-10T20:30:43Z,,,,,,,,,"{""parser"":""public_marketplace_refresh"",""contactSource"":""https://www.jacars.net/adv/2529017_toyota-spare-donut-rim/"",""phoneVerifiedAt"":""2026-10-10T20:30:43Z"",""imageSourceUrl"":""https://www.jacars.net/adv/2529017_toyota-spare-donut-rim/"",""imageVerifiedAt"":""2026-10-10T21:01:33.387Z"",""imageIntegrityVersion"":""2026-10-07.1"",""details"":[],""detailsSourceUrl"":""https://www.jacars.net/adv/2529017_toyota-spare-donut-rim/"",""detailsVerifiedAt"":""2026-10-10T20:45:31.479532+00:00"",""sourceSpecifications"":[],""listingIdentity"":{""version"":""2026-10-07.1"",""sourceUrl"":""https://www.jacars.net/adv/2529017_toyota-spare-donut-rim/"",""title"":""Toyota Spare/Donut 16inch Rim for Voxy, Noah, C-HR, Prius, Yaris Cross and Scion"",""images"":[""https://cdn2.jacars.net/media/cache/72/4d/724d5d04d763a153fa631aae51a23cf1.webp"",""https://cdn2.jacars.net/media/cache/8d/5a/8d5a4c32735e01b7bcd40c2162498381.webp"",""https://cdn2.jacars.net/media/cache/15/07/1507a9ce5462a1283ce452a7387b2b28.webp"",""https://cdn2.jacars.net/media/cache/ff/49/ff49d8fcee14713da42b6849434828aa.webp""],""phones"":[""+18764687307""],""sellerId"":"""",""city"":""Saint Andrew"",""checkedAt"":""2026-10-10T21:01:33.387Z""}}",active,2026-10-10T20:30:43Z,200,,2026-10-10T20:30:43Z,https://www.jacars.net/adv/2529017_toyota-spare-donut-rim/,0,,visible,,,
jacars-2528847,published,vehicles,vehicles,tires_rims,2 Michelin Pilot Sport- 255/35/20,"JA$ 45,000",45000,JMD,Kingston,Jamaica,Ricardo,+18765058371,"2) Michelin tires Pilot Sport 45k
New!

255 35 20 (New)",https://cdn2.jacars.net/media/cache/f8/f2/f8f2c11c8df049716aaab49f2bbd3949.webp|https://cdn2.jacars.net/media/cache/d1/bc/d1bc519b2742a415e7f3f1d0fb4fa6b2.webp|https://cdn2.jacars.net/media/cache/e9/c5/e9c5d169da8b3293727ee39b84eef951.webp|https://cdn2.jacars.net/media/cache/cb/41/cb41c891bddb00db39dc96628baddc17.webp,JACars,https://www.jacars.net/adv/2528847_2-michelin-pilot-sport-255-35-20/,2026-10-10T20:30:43Z,,,,,,,,,"{""parser"":""public_marketplace_refresh"",""contactSource"":""https://www.jacars.net/adv/2528847_2-michelin-pilot-sport-255-35-20/"",""phoneVerifiedAt"":""2026-10-10T20:30:43Z"",""imageSourceUrl"":""https://www.jacars.net/adv/2528847_2-michelin-pilot-sport-255-35-20/"",""imageVerifiedAt"":""2026-10-10T21:01:33.387Z"",""imageIntegrityVersion"":""2026-10-07.1"",""details"":[],""detailsSourceUrl"":""https://www.jacars.net/adv/2528847_2-michelin-pilot-sport-255-35-20/"",""detailsVerifiedAt"":""2026-10-10T20:45:31.479532+00:00"",""sourceSpecifications"":[],""listingIdentity"":{""version"":""2026-10-07.1"",""sourceUrl"":""https://www.jacars.net/adv/2528847_2-michelin-pilot-sport-255-35-20/"",""title"":""2 Michelin Pilot Sport- 255/35/20"",""images"":[""https://cdn2.jacars.net/media/cache/f8/f2/f8f2c11c8df049716aaab49f2bbd3949.webp"",""https://cdn2.jacars.net/media/cache/d1/bc/d1bc519b2742a415e7f3f1d0fb4fa6b2.webp"",""https://cdn2.jacars.net/media/cache/e9/c5/e9c5d169da8b3293727ee39b84eef951.webp"",""https://cdn2.jacars.net/media/cache/cb/41/cb41c891bddb00db39dc96628baddc17.webp""],""phones"":[""+18765058371""],""sellerId"":"""",""city"":""Kingston"",""checkedAt"":""2026-10-10T21:01:33.387Z""}}",active,2026-10-10T20:30:43Z,200,,2026-10-10T20:30:43Z,https://www.jacars.net/adv/2528847_2-michelin-pilot-sport-255-35-20/,0,,visible,,,
jacars-2528845,published,vehicles,vehicles,tires_rims,2 Michelin Pilot Sport - 235/40/20,"JA$ 50,000",50000,JMD,Kingston,Jamaica,Ricardo,+18765058371,"Michelin Pilot Sport Tires Brand New 50k

(2) 235 40 20 (New)",https://cdn2.jacars.net/media/cache/ac/51/ac5199237f161b7703caebf984b46619.webp|https://cdn2.jacars.net/media/cache/f4/81/f4814ccc2c1c338a3c2baad2554f3e94.webp|https://cdn2.jacars.net/media/cache/6a/55/6a55a13759584a47d614dfd8bd362230.webp|https://cdn2.jacars.net/media/cache/36/6a/366adc01656ecc557e42ae0433e17015.webp,JACars,https://www.jacars.net/adv/2528845_2-michelin-pilot-sport-235-40-20/,2026-10-10T20:30:43Z,,,,,,,,,"{""parser"":""public_marketplace_refresh"",""contactSource"":""https://www.jacars.net/adv/2528845_2-michelin-pilot-sport-235-40-20/"",""phoneVerifiedAt"":""2026-10-10T20:30:43Z"",""imageSourceUrl"":""https://www.jacars.net/adv/2528845_2-michelin-pilot-sport-235-40-20/"",""imageVerifiedAt"":""2026-10-10T21:01:33.387Z"",""imageIntegrityVersion"":""2026-10-07.1"",""details"":[],""detailsSourceUrl"":""https://www.jacars.net/adv/2528845_2-michelin-pilot-sport-235-40-20/"",""detailsVerifiedAt"":""2026-10-10T20:45:31.479532+00:00"",""sourceSpecifications"":[],""listingIdentity"":{""version"":""2026-10-07.1"",""sourceUrl"":""https://www.jacars.net/adv/2528845_2-michelin-pilot-sport-235-40-20/"",""title"":""2 Michelin Pilot Sport - 235/40/20"",""images"":[""https://cdn2.jacars.net/media/cache/ac/51/ac5199237f161b7703caebf984b46619.webp"",""https://cdn2.jacars.net/media/cache/f4/81/f4814ccc2c1c338a3c2baad2554f3e94.webp"",""https://cdn2.jacars.net/media/cache/6a/55/6a55a13759584a47d614dfd8bd362230.webp"",""https://cdn2.jacars.net/media/cache/36/6a/366adc01656ecc557e42ae0433e17015.webp""],""phones"":[""+18765058371""],""sellerId"":"""",""city"":""Kingston"",""checkedAt"":""2026-10-10T21:01:33.387Z""}}",active,2026-10-10T20:30:43Z,200,,2026-10-10T20:30:43Z,https://www.jacars.net/adv/2528845_2-michelin-pilot-sport-235-40-20/,0,,visible,,,
jacars-2528159,published,vehicles,vehicles,tires_rims,15 Inch Rims and 4 Lugs..RESTOCK ALERT,"JA$ 65,000",65000,JMD,Manchester,Jamaica,Zig Zag Auto Parts & Car Sales Limited,+18762354486,"🚨NEW ARRIVAL🚨
🔥 FOR SALE ‼️ IN STOCK NOW ‼️
15” Rims & 4 Lugs 🔥
Price: $65,000
Size: 15X8.25 | Offset: 0mm | P.C.D: 4x100/114.3
🆕 Condition: Brand New

📍 Location: 73 Manchester Road, Mandeville
📞 Tel: (876) 873-9901
💬 WhatsApp: (876) 235-4486 for more info",https://cdn2.jacars.net/media/cache/ce/0f/ce0f19ae72e1d3d90f6616562ec3ed33.webp|https://cdn2.jacars.net/media/cache/7d/27/7d274ba224edc1005b0895692d56c6f1.webp|https://cdn2.jacars.net/media/cache/a5/2c/a52ca55c10501aed1ea7e4327ce608cd.webp,JACars,https://www.jacars.net/adv/2528159_15-inch-rims-and-4-lugs-restock-alert/,2026-10-10T20:30:43Z,,,,,,,,,"{""parser"":""public_marketplace_refresh"",""contactSource"":""https://www.jacars.net/adv/2528159_15-inch-rims-and-4-lugs-restock-alert/"",""phoneVerifiedAt"":""2026-10-10T20:30:43Z"",""imageSourceUrl"":""https://www.jacars.net/adv/2528159_15-inch-rims-and-4-lugs-restock-alert/"",""imageVerifiedAt"":""2026-10-10T21:01:33.387Z"",""imageIntegrityVersion"":""2026-10-07.1"",""details"":[],""detailsSourceUrl"":""https://www.jacars.net/adv/2528159_15-inch-rims-and-4-lugs-restock-alert/"",""detailsVerifiedAt"":""2026-10-10T20:45:31.479532+00:00"",""sourceSpecifications"":[],""listingIdentity"":{""version"":""2026-10-07.1"",""sourceUrl"":""https://www.jacars.net/adv/2528159_15-inch-rims-and-4-lugs-restock-alert/"",""title"":""15 Inch Rims and 4 Lugs..RESTOCK ALERT"",""images"":[""https://cdn2.jacars.net/media/cache/ce/0f/ce0f19ae72e1d3d90f6616562ec3ed33.webp"",""https://cdn2.jacars.net/media/cache/7d/27/7d274ba224edc1005b0895692d56c6f1.webp"",""https://cdn2.jacars.net/media/cache/a5/2c/a52ca55c10501aed1ea7e4327ce608cd.webp""],""phones"":[""+18762354486""],""sellerId"":"""",""city"":""Manchester"",""checkedAt"":""2026-10-10T21:01:33.387Z""}}",active,2026-10-10T20:30:43Z,200,,2026-10-10T20:30:43Z,https://www.jacars.net/adv/2528159_15-inch-rims-and-4-lugs-restock-alert/,0,,visible,,,
jacars-2528848,published,marketplace,real_estate,for_sale,2 bedroom 1 bathroom,"JA$ 235,000",235000,JMD,Saint Andrew,Jamaica,Colin,+18768538648,"2 bedroom 1 bathroom with closet in each room, linen closet in the bathroom, in unit laundry, Roof pool access and much more.",https://cdn2.jacars.net/media/cache/09/ed/09edd88524ef05bee270dd0106a3ad52.webp|https://cdn2.jacars.net/media/cache/80/68/8068412b4bc5b8820c72b86e376017f0.webp|https://cdn2.jacars.net/media/cache/94/8d/948d414e213d7d8ba4512b29125e4c99.webp|https://cdn2.jacars.net/media/cache/54/54/5454e069f33a5c48caca877e73d39c39.webp,JACars,https://www.jacars.net/adv/2528848_2-bedroom-1-bathroom/,2026-10-10T20:30:43Z,,,,,,,,,"{""parser"":""public_marketplace_refresh"",""contactSource"":""https://www.jacars.net/adv/2528848_2-bedroom-1-bathroom/"",""phoneVerifiedAt"":""2026-10-10T20:30:43Z"",""imageSourceUrl"":""https://www.jacars.net/adv/2528848_2-bedroom-1-bathroom/"",""imageVerifiedAt"":""2026-10-10T21:01:33.387Z"",""imageIntegrityVersion"":""2026-10-07.1"",""brand"":""Houses, apartments to rent"",""details"":[],""detailsSourceUrl"":""https://www.jacars.net/adv/2528848_2-bedroom-1-bathroom/"",""detailsVerifiedAt"":""2026-10-10T20:45:31.479532+00:00"",""sourceSpecifications"":[],""listingIdentity"":{""version"":""2026-10-07.1"",""sourceUrl"":""https://www.jacars.net/adv/2528848_2-bedroom-1-bathroom/"",""title"":""2 bedroom 1 bathroom"",""images"":[""https://cdn2.jacars.net/media/cache/09/ed/09edd88524ef05bee270dd0106a3ad52.webp"",""https://cdn2.jacars.net/media/cache/80/68/8068412b4bc5b8820c72b86e376017f0.webp"",""https://cdn2.jacars.net/media/cache/94/8d/948d414e213d7d8ba4512b29125e4c99.webp"",""https://cdn2.jacars.net/media/cache/54/54/5454e069f33a5c48caca877e73d39c39.webp""],""phones"":[""+18768538648""],""sellerId"":"""",""city"":""Saint Andrew"",""checkedAt"":""2026-10-10T21:01:33.387Z""}}",active,2026-10-10T20:30:43Z,200,,2026-10-10T20:30:43Z,https://www.jacars.net/adv/2528848_2-bedroom-1-bathroom/,0,,visible,,,
jacars-2529048,published,vehicles,vehicles,auto_parts,Toyota Fielder dashboard cover 2011 - 2012,"JA$ 15,000",15000,JMD,Kingston,Jamaica,Go Price,+18764530574,"Upgrade and protect your interior with this custom-fit dashboard cover for 2011–2012 Toyota Fielder models, designed to block harsh UV rays, reduce windshield glare, and conceal existing cracking or wear. Crafted from premium, heat-resistant carpet or suede-feel fabric, it features precise cutouts for all air vents and sensors to ensure seamless functionality and a clean, factory-style appearance.",https://cdn2.jacars.net/media/cache/de/fe/defea2360739c03dd0d784c6e8d40401.webp,JACars,https://www.jacars.net/adv/2529048_toyota-fielder-dashboard-cover-2011-2012/,2026-10-10T20:30:43Z,,,,,,,,,"{""parser"":""public_marketplace_refresh"",""contactSource"":""https://www.jacars.net/adv/2529048_toyota-fielder-dashboard-cover-2011-2012/"",""phoneVerifiedAt"":""2026-10-10T20:30:43Z"",""imageSourceUrl"":""https://www.jacars.net/adv/2529048_toyota-fielder-dashboard-cover-2011-2012/"",""imageVerifiedAt"":""2026-10-10T21:01:33.387Z"",""imageIntegrityVersion"":""2026-10-07.1"",""brand"":""Accessories"",""details"":[],""detailsSourceUrl"":""https://www.jacars.net/adv/2529048_toyota-fielder-dashboard-cover-2011-2012/"",""detailsVerifiedAt"":""2026-10-10T20:45:31.479532+00:00"",""sourceSpecifications"":[],""listingIdentity"":{""version"":""2026-10-07.1"",""sourceUrl"":""https://www.jacars.net/adv/2529048_toyota-fielder-dashboard-cover-2011-2012/"",""title"":""Toyota Fielder dashboard cover 2011 - 2012"",""images"":[""https://cdn2.jacars.net/media/cache/de/fe/defea2360739c03dd0d784c6e8d40401.webp""],""phones"":[""+18764530574""],""sellerId"":"""",""city"":""Kingston"",""checkedAt"":""2026-10-10T21:01:33.387Z""},""categoryReview"":{""sourceUrl"":""https://www.jacars.net/adv/2529048_toyota-fielder-dashboard-cover-2011-2012/"",""title"":""Toyota Fielder dashboard cover 2011 - 2012"",""category"":""vehicles"",""subcategory"":""auto_parts"",""checkedAt"":""2026-10-10T20:30:43Z""}}",active,2026-10-10T20:30:43Z,200,,2026-10-10T20:30:43Z,https://www.jacars.net/adv/2529048_toyota-fielder-dashboard-cover-2011-2012/,0,,visible,,,reviewed_listing
jacars-2528755,published,marketplace,electronics,phones_accessories,Original Fast Charging Cables,JA$ 500,500,JMD,Clarendon,Jamaica,Sean,+18768796603,"Fast Charging Cables, original USB to Lightning, USB to C, C to C and C to Lightning, Car Phone Charger, Adapters, Dash Cam. Wholesale Prices Available!!!!",https://cdn2.jacars.net/media/cache/1c/ab/1cabb8b1bec04cab4788aaa473c9a3b9.webp|https://cdn2.jacars.net/media/cache/b6/bb/b6bb37317aae5e1be22daa95c1d848c3.webp|https://cdn2.jacars.net/media/cache/34/5d/345d28894131894a7f09a1299765b707.webp|https://cdn2.jacars.net/media/cache/da/fe/dafeeaf291678a308d94fcc19c79314c.webp,JACars,https://www.jacars.net/adv/2528755_original-fast-charging-cables/,2026-10-10T20:30:43Z,,,,,,,,,"{""parser"":""public_marketplace_refresh"",""contactSource"":""https://www.jacars.net/adv/2528755_original-fast-charging-cables/"",""phoneVerifiedAt"":""2026-10-10T20:30:43Z"",""imageSourceUrl"":""https://www.jacars.net/adv/2528755_original-fast-charging-cables/"",""imageVerifiedAt"":""2026-10-10T21:01:33.387Z"",""imageIntegrityVersion"":""2026-10-07.1"",""brand"":""Accessories"",""details"":[],""detailsSourceUrl"":""https://www.jacars.net/adv/2528755_original-fast-charging-cables/"",""detailsVerifiedAt"":""2026-10-10T20:45:31.479532+00:00"",""sourceSpecifications"":[],""listingIdentity"":{""version"":""2026-10-07.1"",""sourceUrl"":""https://www.jacars.net/adv/2528755_original-fast-charging-cables/"",""title"":""Original Fast Charging Cables"",""images"":[""https://cdn2.jacars.net/media/cache/1c/ab/1cabb8b1bec04cab4788aaa473c9a3b9.webp"",""https://cdn2.jacars.net/media/cache/b6/bb/b6bb37317aae5e1be22daa95c1d848c3.webp"",""https://cdn2.jacars.net/media/cache/34/5d/345d28894131894a7f09a1299765b707.webp"",""https://cdn2.jacars.net/media/cache/da/fe/dafeeaf291678a308d94fcc19c79314c.webp""],""phones"":[""+18768796603""],""sellerId"":"""",""city"":""Clarendon"",""checkedAt"":""2026-10-10T21:01:33.387Z""}}",active,2026-10-10T20:30:43Z,200,,2026-10-10T20:30:43Z,https://www.jacars.net/adv/2528755_original-fast-charging-cables/,0,,visible,,,
jacars-2528019,published,marketplace,electronics,phones_accessories,S23 ULTRA,"JA$ 120,000",120000,JMD,Portland,Jamaica,Marie,+18764239112,New and open to negotiate,https://cdn2.jacars.net/media/cache/1e/68/1e68c1c171bb1b183217514175fb3bb4.webp|https://cdn2.jacars.net/media/cache/93/86/93863f855ea889f389031dadf2217afd.webp|https://cdn2.jacars.net/media/cache/0d/b0/0db09166f5b7c0237fd6abc84ee5b289.webp,JACars,https://www.jacars.net/adv/2528019_s23-ultra/,2026-10-10T20:30:43Z,,Samsung,,,,,,,"{""parser"":""public_marketplace_refresh"",""contactSource"":""https://www.jacars.net/adv/2528019_s23-ultra/"",""phoneVerifiedAt"":""2026-10-10T20:30:43Z"",""imageSourceUrl"":""https://www.jacars.net/adv/2528019_s23-ultra/"",""imageVerifiedAt"":""2026-10-10T21:01:33.387Z"",""imageIntegrityVersion"":""2026-10-07.1"",""brand"":""Mobile phones, tablets"",""model"":""Samsung"",""details"":[],""detailsSourceUrl"":""https://www.jacars.net/adv/2528019_s23-ultra/"",""detailsVerifiedAt"":""2026-10-10T20:45:31.479532+00:00"",""sourceSpecifications"":[],""listingIdentity"":{""version"":""2026-10-07.1"",""sourceUrl"":""https://www.jacars.net/adv/2528019_s23-ultra/"",""title"":""S23 ULTRA"",""images"":[""https://cdn2.jacars.net/media/cache/1e/68/1e68c1c171bb1b183217514175fb3bb4.webp"",""https://cdn2.jacars.net/media/cache/93/86/93863f855ea889f389031dadf2217afd.webp"",""https://cdn2.jacars.net/media/cache/0d/b0/0db09166f5b7c0237fd6abc84ee5b289.webp""],""phones"":[""+18764239112""],""sellerId"":"""",""city"":""Portland"",""checkedAt"":""2026-10-10T21:01:33.387Z""}}",active,2026-10-10T20:30:43Z,200,,2026-10-10T20:30:43Z,https://www.jacars.net/adv/2528019_s23-ultra/,0,,visible,,,
jacars-2528016,published,marketplace,electronics,phones_accessories,Iphone 16 plus,"JA$ 100,000",100000,JMD,Kingston,Jamaica,Ms. Elizabeth,+18768970692,"📱 iPhone 16 Plus for Sale! ✨
In great condition and well taken care of.
🔋 Battery Health: 90%
📱 Excellent working condition.",https://cdn2.jacars.net/media/cache/43/e7/43e73e0949e3943fe49d6676e5a91a68.webp,JACars,https://www.jacars.net/adv/2528016_iphone-16-plus/,2026-10-10T20:30:43Z,,iPhone,,,,,,,"{""parser"":""public_marketplace_refresh"",""contactSource"":""https://www.jacars.net/adv/2528016_iphone-16-plus/"",""phoneVerifiedAt"":""2026-10-10T20:30:43Z"",""imageSourceUrl"":""https://www.jacars.net/adv/2528016_iphone-16-plus/"",""imageVerifiedAt"":""2026-10-10T21:01:33.387Z"",""imageIntegrityVersion"":""2026-10-07.1"",""brand"":""Mobile phones, tablets"",""model"":""iPhone"",""details"":[],""detailsSourceUrl"":""https://www.jacars.net/adv/2528016_iphone-16-plus/"",""detailsVerifiedAt"":""2026-10-10T20:45:31.479532+00:00"",""sourceSpecifications"":[],""listingIdentity"":{""version"":""2026-10-07.1"",""sourceUrl"":""https://www.jacars.net/adv/2528016_iphone-16-plus/"",""title"":""Iphone 16 plus"",""images"":[""https://cdn2.jacars.net/media/cache/43/e7/43e73e0949e3943fe49d6676e5a91a68.webp""],""phones"":[""+18768970692""],""sellerId"":"""",""city"":""Kingston"",""checkedAt"":""2026-10-10T21:01:33.387Z""}}",active,2026-10-10T20:30:43Z,200,,2026-10-10T20:30:43Z,https://www.jacars.net/adv/2528016_iphone-16-plus/,0,,visible,,,
jacars-2528682,published,marketplace,electronics,other,18 Inch Lasco Fan,"JA$ 12,000",12000,JMD,Kingston,Jamaica,LIONEL,+16582012211,"Very durable
Free delivery in Kingston and Portmore
Island wide delivery on knutsford.
No idlers to mi post",https://cdn2.jacars.net/media/cache/18/e3/18e3f80376afa61899e1b799180fa083.webp,JACars,https://www.jacars.net/adv/2528682_lasco-fan/,2026-10-10T20:30:43Z,,Fans,,,,,,,"{""parser"":""public_marketplace_refresh"",""contactSource"":""https://www.jacars.net/adv/2528682_lasco-fan/"",""phoneVerifiedAt"":""2026-10-10T20:30:43Z"",""imageSourceUrl"":""https://www.jacars.net/adv/2528682_lasco-fan/"",""imageVerifiedAt"":""2026-10-10T21:01:33.387Z"",""imageIntegrityVersion"":""2026-10-07.1"",""brand"":""Home appliances"",""model"":""Fans"",""details"":[],""detailsSourceUrl"":""https://www.jacars.net/adv/2528682_lasco-fan/"",""detailsVerifiedAt"":""2026-10-10T20:45:31.479532+00:00"",""sourceSpecifications"":[],""listingIdentity"":{""version"":""2026-10-07.1"",""sourceUrl"":""https://www.jacars.net/adv/2528682_lasco-fan/"",""title"":""18 Inch Lasco Fan"",""images"":[""https://cdn2.jacars.net/media/cache/18/e3/18e3f80376afa61899e1b799180fa083.webp""],""phones"":[""+16582012211""],""sellerId"":"""",""city"":""Kingston"",""checkedAt"":""2026-10-10T21:01:33.387Z""}}",active,2026-10-10T20:30:43Z,200,,2026-10-10T20:30:43Z,https://www.jacars.net/adv/2528682_lasco-fan/,0,,visible,,,
jacars-2528277,published,marketplace,electronics,other,Brand New Wine Openers/ Wine Keys,JA$ 5,5,JMD,Trelawny,Jamaica,Unique Automotive & more.,+18762979116,"Waiters, Bartenders, Butlers and those who consume Wines grab your Wine Openers today to assist you in opening Bottles of Wine/ Beers.
Brand New
US$5.00",https://cdn2.jacars.net/media/cache/93/14/9314467a723361d12b6ffa4814e13838.webp|https://cdn2.jacars.net/media/cache/16/7b/167b107346bf65ae487191dae9fbab42.webp|https://cdn2.jacars.net/media/cache/de/a3/dea390805f58617d3745188b6208fa07.webp,JACars,https://www.jacars.net/adv/2528277_brand-new-wine-openers-wine-keys/,2026-10-10T20:30:43Z,,Other home appliances,,,,,,,"{""parser"":""public_marketplace_refresh"",""contactSource"":""https://www.jacars.net/adv/2528277_brand-new-wine-openers-wine-keys/"",""phoneVerifiedAt"":""2026-10-10T20:30:43Z"",""imageSourceUrl"":""https://www.jacars.net/adv/2528277_brand-new-wine-openers-wine-keys/"",""imageVerifiedAt"":""2026-10-10T21:01:33.387Z"",""imageIntegrityVersion"":""2026-10-07.1"",""brand"":""Home appliances"",""model"":""Other home appliances"",""details"":[],""detailsSourceUrl"":""https://www.jacars.net/adv/2528277_brand-new-wine-openers-wine-keys/"",""detailsVerifiedAt"":""2026-10-10T20:45:31.479532+00:00"",""sourceSpecifications"":[],""listingIdentity"":{""version"":""2026-10-07.1"",""sourceUrl"":""https://www.jacars.net/adv/2528277_brand-new-wine-openers-wine-keys/"",""title"":""Brand New Wine Openers/ Wine Keys"",""images"":[""https://cdn2.jacars.net/media/cache/93/14/9314467a723361d12b6ffa4814e13838.webp"",""https://cdn2.jacars.net/media/cache/16/7b/167b107346bf65ae487191dae9fbab42.webp"",""https://cdn2.jacars.net/media/cache/de/a3/dea390805f58617d3745188b6208fa07.webp""],""phones"":[""+18762979116""],""sellerId"":"""",""city"":""Trelawny"",""checkedAt"":""2026-10-10T21:01:33.387Z""}}",active,2026-10-10T20:30:43Z,200,,2026-10-10T20:30:43Z,https://www.jacars.net/adv/2528277_brand-new-wine-openers-wine-keys/,0,,visible,,,
jacars-2471723,published,vehicles,vehicles,tires_rims,16 Inch Rims and 5 Lugs,"JA$80,000",80000,JMD,Manchester,Jamaica,Unknown,18768739901 | 18762354486,"For Sale‼️ IN STOCK‼️
16” Rims & 5 Lugs 🔥
Price: $80,000
Size: 16x7 | ET: 40 | P.C.D: 5x114.3
Brand New🔥.…Flow Form Wheels
Color: Matt Black

Location :📍73 Manchester Road, Mandeville
Tel : (876) 873-9901 / WhatsApp (876) 235-4486 for more information.",https://cdn2.jacars.net/media/cache/5d/a6/5da6e871496298c3d747f179b36f4a6e.webp|https://cdn2.jacars.net/media/cache/4c/e7/4ce7338fb4563d982436d23a1f08327b.webp|https://cdn2.jacars.net/media/cache/44/c5/44c517e093aa1a4657fb929366e1768a.webp,JACars Tires and Rims,https://www.jacars.net/adv/2471723_16-inch-rims-and-5-lugs-5x114-3/,2026-05-30T20:52:10Z,,,,2026,,,Matt Black,,"{""parser"":""local_crawl4ai_jacars"",""listUrl"":""https://www.jacars.net/car-parts/tyres-and-rims/"",""sourceName"":""JACars Tires and Rims"",""imageVerifiedAt"":""2026-10-10T21:01:33.387Z"",""imageSourceUrl"":""https://www.jacars.net/adv/2471723_16-inch-rims-and-5-lugs-5x114-3/"",""imageIntegrityVersion"":""2026-10-07.1"",""imageRefreshAttemptedAt"":""2026-09-23T22:00:24.069Z"",""imageQuality"":""source_detail_high_resolution"",""imageRefreshSucceededAt"":""2026-09-23T22:00:24.069Z"",""year"":""2026"",""details"":[{""label"":""Year"",""value"":""2026""}],""detailsVersion"":""2026-10-07.3"",""detailsSourceUrl"":""https://www.jacars.net/adv/2471723_16-inch-rims-and-5-lugs-5x114-3/"",""detailsVerifiedAt"":""2026-10-10T20:45:31.479532+00:00"",""color"":""Matt Black"",""sourceSpecifications"":[{""label"":""Year"",""value"":""2026""}],""listingIdentity"":{""version"":""2026-10-07.1"",""sourceUrl"":""https://www.jacars.net/adv/2471723_16-inch-rims-and-5-lugs-5x114-3/"",""title"":""16 Inch Rims and 5 Lugs"",""images"":[""https://cdn2.jacars.net/media/cache/5d/a6/5da6e871496298c3d747f179b36f4a6e.webp"",""https://cdn2.jacars.net/media/cache/4c/e7/4ce7338fb4563d982436d23a1f08327b.webp"",""https://cdn2.jacars.net/media/cache/44/c5/44c517e093aa1a4657fb929366e1768a.webp""],""phones"":[""18768739901"",""18762354486""],""sellerId"":"""",""city"":""Manchester"",""checkedAt"":""2026-10-10T21:01:33.387Z""}}",active,2026-10-10T20:30:43Z,200,Matching listing has an available source offer,2026-10-10T20:30:43Z,https://www.jacars.net/adv/2471723_16-inch-rims-and-5-lugs-5x114-3/,0,,visible,,,
